#! FIELDS lq4_mean lq6_mean file.free der_lq4_mean der_lq6_mean
#! SET min_lq4_mean 0.0752551
#! SET max_lq4_mean 0.307986
#! SET nbins_lq4_mean  34
#! SET periodic_lq4_mean false
#! SET min_lq6_mean 0.0785264
#! SET max_lq6_mean 0.370189
#! SET nbins_lq6_mean  43
#! SET periodic_lq6_mean false
    0.075255100    0.078526400 1188.668258700   -0.000000000   -0.000000000
    0.082307552    0.078526400 1188.668258700   -0.000000000   -0.000000000
    0.089360003    0.078526400 1188.668258700   -0.000000000   -0.000000000
    0.096412455    0.078526400 1188.668258700   -0.000000000   -0.000000000
    0.103464906    0.078526400 1188.668258700   -0.000000000   -0.000000000
    0.110517358    0.078526400 1188.668258700   -0.000000000   -0.000000000
    0.117569809    0.078526400 1188.668258700   -0.000000000   -0.000000000
    0.124622261    0.078526400 1188.668258700   -0.000000000   -0.000000000
    0.131674712    0.078526400 1188.668258700   -0.000000000   -0.000000000
    0.138727164    0.078526400 1188.668258700   -0.000000000   -0.000000000
    0.145779615    0.078526400 1188.668258700   -0.000000000   -0.000000000
    0.152832067    0.078526400 1188.668258700   -0.000000000   -0.000000000
    0.159884518    0.078526400 1188.668258700   -0.000000000   -0.000000000
    0.166936970    0.078526400 1188.668258700   -0.000000000   -0.000000000
    0.173989421    0.078526400 1188.668258700   -0.000000000   -0.000000000
    0.181041873    0.078526400 1188.668258700   -0.000000000   -0.000000000
    0.188094324    0.078526400 1188.668258700   -0.000000000   -0.000000000
    0.195146776    0.078526400 1188.668258700   -0.000000000   -0.000000000
    0.202199227    0.078526400 1188.668258700   -0.000000000   -0.000000000
    0.209251679    0.078526400 1188.668258700   -0.000000000   -0.000000000
    0.216304130    0.078526400 1188.668258700   -0.000000000   -0.000000000
    0.223356582    0.078526400 1188.668258700   -0.000000000   -0.000000000
    0.230409033    0.078526400 1188.668258700   -0.000000000   -0.000000000
    0.237461485    0.078526400 1188.668258700   -0.000000000   -0.000000000
    0.244513936    0.078526400 1188.668258700   -0.000000000   -0.000000000
    0.251566388    0.078526400 1188.668258700   -0.000000000   -0.000000000
    0.258618839    0.078526400 1188.668258700   -0.000000000   -0.000000000
    0.265671291    0.078526400 1188.668258700   -0.000000000   -0.000000000
    0.272723742    0.078526400 1188.668258700   -0.000000000   -0.000000000
    0.279776194    0.078526400 1188.668258700   -0.000000000   -0.000000000
    0.286828645    0.078526400 1188.668258700   -0.000000000   -0.000000000
    0.293881097    0.078526400 1188.668258700   -0.000000000   -0.000000000
    0.300933548    0.078526400 1188.668258700   -0.000000000   -0.000000000
    0.307986000    0.078526400 1188.668258700   -0.000000000   -0.000000000

    0.075255100    0.085470748 1188.668258700   -0.000000000   -0.000000000
    0.082307552    0.085470748 1188.668258700   -0.000000000   -0.000000000
    0.089360003    0.085470748 1188.668258700   -0.000000000   -0.000000000
    0.096412455    0.085470748 1188.668258700   -0.000000000   -0.000000000
    0.103464906    0.085470748 1188.668258700   -0.000000000   -0.000000000
    0.110517358    0.085470748 1188.668258700   -0.000000000   -0.000000000
    0.117569809    0.085470748 1188.668258700   -0.000000000   -0.000000000
    0.124622261    0.085470748 1188.668258700   -0.000000000   -0.000000000
    0.131674712    0.085470748 1188.668258700   -0.000000000   -0.000000000
    0.138727164    0.085470748 1188.668258700   -0.000000000   -0.000000000
    0.145779615    0.085470748 1188.668258700   -0.000000000   -0.000000000
    0.152832067    0.085470748 1188.663374151   -2.944507926   -6.509682488
    0.159884518    0.085470748 1188.638410046   -5.978489907  -16.270115837
    0.166936970    0.085470748 1188.583506337   -8.463642813  -37.766749814
    0.173989421    0.085470748 1188.522020155   -8.306938712  -59.035204563
    0.181041873    0.085470748 1188.482493811   -2.582200216  -65.573481739
    0.188094324    0.085470748 1188.487655625    4.000843471  -64.699782883
    0.195146776    0.085470748 1188.533715381    6.303015883  -44.532144845
    0.202199227    0.085470748 1188.584552135    7.549514856  -30.950909501
    0.209251679    0.085470748 1188.639275410    7.655749642  -22.055856542
    0.216304130    0.085470748 1188.668258700   -0.000000000   -0.000000000
    0.223356582    0.085470748 1188.668258700   -0.000000000   -0.000000000
    0.230409033    0.085470748 1188.668258700   -0.000000000   -0.000000000
    0.237461485    0.085470748 1188.668258700   -0.000000000   -0.000000000
    0.244513936    0.085470748 1188.668258700   -0.000000000   -0.000000000
    0.251566388    0.085470748 1188.668258700   -0.000000000   -0.000000000
    0.258618839    0.085470748 1188.668258700   -0.000000000   -0.000000000
    0.265671291    0.085470748 1188.668258700   -0.000000000   -0.000000000
    0.272723742    0.085470748 1188.668258700   -0.000000000   -0.000000000
    0.279776194    0.085470748 1188.668258700   -0.000000000   -0.000000000
    0.286828645    0.085470748 1188.668258700   -0.000000000   -0.000000000
    0.293881097    0.085470748 1188.668258700   -0.000000000   -0.000000000
    0.300933548    0.085470748 1188.668258700   -0.000000000   -0.000000000
    0.307986000    0.085470748 1188.668258700   -0.000000000   -0.000000000

    0.075255100    0.092415095 1188.668258700   -0.000000000   -0.000000000
    0.082307552    0.092415095 1188.668258700   -0.000000000   -0.000000000
    0.089360003    0.092415095 1188.668258700   -0.000000000   -0.000000000
    0.096412455    0.092415095 1188.668258700   -0.000000000   -0.000000000
    0.103464906    0.092415095 1188.668258700   -0.000000000   -0.000000000
    0.110517358    0.092415095 1188.668258700   -0.000000000   -0.000000000
    0.117569809    0.092415095 1188.668258700   -0.000000000   -0.000000000
    0.124622261    0.092415095 1188.668258700   -0.000000000   -0.000000000
    0.131674712    0.092415095 1188.668258700   -0.000000000   -0.000000000
    0.138727164    0.092415095 1188.664228877   -5.140438713  -11.785649844
    0.145779615    0.092415095 1188.585951745  -18.529060966  -40.146546459
    0.152832067    0.092415095 1188.405165112  -32.356729304  -83.898303282
    0.159884518    0.092415095 1188.146770983  -38.808230800 -128.172525603
    0.166936970    0.092415095 1187.867327888  -38.393618023 -186.085190812
    0.173989421    0.092415095 1187.629307173  -27.389072028 -238.895181887
    0.181041873    0.092415095 1187.483124512   -8.549933024 -277.202908394
    0.188094324    0.092415095 1187.502120583   13.699513390 -268.251215237
    0.195146776    0.092415095 1187.673733576   31.945161334 -231.271379502
    0.202199227    0.092415095 1187.940514313   39.672270170 -174.965071387
    0.209251679    0.092415095 1188.229767097   40.802068624 -126.100557217
    0.216304130    0.092415095 1188.474528741   28.688870667  -71.486624871
    0.223356582    0.092415095 1188.625698461   15.234059375  -27.930422465
    0.230409033    0.092415095 1188.668258700   -0.000000000   -0.000000000
    0.237461485    0.092415095 1188.668258700   -0.000000000   -0.000000000
    0.244513936    0.092415095 1188.668258700   -0.000000000   -0.000000000
    0.251566388    0.092415095 1188.668258700   -0.000000000   -0.000000000
    0.258618839    0.092415095 1188.668258700   -0.000000000   -0.000000000
    0.265671291    0.092415095 1188.668258700   -0.000000000   -0.000000000
    0.272723742    0.092415095 1188.668258700   -0.000000000   -0.000000000
    0.279776194    0.092415095 1188.668258700   -0.000000000   -0.000000000
    0.286828645    0.092415095 1188.668258700   -0.000000000   -0.000000000
    0.293881097    0.092415095 1188.668258700   -0.000000000   -0.000000000
    0.300933548    0.092415095 1188.668258700   -0.000000000   -0.000000000
    0.307986000    0.092415095 1188.668258700   -0.000000000   -0.000000000

    0.075255100    0.099359443 1188.668258700   -0.000000000   -0.000000000
    0.082307552    0.099359443 1188.668258700   -0.000000000   -0.000000000
    0.089360003    0.099359443 1188.668258700   -0.000000000   -0.000000000
    0.096412455    0.099359443 1188.668258700   -0.000000000   -0.000000000
    0.103464906    0.099359443 1188.668258700   -0.000000000   -0.000000000
    0.110517358    0.099359443 1188.668258700   -0.000000000   -0.000000000
    0.117569809    0.099359443 1188.668258700   -0.000000000   -0.000000000
    0.124622261    0.099359443 1188.668258700   -0.000000000   -0.000000000
    0.131674712    0.099359443 1188.615987513  -15.161765640  -21.938887427
    0.138727164    0.099359443 1188.413939591  -44.281046866  -70.271670877
    0.145779615    0.099359443 1187.996839291  -81.646938951 -152.043754618
    0.152832067    0.099359443 1187.296912279 -114.250269891 -271.317875274
    0.159884518    0.099359443 1186.385045977 -140.072677705 -422.127662393
    0.166936970    0.099359443 1185.396912966 -133.730455561 -571.526072866
    0.173989421    0.099359443 1184.550894253  -99.609068531 -700.112721774
    0.181041873    0.099359443 1184.064931376  -34.483875821 -779.809263594
    0.188094324    0.099359443 1184.089523265   41.767551163 -789.119331019
    0.195146776    0.099359443 1184.617226178  102.762553361 -711.412341859
    0.202199227    0.099359443 1185.485085284  139.399558688 -579.564976929
    0.209251679    0.099359443 1186.474440595  138.149974074 -432.924430309
    0.216304130    0.099359443 1187.366276248  113.397004462 -281.528392998
    0.223356582    0.099359443 1188.055334728   78.144878534 -165.517784810
    0.230409033    0.099359443 1188.484686870   41.711621309  -71.483822666
    0.237461485    0.099359443 1188.652008284   12.069186922  -18.070836157
    0.244513936    0.099359443 1188.668258700   -0.000000000   -0.000000000
    0.251566388    0.099359443 1188.668258700   -0.000000000   -0.000000000
    0.258618839    0.099359443 1188.668258700   -0.000000000   -0.000000000
    0.265671291    0.099359443 1188.668258700   -0.000000000   -0.000000000
    0.272723742    0.099359443 1188.668258700   -0.000000000   -0.000000000
    0.279776194    0.099359443 1188.668258700   -0.000000000   -0.000000000
    0.286828645    0.099359443 1188.668258700   -0.000000000   -0.000000000
    0.293881097    0.099359443 1188.668258700   -0.000000000   -0.000000000
    0.300933548    0.099359443 1188.668258700   -0.000000000   -0.000000000
    0.307986000    0.099359443 1188.668258700   -0.000000000   -0.000000000

    0.075255100    0.106303790 1188.668258700   -0.000000000   -0.000000000
    0.082307552    0.106303790 1188.668258700   -0.000000000   -0.000000000
    0.089360003    0.106303790 1188.668258700   -0.000000000   -0.000000000
    0.096412455    0.106303790 1188.668258700   -0.000000000   -0.000000000
    0.103464906    0.106303790 1188.668258700   -0.000000000   -0.000000000
    0.110517358    0.106303790 1188.668258700   -0.000000000   -0.000000000
    0.117569809    0.106303790 1188.662942814   -4.776558278   -5.157840401
    0.124622261    0.106303790 1188.577795959  -23.617293873  -31.528721628
    0.131674712    0.106303790 1188.228699922  -78.447620706 -110.177085558
    0.138727164    0.106303790 1187.416675458 -156.067315634 -245.729601969
    0.145779615    0.106303790 1186.035997981 -236.923848414 -438.446367215
    0.152832067    0.106303790 1184.006130459 -332.775709478 -733.155130873
    0.159884518    0.106303790 1181.465808442 -382.200716111 -1072.277034998
    0.166936970    0.106303790 1178.781401976 -366.612528760 -1435.451980500
    0.173989421    0.106303790 1176.497313903 -267.022379203 -1737.625427600
    0.181041873    0.106303790 1175.183033714  -94.283769223 -1908.280053775
    0.188094324    0.106303790 1175.198405185  100.856795149 -1898.976756329
    0.195146776    0.106303790 1176.541811027  268.828046146 -1716.648202358
    0.202199227    0.106303790 1178.848697129  371.504309912 -1431.474173133
    0.209251679    0.106303790 1181.552768558  376.737411143 -1059.889215861
    0.216304130    0.106303790 1184.060429620  323.603154797 -724.032214516
    0.223356582    0.106303790 1186.045724244  236.999474063 -442.617055555
    0.230409033    0.106303790 1187.420206811  151.916243733 -247.605209530
    0.237461485    0.106303790 1188.212670827   83.940672231 -123.172013927
    0.244513936    0.106303790 1188.596027046   28.584598678  -40.877519533
    0.251566388    0.106303790 1188.668258700   -0.000000000   -0.000000000
    0.258618839    0.106303790 1188.668258700   -0.000000000   -0.000000000
    0.265671291    0.106303790 1188.668258700   -0.000000000   -0.000000000
    0.272723742    0.106303790 1188.668258700   -0.000000000   -0.000000000
    0.279776194    0.106303790 1188.668258700   -0.000000000   -0.000000000
    0.286828645    0.106303790 1188.668258700   -0.000000000   -0.000000000
    0.293881097    0.106303790 1188.668258700   -0.000000000   -0.000000000
    0.300933548    0.106303790 1188.668258700   -0.000000000   -0.000000000
    0.307986000    0.106303790 1188.668258700   -0.000000000   -0.000000000

    0.075255100    0.113248138 1188.668258700   -0.000000000   -0.000000000
    0.082307552    0.113248138 1188.668258700   -0.000000000   -0.000000000
    0.089360003    0.113248138 1188.668258700   -0.000000000   -0.000000000
    0.096412455    0.113248138 1188.668258700   -0.000000000   -0.000000000
    0.103464906    0.113248138 1188.668258700   -0.000000000   -0.000000000
    0.110517358    0.113248138 1188.665642254   -5.117643564   -4.160223892
    0.117569809    0.113248138 1188.531547454  -35.057513845  -39.710400239
    0.124622261    0.113248138 1188.048270632 -110.790241509 -132.775900902
    0.131674712    0.113248138 1186.877042152 -224.030774764 -287.406244312
    0.138727164    0.113248138 1184.730240091 -392.636722129 -561.774482374
    0.145779615    0.113248138 1181.236915293 -599.631642241 -993.864749128
    0.152832067    0.113248138 1176.291231687 -793.111547219 -1573.234236598
    0.159884518    0.113248138 1170.210099983 -905.075218622 -2279.171703052
    0.166936970    0.113248138 1163.875662894 -858.104897079 -3000.882838685
    0.173989421    0.113248138 1158.537358244 -623.926136922 -3613.187588641
    0.181041873    0.113248138 1155.482283388 -224.099244620 -3945.920274612
    0.188094324    0.113248138 1155.522489805  232.081412468 -3948.484945235
    0.195146776    0.113248138 1158.590608373  620.718276364 -3596.447413142
    0.202199227    0.113248138 1163.916647608  857.500635321 -3015.651342489
    0.209251679    0.113248138 1170.234395175  906.895628289 -2318.811121301
    0.216304130    0.113248138 1176.316628963  795.494962970 -1610.561003917
    0.223356582    0.113248138 1181.226853191  595.617312830 -1010.602803919
    0.230409033    0.113248138 1184.697422174  395.496727634 -582.034008419
    0.237461485    0.113248138 1186.857302154  223.721940041 -297.576911233
    0.244513936    0.113248138 1188.003869801  111.794141421 -132.297152512
    0.251566388    0.113248138 1188.525781309   44.003681276  -50.905135884
    0.258618839    0.113248138 1188.666055384    4.317391274   -5.098958948
    0.265671291    0.113248138 1188.668258700   -0.000000000   -0.000000000
    0.272723742    0.113248138 1188.668258700   -0.000000000   -0.000000000
    0.279776194    0.113248138 1188.668258700   -0.000000000   -0.000000000
    0.286828645    0.113248138 1188.668258700   -0.000000000   -0.000000000
    0.293881097    0.113248138 1188.668258700   -0.000000000   -0.000000000
    0.300933548    0.113248138 1188.668258700   -0.000000000   -0.000000000
    0.307986000    0.113248138 1188.668258700   -0.000000000   -0.000000000

    0.075255100    0.120192486 1188.668258700   -0.000000000   -0.000000000
    0.082307552    0.120192486 1188.668258700   -0.000000000   -0.000000000
    0.089360003    0.120192486 1188.668258700   -0.000000000   -0.000000000
    0.096412455    0.120192486 1188.668258700   -0.000000000   -0.000000000
    0.103464906    0.120192486 1188.668258700   -0.000000000   -0.000000000
    0.110517358    0.120192486 1188.525445358  -39.103287645  -36.908741934
    0.117569809    0.120192486 1187.996505643 -129.285260013 -125.315921187
    0.124622261    0.120192486 1186.646254743 -274.013561985 -282.504682548
    0.131674712    0.120192486 1183.914943719 -523.696771645 -599.068764764
    0.138727164    0.120192486 1179.001159977 -879.159750309 -1134.714360219
    0.145779615    0.120192486 1171.343144988 -1294.189958914 -1932.239769076
    0.152832067    0.120192486 1160.770231090 -1683.044300743 -3007.821560545
    0.159884518    0.120192486 1148.010523491 -1887.964139318 -4266.345848423
    0.166936970    0.120192486 1134.855440833 -1780.247806636 -5535.180986582
    0.173989421    0.120192486 1123.834127367 -1281.222961018 -6586.824106780
    0.181041873    0.120192486 1117.530944984 -466.170245678 -7192.120911092
    0.188094324    0.120192486 1117.535838241  464.709596760 -7207.328993283
    0.195146776    0.120192486 1123.787482438 1269.738085963 -6621.252182221
    0.202199227    0.120192486 1134.686524351 1760.155937076 -5582.763679890
    0.209251679    0.120192486 1147.721648014 1878.452080400 -4321.360126926
    0.216304130    0.120192486 1160.441751557 1687.505671998 -3070.292114160
    0.223356582    0.120192486 1171.104847696 1305.743949854 -1983.714600106
    0.230409033    0.120192486 1178.821246188  883.965936248 -1160.175828243
    0.237461485    0.120192486 1183.774534406  531.621807788 -615.514035160
    0.244513936    0.120192486 1186.555896675  277.201865459 -295.577844879
    0.251566388    0.120192486 1187.931460197  127.884707763 -130.047918671
    0.258618839    0.120192486 1188.525554125   45.693310096  -40.838007042
    0.265671291    0.120192486 1188.665743687    5.027898361   -4.476084810
    0.272723742    0.120192486 1188.668258700   -0.000000000   -0.000000000
    0.279776194    0.120192486 1188.668258700   -0.000000000   -0.000000000
    0.286828645    0.120192486 1188.668258700   -0.000000000   -0.000000000
    0.293881097    0.120192486 1188.668258700   -0.000000000   -0.000000000
    0.300933548    0.120192486 1188.668258700   -0.000000000   -0.000000000
    0.307986000    0.120192486 1188.668258700   -0.000000000   -0.000000000

    0.075255100    0.127136833 1188.668258700   -0.000000000   -0.000000000
    0.082307552    0.127136833 1188.668258700   -0.000000000   -0.000000000
    0.089360003    0.127136833 1188.668258700   -0.000000000   -0.000000000
    0.096412455    0.127136833 1188.668258700   -0.000000000   -0.000000000
    0.103464906    0.127136833 1188.564023942  -27.682772685  -22.275299625
    0.110517358    0.127136833 1188.074152991 -114.615534218  -97.361024076
    0.117569809    0.127136833 1186.765915364 -275.339121594 -238.939402561
    0.124622261    0.127136833 1183.816744800 -597.688816674 -574.396587373
    0.131674712    0.127136833 1177.993514951 -1085.149818341 -1136.400448122
    0.138727164    0.127136833 1168.160369479 -1738.016817920 -2033.004647716
    0.145779615    0.127136833 1153.204412477 -2509.824713268 -3366.497397133
    0.152832067    0.127136833 1133.025613790 -3179.026962345 -5067.904885564
    0.159884518    0.127136833 1109.137118258 -3520.771799815 -7031.518961592
    0.166936970    0.127136833 1084.754097640 -3282.606294773 -9022.948922699
    0.173989421    0.127136833 1064.439313900 -2371.572382502 -10686.820643272
    0.181041873    0.127136833 1052.685890194 -894.010713881 -11655.117636699
    0.188094324    0.127136833 1052.381629931  812.200404671 -11715.452476153
    0.195146776    0.127136833 1063.657375458 2315.076806048 -10847.597635667
    0.202199227    0.127136833 1083.710187453 3263.812736127 -9244.432582464
    0.209251679    0.127136833 1108.012624833 3517.319829375 -7234.459188417
    0.216304130    0.127136833 1131.986438157 3203.195834166 -5226.082834810
    0.223356582    0.127136833 1152.394689666 2548.880448895 -3473.483097985
    0.230409033    0.127136833 1167.680641245 1782.448218105 -2107.410366557
    0.237461485    0.127136833 1177.743869573 1109.398078713 -1161.653837144
    0.244513936    0.127136833 1183.673934392  592.513124380 -559.803823451
    0.251566388    0.127136833 1186.651279672  284.668774507 -250.401057043
    0.258618839    0.127136833 1188.019440419  121.695258608 -101.512617610
    0.265671291    0.127136833 1188.563221028   32.328018951  -27.446505377
    0.272723742    0.127136833 1188.668258700   -0.000000000   -0.000000000
    0.279776194    0.127136833 1188.668258700   -0.000000000   -0.000000000
    0.286828645    0.127136833 1188.668258700   -0.000000000   -0.000000000
    0.293881097    0.127136833 1188.668258700   -0.000000000   -0.000000000
    0.300933548    0.127136833 1188.668258700   -0.000000000   -0.000000000
    0.307986000    0.127136833 1188.668258700   -0.000000000   -0.000000000

    0.075255100    0.134081181 1188.668258700   -0.000000000   -0.000000000
    0.082307552    0.134081181 1188.668258700   -0.000000000   -0.000000000
    0.089360003    0.134081181 1188.668258700   -0.000000000   -0.000000000
    0.096412455    0.134081181 1188.608530727  -18.800375515  -12.816627635
    0.103464906    0.134081181 1188.258876855  -90.848161289  -63.330113719
    0.110517358    0.134081181 1187.150839359 -244.057237276 -184.707946774
    0.117569809    0.134081181 1184.388849044 -571.917013529 -455.830792492
    0.124622261    0.134081181 1178.517284781 -1133.394278519 -972.128553730
    0.131674712    0.134081181 1167.757126338 -1966.586355122 -1842.601806057
    0.138727164    0.134081181 1150.067884669 -3086.734520127 -3210.235763572
    0.145779615    0.134081181 1123.898476254 -4328.467567592 -5121.105012685
    0.152832067    0.134081181 1089.398960986 -5399.071963146 -7555.574515980
    0.159884518    0.134081181 1048.987341158 -5925.269843247 -10337.960555741
    0.166936970    0.134081181 1008.055234032 -5507.230158277 -13102.368292597
    0.173989421    0.134081181  973.970727654 -3985.973347000 -15412.092615999
    0.181041873    0.134081181  954.116079420 -1529.014808460 -16738.999930624
    0.188094324    0.134081181  953.269330901 1298.403989491 -16843.938939742
    0.195146776    0.134081181  971.686301394 3817.123328277 -15673.641337985
    0.202199227    0.134081181 1004.971713386 5441.194656804 -13473.587419066
    0.209251679    0.134081181 1045.843192422 5955.039167903 -10704.992883296
    0.216304130    0.134081181 1086.664225488 5494.141767811 -7888.025837692
    0.223356582    0.134081181 1121.905990044 4434.523034181 -5358.683063943
    0.230409033    0.134081181 1148.866544375 3204.912782963 -3360.719108232
    0.237461485    0.134081181 1167.220419537 2036.401957249 -1916.554502422
    0.244513936    0.134081181 1178.333183047 1169.910120299 -994.775783595
    0.251566388    0.134081181 1184.295539614  571.396563600 -448.878963611
    0.258618839    0.134081181 1187.049722667  250.822613448 -184.936319571
    0.265671291    0.134081181 1188.224065888  102.947880441  -68.155361750
    0.272723742    0.134081181 1188.607699923   24.214109742  -16.513443362
    0.279776194    0.134081181 1188.668258700   -0.000000000   -0.000000000
    0.286828645    0.134081181 1188.668258700   -0.000000000   -0.000000000
    0.293881097    0.134081181 1188.668258700   -0.000000000   -0.000000000
    0.300933548    0.134081181 1188.668258700   -0.000000000   -0.000000000
    0.307986000    0.134081181 1188.668258700   -0.000000000   -0.000000000

    0.075255100    0.141025529 1188.668258700   -0.000000000   -0.000000000
    0.082307552    0.141025529 1188.668258700   -0.000000000   -0.000000000
    0.089360003    0.141025529 1188.657020693  -13.579390523   -6.723500624
    0.096412455    0.141025529 1188.458276462  -60.718397494  -34.137883895
    0.103464906    0.141025529 1187.646019437 -193.104231084 -118.727991313
    0.110517358    0.141025529 1185.428106707 -476.554341935 -318.746868992
    0.117569809    0.141025529 1180.325562457 -1035.285365465 -727.721201085
    0.124622261    0.141025529 1170.105373315 -1936.310045462 -1465.020069106
    0.131674712    0.141025529 1152.057599780 -3259.823876133 -2688.359835939
    0.138727164    0.141025529 1123.213697559 -4967.997306216 -4526.302642173
    0.145779615    0.141025529 1081.708907447 -6798.916039271 -7029.670088649
    0.152832067    0.141025529 1027.928423083 -8359.736169618 -10115.169797090
    0.159884518    0.141025529  965.837793214 -9057.645889019 -13539.789429491
    0.166936970    0.141025529  903.420171117 -8372.689365949 -16897.785381184
    0.173989421    0.141025529  851.656074243 -6041.961387434 -19639.028271967
    0.181041873    0.141025529  821.382578583 -2363.985717252 -21264.029643697
    0.188094324    0.141025529  819.666733748 1888.944974071 -21432.781461520
    0.195146776    0.141025529  846.930446100 5686.572224902 -20108.321179592
    0.202199227    0.141025529  896.873044023 8223.588054800 -17525.788812734
    0.209251679    0.141025529  959.037662592 9128.507122113 -14193.375524425
    0.216304130    0.141025529 1022.169481043 8560.900823915 -10667.824355124
    0.223356582    0.141025529 1077.500125292 7035.134514444 -7432.100709306
    0.230409033    0.141025529 1120.532981424 5167.417451080 -4807.125835967
    0.237461485    0.141025529 1150.663501111 3415.882925296 -2869.129476917
    0.244513936    0.141025529 1169.581983596 2020.079071772 -1555.145561221
    0.251566388    0.141025529 1180.171120795 1062.653566803 -758.620677922
    0.258618839    0.141025529 1185.300092401  477.318187143 -326.303719693
    0.265671291    0.141025529 1187.557364645  195.692910093 -126.422209696
    0.272723742    0.141025529 1188.436498005   62.020817064  -38.429566339
    0.279776194    0.141025529 1188.660325608    6.409970028   -4.566654243
    0.286828645    0.141025529 1188.668258700   -0.000000000   -0.000000000
    0.293881097    0.141025529 1188.668258700   -0.000000000   -0.000000000
    0.300933548    0.141025529 1188.668258700   -0.000000000   -0.000000000
    0.307986000    0.141025529 1188.668258700   -0.000000000   -0.000000000

    0.075255100    0.147969876 1188.668258700   -0.000000000   -0.000000000
    0.082307552    0.147969876 1188.668258700   -0.000000000   -0.000000000
    0.089360003    0.147969876 1188.594470032  -28.392969431  -13.031772190
    0.096412455    0.147969876 1188.137020431 -124.717428344  -63.560450312
    0.103464906    0.147969876 1186.583334043 -353.269760798 -190.077924752
    0.110517358    0.147969876 1182.734996951 -794.264781945 -454.629930174
    0.117569809    0.147969876 1174.294562936 -1657.425023379 -1004.317743791
    0.124622261    0.147969876 1158.138667344 -3009.576684155 -1982.975511337
    0.131674712    0.147969876 1130.360349046 -4948.212668332 -3544.807528420
    0.138727164    0.147969876 1087.295434334 -7309.141491311 -5766.826595583
    0.145779615    0.147969876 1026.924636610 -9788.087396364 -8665.854010869
    0.152832067    0.147969876  950.244614452 -11816.020110488 -12114.104116413
    0.159884518    0.147969876  863.131793845 -12630.728340092 -15814.234267071
    0.166936970    0.147969876  776.573384753 -11562.241406399 -19332.313131245
    0.173989421    0.147969876  705.156986268 -8339.635879407 -22161.911305261
    0.181041873    0.147969876  663.106288095 -3349.951093597 -23894.228798538
    0.188094324    0.147969876  659.740563604 2427.434954469 -24197.231716205
    0.195146776    0.147969876  696.131735021 7695.303018873 -22954.783106063
    0.202199227    0.147969876  764.393150017 11315.911896394 -20368.458884158
    0.209251679    0.147969876  850.559938093 12758.138935514 -16871.025746344
    0.216304130    0.147969876  939.463866759 12177.562225806 -13037.459048400
    0.223356582    0.147969876 1018.958813886 10199.245184059 -9377.192049849
    0.230409033    0.147969876 1082.081868071 7655.197380907 -6268.507583322
    0.237461485    0.147969876 1127.227900346 5195.877901726 -3882.621065882
    0.244513936    0.147969876 1156.471507161 3192.070131006 -2223.818374362
    0.251566388    0.147969876 1173.572176497 1759.675058265 -1161.688938608
    0.258618839    0.147969876 1182.426631918  820.980531233 -521.780471251
    0.265671291    0.147969876 1186.370201963  354.968742508 -214.251255969
    0.272723742    0.147969876 1188.024785066  125.892129244  -80.471983753
    0.279776194    0.147969876 1188.584964187   39.622564181  -20.186426736
    0.286828645    0.147969876 1188.668258700   -0.000000000   -0.000000000
    0.293881097    0.147969876 1188.668258700   -0.000000000   -0.000000000
    0.300933548    0.147969876 1188.668258700   -0.000000000   -0.000000000
    0.307986000    0.147969876 1188.668258700   -0.000000000   -0.000000000

    0.075255100    0.154914224 1188.668258700   -0.000000000   -0.000000000
    0.082307552    0.154914224 1188.668258700   -0.000000000   -0.000000000
    0.089360003    0.154914224 1188.470275919  -57.676437468  -22.660439611
    0.096412455    0.154914224 1187.600585473 -209.274727319  -91.566452412
    0.103464906    0.154914224 1185.057592241 -553.997486352 -249.102439055
    0.110517358    0.154914224 1179.039960259 -1235.098444240 -600.872160401
    0.117569809    0.154914224 1166.296624888 -2478.066195654 -1284.527980927
    0.124622261    0.154914224 1142.699515645 -4353.018511026 -2434.744343968
    0.131674712    0.154914224 1103.277954103 -6910.679051195 -4196.600687067
    0.138727164    0.154914224 1043.975836219 -9956.128487629 -6632.077528155
    0.145779615    0.154914224  962.869380113 -13008.078960104 -9641.370405130
    0.152832067    0.154914224  862.204070488 -15353.954400623 -13025.558443768
    0.159884518    0.154914224  750.009440037 -16136.109210975 -16461.206720057
    0.166936970    0.154914224  640.041238084 -14632.835142526 -19612.819624394
    0.173989421    0.154914224  549.642800710 -10591.967431318 -22164.900272191
    0.181041873    0.154914224  495.806447354 -4395.086773716 -23745.498021362
    0.188094324    0.154914224  490.050091489 2801.105074530 -24149.197842090
    0.195146776    0.154914224  534.033053538 9451.727489857 -23265.150460769
    0.202199227    0.154914224  618.871524843 14209.582271171 -21165.694392081
    0.209251679    0.154914224  728.167196309 16327.112633978 -18113.771189184
    0.216304130    0.154914224  843.208412363 15922.366431553 -14543.216200962
    0.223356582    0.154914224  948.297897138 13658.698183584 -10891.303072166
    0.230409033    0.154914224 1033.805907766 10513.425099282 -7595.146526583
    0.237461485    0.154914224 1096.612914476 7345.497144419 -4927.880597118
    0.244513936    0.154914224 1138.545597426 4670.049745931 -2953.027734188
    0.251566388    0.154914224 1163.958377292 2669.969747235 -1622.980537767
    0.258618839    0.154914224 1177.867837514 1361.751162631 -803.178065222
    0.265671291    0.154914224 1184.464850469  601.184081722 -348.839349656
    0.272723742    0.154914224 1187.286442308  245.452318402 -132.766753353
    0.279776194    0.154914224 1188.328111004   87.458396669  -49.788613138
    0.286828645    0.154914224 1188.652050952   13.244088817   -8.613362244
    0.293881097    0.154914224 1188.668258700   -0.000000000   -0.000000000
    0.300933548    0.154914224 1188.668258700   -0.000000000   -0.000000000
    0.307986000    0.154914224 1188.668258700   -0.000000000   -0.000000000

    0.075255100    0.161858571 1188.668258700   -0.000000000   -0.000000000
    0.082307552    0.161858571 1188.647181583  -15.726602462   -4.567814564
    0.089360003    0.161858571 1188.273599079  -97.593180154  -31.994549442
    0.096412455    0.161858571 1186.903363628 -310.387019143 -108.187290022
    0.103464906    0.161858571 1183.151012037 -809.089352463 -298.128346655
    0.110517358    0.161858571 1174.519570720 -1762.333386535 -701.266264946
    0.117569809    0.161858571 1156.787456469 -3374.376542076 -1425.333981616
    0.124622261    0.161858571 1124.813631029 -5839.016426370 -2684.620656198
    0.131674712    0.161858571 1072.808865981 -8998.107930042 -4496.660211267
    0.138727164    0.161858571  996.653215437 -12618.740419563 -6883.880893644
    0.145779615    0.161858571  895.211341933 -16053.314102226 -9668.592297951
    0.152832067    0.161858571  772.500530456 -18493.213899554 -12576.077289922
    0.159884518    0.161858571  638.713257651 -19081.216091110 -15310.474949883
    0.166936970    0.161858571  509.407120271 -17126.711057418 -17670.462661241
    0.173989421    0.161858571  403.703634886 -12394.686408100 -19472.473878267
    0.181041873    0.161858571  340.090612342 -5346.680795353 -20696.935934981
    0.188094324    0.161858571  331.018477569 2836.286393754 -21254.450944814
    0.195146776    0.161858571  378.980567583 10548.289257292 -21033.095628325
    0.202199227    0.161858571  475.217186352 16322.124019352 -19914.050797444
    0.209251679    0.161858571  602.424580481 19248.802508705 -17856.026813134
    0.216304130    0.161858571  739.787907573 19262.080189981 -15081.197631250
    0.223356582    0.161858571  868.827044171 17030.269592499 -11913.532062965
    0.230409033    0.161858571  976.976149960 13521.510191014 -8728.925921360
    0.237461485    0.161858571 1058.839479519 9739.305094311 -5932.762450675
    0.244513936    0.161858571 1115.342932656 6407.828570165 -3731.820297059
    0.251566388    0.161858571 1150.935698324 3804.845335711 -2150.019743283
    0.258618839    0.161858571 1171.207169270 2062.230688415 -1119.199961929
    0.265671291    0.161858571 1181.464691331  962.502000063 -521.023765484
    0.272723742    0.161858571 1186.087145216  411.986833167 -214.731248906
    0.279776194    0.161858571 1187.901837193  146.745476157  -77.408984165
    0.286828645    0.161858571 1188.541156025   43.959615567  -25.891784539
    0.293881097    0.161858571 1188.668258700   -0.000000000   -0.000000000
    0.300933548    0.161858571 1188.668258700   -0.000000000   -0.000000000
    0.307986000    0.161858571 1188.668258700   -0.000000000   -0.000000000

    0.075255100    0.168802919 1188.668258700   -0.000000000   -0.000000000
    0.082307552    0.168802919 1188.604634296  -28.465555462   -7.144615593
    0.089360003    0.168802919 1188.014745845 -148.674306158  -38.282840282
    0.096412455    0.168802919 1186.129166440 -438.765164561 -117.788238728
    0.103464906    0.168802919 1181.036811612 -1079.528189415 -306.549176945
    0.110517358    0.168802919 1169.598850406 -2306.971594371 -701.963606701
    0.117569809    0.168802919 1146.728262521 -4340.324903506 -1435.254604088
    0.124622261    0.168802919 1106.204631048 -7325.099901220 -2632.860041395
    0.131674712    0.168802919 1041.908571373 -11006.154906944 -4312.619988800
    0.138727164    0.168802919  949.982336517 -15054.261415197 -6438.714429514
    0.145779615    0.168802919  830.734661869 -18634.257880708 -8739.832949324
    0.152832067    0.168802919  690.306560821 -20907.533815556 -10922.572049218
    0.159884518    0.168802919  540.627366770 -21129.885420539 -12746.931240563
    0.166936970    0.168802919  398.513581046 -18705.208034997 -14080.248456227
    0.173989421    0.168802919  283.272090831 -13536.041579715 -15003.599362437
    0.181041873    0.168802919  212.835852659 -6141.688768792 -15754.696902513
    0.188094324    0.168802919  199.454049851 2427.392073881 -16462.916979819
    0.195146776    0.168802919  246.338221819 10698.110057378 -16977.543224099
    0.202199227    0.168802919  346.258359087 17245.386715392 -17065.292668669
    0.209251679    0.168802919  483.034176037 21036.511652208 -16374.784462905
    0.216304130    0.168802919  635.797909115 21786.270399356 -14757.624964563
    0.223356582    0.168802919  784.217322668 19946.601098601 -12379.247109185
    0.230409033    0.168802919  913.169085833 16451.783927001 -9617.027252224
    0.237461485    0.168802919 1014.430673096 12245.779456009 -6831.014144514
    0.244513936    0.168802919 1086.758665577 8355.587824554 -4485.166685226
    0.251566388    0.168802919 1134.036008923 5184.861477486 -2707.370796959
    0.258618839    0.168802919 1162.159322257 2945.656709075 -1491.194588037
    0.265671291    0.168802919 1177.210391508 1439.268283851 -709.299570691
    0.272723742    0.168802919 1184.265483599  640.832547814 -305.998853381
    0.279776194    0.168802919 1187.228028068  256.524004791 -122.119813012
    0.286828645    0.168802919 1188.316394036   80.926723954  -38.174898625
    0.293881097    0.168802919 1188.631123956   16.561554711   -9.277086998
    0.300933548    0.168802919 1188.668258700   -0.000000000   -0.000000000
    0.307986000    0.168802919 1188.668258700   -0.000000000   -0.000000000

    0.075255100    0.175747267 1188.668258700   -0.000000000   -0.000000000
    0.082307552    0.175747267 1188.553908236  -42.625905379   -7.407283182
    0.089360003    0.175747267 1187.769236071 -185.222696179  -30.973055059
    0.096412455    0.175747267 1185.369654588 -534.579512230  -97.903267620
    0.103464906    0.175747267 1179.026971851 -1336.444130391 -265.594039152
    0.110517358    0.175747267 1165.035529199 -2786.560254192 -601.776156358
    0.117569809    0.175747267 1137.312961932 -5211.419348652 -1240.582778122
    0.124622261    0.175747267 1089.143071428 -8621.536972568 -2239.720682607
    0.131674712    0.175747267 1014.067125411 -12737.089439614 -3624.948351755
    0.138727164    0.175747267  908.878135217 -17020.194164018 -5307.060693059
    0.145779615    0.175747267  775.653901186 -20560.934469368 -7024.060141127
    0.152832067    0.175747267  622.582113003 -22515.979954153 -8487.375984599
    0.159884518    0.175747267  463.330557545 -22224.757271738 -9458.550678500
    0.166936970    0.175747267  315.252603148 -19339.122322881 -9875.981809494
    0.173989421    0.175747267  196.319732426 -14021.225204376 -10055.421530967
    0.181041873    0.175747267  122.165539261 -6744.833211202 -10376.195559175
    0.188094324    0.175747267  103.697264098 1603.792249520 -11155.442032788
    0.195146776    0.175747267  144.581020795 9880.176965845 -12333.016836785
    0.202199227    0.175747267  239.939582505 16854.498199466 -13522.341263330
    0.209251679    0.175747267  376.739876419 21488.873688484 -14152.569391590
    0.216304130    0.175747267  536.225264371 23237.973299820 -13805.221676016
    0.223356582    0.175747267  697.962374868 22193.435489771 -12370.326131081
    0.230409033    0.175747267  844.368176122 19074.974476716 -10127.788706125
    0.237461485    0.175747267  964.228404884 14824.354365427 -7571.742826888
    0.244513936    0.175747267 1053.219740967 10482.584241875 -5137.483692579
    0.251566388    0.175747267 1113.446717483 6749.695194831 -3204.463720985
    0.258618839    0.175747267 1150.630215404 3972.904928073 -1824.602278319
    0.265671291    0.175747267 1171.482203764 2077.400436639 -930.465409131
    0.272723742    0.175747267 1181.822068706  947.930462468 -401.536835108
    0.279776194    0.175747267 1186.234473358  390.646777272 -160.111147831
    0.286828645    0.175747267 1187.980156502  136.623366243  -57.241023541
    0.293881097    0.175747267 1188.549748806   34.086123599  -15.092349095
    0.300933548    0.175747267 1188.662416263    7.152176384   -3.248989579
    0.307986000    0.175747267 1188.668258700   -0.000000000   -0.000000000

    0.075255100    0.182691614 1188.668258700   -0.000000000   -0.000000000
    0.082307552    0.182691614 1188.506091634  -57.072986666   -5.707048269
    0.089360003    0.182691614 1187.587885221 -225.052828107  -21.358397964
    0.096412455    0.182691614 1184.777067051 -636.375860139  -69.168871395
    0.103464906    0.182691614 1177.507087219 -1521.086178862 -170.049618566
    0.110517358    0.182691614 1161.392054976 -3203.251734689 -428.171261805
    0.117569809    0.182691614 1129.913514110 -5881.843161709 -865.608324332
    0.124622261    0.182691614 1075.798286893 -9640.627568793 -1569.021211234
    0.131674712    0.182691614  992.394905800 -14074.293042921 -2565.094928616
    0.138727164    0.182691614  877.311443941 -18490.098628613 -3731.359637830
    0.145779615    0.182691614  734.149834442 -21875.619788570 -4876.016194101
    0.152832067    0.182691614  573.095740468 -23423.629892958 -5767.707734614
    0.159884518    0.182691614  409.479772797 -22545.287180064 -6112.873602977
    0.166936970    0.182691614  260.644769127 -19278.404286379 -5981.628534214
    0.173989421    0.182691614  142.343784314 -13978.096631929 -5688.575112222
    0.181041873    0.182691614   67.061035462 -7169.716280045 -5684.510660855
    0.188094324    0.182691614   43.193439578  486.475547436 -6457.223888412
    0.195146776    0.182691614   74.285284376 8288.813484918 -8036.186446935
    0.202199227    0.182691614  158.422306521 15362.441172246 -9991.264247205
    0.209251679    0.182691614  287.052708599 20756.129864078 -11641.555891219
    0.216304130    0.182691614  445.264747518 23647.979053800 -12313.956331274
    0.223356582    0.182691614  613.778433431 23698.075230612 -11762.794700615
    0.230409033    0.182691614  773.677899172 21284.568380750 -10121.754580549
    0.237461485    0.182691614  910.272597678 17260.448224020 -7886.133549845
    0.244513936    0.182691614 1015.872172623 12686.866536720 -5554.443845450
    0.251566388    0.182691614 1089.896858875 8431.383163029 -3530.734661089
    0.258618839    0.182691614 1137.133408442 5123.915771496 -2044.745868901
    0.265671291    0.182691614 1164.452958057 2792.810004862 -1077.218831218
    0.272723742    0.182691614 1178.661931897 1338.892769590 -494.478388031
    0.279776194    0.182691614 1185.026472065  556.187912863 -188.744243651
    0.286828645    0.182691614 1187.545626783  205.539911447  -67.829899089
    0.293881097    0.182691614 1188.428866914   57.622044926  -20.052824943
    0.300933548    0.182691614 1188.637454267   11.124759982   -3.840018822
    0.307986000    0.182691614 1188.668258700   -0.000000000   -0.000000000

    0.075255100    0.189635962 1188.668258700   -0.000000000   -0.000000000
    0.082307552    0.189635962 1188.483736282  -59.923424715   -1.954035754
    0.089360003    0.189635962 1187.500166890 -243.687128350   -5.614934178
    0.096412455    0.189635962 1184.475191748 -683.878282594  -16.078135658
    0.103464906    0.189635962 1176.657473228 -1648.250706292  -71.564915967
    0.110517358    0.189635962 1159.275218769 -3444.394012768 -182.092224873
    0.117569809    0.189635962 1125.512671469 -6318.633612241 -408.857071392
    0.124622261    0.189635962 1067.588182630 -10301.290220298 -780.990514648
    0.131674712    0.189635962  978.910716324 -14931.258646601 -1335.268418676
    0.138727164    0.189635962  857.373832939 -19428.572274988 -2025.765699745
    0.145779615    0.189635962  707.809950022 -22710.590459299 -2733.765636194
    0.152832067    0.189635962  542.127108083 -23867.399042297 -3228.903315894
    0.159884518    0.189635962  377.145969485 -22503.156523577 -3320.478997360
    0.166936970    0.189635962  230.020843208 -18878.024045186 -3001.294560791
    0.173989421    0.189635962  114.673579385 -13619.779253660 -2491.706304870
    0.181041873    0.189635962   40.108970144 -7407.536053798 -2299.163992739
    0.188094324    0.189635962   11.336763600 -676.027779126 -2916.357437341
    0.195146776    0.189635962   31.221013041 6337.758804189 -4519.307577151
    0.202199227    0.189635962  100.408319610 13214.531820448 -6766.443195852
    0.209251679    0.189635962  215.460285790 19167.055295838 -8960.493247257
    0.216304130    0.189635962  366.285170591 23196.397577980 -10342.820315772
    0.223356582    0.189635962  536.151591948 24491.707608766 -10483.427623671
    0.230409033    0.189635962  705.282740534 23043.160529195 -9453.663203054
    0.237461485    0.189635962  856.094542498 19461.217728010 -7623.835346044
    0.244513936    0.189635962  977.157150590 14817.009857448 -5518.759266822
    0.251566388    0.189635962 1064.942862369 10156.212037635 -3582.893209145
    0.258618839    0.189635962 1122.600177150 6350.719874665 -2112.532638145
    0.265671291    0.189635962 1156.775266962 3544.397406073 -1118.114567660
    0.272723742    0.189635962 1175.064259938 1766.309076199 -528.274368103
    0.279776194    0.189635962 1183.635665359  776.124557170 -219.614673722
    0.286828645    0.189635962 1187.063499552  286.911492147  -73.002433019
    0.293881097    0.189635962 1188.269350259   92.867340955  -23.207156604
    0.300933548    0.189635962 1188.610976575   15.338559656   -3.621272779
    0.307986000    0.189635962 1188.668258700   -0.000000000   -0.000000000

    0.075255100    0.196580310 1188.668258700   -0.000000000   -0.000000000
    0.082307552    0.196580310 1188.489748611  -53.318466178    3.579161918
    0.089360003    0.196580310 1187.526962897 -239.445500480   12.945720098
    0.096412455    0.196580310 1184.499405907 -693.415275006   24.021107274
    0.103464906    0.196580310 1176.515200425 -1677.959770056   30.292184043
    0.110517358    0.196580310 1158.844752646 -3514.183339789   49.422944352
    0.117569809    0.196580310 1124.233923620 -6489.712099742   27.784821018
    0.124622261    0.196580310 1064.758419086 -10568.152759211  -76.132171602
    0.131674712    0.196580310  973.565691703 -15360.278089105 -242.333436648
    0.138727164    0.196580310  848.663724677 -19945.352540715 -550.336447923
    0.145779615    0.196580310  695.342113797 -23202.112964241 -940.104326188
    0.152832067    0.196580310  526.951879192 -24120.239271444 -1264.317610063
    0.159884518    0.196580310  361.514048909 -22375.142696561 -1309.668859996
    0.166936970    0.196580310  216.713853421 -18405.060404041 -996.805279737
    0.173989421    0.196580310  104.990227702 -13147.736627246 -475.689162272
    0.181041873    0.196580310   32.202532909 -7461.301387813 -152.059885228
    0.188094324    0.196580310    0.000000000 -1643.399986634 -517.281301434
    0.195146776    0.196580310    9.647674724 4446.177366192 -1834.282716876
    0.202199227    0.196580310   63.576666911 10885.795043975 -3898.901464080
    0.209251679    0.196580310  162.881779233 17167.823788341 -6174.992545187
    0.216304130    0.196580310  302.721189628 22164.312595922 -7893.937136271
    0.223356582    0.196580310  469.681509752 24706.224719283 -8553.500546836
    0.230409033    0.196580310  644.130520341 24273.925221699 -8046.777844924
    0.237461485    0.196580310  805.975040753 21265.651436777 -6715.173405686
    0.244513936    0.196580310  940.408198212 16703.551801935 -4978.524759823
    0.251566388    0.196580310 1040.749557803 11794.730997154 -3308.555395306
    0.258618839    0.196580310 1108.329940972 7525.857096395 -1972.422790801
    0.265671291    0.196580310 1149.235654147 4274.756418766 -1031.744577777
    0.272723742    0.196580310 1171.481423394 2186.354324118 -495.647553880
    0.279776194    0.196580310 1182.153252359  956.949947835 -202.482036557
    0.286828645    0.196580310 1186.592112399  360.902457738  -61.002442062
    0.293881097    0.196580310 1188.125780360  114.326213439  -17.227686087
    0.300933548    0.196580310 1188.589562604   18.746491801   -2.380828990
    0.307986000    0.196580310 1188.668258700   -0.000000000   -0.000000000

    0.075255100    0.203524657 1188.668258700   -0.000000000   -0.000000000
    0.082307552    0.203524657 1188.521566395  -61.599148343    4.486454583
    0.089360003    0.203524657 1187.648943475 -224.029230577   17.292257302
    0.096412455    0.203524657 1184.769790092 -654.126808237   51.018179118
    0.103464906    0.203524657 1177.051607944 -1631.025257766  114.646870886
    0.110517358    0.203524657 1159.747589485 -3460.209439042  201.507786575
    0.117569809    0.203524657 1125.484891079 -6443.569412826  308.285018252
    0.124622261    0.203524657 1066.110896462 -10552.492469989  413.126104321
    0.131674712    0.203524657  974.627563208 -15455.402119994  476.974737224
    0.138727164    0.203524657  848.435671960 -20192.172556024  395.746513268
    0.145779615    0.203524657  693.180767488 -23492.401833189  213.944033989
    0.152832067    0.203524657  523.042530648 -24290.424408838   28.248191840
    0.159884518    0.203524657  357.326355425 -22249.195925655   -0.898287387
    0.166936970    0.203524657  214.479049796 -17968.723318499  268.813514390
    0.173989421    0.203524657  106.263914507 -12649.277450039  752.586329688
    0.181041873    0.203524657   36.077333079 -7312.003118162 1194.946272251
    0.188094324    0.203524657    2.359605545 -2273.879518522 1122.591451704
    0.195146776    0.203524657    4.374012665 2916.357077340  261.010322214
    0.202199227    0.203524657   45.229342316 8797.248110019 -1407.917164250
    0.209251679    0.203524657  129.603672463 15146.499952437 -3417.786126306
    0.216304130    0.203524657  257.323216450 20819.108770249 -5146.269336414
    0.223356582    0.203524657  418.504533468 24426.154800823 -6116.747887837
    0.230409033    0.203524657  594.769074344 25013.034105393 -6104.839666197
    0.237461485    0.203524657  764.159141082 22598.942943687 -5253.276880376
    0.244513936    0.203524657  909.038897766 18225.884975296 -4001.747376607
    0.251566388    0.203524657 1019.751841640 13166.059942156 -2694.185711562
    0.258618839    0.203524657 1095.753710452 8537.837484327 -1615.106722832
    0.265671291    0.203524657 1142.616004158 4961.762152456 -857.937416463
    0.272723742    0.203524657 1168.379982637 2535.551296178 -396.272618392
    0.279776194    0.203524657 1180.879755973 1152.483052016 -165.195509077
    0.286828645    0.203524657 1186.146126537  448.889798998  -57.368094721
    0.293881097    0.203524657 1188.020107873  134.942791077  -13.105831104
    0.300933548    0.203524657 1188.571094068   33.874004526   -2.989210842
    0.307986000    0.203524657 1188.668258700   -0.000000000   -0.000000000

    0.075255100    0.210469005 1188.668258700   -0.000000000   -0.000000000
    0.082307552    0.210469005 1188.563242934  -54.859954489    7.212905842
    0.089360003    0.210469005 1187.792782456 -204.343766004   20.601690433
    0.096412455    0.210469005 1185.166979926 -618.362503330   59.527370180
    0.103464906    0.210469005 1178.021654747 -1540.626545245  153.384973963
    0.110517358    0.210469005 1161.352093873 -3356.496522284  262.653052181
    0.117569809    0.210469005 1128.132074659 -6292.711337524  420.311375279
    0.124622261    0.210469005 1069.825488168 -10420.439821359  612.636156699
    0.131674712    0.210469005  979.167553158 -15376.838387961  775.106451971
    0.138727164    0.210469005  853.028403629 -20267.590577095  837.006675126
    0.145779615    0.210469005  696.932536301 -23633.908911898  760.159478681
    0.152832067    0.210469005  525.871811497 -24390.718818912  685.837052242
    0.159884518    0.210469005  360.187216046 -22123.765604707  754.506208812
    0.166936970    0.210469005  219.338287292 -17554.648990944 1081.855276748
    0.173989421    0.210469005  114.818735677 -12067.580999334 1680.414478279
    0.181041873    0.210469005   48.213371551 -6947.224351871 2287.548829372
    0.188094324    0.210469005   15.105276941 -2522.414457082 2541.886577557
    0.195146776    0.210469005   12.561641813 1880.276865110 2106.418064646
    0.202199227    0.210469005   43.696245843 7134.813598622  938.323263670
    0.209251679    0.210469005  115.464164671 13321.477503623 -651.204761483
    0.216304130    0.210469005  231.447413978 19435.478498471 -2277.547261890
    0.223356582    0.210469005  385.393680090 23805.662789015 -3388.748311058
    0.230409033    0.210469005  560.357045754 25248.501614066 -3764.340151208
    0.237461485    0.210469005  733.792867229 23456.932936497 -3445.827172254
    0.244513936    0.210469005  885.647229287 19307.657348110 -2688.075264700
    0.251566388    0.210469005 1003.918110759 14190.314343456 -1843.963666093
    0.258618839    0.210469005 1086.245310581 9284.782462537 -1107.159158523
    0.265671291    0.210469005 1137.575050803 5463.146767197 -579.535718511
    0.272723742    0.210469005 1166.094553887 2813.161020645 -268.635642983
    0.279776194    0.210469005 1179.964090578 1282.442019006  -99.760652040
    0.286828645    0.210469005 1185.844274427  496.617994537  -28.589029494
    0.293881097    0.210469005 1187.955689228  156.644079742   -7.838534322
    0.300933548    0.210469005 1188.561245020   35.608810362    0.222545794
    0.307986000    0.210469005 1188.668258700   -0.000000000   -0.000000000

    0.075255100    0.217413352 1188.668258700   -0.000000000   -0.000000000
    0.082307552    0.217413352 1188.604280847  -35.572248221    4.842056017
    0.089360003    0.217413352 1187.942155406 -176.116268279   22.692184789
    0.096412455    0.217413352 1185.596327984 -552.506198014   61.257988747
    0.103464906    0.217413352 1179.020749948 -1434.604127069  133.639096555
    0.110517358    0.217413352 1163.196896850 -3221.180108581  252.119493050
    0.117569809    0.217413352 1131.036593506 -6105.295171833  408.272413235
    0.124622261    0.217413352 1074.161027703 -10240.750716880  613.494089917
    0.131674712    0.217413352  984.670206654 -15242.785348487  783.414663010
    0.138727164    0.217413352  859.159948279 -20227.157967659  880.466299272
    0.145779615    0.217413352  702.969986584 -23685.179855121  906.052301304
    0.152832067    0.217413352  531.677172983 -24363.310385834  958.760014631
    0.159884518    0.217413352  366.997271770 -21829.295832935 1185.536613780
    0.166936970    0.217413352  229.123454045 -16971.546792126 1753.174371676
    0.173989421    0.217413352  129.455629863 -11301.574334533 2567.807303821
    0.181041873    0.217413352   68.012993644 -6309.624272876 3437.933528538
    0.188094324    0.217413352   37.871428292 -2374.891911809 4032.279794409
    0.195146776    0.217413352   33.888302026 1311.419864341 4055.712873844
    0.202199227    0.217413352   58.603034845 5917.759661254 3373.030851881
    0.209251679    0.217413352  120.471008062 11810.264561247 2142.906645057
    0.216304130    0.217413352  225.999574931 18050.704569041  741.552138724
    0.223356582    0.217413352  371.903551386 22966.031442425 -461.644741806
    0.230409033    0.217413352  543.111130989 25026.318414920 -1169.783760040
    0.237461485    0.217413352  716.972257535 23748.428628589 -1359.527292935
    0.244513936    0.217413352  872.087448163 19905.260777998 -1178.411393818
    0.251566388    0.217413352  994.504419188 14762.474963238 -838.427172680
    0.258618839    0.217413352 1080.640726840 9766.933340843 -492.785551488
    0.265671291    0.217413352 1134.680759697 5755.288007472 -247.323129303
    0.272723742    0.217413352 1164.759897971 2997.013586698 -111.841636607
    0.279776194    0.217413352 1179.498250403 1350.092519100  -37.394205153
    0.286828645    0.217413352 1185.729117054  520.547419896   -3.534714389
    0.293881097    0.217413352 1187.931893177  166.798725138    0.945604191
    0.300933548    0.217413352 1188.573951892   33.635161478    3.336050570
    0.307986000    0.217413352 1188.668258700   -0.000000000   -0.000000000

    0.075255100    0.224357700 1188.668258700   -0.000000000   -0.000000000
    0.082307552    0.224357700 1188.617163472  -23.019847704   -1.786844300
    0.089360003    0.224357700 1188.082392058 -143.891632029   17.766547970
    0.096412455    0.224357700 1186.011572823 -505.929988904   62.005107612
    0.103464906    0.224357700 1179.886260277 -1336.726220513  109.133775728
    0.110517358    0.224357700 1164.819785429 -3080.076826444  208.211644335
    0.117569809    0.224357700 1133.818735499 -5925.763166795  392.010717730
    0.124622261    0.224357700 1078.156225045 -10059.632121364  540.686519487
    0.131674712    0.224357700  989.780154712 -15132.502793269  697.981476453
    0.138727164    0.224357700  865.043761590 -20138.114952051  817.404210039
    0.145779615    0.224357700  709.439406856 -23610.336101612  948.084313807
    0.152832067    0.224357700  539.048247996 -24167.468326142 1181.300939602
    0.159884518    0.224357700  376.784340201 -21327.211589743 1659.702886656
    0.166936970    0.224357700  243.791762387 -16123.523800339 2487.724794265
    0.173989421    0.224357700  150.900196955 -10273.880385609 3630.042070508
    0.181041873    0.224357700   96.541276521 -5381.431967459 4799.913224677
    0.188094324    0.224357700   71.659730080 -1858.991664447 5729.417239051
    0.195146776    0.224357700   69.209005937 1209.027488497 6154.070993164
    0.202199227    0.224357700   90.859247285 5169.004707952 5949.317786271
    0.209251679    0.224357700  145.707435707 10602.119172337 5180.133324445
    0.216304130    0.224357700  242.263998545 16770.385139852 3993.504632813
    0.223356582    0.224357700  379.726574437 21877.959970898 2748.868421316
    0.230409033    0.224357700  544.689445483 24352.816822894 1670.445419821
    0.237461485    0.224357700  715.364069741 23493.227175707  928.202032527
    0.244513936    0.224357700  869.607143457 19866.700690239  492.821663282
    0.251566388    0.224357700  992.462353465 14880.032893847  273.164393190
    0.258618839    0.224357700 1079.494225707 9887.298231985  172.144447665
    0.265671291    0.224357700 1134.143209001 5809.448838743  100.400146162
    0.272723742    0.224357700 1164.582958028 3022.576291568   61.168620422
    0.279776194    0.224357700 1179.491201815 1369.807652438   27.963484251
    0.286828645    0.224357700 1185.782558544  525.234491126   17.937649996
    0.293881097    0.224357700 1187.972186883  161.637417449   10.420998553
    0.300933548    0.224357700 1188.596878902   29.715987716    3.474899205
    0.307986000    0.224357700 1188.668258700   -0.000000000   -0.000000000

    0.075255100    0.231302048 1188.668258700   -0.000000000   -0.000000000
    0.082307552    0.231302048 1188.612722827  -23.803593616    0.545102817
    0.089360003    0.231302048 1188.199433740 -116.414824032   13.969897415
    0.096412455    0.231302048 1186.417937762 -467.764766708   52.240302800
    0.103464906    0.231302048 1180.513049951 -1287.792826125   88.273513239
    0.110517358    0.231302048 1166.200592993 -2937.394318612  186.652975572
    0.117569809    0.231302048 1136.320021048 -5768.027935567  340.588224646
    0.124622261    0.231302048 1081.839612543 -9889.331759503  520.633404686
    0.131674712    0.231302048  994.468059581 -14993.432223081  676.680006893
    0.138727164    0.231302048  870.692700398 -19993.253290807  828.175161217
    0.145779615    0.231302048  716.408274242 -23367.011233776 1085.027540571
    0.152832067    0.231302048  548.379312400 -23691.979421276 1538.987632992
    0.159884518    0.231302048  390.368836872 -20566.075117962 2269.253830960
    0.166936970    0.231302048  264.032151572 -15004.530584676 3354.747860509
    0.173989421    0.231302048  179.844931246 -8960.587895057 4717.676353292
    0.181041873    0.231302048  134.689692851 -4136.087388402 6166.808262548
    0.188094324    0.231302048  117.553444039 -947.481993636 7461.291239446
    0.195146776    0.231302048  119.709011182 1573.715641958 8346.132839449
    0.202199227    0.231302048  141.741914927 4906.605055330 8682.349333779
    0.209251679    0.231302048  192.723228644 9792.993522177 8390.175583663
    0.216304130    0.231302048  282.081037279 15575.425926806 7494.085739680
    0.223356582    0.231302048  410.703520380 20600.173202073 6208.285135162
    0.230409033    0.231302048  566.952641459 23212.088719480 4765.490897068
    0.237461485    0.231302048  730.353367861 22601.693277640 3406.297438050
    0.244513936    0.231302048  879.239430563 19264.472050324 2286.851125361
    0.251566388    0.231302048  998.477847588 14463.897231829 1459.434234487
    0.258618839    0.231302048 1083.028964651 9613.138621022  852.355336477
    0.265671291    0.231302048 1136.093580229 5631.453011079  457.944451576
    0.272723742    0.231302048 1165.552559839 2916.153279849  220.078298120
    0.279776194    0.231302048 1179.928685992 1305.142530285   93.987627112
    0.286828645    0.231302048 1185.991211842  489.955257658   38.025902792
    0.293881097    0.231302048 1188.059294569  149.302892159   14.805793665
    0.300933548    0.231302048 1188.625385904   31.597107401    3.796838104
    0.307986000    0.231302048 1188.668258700   -0.000000000   -0.000000000

    0.075255100    0.238246395 1188.668258700   -0.000000000   -0.000000000
    0.082307552    0.238246395 1188.624299952  -21.886949322    2.693092437
    0.089360003    0.238246395 1188.278809284  -99.887887248   11.312931264
    0.096412455    0.238246395 1186.719619955 -438.266583006   27.700346685
    0.103464906    0.238246395 1181.122984155 -1224.872721768   88.517349180
    0.110517358    0.238246395 1167.400033151 -2818.862477047  171.085741399
    0.117569809    0.238246395 1138.610188397 -5583.047926876  327.938001341
    0.124622261    0.238246395 1085.483808175 -9692.320774997  534.730074214
    0.131674712    0.238246395  999.408654743 -14819.119693601  752.196932888
    0.138727164    0.238246395  877.036244460 -19753.231470324 1015.224854620
    0.145779615    0.238246395  724.985691280 -22956.311012762 1410.501662420
    0.152832067    0.238246395  560.679406622 -23041.258634011 2024.922069969
    0.159884518    0.238246395  408.515153180 -19580.995742485 2952.940026745
    0.166936970    0.238246395  290.302395841 -13693.219558434 4176.109188783
    0.173989421    0.238246395  216.154548505 -7448.363267788 5693.796466227
    0.181041873    0.238246395  181.777787735 -2619.722163142 7331.155349609
    0.188094324    0.238246395  174.781744734  372.874250774 8957.656138754
    0.195146776    0.238246395  184.930398174 2489.927290062 10355.607974433
    0.202199227    0.238246395  211.384331958 5221.312829751 11286.456215389
    0.209251679    0.238246395  262.074399480 9390.153824567 11514.506917235
    0.216304130    0.238246395  346.293025776 14544.834689925 10946.601906450
    0.223356582    0.238246395  465.847021856 19127.174106464 9643.166797341
    0.230409033    0.238246395  610.846253506 21540.184942076 7845.255234013
    0.237461485    0.238246395  762.711249322 21035.420534009 5882.104381860
    0.244513936    0.238246395  901.411602399 17956.325225337 4073.305940008
    0.251566388    0.238246395 1012.641877706 13463.658440758 2590.698427945
    0.258618839    0.238246395 1091.260656236 8927.528719064 1506.970542033
    0.265671291    0.238246395 1140.472531700 5213.158832766  785.452800072
    0.272723742    0.238246395 1167.620428170 2684.008419647  373.204345403
    0.279776194    0.238246395 1180.799385588 1195.439302473  155.763861378
    0.286828645    0.238246395 1186.325740000  443.735105954   54.985436874
    0.293881097    0.238246395 1188.164286484  135.101466098   17.158718535
    0.300933548    0.238246395 1188.647438429   21.802657863    2.098933142
    0.307986000    0.238246395 1188.668258700   -0.000000000   -0.000000000

    0.075255100    0.245190743 1188.668258700   -0.000000000   -0.000000000
    0.082307552    0.245190743 1188.648114146  -17.895959724    3.987630050
    0.089360003    0.245190743 1188.373583550  -79.141937259   13.267980358
    0.096412455    0.245190743 1186.888728232 -391.897825858   22.480485294
    0.103464906    0.245190743 1181.705000470 -1177.500682130   71.771105178
    0.110517358    0.245190743 1168.648616480 -2699.088478879  181.988137991
    0.117569809    0.245190743 1140.913080563 -5382.941536639  330.848907781
    0.124622261    0.245190743 1089.297130123 -9458.961801626  578.340198515
    0.131674712    0.245190743 1005.116006743 -14500.919780915  890.053447989
    0.138727164    0.245190743  885.055137887 -19385.652534153 1310.934230196
    0.145779615    0.245190743  736.193908968 -22394.788731787 1836.956337192
    0.152832067    0.245190743  576.603466052 -22246.482231514 2575.264180463
    0.159884518    0.245190743  431.082072707 -18487.414883305 3537.012661738
    0.166936970    0.245190743  321.548178900 -12321.376188466 4769.588964268
    0.173989421    0.245190743  257.869038043 -5857.526524479 6277.991662315
    0.181041873    0.245190743  235.321251324 -881.331889129 8007.416282945
    0.188094324    0.245190743  240.657209896 2097.838302447 9900.695757473
    0.195146776    0.245190743  262.233353378 3955.381329709 11775.686180010
    0.202199227    0.245190743  297.178174638 6117.154186308 13285.348000200
    0.209251679    0.245190743  351.425688769 9478.079553468 14094.811928184
    0.216304130    0.245190743  432.917806114 13677.912656380 13854.905236646
    0.223356582    0.245190743  543.479640727 17460.773137898 12567.332632173
    0.230409033    0.245190743  674.946114639 19413.736706772 10493.315059819
    0.237461485    0.245190743  811.209106034 18826.355383920 7983.264464417
    0.244513936    0.245190743  935.097188326 16003.320690235 5554.820896754
    0.251566388    0.245190743 1034.011802987 11954.371574366 3507.325292512
    0.258618839    0.245190743 1103.594558065 7871.045514820 2017.033056625
    0.265671291    0.245190743 1146.894857617 4585.218962601 1054.524642346
    0.272723742    0.245190743 1170.630962755 2329.469346099  483.233516042
    0.279776194    0.245190743 1182.014894329 1039.586650704  192.840809137
    0.286828645    0.245190743 1186.757416637  381.072622174   67.174462041
    0.293881097    0.245190743 1188.299721164  109.231440826   18.695628787
    0.300933548    0.245190743 1188.659874811   13.701371122    1.592394154
    0.307986000    0.245190743 1188.668258700   -0.000000000   -0.000000000

    0.075255100    0.252135090 1188.668258700   -0.000000000   -0.000000000
    0.082307552    0.252135090 1188.666528122   -6.605884165    2.502857827
    0.089360003    0.252135090 1188.461763625  -81.101491595   11.370066953
    0.096412455    0.252135090 1187.063216273 -363.313389378   24.610374759
    0.103464906    0.252135090 1182.205108861 -1081.742056654   67.779652123
    0.110517358    0.252135090 1169.914500360 -2570.597780978  177.504988844
    0.117569809    0.252135090 1143.370267842 -5198.502106314  367.732390859
    0.124622261    0.252135090 1093.635730466 -9150.002453400  660.575920570
    0.131674712    0.252135090 1012.002082734 -14074.650262446 1096.265246106
    0.138727164    0.252135090  895.390399773 -18843.081085648 1679.179516021
    0.145779615    0.252135090  750.732542817 -21741.688782164 2370.259740847
    0.152832067    0.252135090  596.475853886 -21383.331309639 3165.835067613
    0.159884518    0.252135090  457.651120244 -17441.418831710 4114.639424612
    0.166936970    0.252135090  356.291562065 -11054.419766647 5217.486241995
    0.173989421    0.252135090  302.502134757 -4316.142870095 6565.112563306
    0.181041873    0.252135090  291.846307352  950.884367296 8223.394059485
    0.188094324    0.252135090  310.870499745 4114.336431914 10236.906466478
    0.195146776    0.252135090  346.657731546 5909.522519851 12447.764129240
    0.202199227    0.252135090  393.922734053 7576.101022168 14413.354176943
    0.209251679    0.252135090  455.309557715 9976.699631907 15622.956165723
    0.216304130    0.252135090  536.199998623 12999.485964743 15657.250593362
    0.223356582    0.252135090  637.966455112 15713.004096065 14422.967037985
    0.230409033    0.252135090  754.166065767 16901.993305613 12128.227292192
    0.237461485    0.252135090  871.724389166 16099.593527573 9270.095769492
    0.244513936    0.252135090  977.105187189 13539.167771721 6432.139059765
    0.251566388    0.252135090 1060.499213071 10042.698884797 4046.265308005
    0.258618839    0.252135090 1118.802560887 6558.993360158 2319.361924235
    0.265671291    0.252135090 1154.769728672 3789.365260661 1191.405382118
    0.272723742    0.252135090 1174.177202840 1887.003415020  527.131593035
    0.279776194    0.252135090 1183.424073270  844.730560453  214.747213879
    0.286828645    0.252135090 1187.250253395  300.498671356   72.381509199
    0.293881097    0.252135090 1188.417712412   74.220543909   14.850568879
    0.300933548    0.252135090 1188.668258700   -0.000000000   -0.000000000
    0.307986000    0.252135090 1188.668258700   -0.000000000   -0.000000000

    0.075255100    0.259079438 1188.668258700   -0.000000000   -0.000000000
    0.082307552    0.259079438 1188.668258700   -0.000000000   -0.000000000
    0.089360003    0.259079438 1188.519674794  -58.441289882    7.406923339
    0.096412455    0.259079438 1187.228288874 -360.840040486   21.938738118
    0.103464906    0.259079438 1182.744783551 -1019.836221664   87.916930143
    0.110517358    0.259079438 1171.218751285 -2401.885672292  202.606919579
    0.117569809    0.259079438 1146.061545508 -4932.615796590  424.625370351
    0.124622261    0.259079438 1098.670636640 -8728.040505673  804.285798440
    0.131674712    0.259079438 1020.592674210 -13495.833543282 1386.906308768
    0.138727164    0.259079438  908.576611948 -18108.446084688 2143.255823379
    0.145779615    0.259079438  769.362160419 -20934.610544091 3029.606163836
    0.152832067    0.259079438  621.037628318 -20519.101232976 3932.351988282
    0.159884518    0.259079438  488.548814184 -16502.792718515 4837.076045963
    0.166936970    0.259079438  394.252256140 -9975.293670640 5761.448311621
    0.173989421    0.259079438  349.039916305 -2947.609110258 6881.261817241
    0.181041873    0.259079438  349.379858666 2718.303746081 8383.172804789
    0.188094324    0.259079438  382.300953439 6264.613212165 10327.103088874
    0.195146776    0.259079438  433.739518950 8121.144672079 12579.438654433
    0.202199227    0.259079438  495.343029593 9330.423765001 14680.329595181
    0.209251679    0.259079438  565.833970179 10731.361482217 16026.504255766
    0.216304130    0.259079438  647.408983525 12430.631053131 16127.323022334
    0.223356582    0.259079438  740.510210871 13862.115252052 14864.419779701
    0.230409033    0.259079438  840.367321634 14240.253624067 12488.963593666
    0.237461485    0.259079438  937.664415060 13123.869849918 9536.687610150
    0.244513936    0.259079438 1022.772167137 10857.041463270 6601.422209228
    0.251566388    0.259079438 1089.209311020 7955.435529828 4132.051716472
    0.258618839    0.259079438 1135.123368006 5130.305303177 2337.875636768
    0.265671291    0.259079438 1163.016232584 2888.167364576 1152.861187913
    0.272723742    0.259079438 1177.838457748 1447.011605674  519.478137120
    0.279776194    0.259079438 1184.904093177  644.403256124  211.010867118
    0.286828645    0.259079438 1187.705434064  209.451629187   59.978423739
    0.293881097    0.259079438 1188.520929418   52.679865341   13.209949392
    0.300933548    0.259079438 1188.668258700   -0.000000000   -0.000000000
    0.307986000    0.259079438 1188.668258700   -0.000000000   -0.000000000

    0.075255100    0.266023786 1188.668258700   -0.000000000   -0.000000000
    0.082307552    0.266023786 1188.668258700   -0.000000000   -0.000000000
    0.089360003    0.266023786 1188.565902195  -43.076081953    5.787970212
    0.096412455    0.266023786 1187.401093552 -330.769465029   30.217191252
    0.103464906    0.266023786 1183.359642998 -923.850805492   79.415681602
    0.110517358    0.266023786 1172.720984046 -2240.083319405  234.457071284
    0.117569809    0.266023786 1149.319350156 -4608.280099137  526.883356671
    0.124622261    0.266023786 1104.919892116 -8176.899619542 1021.020476880
    0.131674712    0.266023786 1031.566218788 -12720.768721833 1779.572812070
    0.138727164    0.266023786  925.667086187 -17162.247710124 2812.631588316
    0.145779615    0.266023786  793.418944887 -19933.523532472 3959.208691941
    0.152832067    0.266023786  652.009902760 -19564.616327889 5057.294788141
    0.159884518    0.266023786  525.929343489 -15631.392424433 6040.704030951
    0.166936970    0.266023786  437.764056980 -9083.264642294 6907.383104341
    0.173989421    0.266023786  399.546016476 -1807.786413956 7818.874166929
    0.181041873    0.266023786  409.442102419 4293.631612032 9051.317495823
    0.188094324    0.266023786  455.013088278 8247.152802561 10689.169745531
    0.195146776    0.266023786  521.087640644 10213.468147004 12593.743376101
    0.202199227    0.266023786  596.270512790 10986.601933752 14331.486976464
    0.209251679    0.266023786  675.263509089 11406.704884462 15389.277793470
    0.216304130    0.266023786  757.133358045 11806.787787754 15319.140136595
    0.223356582    0.266023786  841.260255608 11984.356201208 13970.497543561
    0.230409033    0.266023786  924.767045559 11553.616030986 11648.706087956
    0.237461485    0.266023786 1001.893176728 10215.169322743 8825.458257765
    0.244513936    0.266023786 1067.085728348 8204.728301996 6061.069271322
    0.251566388    0.266023786 1116.867365998 5895.482792933 3755.972145309
    0.258618839    0.266023786 1150.543571517 3718.657274990 2069.172286546
    0.265671291    0.266023786 1170.635068017 2066.901643045 1023.867492264
    0.272723742    0.266023786 1181.286347878 1037.460372958  456.978064412
    0.279776194    0.266023786 1186.226047586  429.412009856  166.071734006
    0.286828645    0.266023786 1188.099354856  140.447884991   50.921935763
    0.293881097    0.266023786 1188.606881237   33.242788997   11.500752334
    0.300933548    0.266023786 1188.668258700   -0.000000000   -0.000000000
    0.307986000    0.266023786 1188.668258700   -0.000000000   -0.000000000

    0.075255100    0.272968133 1188.668258700   -0.000000000   -0.000000000
    0.082307552    0.272968133 1188.668258700   -0.000000000   -0.000000000
    0.089360003    0.272968133 1188.562942997  -30.409666689    0.357421057
    0.096412455    0.272968133 1187.616092711 -280.427811762   34.863571607
    0.103464906    0.272968133 1184.017090336 -817.309907216  100.655348754
    0.110517358    0.272968133 1174.512069640 -2014.372872505  283.109466905
    0.117569809    0.272968133 1153.393756708 -4175.238422746  653.531758198
    0.124622261    0.272968133 1113.000661468 -7479.649508790 1304.695684816
    0.131674712    0.272968133 1045.696128444 -11706.194263512 2305.028049838
    0.138727164    0.272968133  947.936425816 -15895.293310727 3618.295445222
    0.145779615    0.272968133  824.962751474 -18607.667027655 5143.812224597
    0.152832067    0.272968133  692.407139918 -18406.160060192 6620.130884951
    0.159884518    0.272968133  573.744870233 -14695.671557540 7844.422570807
    0.166936970    0.272968133  491.729982951 -8234.531151645 8750.687772157
    0.173989421    0.272968133  459.517213115 -897.096500890 9570.801112427
    0.181041873    0.272968133  476.734592522 5500.480846581 10465.781869085
    0.188094324    0.272968133  531.960266028 9761.323328697 11574.204349897
    0.195146776    0.272968133  609.046409698 11756.056104444 12787.708405331
    0.202199227    0.272968133  693.972387277 12121.814277137 13778.361337986
    0.209251679    0.272968133  778.158302549 11675.679631959 14169.043168771
    0.216304130    0.272968133  857.991379126 10945.317311099 13624.128759534
    0.223356582    0.272968133  932.379973165 10118.535839250 12156.290956902
    0.230409033    0.272968133 1000.060478687 9027.429440693 9936.549098307
    0.237461485    0.272968133 1058.525842903 7549.989992633 7390.734165657
    0.244513936    0.272968133 1105.741486177 5825.295209800 5005.922931432
    0.251566388    0.272968133 1140.546788325 4060.021164132 3043.406293835
    0.258618839    0.272968133 1163.565299948 2526.048906906 1667.565822260
    0.265671291    0.272968133 1177.087105898 1384.956266416  825.863680781
    0.272723742    0.272968133 1184.113292711  669.367470950  350.956733583
    0.279776194    0.272968133 1187.249728398  271.156640886  127.200004429
    0.286828645    0.272968133 1188.378248814   83.634432201   35.435061776
    0.293881097    0.272968133 1188.656317601    8.520275680    2.047581170
    0.300933548    0.272968133 1188.668258700   -0.000000000   -0.000000000
    0.307986000    0.272968133 1188.668258700   -0.000000000   -0.000000000

    0.075255100    0.279912481 1188.668258700   -0.000000000   -0.000000000
    0.082307552    0.279912481 1188.668258700   -0.000000000   -0.000000000
    0.089360003    0.279912481 1188.573929345  -28.538105276    2.752652597
    0.096412455    0.279912481 1187.821652778 -213.594874093   29.878737893
    0.103464906    0.279912481 1184.814175617 -702.930611749  125.586848733
    0.110517358    0.279912481 1176.624645064 -1738.629734405  325.611897452
    0.117569809    0.279912481 1158.371831901 -3621.095899666  773.488346048
    0.124622261    0.279912481 1123.003237168 -6576.574439429 1567.452284292
    0.131674712    0.279912481 1063.540380537 -10394.428399809 2815.708257487
    0.138727164    0.279912481  976.182994210 -14278.325578448 4494.713818368
    0.145779615    0.279912481  865.151445562 -16866.907006548 6432.400413650
    0.152832067    0.279912481  744.495013833 -16832.296409045 8376.128120503
    0.159884518    0.279912481  635.669809835 -13491.576451075 10024.956080370
    0.166936970    0.279912481  560.787942168 -7397.853863752 11178.892278800
    0.173989421    0.279912481  533.970849788 -190.771982894 11908.776882822
    0.181041873    0.279912481  556.137104528 6213.093268128 12441.912740775
    0.188094324    0.279912481  616.610288473 10531.382275986 12843.629161096
    0.195146776    0.279912481  698.925555958 12428.433421399 13114.284349560
    0.202199227    0.279912481  787.353957020 12393.765215189 13080.953337414
    0.209251679    0.279912481  871.198282570 11264.269145093 12576.307190622
    0.216304130    0.279912481  945.400874854 9754.384023925 11488.653708835
    0.223356582    0.279912481 1008.826859720 8227.624774352 9822.801856212
    0.230409033    0.279912481 1061.552824651 6725.750776771 7767.773510949
    0.237461485    0.279912481 1103.856781514 5288.665940523 5646.021714434
    0.244513936    0.279912481 1136.123018580 3881.577603924 3749.835935160
    0.251566388    0.279912481 1158.932830682 2610.565660535 2253.486885340
    0.258618839    0.279912481 1173.583228679 1583.351163168 1217.718274570
    0.265671291    0.279912481 1181.978652121  834.431296814  578.376724979
    0.272723742    0.279912481 1186.159504790  388.283955756  238.298351173
    0.279776194    0.279912481 1187.959415141  150.717575263   80.970842303
    0.286828645    0.279912481 1188.573683282   35.348398285   18.803284480
    0.293881097    0.279912481 1188.668258700   -0.000000000   -0.000000000
    0.300933548    0.279912481 1188.668258700   -0.000000000   -0.000000000
    0.307986000    0.279912481 1188.668258700   -0.000000000   -0.000000000

    0.075255100    0.286856829 1188.668258700   -0.000000000   -0.000000000
    0.082307552    0.286856829 1188.668258700   -0.000000000   -0.000000000
    0.089360003    0.286856829 1188.585926432  -20.131986248    2.665848929
    0.096412455    0.286856829 1188.058205027 -174.687253457   36.615566161
    0.103464906    0.286856829 1185.673343661 -570.407763995  125.147280089
    0.110517358    0.286856829 1179.002581798 -1426.801069437  353.695442858
    0.117569809    0.286856829 1163.981940982 -2985.150822632  836.856180026
    0.124622261    0.286856829 1134.615583798 -5512.124508151 1746.078397542
    0.131674712    0.286856829 1084.431973532 -8810.590241908 3172.784213417
    0.138727164    0.286856829 1009.881735579 -12268.403188904 5158.054984882
    0.145779615    0.286856829  913.868637190 -14670.791096695 7514.953923782
    0.152832067    0.286856829  808.359864364 -14767.719466901 9935.119162285
    0.159884518    0.286856829  712.515522427 -11899.622375709 12050.976656635
    0.166936970    0.286856829  646.777005898 -6402.325871961 13516.932079892
    0.173989421    0.286856829  625.055939379  293.153879789 14236.186246275
    0.181041873    0.286856829  649.364530062 6351.710231274 14340.830414111
    0.188094324    0.286856829  709.899197616 10410.310310893 13933.275571638
    0.195146776    0.286856829  790.487045507 12052.655595570 13186.377486877
    0.202199227    0.286856829  875.116057085 11677.791613255 12131.581463658
    0.209251679    0.286856829  952.532579707 10145.216750338 10808.383593877
    0.216304130    0.286856829 1017.322098041 8224.137637973 9210.148821111
    0.223356582    0.286856829 1068.702496878 6394.763407154 7449.252434682
    0.230409033    0.286856829 1107.961259795 4809.614594310 5645.781592545
    0.237461485    0.286856829 1137.137588327 3515.085615478 3982.493884363
    0.244513936    0.286856829 1158.021009318 2431.130945203 2572.390669166
    0.251566388    0.286856829 1171.930036146 1564.448206981 1515.114889007
    0.258618839    0.286856829 1180.529913204  898.700357394  780.181085859
    0.265671291    0.286856829 1185.205271992  457.173906276  360.885030297
    0.272723742    0.286856829 1187.460808242  206.928468588  145.399349636
    0.279776194    0.286856829 1188.394893539   76.248049133   46.343072119
    0.286828645    0.286856829 1188.637114985   10.517178046    5.249690496
    0.293881097    0.286856829 1188.668258700   -0.000000000   -0.000000000
    0.300933548    0.286856829 1188.668258700   -0.000000000   -0.000000000
    0.307986000    0.286856829 1188.668258700   -0.000000000   -0.000000000

    0.075255100    0.293801176 1188.668258700   -0.000000000   -0.000000000
    0.082307552    0.293801176 1188.668258700   -0.000000000   -0.000000000
    0.089360003    0.293801176 1188.609510439  -16.365317893    3.945990903
    0.096412455    0.293801176 1188.294724785 -107.942727230   26.888215630
    0.103464906    0.293801176 1186.543877611 -434.436118671  123.080532575
    0.110517358    0.293801176 1181.433810972 -1095.099888461  347.167338659
    0.117569809    0.293801176 1169.791145077 -2316.079108056  824.241701720
    0.124622261    0.293801176 1146.822110170 -4328.896333433 1741.212300674
    0.131674712    0.293801176 1106.959528453 -7061.872886042 3265.046707956
    0.138727164    0.293801176 1046.802206912 -9961.395933818 5390.126355525
    0.145779615    0.293801176  968.279495287 -12079.765682912 8025.185431579
    0.152832067    0.293801176  880.894437651 -12300.231008706 10804.574951821
    0.159884518    0.293801176  800.958833454 -9943.007586046 13251.336828754
    0.166936970    0.293801176  746.293580203 -5258.881291619 14952.668870545
    0.173989421    0.293801176  729.564611863  561.116643444 15645.900927844
    0.181041873    0.293801176  753.059955327 5892.170812127 15348.657870269
    0.188094324    0.293801176  808.376742504 9427.151994393 14256.056412675
    0.195146776    0.293801176  880.669460132 10712.986799999 12664.495568795
    0.202199227    0.293801176  955.053414917 10123.792670778 10813.577241121
    0.209251679    0.293801176 1020.964146824 8457.890899727 8905.855524570
    0.216304130    0.293801176 1073.661631662 6488.337574359 7049.783969154
    0.223356582    0.293801176 1112.860665494 4687.736347459 5330.740447625
    0.230409033    0.293801176 1140.634296300 3275.697474869 3832.394306424
    0.237461485    0.293801176 1159.707873132 2206.918562206 2569.231222783
    0.244513936    0.293801176 1172.334700298 1407.579534375 1585.759854143
    0.251566388    0.293801176 1180.198565307  846.216589234  894.667673972
    0.258618839    0.293801176 1184.749310925  481.368046100  465.271468501
    0.265671291    0.293801176 1187.121470576  232.632064314  207.216427638
    0.272723742    0.293801176 1188.206526297   91.431543248   71.995827657
    0.279776194    0.293801176 1188.600927771   14.093947765    9.809776138
    0.286828645    0.293801176 1188.667945406    5.876708869    3.611215933
    0.293881097    0.293801176 1188.668258700   -0.000000000   -0.000000000
    0.300933548    0.293801176 1188.668258700   -0.000000000   -0.000000000
    0.307986000    0.293801176 1188.668258700   -0.000000000   -0.000000000

    0.075255100    0.300745524 1188.668258700   -0.000000000   -0.000000000
    0.082307552    0.300745524 1188.668258700   -0.000000000   -0.000000000
    0.089360003    0.300745524 1188.638142302  -11.792442385    4.125228035
    0.096412455    0.300745524 1188.446453251  -70.434620753   21.848198652
    0.103464906    0.300745524 1187.373475082 -293.011991425  107.938513820
    0.110517358    0.300745524 1183.756847201 -773.646059357  305.237617216
    0.117569809    0.300745524 1175.290493983 -1698.774664977  752.680909506
    0.124622261    0.300745524 1158.449615907 -3196.664534623 1588.761597394
    0.131674712    0.300745524 1128.855579710 -5279.889555974 3011.749358174
    0.138727164    0.300745524 1083.541666441 -7551.335130181 5072.631009160
    0.145779615    0.300745524 1023.474699351 -9304.720230063 7743.142363416
    0.152832067    0.300745524  955.823434419 -9572.412578355 10592.168162625
    0.159884518    0.300745524  893.375304249 -7770.187806655 13149.303353726
    0.166936970    0.300745524  850.820230467 -4043.409839517 14907.430907884
    0.173989421    0.300745524  838.684587305  654.136942289 15512.472711559
    0.181041873    0.300745524  859.120069019 4970.945225067 14944.440169075
    0.188094324    0.300745524  905.195536428 7787.119900477 13422.152144437
    0.195146776    0.300745524  964.473417976 8712.289355963 11333.165588642
    0.202199227    0.300745524 1024.310533853 8046.653362510 9058.520189877
    0.209251679    0.300745524 1075.912049840 6499.260084305 6913.285378239
    0.216304130    0.300745524 1115.537316868 4741.629365767 5065.798777168
    0.223356582    0.300745524 1143.426381177 3212.809304322 3559.656526170
    0.230409033    0.300745524 1161.934592944 2080.544611602 2398.520472898
    0.237461485    0.300745524 1173.704057708 1305.946892496 1533.411177483
    0.244513936    0.300745524 1180.836542311  758.561918744  899.892947044
    0.251566388    0.300745524 1184.864318207  418.723416363  477.236613946
    0.258618839    0.300745524 1187.066695335  216.427729042  234.757371105
    0.265671291    0.300745524 1188.122802545   91.135414787   90.600181321
    0.272723742    0.300745524 1188.544216008   37.562114398   30.773091406
    0.279776194    0.300745524 1188.654455979    6.980862827    5.770894868
    0.286828645    0.300745524 1188.668258700   -0.000000000   -0.000000000
    0.293881097    0.300745524 1188.668258700   -0.000000000   -0.000000000
    0.300933548    0.300745524 1188.668258700   -0.000000000   -0.000000000
    0.307986000    0.300745524 1188.668258700   -0.000000000   -0.000000000

    0.075255100    0.307689871 1188.668258700   -0.000000000   -0.000000000
    0.082307552    0.307689871 1188.668258700   -0.000000000   -0.000000000
    0.089360003    0.307689871 1188.664816398   -7.532247412    3.453687465
    0.096412455    0.307689871 1188.571857356  -33.258752680   13.792567616
    0.103464906    0.307689871 1187.986642729 -164.905215301   65.855093816
    0.110517358    0.307689871 1185.693274138 -516.004775058  245.222448808
    0.117569809    0.307689871 1180.064875478 -1138.415922813  603.343010420
    0.124622261    0.307689871 1168.567029512 -2190.105151665 1318.420318080
    0.131674712    0.307689871 1148.133882893 -3669.359447365 2525.845043157
    0.138727164    0.307689871 1116.439717544 -5314.817128417 4325.346113872
    0.145779615    0.307689871 1073.918422780 -6625.893773421 6694.359888009
    0.152832067    0.307689871 1025.469616177 -6890.780493850 9316.289203251
    0.159884518    0.307689871  980.363453380 -5628.719185561 11693.932600511
    0.166936970    0.307689871  949.587534951 -2895.818304850 13316.472133034
    0.173989421    0.307689871  941.329362427  592.690895995 13807.780316329
    0.181041873    0.307689871  957.264211099 3797.995041497 13114.629681349
    0.188094324    0.307689871  992.175312047 5862.845197388 11456.018473228
    0.195146776    0.307689871 1036.474263408 6458.846523711 9335.819321726
    0.202199227    0.307689871 1080.434494315 5851.364189378 7077.964537266
    0.209251679    0.307689871 1117.463173750 4580.342009665 5060.103885672
    0.216304130    0.307689871 1144.943157330 3221.588229241 3465.593027627
    0.223356582    0.307689871 1163.400934411 2064.583979427 2238.762200222
    0.230409033    0.307689871 1174.906078265 1243.180086677 1396.061766716
    0.237461485    0.307689871 1181.687887560  710.109603651  829.619820396
    0.244513936    0.307689871 1185.378109649  366.496783201  455.144881852
    0.251566388    0.307689871 1187.266911339  182.101872522  221.797752538
    0.258618839    0.307689871 1188.151148303   84.833192512   94.917989175
    0.265671291    0.307689871 1188.524620276   35.185809619   37.751303106
    0.272723742    0.307689871 1188.651659762    6.376917589    7.038632576
    0.279776194    0.307689871 1188.668258700   -0.000000000   -0.000000000
    0.286828645    0.307689871 1188.668258700   -0.000000000   -0.000000000
    0.293881097    0.307689871 1188.668258700   -0.000000000   -0.000000000
    0.300933548    0.307689871 1188.668258700   -0.000000000   -0.000000000
    0.307986000    0.307689871 1188.668258700   -0.000000000   -0.000000000

    0.075255100    0.314634219 1188.668258700   -0.000000000   -0.000000000
    0.082307552    0.314634219 1188.668258700   -0.000000000   -0.000000000
    0.089360003    0.314634219 1188.668258700   -0.000000000   -0.000000000
    0.096412455    0.314634219 1188.634581083  -10.996626917    7.011537124
    0.103464906    0.314634219 1188.362940075  -89.609812745   46.207710640
    0.110517358    0.314634219 1187.127767775 -300.682131933  163.329649779
    0.117569809    0.314634219 1183.702081275 -707.386210834  440.541502497
    0.124622261    0.314634219 1176.540446926 -1371.631667642  967.396998216
    0.131674712    0.314634219 1163.604838704 -2333.371619720 1906.180908181
    0.138727164    0.314634219 1143.145355736 -3451.888840045 3339.663674376
    0.145779615    0.314634219 1115.407098574 -4335.513390926 5213.108080218
    0.152832067    0.314634219 1083.508264168 -4557.917808917 7344.964145666
    0.159884518    0.314634219 1053.613677217 -3735.569667827 9292.653976012
    0.166936970    0.314634219 1033.175362710 -1917.654629827 10633.525433469
    0.173989421    0.314634219 1027.884752523  449.746106753 10995.428675841
    0.181041873    0.314634219 1039.055845041 2627.207819817 10336.547778357
    0.188094324    0.314634219 1063.021765431 4000.511616170 8879.002200639
    0.195146776    0.314634219 1093.082407818 4361.199555213 6994.108239838
    0.202199227    0.314634219 1122.498374313 3875.384992744 5076.415183559
    0.209251679    0.314634219 1146.787002126 2964.813436057 3440.830030228
    0.216304130    0.314634219 1164.276771432 2004.999131371 2184.273317984
    0.223356582    0.314634219 1175.552547630 1238.977499286 1325.180632784
    0.230409033    0.314634219 1182.198778839  696.929978017  758.721152420
    0.237461485    0.314634219 1185.809394997  351.411223733  403.238754106
    0.244513936    0.314634219 1187.532206251  154.079582251  194.484340934
    0.251566388    0.314634219 1188.253046661   64.328045158   85.927400656
    0.258618839    0.314634219 1188.559731199   22.782396344   31.413442902
    0.265671291    0.314634219 1188.661373042    4.453162521    6.594910605
    0.272723742    0.314634219 1188.668258700   -0.000000000   -0.000000000
    0.279776194    0.314634219 1188.668258700   -0.000000000   -0.000000000
    0.286828645    0.314634219 1188.668258700   -0.000000000   -0.000000000
    0.293881097    0.314634219 1188.668258700   -0.000000000   -0.000000000
    0.300933548    0.314634219 1188.668258700   -0.000000000   -0.000000000
    0.307986000    0.314634219 1188.668258700   -0.000000000   -0.000000000

    0.075255100    0.321578567 1188.668258700   -0.000000000   -0.000000000
    0.082307552    0.321578567 1188.668258700   -0.000000000   -0.000000000
    0.089360003    0.321578567 1188.668258700   -0.000000000   -0.000000000
    0.096412455    0.321578567 1188.668258700   -0.000000000   -0.000000000
    0.103464906    0.321578567 1188.581294615  -23.927362153   15.562388380
    0.110517358    0.321578567 1188.006227028 -162.891251741  101.842132608
    0.117569809    0.321578567 1186.173776979 -385.364990181  268.997057724
    0.124622261    0.321578567 1182.110398772 -787.006932218  635.050199952
    0.131674712    0.321578567 1174.616451654 -1363.121258373 1282.406273693
    0.138727164    0.321578567 1162.672833575 -2040.641793057 2289.898902209
    0.145779615    0.321578567 1146.158527845 -2600.230884513 3638.086710643
    0.152832067    0.321578567 1126.979065158 -2746.148635490 5181.944325713
    0.159884518    0.321578567 1108.878614692 -2269.896349738 6618.682387214
    0.166936970    0.321578567 1096.484694021 -1157.037854800 7591.746810401
    0.173989421    0.321578567 1093.360199365  292.346909306 7853.142910036
    0.181041873    0.321578567 1100.347498230 1631.802138647 7305.276418498
    0.188094324    0.321578567 1115.185216633 2467.942113186 6182.950660382
    0.195146776    0.321578567 1133.651347406 2668.286135254 4748.396818285
    0.202199227    0.321578567 1151.526825597 2333.673857306 3326.330199647
    0.209251679    0.321578567 1165.974977047 1739.901415468 2138.914633997
    0.216304130    0.321578567 1176.122042276 1153.306126197 1294.554385145
    0.223356582    0.321578567 1182.468406984  671.322980557  725.876727142
    0.230409033    0.321578567 1186.033515956  358.995045842  382.254026016
    0.237461485    0.321578567 1187.754547491  167.334152230  188.431967675
    0.244513936    0.321578567 1188.408782591   42.140808499   64.753074960
    0.251566388    0.321578567 1188.618612153   17.452316828   23.838982479
    0.258618839    0.321578567 1188.668258700   -0.000000000   -0.000000000
    0.265671291    0.321578567 1188.668258700   -0.000000000   -0.000000000
    0.272723742    0.321578567 1188.668258700   -0.000000000   -0.000000000
    0.279776194    0.321578567 1188.668258700   -0.000000000   -0.000000000
    0.286828645    0.321578567 1188.668258700   -0.000000000   -0.000000000
    0.293881097    0.321578567 1188.668258700   -0.000000000   -0.000000000
    0.300933548    0.321578567 1188.668258700   -0.000000000   -0.000000000
    0.307986000    0.321578567 1188.668258700   -0.000000000   -0.000000000

    0.075255100    0.328522914 1188.668258700   -0.000000000   -0.000000000
    0.082307552    0.328522914 1188.668258700   -0.000000000   -0.000000000
    0.089360003    0.328522914 1188.668258700   -0.000000000   -0.000000000
    0.096412455    0.328522914 1188.668258700   -0.000000000   -0.000000000
    0.103464906    0.328522914 1188.666224627  -12.425583026    9.206824927
    0.110517358    0.328522914 1188.484202026  -58.335578333   44.065869031
    0.117569809    0.328522914 1187.626315474 -192.816978390  154.536971722
    0.124622261    0.328522914 1185.558613241 -408.048225414  368.275498756
    0.131674712    0.328522914 1181.644535560 -723.416489690  769.646334915
    0.138727164    0.328522914 1175.261735267 -1089.103979031 1390.336827308
    0.145779615    0.328522914 1166.426185253 -1400.488859984 2237.613731821
    0.152832067    0.328522914 1156.007589123 -1504.089946825 3241.961539613
    0.159884518    0.328522914 1146.073187187 -1248.063556782 4168.080793127
    0.166936970    0.328522914 1139.240556943 -642.918655993 4817.760458468
    0.173989421    0.328522914 1137.509094692  164.164743650 4971.344854884
    0.181041873    0.328522914 1141.411582248  908.488096776 4621.630386383
    0.188094324    0.328522914 1149.655107520 1368.364962005 3853.545194159
    0.195146776    0.328522914 1159.859832104 1462.477449171 2894.381446293
    0.202199227    0.328522914 1169.646808282 1273.359342867 1981.079000694
    0.209251679    0.328522914 1177.487380513  941.263652126 1232.583670906
    0.216304130    0.328522914 1182.911133224  602.631229239  700.093753106
    0.223356582    0.328522914 1186.161303186  340.163576018  360.047610690
    0.230409033    0.328522914 1187.832380843  147.008659619  150.113790079
    0.237461485    0.328522914 1188.491669116   37.177585590   43.967294283
    0.244513936    0.328522914 1188.646880588   11.137410185   15.060953243
    0.251566388    0.328522914 1188.668258700   -0.000000000   -0.000000000
    0.258618839    0.328522914 1188.668258700   -0.000000000   -0.000000000
    0.265671291    0.328522914 1188.668258700   -0.000000000   -0.000000000
    0.272723742    0.328522914 1188.668258700   -0.000000000   -0.000000000
    0.279776194    0.328522914 1188.668258700   -0.000000000   -0.000000000
    0.286828645    0.328522914 1188.668258700   -0.000000000   -0.000000000
    0.293881097    0.328522914 1188.668258700   -0.000000000   -0.000000000
    0.300933548    0.328522914 1188.668258700   -0.000000000   -0.000000000
    0.307986000    0.328522914 1188.668258700   -0.000000000   -0.000000000

    0.075255100    0.335467262 1188.668258700   -0.000000000   -0.000000000
    0.082307552    0.335467262 1188.668258700   -0.000000000   -0.000000000
    0.089360003    0.335467262 1188.668258700   -0.000000000   -0.000000000
    0.096412455    0.335467262 1188.668258700   -0.000000000   -0.000000000
    0.103464906    0.335467262 1188.668258700   -0.000000000   -0.000000000
    0.110517358    0.335467262 1188.644655412   -9.188745257    6.639802995
    0.117569809    0.335467262 1188.392035372  -76.808344722   68.664395421
    0.124622261    0.335467262 1187.484416068 -185.704488639  191.210012862
    0.131674712    0.335467262 1185.611841644 -347.656019339  414.360413299
    0.138727164    0.335467262 1182.542121981 -524.030722710  747.707032997
    0.145779615    0.335467262 1178.257240881 -684.677242159 1229.078711150
    0.152832067    0.335467262 1173.163056589 -737.605799616 1799.616298407
    0.159884518    0.335467262 1168.271931574 -617.696553660 2334.051643170
    0.166936970    0.335467262 1164.897159184 -315.769362487 2698.477148408
    0.173989421    0.335467262 1164.053852977   82.994674416 2791.260287253
    0.181041873    0.335467262 1166.001308221  452.852999319 2582.425829978
    0.188094324    0.335467262 1170.109989055  682.694128444 2136.831123935
    0.195146776    0.335467262 1175.197413493  727.083498030 1596.309264708
    0.202199227    0.335467262 1180.041285912  628.480025170 1077.165377226
    0.209251679    0.335467262 1183.864260768  450.742620440  637.228649195
    0.216304130    0.335467262 1186.425525292  284.510729766  351.584249047
    0.223356582    0.335467262 1187.873158047  143.170121705  157.611400028
    0.230409033    0.335467262 1188.502339246   36.270203517   32.478962978
    0.237461485    0.335467262 1188.659749024   13.126770243   11.886504505
    0.244513936    0.335467262 1188.668258700   -0.000000000   -0.000000000
    0.251566388    0.335467262 1188.668258700   -0.000000000   -0.000000000
    0.258618839    0.335467262 1188.668258700   -0.000000000   -0.000000000
    0.265671291    0.335467262 1188.668258700   -0.000000000   -0.000000000
    0.272723742    0.335467262 1188.668258700   -0.000000000   -0.000000000
    0.279776194    0.335467262 1188.668258700   -0.000000000   -0.000000000
    0.286828645    0.335467262 1188.668258700   -0.000000000   -0.000000000
    0.293881097    0.335467262 1188.668258700   -0.000000000   -0.000000000
    0.300933548    0.335467262 1188.668258700   -0.000000000   -0.000000000
    0.307986000    0.335467262 1188.668258700   -0.000000000   -0.000000000

    0.075255100    0.342411610 1188.668258700   -0.000000000   -0.000000000
    0.082307552    0.342411610 1188.668258700   -0.000000000   -0.000000000
    0.089360003    0.342411610 1188.668258700   -0.000000000   -0.000000000
    0.096412455    0.342411610 1188.668258700   -0.000000000   -0.000000000
    0.103464906    0.342411610 1188.668258700   -0.000000000   -0.000000000
    0.110517358    0.342411610 1188.668258700   -0.000000000   -0.000000000
    0.117569809    0.342411610 1188.622542822  -16.556582310   14.772147747
    0.124622261    0.342411610 1188.380874993  -60.827422907   65.380720021
    0.131674712    0.342411610 1187.658115264 -139.596241465  184.235111547
    0.138727164    0.342411610 1186.332699572 -230.158730940  370.158610292
    0.145779615    0.342411610 1184.423808227 -303.396485007  611.877477462
    0.152832067    0.342411610 1182.171077402 -324.394250173  886.554286979
    0.159884518    0.342411610 1180.008108755 -273.196127244 1160.866565957
    0.166936970    0.342411610 1178.502775502 -140.954811658 1349.477273791
    0.173989421    0.342411610 1178.131108090   38.152171624 1400.060879948
    0.181041873    0.342411610 1179.019121987  206.461233355 1290.236842524
    0.188094324    0.342411610 1180.873349054  307.210412800 1063.296938911
    0.195146776    0.342411610 1183.152730317  323.493772324  770.157715907
    0.202199227    0.342411610 1185.285146626  271.223342856  497.902994375
    0.209251679    0.342411610 1186.935587500  190.696648175  284.282953655
    0.216304130    0.342411610 1187.972290358  111.284026472  138.170260897
    0.223356582    0.342411610 1188.485516878   40.693471832   43.226825143
    0.230409033    0.342411610 1188.646755145    9.017892420    7.367540260
    0.237461485    0.342411610 1188.668258700   -0.000000000   -0.000000000
    0.244513936    0.342411610 1188.668258700   -0.000000000   -0.000000000
    0.251566388    0.342411610 1188.668258700   -0.000000000   -0.000000000
    0.258618839    0.342411610 1188.668258700   -0.000000000   -0.000000000
    0.265671291    0.342411610 1188.668258700   -0.000000000   -0.000000000
    0.272723742    0.342411610 1188.668258700   -0.000000000   -0.000000000
    0.279776194    0.342411610 1188.668258700   -0.000000000   -0.000000000
    0.286828645    0.342411610 1188.668258700   -0.000000000   -0.000000000
    0.293881097    0.342411610 1188.668258700   -0.000000000   -0.000000000
    0.300933548    0.342411610 1188.668258700   -0.000000000   -0.000000000
    0.307986000    0.342411610 1188.668258700   -0.000000000   -0.000000000

    0.075255100    0.349355957 1188.668258700   -0.000000000   -0.000000000
    0.082307552    0.349355957 1188.668258700   -0.000000000   -0.000000000
    0.089360003    0.349355957 1188.668258700   -0.000000000   -0.000000000
    0.096412455    0.349355957 1188.668258700   -0.000000000   -0.000000000
    0.103464906    0.349355957 1188.668258700   -0.000000000   -0.000000000
    0.110517358    0.349355957 1188.668258700   -0.000000000   -0.000000000
    0.117569809    0.349355957 1188.668258700   -0.000000000   -0.000000000
    0.124622261    0.349355957 1188.623816255  -14.207070796   16.814765805
    0.131674712    0.349355957 1188.436980452  -43.979285364   59.224103256
    0.138727164    0.349355957 1188.011601599  -77.661359106  127.336587821
    0.145779615    0.349355957 1187.325901565 -114.710140970  248.477596089
    0.152832067    0.349355957 1186.453755146 -127.708434268  377.107717660
    0.159884518    0.349355957 1185.583927137 -110.128909691  503.720883231
    0.166936970    0.349355957 1184.979471609  -56.515714396  585.517970271
    0.173989421    0.349355957 1184.831927788   15.933994251  604.442439671
    0.181041873    0.349355957 1185.191531830   83.090149245  554.049550281
    0.188094324    0.349355957 1185.918160281  118.103618241  448.193622600
    0.195146776    0.349355957 1186.798348614  123.279940729  320.158240192
    0.202199227    0.349355957 1187.595057971  100.194731410  197.700194499
    0.209251679    0.349355957 1188.189441642   64.112728451   96.290502046
    0.216304130    0.349355957 1188.514343282   29.702309567   36.702534924
    0.223356582    0.349355957 1188.642516225    8.307063930    9.080664502
    0.230409033    0.349355957 1188.668258700   -0.000000000   -0.000000000
    0.237461485    0.349355957 1188.668258700   -0.000000000   -0.000000000
    0.244513936    0.349355957 1188.668258700   -0.000000000   -0.000000000
    0.251566388    0.349355957 1188.668258700   -0.000000000   -0.000000000
    0.258618839    0.349355957 1188.668258700   -0.000000000   -0.000000000
    0.265671291    0.349355957 1188.668258700   -0.000000000   -0.000000000
    0.272723742    0.349355957 1188.668258700   -0.000000000   -0.000000000
    0.279776194    0.349355957 1188.668258700   -0.000000000   -0.000000000
    0.286828645    0.349355957 1188.668258700   -0.000000000   -0.000000000
    0.293881097    0.349355957 1188.668258700   -0.000000000   -0.000000000
    0.300933548    0.349355957 1188.668258700   -0.000000000   -0.000000000
    0.307986000    0.349355957 1188.668258700   -0.000000000   -0.000000000

    0.075255100    0.356300305 1188.668258700   -0.000000000   -0.000000000
    0.082307552    0.356300305 1188.668258700   -0.000000000   -0.000000000
    0.089360003    0.356300305 1188.668258700   -0.000000000   -0.000000000
    0.096412455    0.356300305 1188.668258700   -0.000000000   -0.000000000
    0.103464906    0.356300305 1188.668258700   -0.000000000   -0.000000000
    0.110517358    0.356300305 1188.668258700   -0.000000000   -0.000000000
    0.117569809    0.356300305 1188.668258700   -0.000000000   -0.000000000
    0.124622261    0.356300305 1188.668258700   -0.000000000   -0.000000000
    0.131674712    0.356300305 1188.652061052   -9.392784583   14.846423941
    0.138727164    0.356300305 1188.554243524  -19.887248099   35.770775902
    0.145779615    0.356300305 1188.352317676  -37.415191052   86.157745049
    0.152832067    0.356300305 1188.070488120  -41.171407725  128.141275586
    0.159884518    0.356300305 1187.794597685  -36.664617857  175.053178681
    0.166936970    0.356300305 1187.586570373  -20.073744551  212.300123751
    0.173989421    0.356300305 1187.528461702    4.091018452  220.803297496
    0.181041873    0.356300305 1187.639207603   25.957727856  197.816091758
    0.188094324    0.356300305 1187.877396985   39.786855966  162.085604555
    0.195146776    0.356300305 1188.172736987   40.886291810  111.992134825
    0.202199227    0.356300305 1188.425773836   28.769096245   61.483155509
    0.209251679    0.356300305 1188.576107316   15.289629781   25.754711037
    0.216304130    0.356300305 1188.654677166    5.849337131    8.593994807
    0.223356582    0.356300305 1188.668258700   -0.000000000   -0.000000000
    0.230409033    0.356300305 1188.668258700   -0.000000000   -0.000000000
    0.237461485    0.356300305 1188.668258700   -0.000000000   -0.000000000
    0.244513936    0.356300305 1188.668258700   -0.000000000   -0.000000000
    0.251566388    0.356300305 1188.668258700   -0.000000000   -0.000000000
    0.258618839    0.356300305 1188.668258700   -0.000000000   -0.000000000
    0.265671291    0.356300305 1188.668258700   -0.000000000   -0.000000000
    0.272723742    0.356300305 1188.668258700   -0.000000000   -0.000000000
    0.279776194    0.356300305 1188.668258700   -0.000000000   -0.000000000
    0.286828645    0.356300305 1188.668258700   -0.000000000   -0.000000000
    0.293881097    0.356300305 1188.668258700   -0.000000000   -0.000000000
    0.300933548    0.356300305 1188.668258700   -0.000000000   -0.000000000
    0.307986000    0.356300305 1188.668258700   -0.000000000   -0.000000000

    0.075255100    0.363244652 1188.668258700   -0.000000000   -0.000000000
    0.082307552    0.363244652 1188.668258700   -0.000000000   -0.000000000
    0.089360003    0.363244652 1188.668258700   -0.000000000   -0.000000000
    0.096412455    0.363244652 1188.668258700   -0.000000000   -0.000000000
    0.103464906    0.363244652 1188.668258700   -0.000000000   -0.000000000
    0.110517358    0.363244652 1188.668258700   -0.000000000   -0.000000000
    0.117569809    0.363244652 1188.668258700   -0.000000000   -0.000000000
    0.124622261    0.363244652 1188.668258700   -0.000000000   -0.000000000
    0.131674712    0.363244652 1188.668258700   -0.000000000   -0.000000000
    0.138727164    0.363244652 1188.668258700   -0.000000000   -0.000000000
    0.145779615    0.363244652 1188.652790355   -5.906122518   16.407245795
    0.152832067    0.363244652 1188.590680493  -10.001046366   33.931483836
    0.159884518    0.363244652 1188.518555353  -10.233565453   53.480200835
    0.166936970    0.363244652 1188.461364907   -5.535149877   62.772412232
    0.173989421    0.363244652 1188.444900144    1.006328819   65.390957041
    0.181041873    0.363244652 1188.474759131    7.214024322   60.445520354
    0.188094324    0.363244652 1188.536844148    8.931012163   43.022718808
    0.195146776    0.363244652 1188.593381674    8.169744338   26.114747818
    0.202199227    0.363244652 1188.648725280    7.269161208   17.261058007
    0.209251679    0.363244652 1188.668258700   -0.000000000   -0.000000000
    0.216304130    0.363244652 1188.668258700   -0.000000000   -0.000000000
    0.223356582    0.363244652 1188.668258700   -0.000000000   -0.000000000
    0.230409033    0.363244652 1188.668258700   -0.000000000   -0.000000000
    0.237461485    0.363244652 1188.668258700   -0.000000000   -0.000000000
    0.244513936    0.363244652 1188.668258700   -0.000000000   -0.000000000
    0.251566388    0.363244652 1188.668258700   -0.000000000   -0.000000000
    0.258618839    0.363244652 1188.668258700   -0.000000000   -0.000000000
    0.265671291    0.363244652 1188.668258700   -0.000000000   -0.000000000
    0.272723742    0.363244652 1188.668258700   -0.000000000   -0.000000000
    0.279776194    0.363244652 1188.668258700   -0.000000000   -0.000000000
    0.286828645    0.363244652 1188.668258700   -0.000000000   -0.000000000
    0.293881097    0.363244652 1188.668258700   -0.000000000   -0.000000000
    0.300933548    0.363244652 1188.668258700   -0.000000000   -0.000000000
    0.307986000    0.363244652 1188.668258700   -0.000000000   -0.000000000

    0.075255100    0.370189000 1188.668258700   -0.000000000   -0.000000000
    0.082307552    0.370189000 1188.668258700   -0.000000000   -0.000000000
    0.089360003    0.370189000 1188.668258700   -0.000000000   -0.000000000
    0.096412455    0.370189000 1188.668258700   -0.000000000   -0.000000000
    0.103464906    0.370189000 1188.668258700   -0.000000000   -0.000000000
    0.110517358    0.370189000 1188.668258700   -0.000000000   -0.000000000
    0.117569809    0.370189000 1188.668258700   -0.000000000   -0.000000000
    0.124622261    0.370189000 1188.668258700   -0.000000000   -0.000000000
    0.131674712    0.370189000 1188.668258700   -0.000000000   -0.000000000
    0.138727164    0.370189000 1188.668258700   -0.000000000   -0.000000000
    0.145779615    0.370189000 1188.668258700   -0.000000000   -0.000000000
    0.152832067    0.370189000 1188.668258700   -0.000000000   -0.000000000
    0.159884518    0.370189000 1188.668258700   -0.000000000   -0.000000000
    0.166936970    0.370189000 1188.668258700   -0.000000000   -0.000000000
    0.173989421    0.370189000 1188.668258700   -0.000000000   -0.000000000
    0.181041873    0.370189000 1188.668258700   -0.000000000   -0.000000000
    0.188094324    0.370189000 1188.668258700   -0.000000000   -0.000000000
    0.195146776    0.370189000 1188.668258700   -0.000000000   -0.000000000
    0.202199227    0.370189000 1188.668258700   -0.000000000   -0.000000000
    0.209251679    0.370189000 1188.668258700   -0.000000000   -0.000000000
    0.216304130    0.370189000 1188.668258700   -0.000000000   -0.000000000
    0.223356582    0.370189000 1188.668258700   -0.000000000   -0.000000000
    0.230409033    0.370189000 1188.668258700   -0.000000000   -0.000000000
    0.237461485    0.370189000 1188.668258700   -0.000000000   -0.000000000
    0.244513936    0.370189000 1188.668258700   -0.000000000   -0.000000000
    0.251566388    0.370189000 1188.668258700   -0.000000000   -0.000000000
    0.258618839    0.370189000 1188.668258700   -0.000000000   -0.000000000
    0.265671291    0.370189000 1188.668258700   -0.000000000   -0.000000000
    0.272723742    0.370189000 1188.668258700   -0.000000000   -0.000000000
    0.279776194    0.370189000 1188.668258700   -0.000000000   -0.000000000
    0.286828645    0.370189000 1188.668258700   -0.000000000   -0.000000000
    0.293881097    0.370189000 1188.668258700   -0.000000000   -0.000000000
    0.300933548    0.370189000 1188.668258700   -0.000000000   -0.000000000
    0.307986000    0.370189000 1188.668258700   -0.000000000   -0.000000000
