#! FIELDS lq4_mean lq6_mean file.free der_lq4_mean der_lq6_mean
#! SET min_lq4_mean -0.0657857
#! SET max_lq4_mean 0.345186
#! SET nbins_lq4_mean  60
#! SET periodic_lq4_mean false
#! SET min_lq6_mean -0.0583006
#! SET max_lq6_mean 0.371711
#! SET nbins_lq6_mean  62
#! SET periodic_lq6_mean false
   -0.065785700   -0.058300600 1418.616395834   -0.000000000   -0.000000000
   -0.058820078   -0.058300600 1418.616395834   -0.000000000   -0.000000000
   -0.051854456   -0.058300600 1418.616395834   -0.000000000   -0.000000000
   -0.044888834   -0.058300600 1418.616395834   -0.000000000   -0.000000000
   -0.037923212   -0.058300600 1418.616395834   -0.000000000   -0.000000000
   -0.030957590   -0.058300600 1418.616395834   -0.000000000   -0.000000000
   -0.023991968   -0.058300600 1418.616395834   -0.000000000   -0.000000000
   -0.017026346   -0.058300600 1418.616395834   -0.000000000   -0.000000000
   -0.010060724   -0.058300600 1418.616395834   -0.000000000   -0.000000000
   -0.003095102   -0.058300600 1418.616395834   -0.000000000   -0.000000000
    0.003870520   -0.058300600 1418.616395834   -0.000000000   -0.000000000
    0.010836142   -0.058300600 1418.616395834   -0.000000000   -0.000000000
    0.017801764   -0.058300600 1418.616395834   -0.000000000   -0.000000000
    0.024767386   -0.058300600 1418.616395834   -0.000000000   -0.000000000
    0.031733008   -0.058300600 1418.616395834   -0.000000000   -0.000000000
    0.038698631   -0.058300600 1418.616395834   -0.000000000   -0.000000000
    0.045664253   -0.058300600 1418.616395834   -0.000000000   -0.000000000
    0.052629875   -0.058300600 1418.616395834   -0.000000000   -0.000000000
    0.059595497   -0.058300600 1418.616395834   -0.000000000   -0.000000000
    0.066561119   -0.058300600 1418.616395834   -0.000000000   -0.000000000
    0.073526741   -0.058300600 1418.616395834   -0.000000000   -0.000000000
    0.080492363   -0.058300600 1418.616395834   -0.000000000   -0.000000000
    0.087457985   -0.058300600 1418.616395834   -0.000000000   -0.000000000
    0.094423607   -0.058300600 1418.616395834   -0.000000000   -0.000000000
    0.101389229   -0.058300600 1418.616395834   -0.000000000   -0.000000000
    0.108354851   -0.058300600 1418.616395834   -0.000000000   -0.000000000
    0.115320473   -0.058300600 1418.616395834   -0.000000000   -0.000000000
    0.122286095   -0.058300600 1418.616395834   -0.000000000   -0.000000000
    0.129251717   -0.058300600 1418.616395834   -0.000000000   -0.000000000
    0.136217339   -0.058300600 1418.616395834   -0.000000000   -0.000000000
    0.143182961   -0.058300600 1418.616395834   -0.000000000   -0.000000000
    0.150148583   -0.058300600 1418.616395834   -0.000000000   -0.000000000
    0.157114205   -0.058300600 1418.616395834   -0.000000000   -0.000000000
    0.164079827   -0.058300600 1418.616395834   -0.000000000   -0.000000000
    0.171045449   -0.058300600 1418.616395834   -0.000000000   -0.000000000
    0.178011071   -0.058300600 1418.616395834   -0.000000000   -0.000000000
    0.184976693   -0.058300600 1418.616395834   -0.000000000   -0.000000000
    0.191942315   -0.058300600 1418.616395834   -0.000000000   -0.000000000
    0.198907937   -0.058300600 1418.616395834   -0.000000000   -0.000000000
    0.205873559   -0.058300600 1418.616395834   -0.000000000   -0.000000000
    0.212839181   -0.058300600 1418.616395834   -0.000000000   -0.000000000
    0.219804803   -0.058300600 1418.616395834   -0.000000000   -0.000000000
    0.226770425   -0.058300600 1418.616395834   -0.000000000   -0.000000000
    0.233736047   -0.058300600 1418.616395834   -0.000000000   -0.000000000
    0.240701669   -0.058300600 1418.616395834   -0.000000000   -0.000000000
    0.247667292   -0.058300600 1418.616395834   -0.000000000   -0.000000000
    0.254632914   -0.058300600 1418.616395834   -0.000000000   -0.000000000
    0.261598536   -0.058300600 1418.616395834   -0.000000000   -0.000000000
    0.268564158   -0.058300600 1418.616395834   -0.000000000   -0.000000000
    0.275529780   -0.058300600 1418.616395834   -0.000000000   -0.000000000
    0.282495402   -0.058300600 1418.616395834   -0.000000000   -0.000000000
    0.289461024   -0.058300600 1418.616395834   -0.000000000   -0.000000000
    0.296426646   -0.058300600 1418.616395834   -0.000000000   -0.000000000
    0.303392268   -0.058300600 1418.616395834   -0.000000000   -0.000000000
    0.310357890   -0.058300600 1418.616395834   -0.000000000   -0.000000000
    0.317323512   -0.058300600 1418.616395834   -0.000000000   -0.000000000
    0.324289134   -0.058300600 1418.616395834   -0.000000000   -0.000000000
    0.331254756   -0.058300600 1418.616395834   -0.000000000   -0.000000000
    0.338220378   -0.058300600 1418.616395834   -0.000000000   -0.000000000
    0.345186000   -0.058300600 1418.616395834   -0.000000000   -0.000000000

   -0.065785700   -0.051251230 1418.616395834   -0.000000000   -0.000000000
   -0.058820078   -0.051251230 1418.616395834   -0.000000000   -0.000000000
   -0.051854456   -0.051251230 1418.616395834   -0.000000000   -0.000000000
   -0.044888834   -0.051251230 1418.616395834   -0.000000000   -0.000000000
   -0.037923212   -0.051251230 1418.616395834   -0.000000000   -0.000000000
   -0.030957590   -0.051251230 1418.616395834   -0.000000000   -0.000000000
   -0.023991968   -0.051251230 1418.616395834   -0.000000000   -0.000000000
   -0.017026346   -0.051251230 1418.615316639   -0.513606337   -1.143862814
   -0.010060724   -0.051251230 1418.611376286   -0.601414269   -1.770982763
   -0.003095102   -0.051251230 1418.604779505   -1.098765542   -4.736864472
    0.003870520   -0.051251230 1418.598093960   -0.926121203   -6.681498355
    0.010836142   -0.051251230 1418.591496969   -0.637036454   -8.570457261
    0.017801764   -0.051251230 1418.588916513   -0.203540857   -9.802364997
    0.024767386   -0.051251230 1418.590035527    0.508714818   -9.613781783
    0.031733008   -0.051251230 1418.593761558    0.700295263   -8.799731171
    0.038698631   -0.051251230 1418.599062492    0.475516352   -6.982050984
    0.045664253   -0.051251230 1418.597274857   -0.365611943   -8.652489783
    0.052629875   -0.051251230 1418.596706549    0.206563873   -8.756224781
    0.059595497   -0.051251230 1418.598805941    0.246208416   -6.832096469
    0.066561119   -0.051251230 1418.602074307    0.595507902   -5.508468073
    0.073526741   -0.051251230 1418.606203217    0.624246071   -4.016309590
    0.080492363   -0.051251230 1418.611357683    0.818311716   -3.156711431
    0.087457985   -0.051251230 1418.615786909    0.579344666   -1.649098824
    0.094423607   -0.051251230 1418.616395834   -0.000000000   -0.000000000
    0.101389229   -0.051251230 1418.616395834   -0.000000000   -0.000000000
    0.108354851   -0.051251230 1418.616395834   -0.000000000   -0.000000000
    0.115320473   -0.051251230 1418.616395834   -0.000000000   -0.000000000
    0.122286095   -0.051251230 1418.616395834   -0.000000000   -0.000000000
    0.129251717   -0.051251230 1418.616395834   -0.000000000   -0.000000000
    0.136217339   -0.051251230 1418.616395834   -0.000000000   -0.000000000
    0.143182961   -0.051251230 1418.616395834   -0.000000000   -0.000000000
    0.150148583   -0.051251230 1418.616395834   -0.000000000   -0.000000000
    0.157114205   -0.051251230 1418.616395834   -0.000000000   -0.000000000
    0.164079827   -0.051251230 1418.616395834   -0.000000000   -0.000000000
    0.171045449   -0.051251230 1418.616395834   -0.000000000   -0.000000000
    0.178011071   -0.051251230 1418.616395834   -0.000000000   -0.000000000
    0.184976693   -0.051251230 1418.616395834   -0.000000000   -0.000000000
    0.191942315   -0.051251230 1418.616395834   -0.000000000   -0.000000000
    0.198907937   -0.051251230 1418.616395834   -0.000000000   -0.000000000
    0.205873559   -0.051251230 1418.616395834   -0.000000000   -0.000000000
    0.212839181   -0.051251230 1418.616395834   -0.000000000   -0.000000000
    0.219804803   -0.051251230 1418.616395834   -0.000000000   -0.000000000
    0.226770425   -0.051251230 1418.616395834   -0.000000000   -0.000000000
    0.233736047   -0.051251230 1418.616395834   -0.000000000   -0.000000000
    0.240701669   -0.051251230 1418.616395834   -0.000000000   -0.000000000
    0.247667292   -0.051251230 1418.616395834   -0.000000000   -0.000000000
    0.254632914   -0.051251230 1418.616395834   -0.000000000   -0.000000000
    0.261598536   -0.051251230 1418.616395834   -0.000000000   -0.000000000
    0.268564158   -0.051251230 1418.616395834   -0.000000000   -0.000000000
    0.275529780   -0.051251230 1418.616395834   -0.000000000   -0.000000000
    0.282495402   -0.051251230 1418.616395834   -0.000000000   -0.000000000
    0.289461024   -0.051251230 1418.616395834   -0.000000000   -0.000000000
    0.296426646   -0.051251230 1418.616395834   -0.000000000   -0.000000000
    0.303392268   -0.051251230 1418.616395834   -0.000000000   -0.000000000
    0.310357890   -0.051251230 1418.616395834   -0.000000000   -0.000000000
    0.317323512   -0.051251230 1418.616395834   -0.000000000   -0.000000000
    0.324289134   -0.051251230 1418.616395834   -0.000000000   -0.000000000
    0.331254756   -0.051251230 1418.616395834   -0.000000000   -0.000000000
    0.338220378   -0.051251230 1418.616395834   -0.000000000   -0.000000000
    0.345186000   -0.051251230 1418.616395834   -0.000000000   -0.000000000

   -0.065785700   -0.044201859 1418.616395834   -0.000000000   -0.000000000
   -0.058820078   -0.044201859 1418.616395834   -0.000000000   -0.000000000
   -0.051854456   -0.044201859 1418.616395834   -0.000000000   -0.000000000
   -0.044888834   -0.044201859 1418.616395834   -0.000000000   -0.000000000
   -0.037923212   -0.044201859 1418.616395834   -0.000000000   -0.000000000
   -0.030957590   -0.044201859 1418.616395834   -0.000000000   -0.000000000
   -0.023991968   -0.044201859 1418.610410836   -1.572145722   -2.607077993
   -0.017026346   -0.044201859 1418.593743639   -2.899404950   -5.849630356
   -0.010060724   -0.044201859 1418.568855712   -3.985992994  -10.276278002
   -0.003095102   -0.044201859 1418.537492142   -4.629449328  -15.614515728
    0.003870520   -0.044201859 1418.505358902   -4.609530619  -21.858208201
    0.010836142   -0.044201859 1418.476398925   -3.447509606  -26.880119478
    0.017801764   -0.044201859 1418.459623103   -1.638645514  -30.100176554
    0.024767386   -0.044201859 1418.455567434    0.129865616  -31.437083643
    0.031733008   -0.044201859 1418.456045807    0.568901797  -32.792745662
    0.038698631   -0.044201859 1418.463230501    1.438182691  -31.757232862
    0.045664253   -0.044201859 1418.475350938    1.615903693  -29.082417122
    0.052629875   -0.044201859 1418.488019130    2.274156483  -26.486027696
    0.059595497   -0.044201859 1418.499425489    2.270332774  -22.375286073
    0.066561119   -0.044201859 1418.519900859    3.514392267  -19.321631348
    0.073526741   -0.044201859 1418.545842277    3.300651717  -14.023197156
    0.080492363   -0.044201859 1418.570023408    3.514851629  -10.410814951
    0.087457985   -0.044201859 1418.590149924    2.429928122   -5.981445628
    0.094423607   -0.044201859 1418.605500861    1.929900102   -3.693957023
    0.101389229   -0.044201859 1418.615244133    0.975556440   -1.554349795
    0.108354851   -0.044201859 1418.616395834   -0.000000000   -0.000000000
    0.115320473   -0.044201859 1418.616395834   -0.000000000   -0.000000000
    0.122286095   -0.044201859 1418.616395834   -0.000000000   -0.000000000
    0.129251717   -0.044201859 1418.616395834   -0.000000000   -0.000000000
    0.136217339   -0.044201859 1418.616395834   -0.000000000   -0.000000000
    0.143182961   -0.044201859 1418.616395834   -0.000000000   -0.000000000
    0.150148583   -0.044201859 1418.616395834   -0.000000000   -0.000000000
    0.157114205   -0.044201859 1418.616395834   -0.000000000   -0.000000000
    0.164079827   -0.044201859 1418.616395834   -0.000000000   -0.000000000
    0.171045449   -0.044201859 1418.616395834   -0.000000000   -0.000000000
    0.178011071   -0.044201859 1418.616395834   -0.000000000   -0.000000000
    0.184976693   -0.044201859 1418.616395834   -0.000000000   -0.000000000
    0.191942315   -0.044201859 1418.616395834   -0.000000000   -0.000000000
    0.198907937   -0.044201859 1418.616395834   -0.000000000   -0.000000000
    0.205873559   -0.044201859 1418.616395834   -0.000000000   -0.000000000
    0.212839181   -0.044201859 1418.616395834   -0.000000000   -0.000000000
    0.219804803   -0.044201859 1418.616395834   -0.000000000   -0.000000000
    0.226770425   -0.044201859 1418.616395834   -0.000000000   -0.000000000
    0.233736047   -0.044201859 1418.616395834   -0.000000000   -0.000000000
    0.240701669   -0.044201859 1418.616395834   -0.000000000   -0.000000000
    0.247667292   -0.044201859 1418.616395834   -0.000000000   -0.000000000
    0.254632914   -0.044201859 1418.616395834   -0.000000000   -0.000000000
    0.261598536   -0.044201859 1418.616395834   -0.000000000   -0.000000000
    0.268564158   -0.044201859 1418.616395834   -0.000000000   -0.000000000
    0.275529780   -0.044201859 1418.616395834   -0.000000000   -0.000000000
    0.282495402   -0.044201859 1418.616395834   -0.000000000   -0.000000000
    0.289461024   -0.044201859 1418.616395834   -0.000000000   -0.000000000
    0.296426646   -0.044201859 1418.616395834   -0.000000000   -0.000000000
    0.303392268   -0.044201859 1418.616395834   -0.000000000   -0.000000000
    0.310357890   -0.044201859 1418.616395834   -0.000000000   -0.000000000
    0.317323512   -0.044201859 1418.616395834   -0.000000000   -0.000000000
    0.324289134   -0.044201859 1418.616395834   -0.000000000   -0.000000000
    0.331254756   -0.044201859 1418.616395834   -0.000000000   -0.000000000
    0.338220378   -0.044201859 1418.616395834   -0.000000000   -0.000000000
    0.345186000   -0.044201859 1418.616395834   -0.000000000   -0.000000000

   -0.065785700   -0.037152489 1418.616395834   -0.000000000   -0.000000000
   -0.058820078   -0.037152489 1418.616395834   -0.000000000   -0.000000000
   -0.051854456   -0.037152489 1418.616395834   -0.000000000   -0.000000000
   -0.044888834   -0.037152489 1418.616395834   -0.000000000   -0.000000000
   -0.037923212   -0.037152489 1418.615624487   -0.850998264   -0.852393054
   -0.030957590   -0.037152489 1418.603529827   -3.231469119   -3.891435474
   -0.023991968   -0.037152489 1418.572814917   -6.016932456   -8.537275885
   -0.017026346   -0.037152489 1418.521108770   -9.673797721  -16.714712249
   -0.010060724   -0.037152489 1418.441468365  -12.751662946  -27.882061929
   -0.003095102   -0.037152489 1418.341863887  -15.550575610  -43.781678038
    0.003870520   -0.037152489 1418.236443886  -14.189400700  -57.850054737
    0.010836142   -0.037152489 1418.148895030  -10.487181691  -70.180237544
    0.017801764   -0.037152489 1418.092354407   -6.423058394  -79.580962758
    0.024767386   -0.037152489 1418.065516329   -1.411731237  -83.139792878
    0.031733008   -0.037152489 1418.069837527    2.407989778  -82.496493328
    0.038698631   -0.037152489 1418.095272910    4.535877717  -78.197916534
    0.045664253   -0.037152489 1418.133302219    6.326007281  -73.084416591
    0.052629875   -0.037152489 1418.181426184    7.514226098  -65.291932315
    0.059595497   -0.037152489 1418.238588987    9.110581187  -56.965532111
    0.066561119   -0.037152489 1418.300676408    9.470087277  -45.966590765
    0.073526741   -0.037152489 1418.373317176   11.058321144  -36.380780534
    0.080492363   -0.037152489 1418.450195873   10.694574210  -26.891063825
    0.087457985   -0.037152489 1418.514620998    8.273686057  -16.475959616
    0.094423607   -0.037152489 1418.563428621    5.705569541   -9.406750909
    0.101389229   -0.037152489 1418.593840779    3.468942857   -4.786996952
    0.108354851   -0.037152489 1418.611935378    1.523322687   -1.801869969
    0.115320473   -0.037152489 1418.616395834   -0.000000000   -0.000000000
    0.122286095   -0.037152489 1418.616395834   -0.000000000   -0.000000000
    0.129251717   -0.037152489 1418.616395834   -0.000000000   -0.000000000
    0.136217339   -0.037152489 1418.616395834   -0.000000000   -0.000000000
    0.143182961   -0.037152489 1418.616395834   -0.000000000   -0.000000000
    0.150148583   -0.037152489 1418.616395834   -0.000000000   -0.000000000
    0.157114205   -0.037152489 1418.616395834   -0.000000000   -0.000000000
    0.164079827   -0.037152489 1418.616395834   -0.000000000   -0.000000000
    0.171045449   -0.037152489 1418.616395834   -0.000000000   -0.000000000
    0.178011071   -0.037152489 1418.616395834   -0.000000000   -0.000000000
    0.184976693   -0.037152489 1418.616395834   -0.000000000   -0.000000000
    0.191942315   -0.037152489 1418.616395834   -0.000000000   -0.000000000
    0.198907937   -0.037152489 1418.616395834   -0.000000000   -0.000000000
    0.205873559   -0.037152489 1418.616395834   -0.000000000   -0.000000000
    0.212839181   -0.037152489 1418.616395834   -0.000000000   -0.000000000
    0.219804803   -0.037152489 1418.616395834   -0.000000000   -0.000000000
    0.226770425   -0.037152489 1418.616395834   -0.000000000   -0.000000000
    0.233736047   -0.037152489 1418.616395834   -0.000000000   -0.000000000
    0.240701669   -0.037152489 1418.616395834   -0.000000000   -0.000000000
    0.247667292   -0.037152489 1418.616395834   -0.000000000   -0.000000000
    0.254632914   -0.037152489 1418.616395834   -0.000000000   -0.000000000
    0.261598536   -0.037152489 1418.616395834   -0.000000000   -0.000000000
    0.268564158   -0.037152489 1418.616395834   -0.000000000   -0.000000000
    0.275529780   -0.037152489 1418.616395834   -0.000000000   -0.000000000
    0.282495402   -0.037152489 1418.616395834   -0.000000000   -0.000000000
    0.289461024   -0.037152489 1418.616395834   -0.000000000   -0.000000000
    0.296426646   -0.037152489 1418.616395834   -0.000000000   -0.000000000
    0.303392268   -0.037152489 1418.616395834   -0.000000000   -0.000000000
    0.310357890   -0.037152489 1418.616395834   -0.000000000   -0.000000000
    0.317323512   -0.037152489 1418.616395834   -0.000000000   -0.000000000
    0.324289134   -0.037152489 1418.616395834   -0.000000000   -0.000000000
    0.331254756   -0.037152489 1418.616395834   -0.000000000   -0.000000000
    0.338220378   -0.037152489 1418.616395834   -0.000000000   -0.000000000
    0.345186000   -0.037152489 1418.616395834   -0.000000000   -0.000000000

   -0.065785700   -0.030103118 1418.616395834   -0.000000000   -0.000000000
   -0.058820078   -0.030103118 1418.616395834   -0.000000000   -0.000000000
   -0.051854456   -0.030103118 1418.616395834   -0.000000000   -0.000000000
   -0.044888834   -0.030103118 1418.616347100   -0.868821779   -0.654354162
   -0.037923212   -0.030103118 1418.602243775   -3.912585352   -3.510581759
   -0.030957590   -0.030103118 1418.561687311   -8.357476435   -8.638324638
   -0.023991968   -0.030103118 1418.479497265  -15.501764879  -19.360718875
   -0.017026346   -0.030103118 1418.334980037  -25.566622154  -38.640911152
   -0.010060724   -0.030103118 1418.125819695  -34.543579353  -64.983885256
   -0.003095102   -0.030103118 1417.869049214  -38.285869592  -95.902021654
    0.003870520   -0.030103118 1417.606706872  -35.642691138 -127.243257502
    0.010836142   -0.030103118 1417.386359596  -27.667582811 -154.612789877
    0.017801764   -0.030103118 1417.237021933  -14.917490842 -171.880466182
    0.024767386   -0.030103118 1417.177344128   -2.572200843 -177.673407696
    0.031733008   -0.030103118 1417.194276943    6.804556564 -175.192145427
    0.038698631   -0.030103118 1417.262523657   12.417603926 -165.966232641
    0.045664253   -0.030103118 1417.361556295   16.074779132 -153.305313097
    0.052629875   -0.030103118 1417.485282678   19.203173560 -138.562933523
    0.059595497   -0.030103118 1417.633895102   23.033781649 -120.721929092
    0.066561119   -0.030103118 1417.804760507   25.948674127  -99.864161979
    0.073526741   -0.030103118 1417.984932310   26.103161228  -76.851518786
    0.080492363   -0.030103118 1418.167020471   25.470630434  -56.061221932
    0.087457985   -0.030103118 1418.331234467   20.691261170  -36.724185028
    0.094423607   -0.030103118 1418.455529107   14.888454944  -21.899743299
    0.101389229   -0.030103118 1418.538770923    9.261329992  -11.742300353
    0.108354851   -0.030103118 1418.586565237    5.067293382   -5.643895095
    0.115320473   -0.030103118 1418.611530541    1.814924828   -1.604537713
    0.122286095   -0.030103118 1418.616395834   -0.000000000   -0.000000000
    0.129251717   -0.030103118 1418.616395834   -0.000000000   -0.000000000
    0.136217339   -0.030103118 1418.616395834   -0.000000000   -0.000000000
    0.143182961   -0.030103118 1418.616395834   -0.000000000   -0.000000000
    0.150148583   -0.030103118 1418.616395834   -0.000000000   -0.000000000
    0.157114205   -0.030103118 1418.616395834   -0.000000000   -0.000000000
    0.164079827   -0.030103118 1418.616395834   -0.000000000   -0.000000000
    0.171045449   -0.030103118 1418.616395834   -0.000000000   -0.000000000
    0.178011071   -0.030103118 1418.616395834   -0.000000000   -0.000000000
    0.184976693   -0.030103118 1418.616395834   -0.000000000   -0.000000000
    0.191942315   -0.030103118 1418.616395834   -0.000000000   -0.000000000
    0.198907937   -0.030103118 1418.616395834   -0.000000000   -0.000000000
    0.205873559   -0.030103118 1418.616395834   -0.000000000   -0.000000000
    0.212839181   -0.030103118 1418.616395834   -0.000000000   -0.000000000
    0.219804803   -0.030103118 1418.616395834   -0.000000000   -0.000000000
    0.226770425   -0.030103118 1418.616395834   -0.000000000   -0.000000000
    0.233736047   -0.030103118 1418.616395834   -0.000000000   -0.000000000
    0.240701669   -0.030103118 1418.616395834   -0.000000000   -0.000000000
    0.247667292   -0.030103118 1418.616395834   -0.000000000   -0.000000000
    0.254632914   -0.030103118 1418.616395834   -0.000000000   -0.000000000
    0.261598536   -0.030103118 1418.616395834   -0.000000000   -0.000000000
    0.268564158   -0.030103118 1418.616395834   -0.000000000   -0.000000000
    0.275529780   -0.030103118 1418.616395834   -0.000000000   -0.000000000
    0.282495402   -0.030103118 1418.616395834   -0.000000000   -0.000000000
    0.289461024   -0.030103118 1418.616395834   -0.000000000   -0.000000000
    0.296426646   -0.030103118 1418.616395834   -0.000000000   -0.000000000
    0.303392268   -0.030103118 1418.616395834   -0.000000000   -0.000000000
    0.310357890   -0.030103118 1418.616395834   -0.000000000   -0.000000000
    0.317323512   -0.030103118 1418.616395834   -0.000000000   -0.000000000
    0.324289134   -0.030103118 1418.616395834   -0.000000000   -0.000000000
    0.331254756   -0.030103118 1418.616395834   -0.000000000   -0.000000000
    0.338220378   -0.030103118 1418.616395834   -0.000000000   -0.000000000
    0.345186000   -0.030103118 1418.616395834   -0.000000000   -0.000000000

   -0.065785700   -0.023053748 1418.616395834   -0.000000000   -0.000000000
   -0.058820078   -0.023053748 1418.616395834   -0.000000000   -0.000000000
   -0.051854456   -0.023053748 1418.616395834   -0.000000000   -0.000000000
   -0.044888834   -0.023053748 1418.607463408   -2.915127863   -1.954199137
   -0.037923212   -0.023053748 1418.567278543   -9.573385687   -7.437991830
   -0.030957590   -0.023053748 1418.470631610  -19.832108769  -18.054802563
   -0.023991968   -0.023053748 1418.271867145  -37.720211971  -40.976592323
   -0.017026346   -0.023053748 1417.942227473  -58.160129041  -76.157233804
   -0.010060724   -0.023053748 1417.473444659  -75.459287352 -123.799351282
   -0.003095102   -0.023053748 1416.910796860  -84.027562716 -181.330810516
    0.003870520   -0.023053748 1416.338679815  -78.571979803 -240.041898991
    0.010836142   -0.023053748 1415.850941036  -59.127831138 -289.310482941
    0.017801764   -0.023053748 1415.535043943  -30.946772664 -320.210151501
    0.024767386   -0.023053748 1415.418048288   -3.435892173 -330.480500964
    0.031733008   -0.023053748 1415.469534484   16.770435916 -324.073991937
    0.038698631   -0.023053748 1415.631863138   28.535227038 -305.892499687
    0.045664253   -0.023053748 1415.855623791   35.550466605 -282.150039407
    0.052629875   -0.023053748 1416.126137712   42.030970854 -253.292377620
    0.059595497   -0.023053748 1416.447736864   49.953868492 -220.749735339
    0.066561119   -0.023053748 1416.823572481   57.422893698 -183.921104148
    0.073526741   -0.023053748 1417.229414292   58.061260312 -142.184052344
    0.080492363   -0.023053748 1417.619856648   53.858618650 -102.152235643
    0.087457985   -0.023053748 1417.968042908   44.998757616  -67.705248606
    0.094423607   -0.023053748 1418.238708840   32.411146314  -40.864247257
    0.101389229   -0.023053748 1418.421686839   20.638811397  -22.417375342
    0.108354851   -0.023053748 1418.530298685   10.888019575  -10.681253885
    0.115320473   -0.023053748 1418.586633033    5.680009952   -4.986429456
    0.122286095   -0.023053748 1418.612860516    2.167020284   -1.820205577
    0.129251717   -0.023053748 1418.616395834   -0.000000000   -0.000000000
    0.136217339   -0.023053748 1418.616395834   -0.000000000   -0.000000000
    0.143182961   -0.023053748 1418.616395834   -0.000000000   -0.000000000
    0.150148583   -0.023053748 1418.616395834   -0.000000000   -0.000000000
    0.157114205   -0.023053748 1418.616395834   -0.000000000   -0.000000000
    0.164079827   -0.023053748 1418.616395834   -0.000000000   -0.000000000
    0.171045449   -0.023053748 1418.616395834   -0.000000000   -0.000000000
    0.178011071   -0.023053748 1418.616395834   -0.000000000   -0.000000000
    0.184976693   -0.023053748 1418.616395834   -0.000000000   -0.000000000
    0.191942315   -0.023053748 1418.616395834   -0.000000000   -0.000000000
    0.198907937   -0.023053748 1418.616395834   -0.000000000   -0.000000000
    0.205873559   -0.023053748 1418.616395834   -0.000000000   -0.000000000
    0.212839181   -0.023053748 1418.616395834   -0.000000000   -0.000000000
    0.219804803   -0.023053748 1418.616395834   -0.000000000   -0.000000000
    0.226770425   -0.023053748 1418.616395834   -0.000000000   -0.000000000
    0.233736047   -0.023053748 1418.616395834   -0.000000000   -0.000000000
    0.240701669   -0.023053748 1418.616395834   -0.000000000   -0.000000000
    0.247667292   -0.023053748 1418.616395834   -0.000000000   -0.000000000
    0.254632914   -0.023053748 1418.616395834   -0.000000000   -0.000000000
    0.261598536   -0.023053748 1418.616395834   -0.000000000   -0.000000000
    0.268564158   -0.023053748 1418.616395834   -0.000000000   -0.000000000
    0.275529780   -0.023053748 1418.616395834   -0.000000000   -0.000000000
    0.282495402   -0.023053748 1418.616395834   -0.000000000   -0.000000000
    0.289461024   -0.023053748 1418.616395834   -0.000000000   -0.000000000
    0.296426646   -0.023053748 1418.616395834   -0.000000000   -0.000000000
    0.303392268   -0.023053748 1418.616395834   -0.000000000   -0.000000000
    0.310357890   -0.023053748 1418.616395834   -0.000000000   -0.000000000
    0.317323512   -0.023053748 1418.616395834   -0.000000000   -0.000000000
    0.324289134   -0.023053748 1418.616395834   -0.000000000   -0.000000000
    0.331254756   -0.023053748 1418.616395834   -0.000000000   -0.000000000
    0.338220378   -0.023053748 1418.616395834   -0.000000000   -0.000000000
    0.345186000   -0.023053748 1418.616395834   -0.000000000   -0.000000000

   -0.065785700   -0.016004377 1418.616395834   -0.000000000   -0.000000000
   -0.058820078   -0.016004377 1418.616395834   -0.000000000   -0.000000000
   -0.051854456   -0.016004377 1418.614810131   -2.121432954   -1.031922943
   -0.044888834   -0.016004377 1418.586189925   -7.418176816   -4.224952174
   -0.037923212   -0.016004377 1418.499492635  -18.626090157  -12.258806395
   -0.030957590   -0.016004377 1418.289901372  -42.868841175  -33.833026612
   -0.023991968   -0.016004377 1417.888652206  -73.778526167  -68.480255896
   -0.017026346   -0.016004377 1417.239164849 -112.664446242 -125.151342790
   -0.010060724   -0.016004377 1416.331019970 -146.740278214 -203.447358333
   -0.003095102   -0.016004377 1415.240707837 -162.091053668 -296.572626666
    0.003870520   -0.016004377 1414.128952454 -151.876007480 -392.673371997
    0.010836142   -0.016004377 1413.195945570 -112.057553247 -470.468685352
    0.017801764   -0.016004377 1412.603388191  -56.871182413 -518.511254452
    0.024767386   -0.016004377 1412.397530417   -3.680336401 -531.931537616
    0.031733008   -0.016004377 1412.518574444   35.613410143 -518.064515878
    0.038698631   -0.016004377 1412.851549771   57.992635232 -486.467691618
    0.045664253   -0.016004377 1413.304428159   71.163894772 -444.779666764
    0.052629875   -0.016004377 1413.839771875   82.185223921 -397.207526205
    0.059595497   -0.016004377 1414.460035206   95.948355369 -345.182668344
    0.066561119   -0.016004377 1415.171405846  107.612082046 -286.420559940
    0.073526741   -0.016004377 1415.943460956  111.550407227 -223.933581473
    0.080492363   -0.016004377 1416.694674729  102.586133494 -161.944189934
    0.087457985   -0.016004377 1417.350055501   85.037848232 -108.451403550
    0.094423607   -0.016004377 1417.864057575   62.294502239  -66.378626228
    0.101389229   -0.016004377 1418.216203563   39.732260736  -36.702302135
    0.108354851   -0.016004377 1418.426904376   22.097447784  -18.488545932
    0.115320473   -0.016004377 1418.539690876   11.045374502   -8.505499427
    0.122286095   -0.016004377 1418.594273018    5.206153649   -3.711356347
    0.129251717   -0.016004377 1418.613882460    0.721211883   -0.772236556
    0.136217339   -0.016004377 1418.616395834   -0.000000000   -0.000000000
    0.143182961   -0.016004377 1418.616395834   -0.000000000   -0.000000000
    0.150148583   -0.016004377 1418.616395834   -0.000000000   -0.000000000
    0.157114205   -0.016004377 1418.616395834   -0.000000000   -0.000000000
    0.164079827   -0.016004377 1418.616395834   -0.000000000   -0.000000000
    0.171045449   -0.016004377 1418.616395834   -0.000000000   -0.000000000
    0.178011071   -0.016004377 1418.616395834   -0.000000000   -0.000000000
    0.184976693   -0.016004377 1418.616395834   -0.000000000   -0.000000000
    0.191942315   -0.016004377 1418.616395834   -0.000000000   -0.000000000
    0.198907937   -0.016004377 1418.616395834   -0.000000000   -0.000000000
    0.205873559   -0.016004377 1418.616395834   -0.000000000   -0.000000000
    0.212839181   -0.016004377 1418.616395834   -0.000000000   -0.000000000
    0.219804803   -0.016004377 1418.616395834   -0.000000000   -0.000000000
    0.226770425   -0.016004377 1418.616395834   -0.000000000   -0.000000000
    0.233736047   -0.016004377 1418.616395834   -0.000000000   -0.000000000
    0.240701669   -0.016004377 1418.616395834   -0.000000000   -0.000000000
    0.247667292   -0.016004377 1418.616395834   -0.000000000   -0.000000000
    0.254632914   -0.016004377 1418.616395834   -0.000000000   -0.000000000
    0.261598536   -0.016004377 1418.616395834   -0.000000000   -0.000000000
    0.268564158   -0.016004377 1418.616395834   -0.000000000   -0.000000000
    0.275529780   -0.016004377 1418.616395834   -0.000000000   -0.000000000
    0.282495402   -0.016004377 1418.616395834   -0.000000000   -0.000000000
    0.289461024   -0.016004377 1418.616395834   -0.000000000   -0.000000000
    0.296426646   -0.016004377 1418.616395834   -0.000000000   -0.000000000
    0.303392268   -0.016004377 1418.616395834   -0.000000000   -0.000000000
    0.310357890   -0.016004377 1418.616395834   -0.000000000   -0.000000000
    0.317323512   -0.016004377 1418.616395834   -0.000000000   -0.000000000
    0.324289134   -0.016004377 1418.616395834   -0.000000000   -0.000000000
    0.331254756   -0.016004377 1418.616395834   -0.000000000   -0.000000000
    0.338220378   -0.016004377 1418.616395834   -0.000000000   -0.000000000
    0.345186000   -0.016004377 1418.616395834   -0.000000000   -0.000000000

   -0.065785700   -0.008955007 1418.616395834   -0.000000000   -0.000000000
   -0.058820078   -0.008955007 1418.616395834   -0.000000000   -0.000000000
   -0.051854456   -0.008955007 1418.606542524   -3.419749489   -1.286437985
   -0.044888834   -0.008955007 1418.549242269  -14.086645306   -6.578856318
   -0.037923212   -0.008955007 1418.378565030  -37.344456275  -21.407861343
   -0.030957590   -0.008955007 1417.998281245  -74.743995162  -48.900064470
   -0.023991968   -0.008955007 1417.297384944 -130.275438750  -99.383459670
   -0.017026346   -0.008955007 1416.159474945 -196.727966090 -182.535640376
   -0.010060724   -0.008955007 1414.573594208 -255.216081058 -295.104771196
   -0.003095102   -0.008955007 1412.680003714 -282.229540223 -428.376069522
    0.003870520   -0.008955007 1410.759384390 -260.215004391 -561.598367449
    0.010836142   -0.008955007 1409.169072634 -189.179525537 -668.780558359
    0.017801764   -0.008955007 1408.183746849  -91.429299000 -730.962659240
    0.024767386   -0.008955007 1407.885572945    2.789323878 -742.647009361
    0.031733008   -0.008955007 1408.155274044   69.092991057 -716.473453586
    0.038698631   -0.008955007 1408.779605826  106.179130620 -664.585746241
    0.045664253   -0.008955007 1409.590834073  125.435452778 -602.148691814
    0.052629875   -0.008955007 1410.523536563  142.803184741 -536.345737918
    0.059595497   -0.008955007 1411.586659882  162.680674816 -465.214803458
    0.066561119   -0.008955007 1412.785062672  180.043563740 -385.877123178
    0.073526741   -0.008955007 1414.070562618  186.460261023 -303.473362671
    0.080492363   -0.008955007 1415.333409236  172.380062456 -222.350973282
    0.087457985   -0.008955007 1416.434575393  142.067244070 -150.681355508
    0.094423607   -0.008955007 1417.295512687  104.798480818  -94.758516310
    0.101389229   -0.008955007 1417.894000987   67.878447534  -54.695128704
    0.108354851   -0.008955007 1418.262243281   39.480578678  -29.454335912
    0.115320473   -0.008955007 1418.461906610   20.187914237  -14.127306642
    0.122286095   -0.008955007 1418.559646459    9.462370509   -6.616997946
    0.129251717   -0.008955007 1418.603595683    3.716097472   -2.821768105
    0.136217339   -0.008955007 1418.614219034    0.785117036   -0.626543495
    0.143182961   -0.008955007 1418.616395834   -0.000000000   -0.000000000
    0.150148583   -0.008955007 1418.616395834   -0.000000000   -0.000000000
    0.157114205   -0.008955007 1418.616395834   -0.000000000   -0.000000000
    0.164079827   -0.008955007 1418.616395834   -0.000000000   -0.000000000
    0.171045449   -0.008955007 1418.616395834   -0.000000000   -0.000000000
    0.178011071   -0.008955007 1418.616395834   -0.000000000   -0.000000000
    0.184976693   -0.008955007 1418.616395834   -0.000000000   -0.000000000
    0.191942315   -0.008955007 1418.616395834   -0.000000000   -0.000000000
    0.198907937   -0.008955007 1418.616395834   -0.000000000   -0.000000000
    0.205873559   -0.008955007 1418.616395834   -0.000000000   -0.000000000
    0.212839181   -0.008955007 1418.616395834   -0.000000000   -0.000000000
    0.219804803   -0.008955007 1418.616395834   -0.000000000   -0.000000000
    0.226770425   -0.008955007 1418.616395834   -0.000000000   -0.000000000
    0.233736047   -0.008955007 1418.616395834   -0.000000000   -0.000000000
    0.240701669   -0.008955007 1418.616395834   -0.000000000   -0.000000000
    0.247667292   -0.008955007 1418.616395834   -0.000000000   -0.000000000
    0.254632914   -0.008955007 1418.616395834   -0.000000000   -0.000000000
    0.261598536   -0.008955007 1418.616395834   -0.000000000   -0.000000000
    0.268564158   -0.008955007 1418.616395834   -0.000000000   -0.000000000
    0.275529780   -0.008955007 1418.616395834   -0.000000000   -0.000000000
    0.282495402   -0.008955007 1418.616395834   -0.000000000   -0.000000000
    0.289461024   -0.008955007 1418.616395834   -0.000000000   -0.000000000
    0.296426646   -0.008955007 1418.616395834   -0.000000000   -0.000000000
    0.303392268   -0.008955007 1418.616395834   -0.000000000   -0.000000000
    0.310357890   -0.008955007 1418.616395834   -0.000000000   -0.000000000
    0.317323512   -0.008955007 1418.616395834   -0.000000000   -0.000000000
    0.324289134   -0.008955007 1418.616395834   -0.000000000   -0.000000000
    0.331254756   -0.008955007 1418.616395834   -0.000000000   -0.000000000
    0.338220378   -0.008955007 1418.616395834   -0.000000000   -0.000000000
    0.345186000   -0.008955007 1418.616395834   -0.000000000   -0.000000000

   -0.065785700   -0.001905636 1418.616395834   -0.000000000   -0.000000000
   -0.058820078   -0.001905636 1418.616395834   -0.000000000   -0.000000000
   -0.051854456   -0.001905636 1418.593137862   -7.211008463   -2.164516888
   -0.044888834   -0.001905636 1418.489040112  -25.110969912  -10.261420888
   -0.037923212   -0.001905636 1418.206349967  -58.878492109  -27.098316029
   -0.030957590   -0.001905636 1417.602234175 -119.100686258  -64.013708863
   -0.023991968   -0.001905636 1416.483729168 -206.500424814 -128.879612487
   -0.017026346   -0.001905636 1414.692593105 -308.376607764 -230.780453450
   -0.010060724   -0.001905636 1412.210127580 -398.223277438 -370.965035615
   -0.003095102   -0.001905636 1409.257001599 -438.711817661 -535.816995426
    0.003870520   -0.001905636 1406.288022344 -399.296916220 -695.762078085
    0.010836142   -0.001905636 1403.869174190 -284.475375716 -821.665669597
    0.017801764   -0.001905636 1402.424903095 -127.484428451 -886.776033174
    0.024767386   -0.001905636 1402.065237995   19.237264526 -890.601667845
    0.031733008   -0.001905636 1402.586655837  121.914087125 -846.792733257
    0.038698631   -0.001905636 1403.648431938  175.918560014 -775.021863457
    0.045664253   -0.001905636 1404.965285427  199.303381180 -693.753680697
    0.052629875   -0.001905636 1406.421718987  219.111740930 -612.885934162
    0.059595497   -0.001905636 1408.033064341  244.880556874 -529.340996809
    0.066561119   -0.001905636 1409.829572893  268.749598128 -440.973439075
    0.073526741   -0.001905636 1411.742685887  276.348671402 -350.367334887
    0.080492363   -0.001905636 1413.614133027  256.376392528 -260.167830400
    0.087457985   -0.001905636 1415.253685247  211.309303418 -180.503400061
    0.094423607   -0.001905636 1416.540871956  157.612271130 -117.679976498
    0.101389229   -0.001905636 1417.450163007  103.833085353  -71.023422073
    0.108354851   -0.001905636 1418.017656561   61.052412685  -39.898553650
    0.115320473   -0.001905636 1418.336754509   32.461927092  -21.199224293
    0.122286095   -0.001905636 1418.498966383   15.853376917  -11.658050365
    0.129251717   -0.001905636 1418.575717880    6.503877252   -5.763880668
    0.136217339   -0.001905636 1418.602248763    1.892699645   -3.881306204
    0.143182961   -0.001905636 1418.611395395    0.798991229   -3.700337424
    0.150148583   -0.001905636 1418.611467561   -0.187335430   -2.234924316
    0.157114205   -0.001905636 1418.610947991    0.042624624   -2.323636491
    0.164079827   -0.001905636 1418.612026695    0.257945118   -2.141799256
    0.171045449   -0.001905636 1418.614342895    0.389337727   -1.750235927
    0.178011071   -0.001905636 1418.616395834   -0.000000000   -0.000000000
    0.184976693   -0.001905636 1418.616395834   -0.000000000   -0.000000000
    0.191942315   -0.001905636 1418.616395834   -0.000000000   -0.000000000
    0.198907937   -0.001905636 1418.616395834   -0.000000000   -0.000000000
    0.205873559   -0.001905636 1418.616395834   -0.000000000   -0.000000000
    0.212839181   -0.001905636 1418.616395834   -0.000000000   -0.000000000
    0.219804803   -0.001905636 1418.616395834   -0.000000000   -0.000000000
    0.226770425   -0.001905636 1418.616395834   -0.000000000   -0.000000000
    0.233736047   -0.001905636 1418.616395834   -0.000000000   -0.000000000
    0.240701669   -0.001905636 1418.616395834   -0.000000000   -0.000000000
    0.247667292   -0.001905636 1418.616395834   -0.000000000   -0.000000000
    0.254632914   -0.001905636 1418.616395834   -0.000000000   -0.000000000
    0.261598536   -0.001905636 1418.616395834   -0.000000000   -0.000000000
    0.268564158   -0.001905636 1418.616395834   -0.000000000   -0.000000000
    0.275529780   -0.001905636 1418.616395834   -0.000000000   -0.000000000
    0.282495402   -0.001905636 1418.616395834   -0.000000000   -0.000000000
    0.289461024   -0.001905636 1418.616395834   -0.000000000   -0.000000000
    0.296426646   -0.001905636 1418.616395834   -0.000000000   -0.000000000
    0.303392268   -0.001905636 1418.616395834   -0.000000000   -0.000000000
    0.310357890   -0.001905636 1418.616395834   -0.000000000   -0.000000000
    0.317323512   -0.001905636 1418.616395834   -0.000000000   -0.000000000
    0.324289134   -0.001905636 1418.616395834   -0.000000000   -0.000000000
    0.331254756   -0.001905636 1418.616395834   -0.000000000   -0.000000000
    0.338220378   -0.001905636 1418.616395834   -0.000000000   -0.000000000
    0.345186000   -0.001905636 1418.616395834   -0.000000000   -0.000000000

   -0.065785700    0.005143734 1418.616395834   -0.000000000   -0.000000000
   -0.058820078    0.005143734 1418.615897425   -1.089323869   -0.192369316
   -0.051854456    0.005143734 1418.573809970  -13.085140644   -3.757138733
   -0.044888834    0.005143734 1418.410771549  -37.589602315  -11.738362394
   -0.037923212    0.005143734 1417.995717213  -87.425127325  -32.334726324
   -0.030957590    0.005143734 1417.118194031 -170.989137194  -71.909545687
   -0.023991968    0.005143734 1415.513859126 -295.124224708 -143.735668811
   -0.017026346    0.005143734 1412.956237811 -440.003370804 -256.592483129
   -0.010060724    0.005143734 1409.433925059 -563.069630850 -407.589228308
   -0.003095102    0.005143734 1405.274544375 -614.438128577 -580.890302573
    0.003870520    0.005143734 1401.144816822 -551.216751614 -744.096408560
    0.010836142    0.005143734 1397.850690293 -380.190880359 -863.412330266
    0.017801764    0.005143734 1395.974817704 -155.004038638 -917.227415218
    0.024767386    0.005143734 1395.647200433   53.189135379 -902.735652484
    0.031733008    0.005143734 1396.555438792  194.259222579 -838.292922453
    0.038698631    0.005143734 1398.177837148  261.269622142 -752.144909587
    0.045664253    0.005143734 1400.096516071  285.755287661 -664.165054512
    0.052629875    0.005143734 1402.144589785  303.385755396 -581.522217365
    0.059595497    0.005143734 1404.342395576  330.010079635 -501.248722752
    0.066561119    0.005143734 1406.740738928  357.884120017 -421.749274757
    0.073526741    0.005143734 1409.276966306  365.066681951 -339.102907619
    0.080492363    0.005143734 1411.753425208  339.778480417 -259.621846427
    0.087457985    0.005143734 1413.940051797  283.708127522 -187.741912858
    0.094423607    0.005143734 1415.668006314  212.303966909 -127.812031621
    0.101389229    0.005143734 1416.902284059  143.427090599  -83.534426891
    0.108354851    0.005143734 1417.694745944   87.525898393  -52.310048218
    0.115320473    0.005143734 1418.150467576   47.528694805  -31.145671311
    0.122286095    0.005143734 1418.391536877   23.575191186  -19.602000525
    0.129251717    0.005143734 1418.506904833   11.061591452  -14.153097935
    0.136217339    0.005143734 1418.552685435    3.012054142  -10.608773446
    0.143182961    0.005143734 1418.567525988    1.458884473   -9.549444012
    0.150148583    0.005143734 1418.574266111    0.534771932   -8.677880525
    0.157114205    0.005143734 1418.578576226    0.580987235   -7.581629470
    0.164079827    0.005143734 1418.584734410    1.150670170   -6.640252770
    0.171045449    0.005143734 1418.592624285    1.205722913   -4.864878742
    0.178011071    0.005143734 1418.601453670    1.274996187   -3.526124550
    0.184976693    0.005143734 1418.609759461    1.076825211   -2.265857798
    0.191942315    0.005143734 1418.616143791    0.380082109   -0.684842897
    0.198907937    0.005143734 1418.616395834   -0.000000000   -0.000000000
    0.205873559    0.005143734 1418.616395834   -0.000000000   -0.000000000
    0.212839181    0.005143734 1418.616395834   -0.000000000   -0.000000000
    0.219804803    0.005143734 1418.616395834   -0.000000000   -0.000000000
    0.226770425    0.005143734 1418.616395834   -0.000000000   -0.000000000
    0.233736047    0.005143734 1418.616395834   -0.000000000   -0.000000000
    0.240701669    0.005143734 1418.616395834   -0.000000000   -0.000000000
    0.247667292    0.005143734 1418.616395834   -0.000000000   -0.000000000
    0.254632914    0.005143734 1418.616395834   -0.000000000   -0.000000000
    0.261598536    0.005143734 1418.616395834   -0.000000000   -0.000000000
    0.268564158    0.005143734 1418.616395834   -0.000000000   -0.000000000
    0.275529780    0.005143734 1418.616395834   -0.000000000   -0.000000000
    0.282495402    0.005143734 1418.616395834   -0.000000000   -0.000000000
    0.289461024    0.005143734 1418.616395834   -0.000000000   -0.000000000
    0.296426646    0.005143734 1418.616395834   -0.000000000   -0.000000000
    0.303392268    0.005143734 1418.616395834   -0.000000000   -0.000000000
    0.310357890    0.005143734 1418.616395834   -0.000000000   -0.000000000
    0.317323512    0.005143734 1418.616395834   -0.000000000   -0.000000000
    0.324289134    0.005143734 1418.616395834   -0.000000000   -0.000000000
    0.331254756    0.005143734 1418.616395834   -0.000000000   -0.000000000
    0.338220378    0.005143734 1418.616395834   -0.000000000   -0.000000000
    0.345186000    0.005143734 1418.616395834   -0.000000000   -0.000000000

   -0.065785700    0.012193105 1418.616395834   -0.000000000   -0.000000000
   -0.058820078    0.012193105 1418.614169743   -3.330115384   -0.311611407
   -0.051854456    0.012193105 1418.547760669  -17.110028301   -3.515724411
   -0.044888834    0.012193105 1418.322948106  -51.624051668  -12.980472800
   -0.037923212    0.012193105 1417.766334795 -115.418990479  -31.951042917
   -0.030957590    0.012193105 1416.607733077 -226.108973107  -72.136145204
   -0.023991968    0.012193105 1414.495007332 -386.872946940 -141.580513286
   -0.017026346    0.012193105 1411.157479160 -572.495143404 -248.856698108
   -0.010060724    0.012193105 1406.596223436 -725.945874102 -388.350152376
   -0.003095102    0.012193105 1401.269174739 -781.233719870 -540.950225813
    0.003870520    0.012193105 1396.066749612 -686.688036856 -676.989119966
    0.010836142    0.012193105 1392.020564965 -456.187138930 -766.574964432
    0.017801764    0.012193105 1389.865798388 -160.005253759 -790.586589004
    0.024767386    0.012193105 1389.722235756  106.860617897 -753.948460643
    0.031733008    0.012193105 1391.128363200  278.747136966 -679.629155382
    0.038698631    0.012193105 1393.370802534  351.518185713 -591.102170638
    0.045664253    0.012193105 1395.894778838  368.188219947 -511.458734945
    0.052629875    0.012193105 1398.480668462  376.392148617 -443.154698559
    0.059595497    0.012193105 1401.175638242  399.903490798 -385.365220486
    0.066561119    0.012193105 1404.060744697  427.860149206 -329.290562659
    0.073526741    0.012193105 1407.087324195  436.231445464 -274.129346463
    0.080492363    0.012193105 1410.045067299  406.874609061 -219.763060647
    0.087457985    0.012193105 1412.669489204  343.096808267 -169.685368113
    0.094423607    0.012193105 1414.766785822  259.074323487 -125.604918493
    0.101389229    0.012193105 1416.287665878  179.088010671  -90.433723280
    0.108354851    0.012193105 1417.287687790  111.653611505  -63.614133482
    0.115320473    0.012193105 1417.884753617   62.201257007  -45.017601840
    0.122286095    0.012193105 1418.206442751   32.294096230  -33.439018963
    0.129251717    0.012193105 1418.366472251   15.570564445  -26.900600417
    0.136217339    0.012193105 1418.435406543    4.829291130  -25.214699893
    0.143182961    0.012193105 1418.457109366    1.915637103  -24.063136013
    0.150148583    0.012193105 1418.468846557    1.725865799  -23.434903174
    0.157114205    0.012193105 1418.481294198    2.491369120  -21.726738492
    0.164079827    0.012193105 1418.502771969    3.446248833  -18.429877678
    0.171045449    0.012193105 1418.530598970    4.375252600  -14.599251321
    0.178011071    0.012193105 1418.560845144    3.721595125   -9.241113691
    0.184976693    0.012193105 1418.583770741    2.950459757   -5.493764020
    0.191942315    0.012193105 1418.601371880    2.083747245   -3.131246836
    0.198907937    0.012193105 1418.612905602    1.255937933   -1.582237579
    0.205873559    0.012193105 1418.616395834   -0.000000000   -0.000000000
    0.212839181    0.012193105 1418.616395834   -0.000000000   -0.000000000
    0.219804803    0.012193105 1418.616395834   -0.000000000   -0.000000000
    0.226770425    0.012193105 1418.616395834   -0.000000000   -0.000000000
    0.233736047    0.012193105 1418.616395834   -0.000000000   -0.000000000
    0.240701669    0.012193105 1418.616395834   -0.000000000   -0.000000000
    0.247667292    0.012193105 1418.616395834   -0.000000000   -0.000000000
    0.254632914    0.012193105 1418.616395834   -0.000000000   -0.000000000
    0.261598536    0.012193105 1418.616395834   -0.000000000   -0.000000000
    0.268564158    0.012193105 1418.616395834   -0.000000000   -0.000000000
    0.275529780    0.012193105 1418.616395834   -0.000000000   -0.000000000
    0.282495402    0.012193105 1418.616395834   -0.000000000   -0.000000000
    0.289461024    0.012193105 1418.616395834   -0.000000000   -0.000000000
    0.296426646    0.012193105 1418.616395834   -0.000000000   -0.000000000
    0.303392268    0.012193105 1418.616395834   -0.000000000   -0.000000000
    0.310357890    0.012193105 1418.616395834   -0.000000000   -0.000000000
    0.317323512    0.012193105 1418.616395834   -0.000000000   -0.000000000
    0.324289134    0.012193105 1418.616395834   -0.000000000   -0.000000000
    0.331254756    0.012193105 1418.616395834   -0.000000000   -0.000000000
    0.338220378    0.012193105 1418.616395834   -0.000000000   -0.000000000
    0.345186000    0.012193105 1418.616395834   -0.000000000   -0.000000000

   -0.065785700    0.019242475 1418.616395834   -0.000000000   -0.000000000
   -0.058820078    0.019242475 1418.612870938   -5.154651457   -0.423844973
   -0.051854456    0.019242475 1418.522712965  -21.596065287   -3.295494058
   -0.044888834    0.019242475 1418.236729429  -63.363327829  -11.165342563
   -0.037923212    0.019242475 1417.551253250 -142.631730039  -28.839005651
   -0.030957590    0.019242475 1416.126859193 -277.505898254  -63.997623092
   -0.023991968    0.019242475 1413.553472417 -469.646151384 -123.232781611
   -0.017026346    0.019242475 1409.526312035 -686.290111801 -208.740938763
   -0.010060724    0.019242475 1404.092111831 -859.406141233 -314.858461038
   -0.003095102    0.019242475 1397.833213167 -909.690015386 -423.480121736
    0.003870520    0.019242475 1391.835094826 -781.713691299 -510.716017635
    0.010836142    0.019242475 1387.322414793 -493.340991217 -552.593017902
    0.017801764    0.019242475 1385.119595474 -137.671687355 -542.517555916
    0.024767386    0.019242475 1385.291504642  171.018196294 -492.228456969
    0.031733008    0.019242475 1387.220051715  360.402029614 -421.029001994
    0.038698631    0.019242475 1390.027561967  429.079071226 -351.685185326
    0.045664253    0.019242475 1393.042136089  430.944406935 -296.559700771
    0.052629875    0.019242475 1396.011713199  424.701667190 -255.776807569
    0.059595497    0.019242475 1399.013156395  440.611098475 -227.003180277
    0.066561119    0.019242475 1402.178838276  467.370321001 -203.517128691
    0.073526741    0.019242475 1405.480196468  475.033499457 -180.218729584
    0.080492363    0.019242475 1408.709328749  443.850205193 -158.160284116
    0.087457985    0.019242475 1411.585983134  377.845240722 -136.246735372
    0.094423607    0.019242475 1413.916506323  290.429989226 -115.127355052
    0.101389229    0.019242475 1415.633978228  204.134760168  -95.986626566
    0.108354851    0.019242475 1416.785946902  130.670416989  -79.315542873
    0.115320473    0.019242475 1417.492415095   76.248442691  -66.057559791
    0.122286095    0.019242475 1417.888341374   39.151941243  -58.154897483
    0.129251717    0.019242475 1418.083885617   18.672182124  -54.108253751
    0.136217339    0.019242475 1418.166700200    6.016102116  -53.758117686
    0.143182961    0.019242475 1418.194817514    2.837401058  -54.539694196
    0.150148583    0.019242475 1418.212578254    3.218324135  -53.123710769
    0.157114205    0.019242475 1418.243799415    6.254726779  -49.704734771
    0.164079827    0.019242475 1418.298903606    9.523320611  -41.951304992
    0.171045449    0.019242475 1418.371675023   11.084065079  -32.804298019
    0.178011071    0.019242475 1418.449294242   10.734143933  -22.689789830
    0.184976693    0.019242475 1418.517582388    8.301944231  -13.969969196
    0.191942315    0.019242475 1418.567113968    5.864448535   -7.961363136
    0.198907937    0.019242475 1418.596139868    3.043152207   -3.333790341
    0.205873559    0.019242475 1418.611892824    1.584232928   -1.494186374
    0.212839181    0.019242475 1418.616395834   -0.000000000   -0.000000000
    0.219804803    0.019242475 1418.616395834   -0.000000000   -0.000000000
    0.226770425    0.019242475 1418.616395834   -0.000000000   -0.000000000
    0.233736047    0.019242475 1418.616395834   -0.000000000   -0.000000000
    0.240701669    0.019242475 1418.616395834   -0.000000000   -0.000000000
    0.247667292    0.019242475 1418.616395834   -0.000000000   -0.000000000
    0.254632914    0.019242475 1418.616395834   -0.000000000   -0.000000000
    0.261598536    0.019242475 1418.616395834   -0.000000000   -0.000000000
    0.268564158    0.019242475 1418.616395834   -0.000000000   -0.000000000
    0.275529780    0.019242475 1418.616395834   -0.000000000   -0.000000000
    0.282495402    0.019242475 1418.616395834   -0.000000000   -0.000000000
    0.289461024    0.019242475 1418.616395834   -0.000000000   -0.000000000
    0.296426646    0.019242475 1418.616395834   -0.000000000   -0.000000000
    0.303392268    0.019242475 1418.616395834   -0.000000000   -0.000000000
    0.310357890    0.019242475 1418.616395834   -0.000000000   -0.000000000
    0.317323512    0.019242475 1418.616395834   -0.000000000   -0.000000000
    0.324289134    0.019242475 1418.616395834   -0.000000000   -0.000000000
    0.331254756    0.019242475 1418.616395834   -0.000000000   -0.000000000
    0.338220378    0.019242475 1418.616395834   -0.000000000   -0.000000000
    0.345186000    0.019242475 1418.616395834   -0.000000000   -0.000000000

   -0.065785700    0.026291846 1418.616395834   -0.000000000   -0.000000000
   -0.058820078    0.026291846 1418.607317749   -7.365877881   -0.956187850
   -0.051854456    0.026291846 1418.498608961  -26.566392972   -3.025098226
   -0.044888834    0.026291846 1418.166124042  -73.858307582   -8.836974005
   -0.037923212    0.026291846 1417.365547738 -166.074486994  -24.292459136
   -0.030957590    0.026291846 1415.721053344 -316.878827570  -50.056190332
   -0.023991968    0.026291846 1412.790057000 -532.007281367  -92.351962274
   -0.017026346    0.026291846 1408.259135222 -768.636722845 -150.205952704
   -0.010060724    0.026291846 1402.217923962 -948.270842014 -214.977099397
   -0.003095102    0.026291846 1395.376211380 -986.291593029 -272.179901598
    0.003870520    0.026291846 1388.958911379 -823.162897619 -305.948909256
    0.010836142    0.026291846 1384.311631020 -490.076085320 -303.378196867
    0.017801764    0.026291846 1382.270509441  -96.160824529 -269.350661353
    0.024767386    0.026291846 1382.813840882  232.964064129 -217.021410865
    0.031733008    0.026291846 1385.182164779  421.564823952 -166.579638589
    0.038698631    0.026291846 1388.370247613  476.045039459 -128.765903379
    0.045664253    0.026291846 1391.653489994  461.487949635 -108.192222155
    0.052629875    0.026291846 1394.792976546  444.007934258 -100.331902911
    0.059595497    0.026291846 1397.901854763  453.186680913  -97.176478857
    0.066561119    0.026291846 1401.143164234  477.462713939  -97.015032107
    0.073526741    0.026291846 1404.515407222  486.125078755  -98.199897994
    0.080492363    0.026291846 1407.808154426  452.848023862 -100.231857024
    0.087457985    0.026291846 1410.746618907  387.624613659 -102.418986490
    0.094423607    0.026291846 1413.149458661  300.807254922 -102.531319924
    0.101389229    0.026291846 1414.941327849  213.149854841 -101.658701840
    0.108354851    0.026291846 1416.164882161  140.550955967  -98.128223454
    0.115320473    0.026291846 1416.927963610   82.712240152  -95.787195642
    0.122286095    0.026291846 1417.357063123   42.881926689  -95.825993469
    0.129251717    0.026291846 1417.562551795   17.986422129  -96.541318791
    0.136217339    0.026291846 1417.633933949    4.341060257 -100.639898652
    0.143182961    0.026291846 1417.650678700    1.858470464 -103.474424375
    0.150148583    0.026291846 1417.674359223    5.756346504 -103.220626045
    0.157114205    0.026291846 1417.741008334   13.821076967  -96.970925414
    0.164079827    0.026291846 1417.865822137   21.808652076  -83.540923458
    0.171045449    0.026291846 1418.034948912   25.766080427  -65.180603469
    0.178011071    0.026291846 1418.212432241   24.800902055  -46.016320845
    0.184976693    0.026291846 1418.370600463   19.908957831  -28.577837095
    0.191942315    0.026291846 1418.487143780   13.010700104  -15.256349695
    0.198907937    0.026291846 1418.559171893    7.844634725   -7.708589653
    0.205873559    0.026291846 1418.597288650    3.392491098   -2.719263129
    0.212839181    0.026291846 1418.613794931    1.535994058   -1.081016632
    0.219804803    0.026291846 1418.616395834   -0.000000000   -0.000000000
    0.226770425    0.026291846 1418.616395834   -0.000000000   -0.000000000
    0.233736047    0.026291846 1418.616395834   -0.000000000   -0.000000000
    0.240701669    0.026291846 1418.616395834   -0.000000000   -0.000000000
    0.247667292    0.026291846 1418.616395834   -0.000000000   -0.000000000
    0.254632914    0.026291846 1418.616395834   -0.000000000   -0.000000000
    0.261598536    0.026291846 1418.616395834   -0.000000000   -0.000000000
    0.268564158    0.026291846 1418.616395834   -0.000000000   -0.000000000
    0.275529780    0.026291846 1418.616395834   -0.000000000   -0.000000000
    0.282495402    0.026291846 1418.616395834   -0.000000000   -0.000000000
    0.289461024    0.026291846 1418.616395834   -0.000000000   -0.000000000
    0.296426646    0.026291846 1418.616395834   -0.000000000   -0.000000000
    0.303392268    0.026291846 1418.616395834   -0.000000000   -0.000000000
    0.310357890    0.026291846 1418.616395834   -0.000000000   -0.000000000
    0.317323512    0.026291846 1418.616395834   -0.000000000   -0.000000000
    0.324289134    0.026291846 1418.616395834   -0.000000000   -0.000000000
    0.331254756    0.026291846 1418.616395834   -0.000000000   -0.000000000
    0.338220378    0.026291846 1418.616395834   -0.000000000   -0.000000000
    0.345186000    0.026291846 1418.616395834   -0.000000000   -0.000000000

   -0.065785700    0.033341216 1418.616395834   -0.000000000   -0.000000000
   -0.058820078    0.033341216 1418.601896249   -7.248388383   -0.692575906
   -0.051854456    0.033341216 1418.481372681  -29.725296858   -2.028093481
   -0.044888834    0.033341216 1418.109166471  -84.038520419   -7.806721152
   -0.037923212    0.033341216 1417.217609386 -181.510396713  -17.480815607
   -0.030957590    0.033341216 1415.422602058 -345.831094688  -35.117916270
   -0.023991968    0.033341216 1412.252927049 -571.857620090  -60.436761957
   -0.017026346    0.033341216 1407.411902535 -816.102457405  -91.859521395
   -0.010060724    0.033341216 1401.050398008 -991.175939132 -119.244558250
   -0.003095102    0.033341216 1393.958846625 -1011.529337801 -136.438048213
    0.003870520    0.033341216 1387.463000421 -819.200200191 -128.437131780
    0.010836142    0.033341216 1382.940311482 -459.223589551  -98.841239032
    0.017801764    0.033341216 1381.177169760  -50.992007114  -58.576629018
    0.024767386    0.033341216 1382.039180017  276.369279598  -20.865497732
    0.031733008    0.033341216 1384.663302526  450.427016359    0.814494329
    0.038698631    0.033341216 1387.992617884  487.944928009    3.446861273
    0.045664253    0.033341216 1391.309262682  460.172750455   -7.077316279
    0.052629875    0.033341216 1394.420738691  438.144856656  -19.000947881
    0.059595497    0.033341216 1397.491234214  448.319751935  -30.388365576
    0.066561119    0.033341216 1400.696875172  472.180498118  -37.935926882
    0.073526741    0.033341216 1404.022263042  477.842558027  -47.360711940
    0.080492363    0.033341216 1407.254704715  439.801263319  -59.874341782
    0.087457985    0.033341216 1410.119023209  378.011083773  -76.044030156
    0.094423607    0.033341216 1412.460815402  293.003092155  -92.461684112
    0.101389229    0.033341216 1414.203626203  208.853101657 -107.167272935
    0.108354851    0.033341216 1415.391928993  135.640409518 -121.054545586
    0.115320473    0.033341216 1416.123337065   78.840823866 -133.081365210
    0.122286095    0.033341216 1416.519736700   37.272645183 -143.328545788
    0.129251717    0.033341216 1416.683437330   10.581197384 -154.798057220
    0.136217339    0.033341216 1416.701972398   -2.443980625 -166.563078597
    0.143182961    0.033341216 1416.681403530   -1.547918269 -175.091629417
    0.150148583    0.033341216 1416.704650922    9.801569926 -175.814559093
    0.157114205    0.033341216 1416.826934313   26.550003837 -166.209417653
    0.164079827    0.033341216 1417.074349642   43.537609292 -144.392629408
    0.171045449    0.033341216 1417.412410380   51.974425916 -113.583592094
    0.178011071    0.033341216 1417.773091286   49.655660261  -80.235543900
    0.184976693    0.033341216 1418.091134520   40.650766008  -51.339640699
    0.191942315    0.033341216 1418.331663355   28.278228650  -29.391887897
    0.198907937    0.033341216 1418.484352088   16.382250058  -14.584332102
    0.205873559    0.033341216 1418.567630456    8.067074905   -5.754442758
    0.212839181    0.033341216 1418.604075009    2.906846215   -1.684134669
    0.219804803    0.033341216 1418.616166880    0.686577445   -0.369115187
    0.226770425    0.033341216 1418.616395834   -0.000000000   -0.000000000
    0.233736047    0.033341216 1418.616395834   -0.000000000   -0.000000000
    0.240701669    0.033341216 1418.616395834   -0.000000000   -0.000000000
    0.247667292    0.033341216 1418.616395834   -0.000000000   -0.000000000
    0.254632914    0.033341216 1418.616395834   -0.000000000   -0.000000000
    0.261598536    0.033341216 1418.616395834   -0.000000000   -0.000000000
    0.268564158    0.033341216 1418.616395834   -0.000000000   -0.000000000
    0.275529780    0.033341216 1418.616395834   -0.000000000   -0.000000000
    0.282495402    0.033341216 1418.616395834   -0.000000000   -0.000000000
    0.289461024    0.033341216 1418.616395834   -0.000000000   -0.000000000
    0.296426646    0.033341216 1418.616395834   -0.000000000   -0.000000000
    0.303392268    0.033341216 1418.616395834   -0.000000000   -0.000000000
    0.310357890    0.033341216 1418.616395834   -0.000000000   -0.000000000
    0.317323512    0.033341216 1418.616395834   -0.000000000   -0.000000000
    0.324289134    0.033341216 1418.616395834   -0.000000000   -0.000000000
    0.331254756    0.033341216 1418.616395834   -0.000000000   -0.000000000
    0.338220378    0.033341216 1418.616395834   -0.000000000   -0.000000000
    0.345186000    0.033341216 1418.616395834   -0.000000000   -0.000000000

   -0.065785700    0.040390587 1418.616395834   -0.000000000   -0.000000000
   -0.058820078    0.040390587 1418.598351369   -8.581881304   -0.279867475
   -0.051854456    0.040390587 1418.469985683  -32.388947183   -1.872692133
   -0.044888834    0.040390587 1418.063841637  -89.550256235   -5.053799550
   -0.037923212    0.040390587 1417.117236024 -192.294404363  -11.408866663
   -0.030957590    0.040390587 1415.224459305 -363.346241771  -21.899248462
   -0.023991968    0.040390587 1411.920730936 -592.639070599  -36.030098443
   -0.017026346    0.040390587 1406.927720152 -835.573224107  -48.591163936
   -0.010060724    0.040390587 1400.452398110 -1002.582933363  -53.345966865
   -0.003095102    0.040390587 1393.354652016 -1000.958271439  -43.856821594
    0.003870520    0.040390587 1386.992185528 -791.240709934  -17.399463095
    0.010836142    0.040390587 1382.710556147 -420.807763441   17.912595118
    0.017801764    0.040390587 1381.207293499  -16.922492094   49.354582106
    0.024767386    0.040390587 1382.252807435  293.314523975   64.008367862
    0.031733008    0.040390587 1384.923749241  447.165045790   58.500762632
    0.038698631    0.040390587 1388.177603764  470.931283074   37.640973101
    0.045664253    0.040390587 1391.360071156  440.611936735   12.146321018
    0.052629875    0.040390587 1394.353671547  424.515231226   -7.222879152
    0.059595497    0.040390587 1397.350583923  440.777211938  -14.674800090
    0.066561119    0.040390587 1400.519313503  467.655782951  -17.559959027
    0.073526741    0.040390587 1403.790869832  467.128927948  -21.289969747
    0.080492363    0.040390587 1406.932244638  425.805802632  -33.307025366
    0.087457985    0.040390587 1409.667879421  356.384252201  -52.221020878
    0.094423607    0.040390587 1411.850882291  269.995482493  -80.052864617
    0.101389229    0.040390587 1413.429558383  184.913626979 -111.193414338
    0.108354851    0.040390587 1414.459613923  112.941265837 -142.603811594
    0.115320473    0.040390587 1415.051468589   59.895240053 -170.643457649
    0.122286095    0.040390587 1415.323337062   19.287338353 -196.324686736
    0.129251717    0.040390587 1415.360173495   -6.693076048 -221.025077934
    0.136217339    0.040390587 1415.258325514  -17.949234368 -244.219184704
    0.143182961    0.040390587 1415.149371876  -10.515411381 -261.168508568
    0.150148583    0.040390587 1415.152615918   13.866619228 -265.272031004
    0.157114205    0.040390587 1415.361167247   46.677603712 -250.910009098
    0.164079827    0.040390587 1415.799864888   77.580101504 -218.319892953
    0.171045449    0.040390587 1416.407645212   93.802826118 -172.863741201
    0.178011071    0.040390587 1417.059746006   90.299153283 -123.142564363
    0.184976693    0.040390587 1417.635848132   73.173479693  -78.389803279
    0.191942315    0.040390587 1418.069565552   51.101230658  -45.386508544
    0.198907937    0.040390587 1418.351648714   30.325449514  -23.441104463
    0.205873559    0.040390587 1418.508411942   15.752182255  -10.772401113
    0.212839181    0.040390587 1418.584246238    7.051557327   -4.379143390
    0.219804803    0.040390587 1418.612531048    1.923007055   -0.779830045
    0.226770425    0.040390587 1418.616395834   -0.000000000   -0.000000000
    0.233736047    0.040390587 1418.616395834   -0.000000000   -0.000000000
    0.240701669    0.040390587 1418.616395834   -0.000000000   -0.000000000
    0.247667292    0.040390587 1418.616395834   -0.000000000   -0.000000000
    0.254632914    0.040390587 1418.616395834   -0.000000000   -0.000000000
    0.261598536    0.040390587 1418.616395834   -0.000000000   -0.000000000
    0.268564158    0.040390587 1418.616395834   -0.000000000   -0.000000000
    0.275529780    0.040390587 1418.616395834   -0.000000000   -0.000000000
    0.282495402    0.040390587 1418.616395834   -0.000000000   -0.000000000
    0.289461024    0.040390587 1418.616395834   -0.000000000   -0.000000000
    0.296426646    0.040390587 1418.616395834   -0.000000000   -0.000000000
    0.303392268    0.040390587 1418.616395834   -0.000000000   -0.000000000
    0.310357890    0.040390587 1418.616395834   -0.000000000   -0.000000000
    0.317323512    0.040390587 1418.616395834   -0.000000000   -0.000000000
    0.324289134    0.040390587 1418.616395834   -0.000000000   -0.000000000
    0.331254756    0.040390587 1418.616395834   -0.000000000   -0.000000000
    0.338220378    0.040390587 1418.616395834   -0.000000000   -0.000000000
    0.345186000    0.040390587 1418.616395834   -0.000000000   -0.000000000

   -0.065785700    0.047439957 1418.616395834   -0.000000000   -0.000000000
   -0.058820078    0.047439957 1418.597037920   -9.434795104   -0.210949348
   -0.051854456    0.047439957 1418.454295721  -35.666770524   -2.055499444
   -0.044888834    0.047439957 1418.035671883  -92.580661797   -3.160269846
   -0.037923212    0.047439957 1417.056004233 -199.503743499   -7.022093878
   -0.030957590    0.047439957 1415.102902683 -372.189035581  -13.187942280
   -0.023991968    0.047439957 1411.733841420 -602.293618230  -17.834199268
   -0.017026346    0.047439957 1406.692055115 -839.525036068  -20.442896801
   -0.010060724    0.047439957 1400.229380322 -995.294313032  -13.758530697
   -0.003095102    0.047439957 1393.237453132 -978.170819319    4.774473709
    0.003870520    0.047439957 1387.076301122 -758.888372237   33.034381112
    0.010836142    0.047439957 1383.022905291 -389.578310601   62.114109027
    0.017801764    0.047439957 1381.689929453   -0.924655917   78.562978164
    0.024767386    0.047439957 1382.773247788  288.029551677   76.377557338
    0.031733008    0.047439957 1385.338719759  423.924560333   54.783620215
    0.038698631    0.047439957 1388.403770780  442.648588942   26.078265160
    0.045664253    0.047439957 1391.406521911  419.533263615    1.654161914
    0.052629875    0.047439957 1394.295134702  415.640378214   -8.391574448
    0.059595497    0.047439957 1397.271356608  441.995786718   -6.340500940
    0.066561119    0.047439957 1400.450739927  468.247117912    0.067259486
    0.073526741    0.047439957 1403.724201761  462.765015962    2.948090417
    0.080492363    0.047439957 1406.790348250  409.208137639   -5.398365643
    0.087457985    0.047439957 1409.376481100  328.801893885  -29.179928054
    0.094423607    0.047439957 1411.334829546  232.490559195  -66.391681248
    0.101389229    0.047439957 1412.644147701  145.692846366 -111.091177516
    0.108354851    0.047439957 1413.397322836   75.030829418 -157.524285562
    0.115320473    0.047439957 1413.733136976   23.285518456 -202.675389865
    0.122286095    0.047439957 1413.763960578  -13.066218227 -244.474593218
    0.129251717    0.047439957 1413.574768997  -37.963024190 -282.885040797
    0.136217339    0.047439957 1413.272987402  -43.919033851 -315.971068970
    0.143182961    0.047439957 1413.018182338  -25.017136145 -340.143522312
    0.150148583    0.047439957 1412.981912170   18.157938993 -347.207583358
    0.157114205    0.047439957 1413.299758809   74.285499515 -330.373041052
    0.164079827    0.047439957 1414.004790513  125.273285309 -288.824325403
    0.171045449    0.047439957 1414.983479588  151.183520996 -229.360701302
    0.178011071    0.047439957 1416.040314898  146.920362783 -164.992548264
    0.184976693    0.047439957 1416.977946655  119.967601854 -107.438580369
    0.191942315    0.047439957 1417.688097875   83.719339629  -63.082206613
    0.198907937    0.047439957 1418.151789276   50.660674876  -33.293562178
    0.205873559    0.047439957 1418.414283253   26.798041102  -16.158326182
    0.212839181    0.047439957 1418.545289866   12.427614172   -7.026858449
    0.219804803    0.047439957 1418.600851444    3.889859838   -2.179225097
    0.226770425    0.047439957 1418.616062956    0.571390687   -0.624066180
    0.233736047    0.047439957 1418.616395834   -0.000000000   -0.000000000
    0.240701669    0.047439957 1418.616395834   -0.000000000   -0.000000000
    0.247667292    0.047439957 1418.616395834   -0.000000000   -0.000000000
    0.254632914    0.047439957 1418.616395834   -0.000000000   -0.000000000
    0.261598536    0.047439957 1418.616395834   -0.000000000   -0.000000000
    0.268564158    0.047439957 1418.616395834   -0.000000000   -0.000000000
    0.275529780    0.047439957 1418.616395834   -0.000000000   -0.000000000
    0.282495402    0.047439957 1418.616395834   -0.000000000   -0.000000000
    0.289461024    0.047439957 1418.616395834   -0.000000000   -0.000000000
    0.296426646    0.047439957 1418.616395834   -0.000000000   -0.000000000
    0.303392268    0.047439957 1418.616395834   -0.000000000   -0.000000000
    0.310357890    0.047439957 1418.616395834   -0.000000000   -0.000000000
    0.317323512    0.047439957 1418.616395834   -0.000000000   -0.000000000
    0.324289134    0.047439957 1418.616395834   -0.000000000   -0.000000000
    0.331254756    0.047439957 1418.616395834   -0.000000000   -0.000000000
    0.338220378    0.047439957 1418.616395834   -0.000000000   -0.000000000
    0.345186000    0.047439957 1418.616395834   -0.000000000   -0.000000000

   -0.065785700    0.054489328 1418.616395834   -0.000000000   -0.000000000
   -0.058820078    0.054489328 1418.595994862   -8.745330147   -0.220545743
   -0.051854456    0.054489328 1418.443289217  -37.041562268   -1.376430876
   -0.044888834    0.054489328 1418.018006647  -93.407062469   -2.525575236
   -0.037923212    0.054489328 1417.019377676 -202.974192062   -3.231701803
   -0.030957590    0.054489328 1415.040556733 -376.001133945   -5.101124761
   -0.023991968    0.054489328 1411.650297880 -604.275413005   -5.303566123
   -0.017026346    0.054489328 1406.621129630 -833.822904217   -0.487527557
   -0.010060724    0.054489328 1400.229188875 -978.862093941   12.141852050
   -0.003095102    0.054489328 1393.375319357 -954.772076353   33.101563487
    0.003870520    0.054489328 1387.401425396 -730.022135377   57.827451883
    0.010836142    0.054489328 1383.519387003 -370.214008126   79.017623761
    0.017801764    0.054489328 1382.268690860    1.760067549   86.474785584
    0.024767386    0.054489328 1383.302055668  271.683255754   76.902957923
    0.031733008    0.054489328 1385.709875878  397.118468864   55.073391675
    0.038698631    0.054489328 1388.587955152  417.321368307   32.653870417
    0.045664253    0.054489328 1391.454953344  406.757611180   18.810593160
    0.052629875    0.054489328 1394.306217251  417.754794022   17.545852507
    0.059595497    0.054489328 1397.321548108  450.644960243   26.058555666
    0.066561119    0.054489328 1400.567602429  477.004286186   35.838735322
    0.073526741    0.054489328 1403.862738655  461.806707020   37.747780818
    0.080492363    0.054489328 1406.855140630  391.386680379   24.511775266
    0.087457985    0.054489328 1409.258089080  293.657392447   -5.106602939
    0.094423607    0.054489328 1410.919380375  184.590545018  -52.829736601
    0.101389229    0.054489328 1411.865147566   90.011856113 -109.491083281
    0.108354851    0.054489328 1412.240356455   21.978685335 -169.430980272
    0.115320473    0.054489328 1412.211680502  -26.597265066 -225.619951513
    0.122286095    0.054489328 1411.911435633  -58.676557876 -277.582218156
    0.129251717    0.054489328 1411.422734746  -78.579323109 -321.621283576
    0.136217339    0.054489328 1410.863628821  -76.614659859 -359.900509288
    0.143182961    0.054489328 1410.426554265  -43.245362343 -387.334475781
    0.150148583    0.054489328 1410.338742447   22.863890202 -395.444844484
    0.157114205    0.054489328 1410.781957782  106.226224778 -376.437905997
    0.164079827    0.054489328 1411.797323440  181.205927533 -330.668620404
    0.171045449    0.054489328 1413.222065100  220.225805766 -265.439299313
    0.178011071    0.054489328 1414.762449960  215.322639419 -193.978052490
    0.184976693    0.054489328 1416.138773044  176.285783908 -128.847616308
    0.191942315    0.054489328 1417.187809438  123.927815117  -78.892490479
    0.198907937    0.054489328 1417.880142845   76.502054944  -44.299955140
    0.205873559    0.054489328 1418.281077477   40.960554722  -22.507766863
    0.212839181    0.054489328 1418.485805423   19.322986820   -9.918020231
    0.219804803    0.054489328 1418.577601530    8.058806825   -4.134831464
    0.226770425    0.054489328 1418.609077177    2.152555043   -1.407521532
    0.233736047    0.054489328 1418.616231761    0.632249435   -0.520316959
    0.240701669    0.054489328 1418.616395834   -0.000000000   -0.000000000
    0.247667292    0.054489328 1418.616395834   -0.000000000   -0.000000000
    0.254632914    0.054489328 1418.616395834   -0.000000000   -0.000000000
    0.261598536    0.054489328 1418.616395834   -0.000000000   -0.000000000
    0.268564158    0.054489328 1418.616395834   -0.000000000   -0.000000000
    0.275529780    0.054489328 1418.616395834   -0.000000000   -0.000000000
    0.282495402    0.054489328 1418.616395834   -0.000000000   -0.000000000
    0.289461024    0.054489328 1418.616395834   -0.000000000   -0.000000000
    0.296426646    0.054489328 1418.616395834   -0.000000000   -0.000000000
    0.303392268    0.054489328 1418.616395834   -0.000000000   -0.000000000
    0.310357890    0.054489328 1418.616395834   -0.000000000   -0.000000000
    0.317323512    0.054489328 1418.616395834   -0.000000000   -0.000000000
    0.324289134    0.054489328 1418.616395834   -0.000000000   -0.000000000
    0.331254756    0.054489328 1418.616395834   -0.000000000   -0.000000000
    0.338220378    0.054489328 1418.616395834   -0.000000000   -0.000000000
    0.345186000    0.054489328 1418.616395834   -0.000000000   -0.000000000

   -0.065785700    0.061538698 1418.616395834   -0.000000000   -0.000000000
   -0.058820078    0.061538698 1418.593887529  -10.481596292   -0.416911964
   -0.051854456    0.061538698 1418.439230775  -38.270397988   -0.195851214
   -0.044888834    0.061538698 1418.002655009  -93.492488406   -1.758442367
   -0.037923212    0.061538698 1417.010063973 -202.224257119    0.005654136
   -0.030957590    0.061538698 1415.033820099 -374.988980130    3.333842598
   -0.023991968    0.061538698 1411.661620192 -599.062655621    8.888312293
   -0.017026346    0.061538698 1406.691757755 -820.872336339   20.426787206
   -0.010060724    0.061538698 1400.409960122 -958.916756270   39.664152548
   -0.003095102    0.061538698 1393.713012233 -930.099518156   65.343461614
    0.003870520    0.061538698 1387.909623602 -706.759895655   90.539964294
    0.010836142    0.061538698 1384.167076486 -356.272030346  109.287243438
    0.017801764    0.061538698 1382.955934129   -0.218141990  114.046315079
    0.024767386    0.061538698 1383.922844232  256.030756239  105.759122828
    0.031733008    0.061538698 1386.201910917  377.359865471   90.191518615
    0.038698631    0.061538698 1388.953383212  401.606467530   75.911000432
    0.045664253    0.061538698 1391.749930047  402.287824823   69.127163791
    0.052629875    0.061538698 1394.606853979  421.796343810   69.957032205
    0.059595497    0.061538698 1397.677286875  459.928487430   75.025154652
    0.066561119    0.061538698 1400.966161692  478.359581236   74.718360378
    0.073526741    0.061538698 1404.236113538  450.572571672   66.000721261
    0.080492363    0.061538698 1407.103512065  365.537787312   41.546940118
    0.087457985    0.061538698 1409.257579711  248.696336614    1.377404405
    0.094423607    0.061538698 1410.563892557  128.505248918  -51.846241920
    0.101389229    0.061538698 1411.088369455   27.885887451 -112.979849310
    0.108354851    0.061538698 1411.023849058  -40.724118011 -175.223689355
    0.115320473    0.061538698 1410.591397613  -81.698502754 -232.351419534
    0.122286095    0.061538698 1409.926195560 -106.938065390 -280.726720874
    0.129251717    0.061538698 1409.133018243 -118.737944844 -320.217090957
    0.136217339    0.061538698 1408.317490332 -109.754067011 -353.872702425
    0.143182961    0.061538698 1407.696432164  -61.645167920 -377.550523343
    0.150148583    0.061538698 1407.552760680   26.624487005 -384.063582284
    0.157114205    0.061538698 1408.123809698  138.581751510 -366.745580926
    0.164079827    0.061538698 1409.454016936  237.027349142 -325.370190046
    0.171045449    0.061538698 1411.322041339  290.003572676 -267.847695411
    0.178011071    0.061538698 1413.353635214  284.229128004 -201.635261151
    0.184976693    0.061538698 1415.179722049  234.723960350 -140.078688941
    0.191942315    0.061538698 1416.586419780  168.199236739  -90.772771195
    0.198907937    0.061538698 1417.531574537  105.552859884  -54.803829762
    0.205873559    0.061538698 1418.094122016   59.012762466  -31.059431761
    0.212839181    0.061538698 1418.394401907   29.493252055  -15.490381157
    0.219804803    0.061538698 1418.537638829   13.468943078   -7.548576283
    0.226770425    0.061538698 1418.595678726    4.150971134   -3.149531238
    0.233736047    0.061538698 1418.611261988    1.308655842   -0.907522205
    0.240701669    0.061538698 1418.616395834   -0.000000000   -0.000000000
    0.247667292    0.061538698 1418.616395834   -0.000000000   -0.000000000
    0.254632914    0.061538698 1418.616395834   -0.000000000   -0.000000000
    0.261598536    0.061538698 1418.616395834   -0.000000000   -0.000000000
    0.268564158    0.061538698 1418.616395834   -0.000000000   -0.000000000
    0.275529780    0.061538698 1418.616395834   -0.000000000   -0.000000000
    0.282495402    0.061538698 1418.616395834   -0.000000000   -0.000000000
    0.289461024    0.061538698 1418.616395834   -0.000000000   -0.000000000
    0.296426646    0.061538698 1418.616395834   -0.000000000   -0.000000000
    0.303392268    0.061538698 1418.616395834   -0.000000000   -0.000000000
    0.310357890    0.061538698 1418.616395834   -0.000000000   -0.000000000
    0.317323512    0.061538698 1418.616395834   -0.000000000   -0.000000000
    0.324289134    0.061538698 1418.616395834   -0.000000000   -0.000000000
    0.331254756    0.061538698 1418.616395834   -0.000000000   -0.000000000
    0.338220378    0.061538698 1418.616395834   -0.000000000   -0.000000000
    0.345186000    0.061538698 1418.616395834   -0.000000000   -0.000000000

   -0.065785700    0.068588069 1418.616395834   -0.000000000   -0.000000000
   -0.058820078    0.068588069 1418.591876729  -10.021879206   -0.305628456
   -0.051854456    0.068588069 1418.439049280  -38.033119878   -0.159612042
   -0.044888834    0.068588069 1418.001874468  -93.456759928    1.531076361
   -0.037923212    0.068588069 1417.021340898 -198.302888995    4.369842934
   -0.030957590    0.068588069 1415.090096653 -368.195130842   12.140170400
   -0.023991968    0.068588069 1411.781855778 -586.542687193   26.109163149
   -0.017026346    0.068588069 1406.926839481 -800.264451401   47.656551693
   -0.010060724    0.068588069 1400.819430726 -930.811361440   77.867332347
   -0.003095102    0.068588069 1394.333445196 -898.716763769  112.940999224
    0.003870520    0.068588069 1388.732886649 -681.661458140  146.104947186
    0.010836142    0.068588069 1385.123295830 -343.733953752  166.073509008
    0.017801764    0.068588069 1383.951253452   -2.310560666  171.584600546
    0.024767386    0.068588069 1384.862079285  242.974745613  163.512615205
    0.031733008    0.068588069 1387.034702287  360.771648400  146.965475363
    0.038698631    0.068588069 1389.686311653  391.281299206  131.232617855
    0.045664253    0.068588069 1392.432908220  398.872880206  121.365980481
    0.052629875    0.068588069 1395.272313644  420.726308531  113.517275997
    0.059595497    0.068588069 1398.322467925  454.407115579  101.577529719
    0.066561119    0.068588069 1401.555460543  467.618472345   84.966662844
    0.073526741    0.068588069 1404.699724411  424.807956914   56.921910308
    0.080492363    0.068588069 1407.345475602  327.328007121   20.151380558
    0.087457985    0.068588069 1409.198817717  198.080637849  -26.706067722
    0.094423607    0.068588069 1410.124337907   70.078041648  -78.126321292
    0.101389229    0.068588069 1410.233245520  -33.456746666 -132.812209395
    0.108354851    0.068588069 1409.758912110  -96.623338556 -184.011448291
    0.115320473    0.068588069 1408.962515889 -127.973019028 -226.937496655
    0.122286095    0.068588069 1408.010854867 -143.003019061 -258.113691886
    0.129251717    0.068588069 1406.989456353 -148.043932292 -279.819812179
    0.136217339    0.068588069 1406.001149337 -130.313470177 -295.103490017
    0.143182961    0.068588069 1405.263822550  -73.580531133 -303.586796317
    0.150148583    0.068588069 1405.089344328   31.059720129 -305.065071715
    0.157114205    0.068588069 1405.758268519  162.933212521 -294.069491322
    0.164079827    0.068588069 1407.328576619  281.683387404 -267.471441415
    0.171045449    0.068588069 1409.554840110  346.393665707 -228.163407806
    0.178011071    0.068588069 1411.988669757  341.989782911 -181.385358607
    0.184976693    0.068588069 1414.196040418  286.273133068 -136.354253177
    0.191942315    0.068588069 1415.923447302  208.802417676  -96.817172180
    0.198907937    0.068588069 1417.111573794  134.678745367  -64.285275505
    0.205873559    0.068588069 1417.843139936   78.695939475  -40.462859797
    0.212839181    0.068588069 1418.255481656   42.603471995  -23.731034619
    0.219804803    0.068588069 1418.469082496   20.526991314  -12.490790732
    0.226770425    0.068588069 1418.565908700    7.270325804   -5.460763852
    0.233736047    0.068588069 1418.599630552    3.217008260   -2.561419804
    0.240701669    0.068588069 1418.614467003    0.984065991   -0.492049026
    0.247667292    0.068588069 1418.616395834   -0.000000000   -0.000000000
    0.254632914    0.068588069 1418.616395834   -0.000000000   -0.000000000
    0.261598536    0.068588069 1418.616395834   -0.000000000   -0.000000000
    0.268564158    0.068588069 1418.616395834   -0.000000000   -0.000000000
    0.275529780    0.068588069 1418.616395834   -0.000000000   -0.000000000
    0.282495402    0.068588069 1418.616395834   -0.000000000   -0.000000000
    0.289461024    0.068588069 1418.616395834   -0.000000000   -0.000000000
    0.296426646    0.068588069 1418.616395834   -0.000000000   -0.000000000
    0.303392268    0.068588069 1418.616395834   -0.000000000   -0.000000000
    0.310357890    0.068588069 1418.616395834   -0.000000000   -0.000000000
    0.317323512    0.068588069 1418.616395834   -0.000000000   -0.000000000
    0.324289134    0.068588069 1418.616395834   -0.000000000   -0.000000000
    0.331254756    0.068588069 1418.616395834   -0.000000000   -0.000000000
    0.338220378    0.068588069 1418.616395834   -0.000000000   -0.000000000
    0.345186000    0.068588069 1418.616395834   -0.000000000   -0.000000000

   -0.065785700    0.075637439 1418.616395834   -0.000000000   -0.000000000
   -0.058820078    0.075637439 1418.590505004  -10.243715551   -0.151096189
   -0.051854456    0.075637439 1418.441612001  -36.908150703    1.022392753
   -0.044888834    0.075637439 1418.019695670  -90.878306709    3.714658996
   -0.037923212    0.075637439 1417.067364934 -191.834592479    9.451909118
   -0.030957590    0.075637439 1415.203266758 -353.537883415   21.068127969
   -0.023991968    0.075637439 1412.032206782 -562.537236107   44.113643940
   -0.017026346    0.075637439 1407.374319823 -768.160381768   79.733552956
   -0.010060724    0.075637439 1401.526674895 -890.111260973  123.160808732
   -0.003095102    0.075637439 1395.336231791 -856.370627394  170.498347171
    0.003870520    0.075637439 1389.995363838 -650.480824650  212.386013736
    0.010836142    0.075637439 1386.544131267 -330.608254078  237.217314781
    0.017801764    0.075637439 1385.399246174   -7.087071046  239.149011424
    0.024767386    0.075637439 1386.231872883  226.257415235  222.528148413
    0.031733008    0.075637439 1388.257085736  338.004031101  196.607371628
    0.038698631    0.075637439 1390.758298434  371.628824506  167.358714981
    0.045664253    0.075637439 1393.377237027  380.427586676  139.023830791
    0.052629875    0.075637439 1396.089941250  401.223649321  109.949322664
    0.059595497    0.075637439 1398.991236711  429.545812847   78.179555949
    0.066561119    0.075637439 1402.023531102  433.734873389   38.332133231
    0.073526741    0.075637439 1404.908594745  384.972154631   -7.327945279
    0.080492363    0.075637439 1407.261872607  282.680847158  -52.306734994
    0.087457985    0.075637439 1408.785947464  151.578377974  -97.730102251
    0.094423607    0.075637439 1409.380297617   21.845412042 -139.471819221
    0.101389229    0.075637439 1409.162348176  -78.967766180 -177.041675239
    0.108354851    0.075637439 1408.398821989 -132.587572910 -202.869615426
    0.115320473    0.075637439 1407.394344567 -152.599333144 -218.784496560
    0.122286095    0.075637439 1406.322482482 -154.402132009 -220.636132320
    0.129251717    0.075637439 1405.248001897 -152.771055097 -211.756778380
    0.136217339    0.075637439 1404.247242831 -130.147732412 -200.139502937
    0.143182961    0.075637439 1403.515411441  -71.576417136 -188.271821476
    0.150148583    0.075637439 1403.363824239   36.738521101 -180.586650759
    0.157114205    0.075637439 1404.095681278  175.488668855 -173.136770962
    0.164079827    0.075637439 1405.783398294  303.038531614 -166.685725749
    0.171045449    0.075637439 1408.186435773  375.291702591 -156.751109193
    0.178011071    0.075637439 1410.842499175  374.629782664 -141.411012030
    0.184976693    0.075637439 1413.284326041  319.727346966 -122.162746912
    0.191942315    0.075637439 1415.234109937  239.306054058  -99.029032796
    0.198907937    0.075637439 1416.622291784  161.139281482  -74.667870964
    0.205873559    0.075637439 1417.518572496   99.350102154  -52.015044543
    0.212839181    0.075637439 1418.055366147   57.688827402  -33.509804099
    0.219804803    0.075637439 1418.358124134   31.432919596  -19.655026198
    0.226770425    0.075637439 1418.510372889   13.209043311  -10.226702477
    0.233736047    0.075637439 1418.575463669    6.521594282   -5.006930777
    0.240701669    0.075637439 1418.604938812    2.780445740   -1.905288674
    0.247667292    0.075637439 1418.616395834   -0.000000000   -0.000000000
    0.254632914    0.075637439 1418.616395834   -0.000000000   -0.000000000
    0.261598536    0.075637439 1418.616395834   -0.000000000   -0.000000000
    0.268564158    0.075637439 1418.616395834   -0.000000000   -0.000000000
    0.275529780    0.075637439 1418.616395834   -0.000000000   -0.000000000
    0.282495402    0.075637439 1418.616395834   -0.000000000   -0.000000000
    0.289461024    0.075637439 1418.616395834   -0.000000000   -0.000000000
    0.296426646    0.075637439 1418.616395834   -0.000000000   -0.000000000
    0.303392268    0.075637439 1418.616395834   -0.000000000   -0.000000000
    0.310357890    0.075637439 1418.616395834   -0.000000000   -0.000000000
    0.317323512    0.075637439 1418.616395834   -0.000000000   -0.000000000
    0.324289134    0.075637439 1418.616395834   -0.000000000   -0.000000000
    0.331254756    0.075637439 1418.616395834   -0.000000000   -0.000000000
    0.338220378    0.075637439 1418.616395834   -0.000000000   -0.000000000
    0.345186000    0.075637439 1418.616395834   -0.000000000   -0.000000000

   -0.065785700    0.082686810 1418.616395834   -0.000000000   -0.000000000
   -0.058820078    0.082686810 1418.591669451  -10.051288530    0.470761655
   -0.051854456    0.082686810 1418.449954935  -34.200371175    1.474348280
   -0.044888834    0.082686810 1418.052284234  -85.775194313    5.297199245
   -0.037923212    0.082686810 1417.154068568 -181.456104135   14.833880916
   -0.030957590    0.082686810 1415.393710061 -332.891696052   32.914542610
   -0.023991968    0.082686810 1412.410011580 -528.737719988   62.598692109
   -0.017026346    0.082686810 1408.035796551 -720.264501823  107.774985206
   -0.010060724    0.082686810 1402.551474629 -834.754585415  165.119281879
   -0.003095102    0.082686810 1396.746234474 -804.458728326  227.335401889
    0.003870520    0.082686810 1391.725008269 -613.206670249  277.133595564
    0.010836142    0.082686810 1388.451666609 -317.635217260  302.891377832
    0.017801764    0.082686810 1387.306859773  -19.004285766  299.650655660
    0.024767386    0.082686810 1387.976106337  192.837311385  268.209023234
    0.031733008    0.082686810 1389.747766701  299.622168910  223.859348215
    0.038698631    0.082686810 1391.970409427  331.047533584  171.275291090
    0.045664253    0.082686810 1394.310530596  340.078654701  122.319607703
    0.052629875    0.082686810 1396.735338224  358.759487438   68.152339819
    0.059595497    0.082686810 1399.320081816  381.395879754    9.705233352
    0.066561119    0.082686810 1401.990688667  378.122037464  -53.636771360
    0.073526741    0.082686810 1404.501598491  333.067256076 -113.029051141
    0.080492363    0.082686810 1406.510022123  234.979121424 -164.809200806
    0.087457985    0.082686810 1407.732343506  112.812562918 -206.100869720
    0.094423607    0.082686810 1408.089735245   -7.342072187 -229.447129831
    0.101389229    0.082686810 1407.708881020  -95.404116126 -239.103871273
    0.108354851    0.082686810 1406.866146676 -137.508238332 -234.420359258
    0.115320473    0.082686810 1405.871455407 -143.493293985 -216.220037925
    0.122286095    0.082686810 1404.905166444 -133.706615249 -184.675993426
    0.129251717    0.082686810 1404.001532413 -124.883544139 -144.801161234
    0.136217339    0.082686810 1403.189800100 -104.967035520 -103.781455475
    0.143182961    0.082686810 1402.616378273  -52.769592037  -71.630937538
    0.150148583    0.082686810 1402.560876387   44.255278576  -51.723520336
    0.157114205    0.082686810 1403.323013388  176.889352263  -49.072232874
    0.164079827    0.082686810 1404.996693523  297.897738213  -59.037920220
    0.171045449    0.082686810 1407.360241873  370.306841662  -78.285553613
    0.178011071    0.082686810 1409.999927715  376.788659769  -97.418270415
    0.184976693    0.082686810 1412.481234946  328.644366280 -106.273630313
    0.191942315    0.082686810 1414.526987492  256.815488850 -103.481534708
    0.198907937    0.082686810 1416.050369028  182.473861382  -88.326622156
    0.205873559    0.082686810 1417.098977484  121.333053156  -67.751579412
    0.212839181    0.082686810 1417.776533222   75.592005702  -46.013892861
    0.219804803    0.082686810 1418.188806573   44.815673365  -28.746952537
    0.226770425    0.082686810 1418.418566812   21.753149211  -16.188686276
    0.233736047    0.082686810 1418.529750323   11.509472450   -8.115735628
    0.240701669    0.082686810 1418.587377892    5.584285026   -3.645884748
    0.247667292    0.082686810 1418.610996035    2.129481254   -1.254723927
    0.254632914    0.082686810 1418.616395834   -0.000000000   -0.000000000
    0.261598536    0.082686810 1418.616395834   -0.000000000   -0.000000000
    0.268564158    0.082686810 1418.616395834   -0.000000000   -0.000000000
    0.275529780    0.082686810 1418.616395834   -0.000000000   -0.000000000
    0.282495402    0.082686810 1418.616395834   -0.000000000   -0.000000000
    0.289461024    0.082686810 1418.616395834   -0.000000000   -0.000000000
    0.296426646    0.082686810 1418.616395834   -0.000000000   -0.000000000
    0.303392268    0.082686810 1418.616395834   -0.000000000   -0.000000000
    0.310357890    0.082686810 1418.616395834   -0.000000000   -0.000000000
    0.317323512    0.082686810 1418.616395834   -0.000000000   -0.000000000
    0.324289134    0.082686810 1418.616395834   -0.000000000   -0.000000000
    0.331254756    0.082686810 1418.616395834   -0.000000000   -0.000000000
    0.338220378    0.082686810 1418.616395834   -0.000000000   -0.000000000
    0.345186000    0.082686810 1418.616395834   -0.000000000   -0.000000000

   -0.065785700    0.089736180 1418.616395834   -0.000000000   -0.000000000
   -0.058820078    0.089736180 1418.594428875   -8.819528625    0.330985844
   -0.051854456    0.089736180 1418.464387733  -30.687109066    1.521128745
   -0.044888834    0.089736180 1418.096397360  -78.592707096    7.193910559
   -0.037923212    0.089736180 1417.273980664 -166.201851246   18.320349560
   -0.030957590    0.089736180 1415.655457823 -306.835202149   40.738766913
   -0.023991968    0.089736180 1412.909140696 -486.540837458   78.422068804
   -0.017026346    0.089736180 1408.887686266 -661.991132607  132.932300139
   -0.010060724    0.089736180 1403.850431583 -767.601221585  201.480630537
   -0.003095102    0.089736180 1398.510971693 -740.480180975  270.342253272
    0.003870520    0.089736180 1393.864827603 -570.628376568  328.041740162
    0.010836142    0.089736180 1390.780530656 -306.733672181  356.400137210
    0.017801764    0.089736180 1389.591824814  -41.912952618  348.057593950
    0.024767386    0.089736180 1390.004546362  145.413465849  308.177980245
    0.031733008    0.089736180 1391.395726666  239.540659490  247.446073968
    0.038698631    0.089736180 1393.190180747  268.995799347  177.992924460
    0.045664253    0.089736180 1395.087458872  275.083959099  103.015631328
    0.052629875    0.089736180 1397.047656790  290.089920514   26.369154711
    0.059595497    0.089736180 1399.130978483  306.581646242  -57.803073075
    0.066561119    0.089736180 1401.288258808  307.491122901 -139.912594535
    0.073526741    0.089736180 1403.317119166  268.308753578 -217.026363675
    0.080492363    0.089736180 1404.929103987  187.422492066 -277.252537988
    0.087457985    0.089736180 1405.889090514   86.220731096 -314.659256406
    0.094423607    0.089736180 1406.125958646  -14.273135673 -324.779991510
    0.101389229    0.089736180 1405.758044448  -83.947718779 -313.632541778
    0.108354851    0.089736180 1405.053277459 -111.446512639 -282.342518972
    0.115320473    0.089736180 1404.290466712 -102.841409879 -237.050996816
    0.122286095    0.089736180 1403.644159615  -83.068397931 -178.657423723
    0.129251717    0.089736180 1403.120003303  -69.125039416 -114.306673240
    0.136217339    0.089736180 1402.682001061  -54.460364552  -49.187949305
    0.143182961    0.089736180 1402.406134608  -18.445778418   -1.552984412
    0.150148583    0.089736180 1402.505596469   52.579867511   14.945409905
    0.157114205    0.089736180 1403.230956513  159.461988722    4.779585007
    0.164079827    0.089736180 1404.723154583  265.962888177  -33.561826515
    0.171045449    0.089736180 1406.844824320  335.396161214  -77.708553798
    0.178011071    0.089736180 1409.268643066  352.585377452 -120.240390676
    0.184976693    0.089736180 1411.630803400  319.569167466 -154.409678408
    0.191942315    0.089736180 1413.669246461  264.575106823 -162.298889636
    0.198907937    0.089736180 1415.302896486  204.001803403 -145.414897208
    0.205873559    0.089736180 1416.516984001  148.274256763 -110.904675733
    0.212839181    0.089736180 1417.378640138  100.180057170  -71.557387023
    0.219804803    0.089736180 1417.944992284   64.479337746  -46.724013829
    0.226770425    0.089736180 1418.279949110   33.441234987  -23.193983804
    0.233736047    0.089736180 1418.459353030   18.911588480  -11.919159783
    0.240701669    0.089736180 1418.555351415    9.460180293   -5.476494894
    0.247667292    0.089736180 1418.600027194    3.604061163   -1.865752751
    0.254632914    0.089736180 1418.613841561    1.114203431   -0.656328179
    0.261598536    0.089736180 1418.616395834   -0.000000000   -0.000000000
    0.268564158    0.089736180 1418.616395834   -0.000000000   -0.000000000
    0.275529780    0.089736180 1418.616395834   -0.000000000   -0.000000000
    0.282495402    0.089736180 1418.616395834   -0.000000000   -0.000000000
    0.289461024    0.089736180 1418.616395834   -0.000000000   -0.000000000
    0.296426646    0.089736180 1418.616395834   -0.000000000   -0.000000000
    0.303392268    0.089736180 1418.616395834   -0.000000000   -0.000000000
    0.310357890    0.089736180 1418.616395834   -0.000000000   -0.000000000
    0.317323512    0.089736180 1418.616395834   -0.000000000   -0.000000000
    0.324289134    0.089736180 1418.616395834   -0.000000000   -0.000000000
    0.331254756    0.089736180 1418.616395834   -0.000000000   -0.000000000
    0.338220378    0.089736180 1418.616395834   -0.000000000   -0.000000000
    0.345186000    0.089736180 1418.616395834   -0.000000000   -0.000000000

   -0.065785700    0.096785551 1418.616395834   -0.000000000   -0.000000000
   -0.058820078    0.096785551 1418.597994255   -7.460042492    0.590330946
   -0.051854456    0.096785551 1418.479838775  -28.411038977    2.802792636
   -0.044888834    0.096785551 1418.155012064  -71.383589165    8.862917314
   -0.037923212    0.096785551 1417.412107327 -149.502533274   20.299642633
   -0.030957590    0.096785551 1415.960674524 -274.552157198   45.406965495
   -0.023991968    0.096785551 1413.493355028 -436.572616293   85.352309965
   -0.017026346    0.096785551 1409.878662850 -595.175789164  146.104756727
   -0.010060724    0.096785551 1405.347190141 -689.801776705  220.996215928
   -0.003095102    0.096785551 1400.534237040 -670.099918444  299.848685145
    0.003870520    0.096785551 1396.320698842 -521.574521639  364.875076150
    0.010836142    0.096785551 1393.452180968 -294.565328010  398.934721759
    0.017801764    0.096785551 1392.214483450  -69.145764771  395.311418782
    0.024767386    0.096785551 1392.342739007   91.458335090  356.778947830
    0.031733008    0.096785551 1393.289615063  168.168763641  293.333559935
    0.038698631    0.096785551 1394.549970841  188.014534835  213.665321141
    0.045664253    0.096785551 1395.868392854  190.071050538  126.311286540
    0.052629875    0.096785551 1397.218983879  199.436694595   32.643529017
    0.059595497    0.096785551 1398.649199333  211.371494716  -68.004603915
    0.066561119    0.096785551 1400.148610475  214.766014839 -171.217195248
    0.073526741    0.096785551 1401.574379459  188.969379650 -265.397690740
    0.080492363    0.096785551 1402.711824335  133.138132798 -339.878027705
    0.087457985    0.096785551 1403.393512322   60.946539891 -384.232193855
    0.094423607    0.096785551 1403.562434855  -10.880515532 -395.289649482
    0.101389229    0.096785551 1403.307728098  -56.778619808 -378.267261777
    0.108354851    0.096785551 1402.856559784  -65.777659135 -340.515183150
    0.115320473    0.096785551 1402.463475162  -42.867207880 -285.408544191
    0.122286095    0.096785551 1402.269796579  -12.354575869 -218.441656922
    0.129251717    0.096785551 1402.243991820    1.686302196 -147.835853140
    0.136217339    0.096785551 1402.275036901    0.263368966  -89.035964526
    0.143182961    0.096785551 1402.279327775    4.865749691  -59.650608229
    0.150148583    0.096785551 1402.425785061   36.982073601  -85.323559572
    0.157114205    0.096785551 1402.888745935  102.092432264 -152.572714699
    0.164079827    0.096785551 1403.868688358  179.691179144 -280.495651928
    0.171045449    0.096785551 1405.361402709  245.830373128 -412.089346322
    0.178011071    0.096785551 1407.260521345  290.770674395 -499.351521341
    0.184976693    0.096785551 1409.343169357  302.344692137 -540.636350613
    0.191942315    0.096785551 1411.434899937  294.922406590 -524.286801022
    0.198907937    0.096785551 1413.380612641  259.691611098 -439.547949450
    0.205873559    0.096785551 1415.053503307  219.177078428 -356.430020903
    0.212839181    0.096785551 1416.366749880  159.805550558 -232.199440737
    0.219804803    0.096785551 1417.309003501  115.337231554 -157.340594940
    0.226770425    0.096785551 1417.948910144   70.638128260  -86.849859675
    0.233736047    0.096785551 1418.327653106   36.532570866  -32.327864634
    0.240701669    0.096785551 1418.510334876   14.800614248   -7.221942794
    0.247667292    0.096785551 1418.582313525    6.712822331   -2.999730028
    0.254632914    0.096785551 1418.608302564    1.929616002   -0.905650248
    0.261598536    0.096785551 1418.616395834   -0.000000000   -0.000000000
    0.268564158    0.096785551 1418.616395834   -0.000000000   -0.000000000
    0.275529780    0.096785551 1418.616395834   -0.000000000   -0.000000000
    0.282495402    0.096785551 1418.616395834   -0.000000000   -0.000000000
    0.289461024    0.096785551 1418.616395834   -0.000000000   -0.000000000
    0.296426646    0.096785551 1418.616395834   -0.000000000   -0.000000000
    0.303392268    0.096785551 1418.616395834   -0.000000000   -0.000000000
    0.310357890    0.096785551 1418.616395834   -0.000000000   -0.000000000
    0.317323512    0.096785551 1418.616395834   -0.000000000   -0.000000000
    0.324289134    0.096785551 1418.616395834   -0.000000000   -0.000000000
    0.331254756    0.096785551 1418.616395834   -0.000000000   -0.000000000
    0.338220378    0.096785551 1418.616395834   -0.000000000   -0.000000000
    0.345186000    0.096785551 1418.616395834   -0.000000000   -0.000000000

   -0.065785700    0.103834921 1418.616395834   -0.000000000   -0.000000000
   -0.058820078    0.103834921 1418.601539459   -4.660008293    0.295238513
   -0.051854456    0.103834921 1418.500704317  -25.330351462    2.869511901
   -0.044888834    0.103834921 1418.212979112  -61.892159254    7.607760746
   -0.037923212    0.103834921 1417.560372870 -131.531076629   21.252037561
   -0.030957590    0.103834921 1416.275261880 -243.705800357   43.438180983
   -0.023991968    0.103834921 1414.097405728 -385.396753826   83.560377026
   -0.017026346    0.103834921 1410.913282003 -524.213147298  144.389210167
   -0.010060724    0.103834921 1406.922792570 -608.215649612  221.497663939
   -0.003095102    0.103834921 1402.676731706 -591.854324480  301.745056814
    0.003870520    0.103834921 1398.933939399 -466.301031831  371.945307375
    0.010836142    0.103834921 1396.342936352 -272.276942450  416.856855398
    0.017801764    0.103834921 1395.123356461  -84.612105679  427.152688182
    0.024767386    0.103834921 1395.027078900   44.309308220  402.652190655
    0.031733008    0.103834921 1395.561967964   98.343732040  351.535309699
    0.038698631    0.103834921 1396.282729170  103.938329498  280.429472170
    0.045664253    0.103834921 1396.977271368   96.247602931  194.607150582
    0.052629875    0.103834921 1397.645021449   95.118112667   95.572656613
    0.059595497    0.103834921 1398.329787591  102.062315677  -12.707291622
    0.066561119    0.103834921 1399.055036715  105.838476715 -125.929701544
    0.073526741    0.103834921 1399.767229215   94.749463352 -234.299609624
    0.080492363    0.103834921 1400.324784891   64.464913948 -322.626479617
    0.087457985    0.103834921 1400.641485436   24.879245792 -383.334269428
    0.094423607    0.103834921 1400.665636128  -15.147000174 -415.728905759
    0.101389229    0.103834921 1400.476853923  -33.872665396 -416.052494139
    0.108354851    0.103834921 1400.258225786  -22.374718584 -394.608025301
    0.115320473    0.103834921 1400.216810148   15.314646967 -352.172212542
    0.122286095    0.103834921 1400.457090983   53.534811178 -298.837471943
    0.129251717    0.103834921 1400.853077362   51.114673664 -270.312953454
    0.136217339    0.103834921 1401.116398838   16.529938237 -268.805833537
    0.143182961    0.103834921 1401.021213092  -45.758399069 -364.814424381
    0.150148583    0.103834921 1400.578005558  -82.821020728 -522.438418485
    0.157114205    0.103834921 1400.059974126  -61.884212432 -716.997879405
    0.164079827    0.103834921 1399.846117684    3.030317982 -954.484416740
    0.171045449    0.103834921 1400.194277725   99.841130252 -1158.206394694
    0.178011071    0.103834921 1401.266325915  209.264603403 -1301.227474590
    0.184976693    0.103834921 1403.067694481  303.050278411 -1355.658600466
    0.191942315    0.103834921 1405.462688787  376.653011654 -1278.332436253
    0.198907937    0.103834921 1408.215973006  405.321514218 -1105.592885458
    0.205873559    0.103834921 1410.981908071  378.931209495 -887.705404002
    0.212839181    0.103834921 1413.417857541  318.879907764 -671.489394342
    0.219804803    0.103834921 1415.387016522  242.304104636 -452.087973699
    0.226770425    0.103834921 1416.761388384  160.129547671 -281.411284401
    0.233736047    0.103834921 1417.655781633  105.124297585 -172.593918067
    0.240701669    0.103834921 1418.236551550   64.802814811  -99.839993465
    0.247667292    0.103834921 1418.517167830   20.748760189  -26.520778973
    0.254632914    0.103834921 1418.601361941    2.951366378   -1.031881689
    0.261598536    0.103834921 1418.614643176    1.114036637   -0.348298194
    0.268564158    0.103834921 1418.616395834   -0.000000000   -0.000000000
    0.275529780    0.103834921 1418.616395834   -0.000000000   -0.000000000
    0.282495402    0.103834921 1418.616395834   -0.000000000   -0.000000000
    0.289461024    0.103834921 1418.616395834   -0.000000000   -0.000000000
    0.296426646    0.103834921 1418.616395834   -0.000000000   -0.000000000
    0.303392268    0.103834921 1418.616395834   -0.000000000   -0.000000000
    0.310357890    0.103834921 1418.616395834   -0.000000000   -0.000000000
    0.317323512    0.103834921 1418.616395834   -0.000000000   -0.000000000
    0.324289134    0.103834921 1418.616395834   -0.000000000   -0.000000000
    0.331254756    0.103834921 1418.616395834   -0.000000000   -0.000000000
    0.338220378    0.103834921 1418.616395834   -0.000000000   -0.000000000
    0.345186000    0.103834921 1418.616395834   -0.000000000   -0.000000000

   -0.065785700    0.110884292 1418.616395834   -0.000000000   -0.000000000
   -0.058820078    0.110884292 1418.603516309   -5.103834762    0.449859573
   -0.051854456    0.110884292 1418.518727563  -22.030341283    1.944589633
   -0.044888834    0.110884292 1418.264427425  -54.391588017    6.983393178
   -0.037923212    0.110884292 1417.690595544 -115.829392126   15.953462634
   -0.030957590    0.110884292 1416.563928384 -214.524364197   37.245225365
   -0.023991968    0.110884292 1414.651931387 -337.233267242   70.622826415
   -0.017026346    0.110884292 1411.864213744 -458.028254112  122.763959067
   -0.010060724    0.110884292 1408.387690082 -529.084643377  190.312591735
   -0.003095102    0.110884292 1404.703065852 -512.903152127  265.964100299
    0.003870520    0.110884292 1401.465020073 -402.960154776  338.454324474
    0.010836142    0.110884292 1399.224625276 -236.479507324  392.714917478
    0.017801764    0.110884292 1398.143604388  -81.184832602  422.098162294
    0.024767386    0.110884292 1397.956715599   15.851124365  420.372373340
    0.031733008    0.110884292 1398.207655371   46.240388155  393.679165668
    0.038698631    0.110884292 1398.496236873   32.494555620  342.767083587
    0.045664253    0.110884292 1398.638584860    8.503530553  272.966918627
    0.052629875    0.110884292 1398.629621539   -8.650224550  183.541291772
    0.059595497    0.110884292 1398.564044105   -8.480819456   82.588744720
    0.066561119    0.110884292 1398.504498920   -9.029191739  -25.005608361
    0.073526741    0.110884292 1398.441479622  -10.127940948 -132.855819205
    0.080492363    0.110884292 1398.337995922  -20.346310706 -231.152915095
    0.087457985    0.110884292 1398.150361983  -35.329241812 -311.530186279
    0.094423607    0.110884292 1397.863809507  -45.849256028 -368.916871046
    0.101389229    0.110884292 1397.547359523  -40.440704539 -407.038012927
    0.108354851    0.110884292 1397.367564899   -5.063207292 -419.655228968
    0.115320473    0.110884292 1397.500729699   44.370540398 -417.305142704
    0.122286095    0.110884292 1397.902783855   62.633464975 -435.071716787
    0.129251717    0.110884292 1398.183273224    7.206838000 -516.936961603
    0.136217339    0.110884292 1397.859976118 -108.039042078 -681.149767083
    0.143182961    0.110884292 1396.550472880 -262.972770957 -973.094315838
    0.150148583    0.110884292 1394.312380185 -378.251635863 -1355.323619483
    0.157114205    0.110884292 1391.491382092 -417.512202155 -1840.493710633
    0.164079827    0.110884292 1388.726707805 -348.613350178 -2361.457308673
    0.171045449    0.110884292 1386.894431265 -159.578739639 -2780.655623117
    0.178011071    0.110884292 1386.646230040   99.210818833 -3017.925089511
    0.184976693    0.110884292 1388.305068834  370.729348428 -3023.851145938
    0.191942315    0.110884292 1391.597771850  563.295909154 -2845.390116009
    0.198907937    0.110884292 1396.031383365  692.615344345 -2506.634847470
    0.205873559    0.110884292 1400.990444081  717.909756302 -2061.231752732
    0.212839181    0.110884292 1405.832261279  658.167305959 -1589.502258178
    0.219804803    0.110884292 1410.011773997  528.273784725 -1143.333905924
    0.226770425    0.110884292 1413.259371041  394.263700000 -770.963611798
    0.233736047    0.110884292 1415.530598128  260.327852425 -486.345692356
    0.240701669    0.110884292 1416.997977011  167.621653894 -294.767986482
    0.247667292    0.110884292 1417.932480179   97.113603146 -155.601811443
    0.254632914    0.110884292 1418.404371245   42.768832088  -63.150489575
    0.261598536    0.110884292 1418.580664179    6.964692878  -10.508257595
    0.268564158    0.110884292 1418.616353858    3.609459897   -5.527515028
    0.275529780    0.110884292 1418.616395834   -0.000000000   -0.000000000
    0.282495402    0.110884292 1418.616395834   -0.000000000   -0.000000000
    0.289461024    0.110884292 1418.616395834   -0.000000000   -0.000000000
    0.296426646    0.110884292 1418.616395834   -0.000000000   -0.000000000
    0.303392268    0.110884292 1418.616395834   -0.000000000   -0.000000000
    0.310357890    0.110884292 1418.616395834   -0.000000000   -0.000000000
    0.317323512    0.110884292 1418.616395834   -0.000000000   -0.000000000
    0.324289134    0.110884292 1418.616395834   -0.000000000   -0.000000000
    0.331254756    0.110884292 1418.616395834   -0.000000000   -0.000000000
    0.338220378    0.110884292 1418.616395834   -0.000000000   -0.000000000
    0.345186000    0.110884292 1418.616395834   -0.000000000   -0.000000000

   -0.065785700    0.117933662 1418.616395834   -0.000000000   -0.000000000
   -0.058820078    0.117933662 1418.606719402   -4.646870216    0.092727057
   -0.051854456    0.117933662 1418.529141915  -18.445710287    0.689893901
   -0.044888834    0.117933662 1418.302057234  -49.447263758    3.143996069
   -0.037923212    0.117933662 1417.780590322 -104.151864572    9.964146021
   -0.030957590    0.117933662 1416.774459473 -190.427819043   21.733667322
   -0.023991968    0.117933662 1415.069526014 -300.121896601   45.571434662
   -0.017026346    0.117933662 1412.599791885 -404.340586736   82.799335947
   -0.010060724    0.117933662 1409.544303656 -462.526295733  133.470804848
   -0.003095102    0.117933662 1406.342521850 -442.012001926  193.893611423
    0.003870520    0.117933662 1403.591707832 -336.758103246  257.893823787
    0.010836142    0.117933662 1401.757285161 -187.378221695  316.994983701
    0.017801764    0.117933662 1400.936722211  -56.295422686  361.275874917
    0.024767386    0.117933662 1400.833699634   15.399874452  384.511964350
    0.031733008    0.117933662 1400.989625312   20.001335255  385.333996811
    0.038698631    0.117933662 1401.008071866  -18.336732770  358.957194858
    0.045664253    0.117933662 1400.723035932  -63.336659666  309.426916931
    0.052629875    0.117933662 1400.166268629  -93.436329503  245.147147444
    0.059595497    0.117933662 1399.461972887 -106.504250873  166.245166316
    0.066561119    0.117933662 1398.708148611 -108.990567041   79.185901752
    0.073526741    0.117933662 1397.938822366 -110.956862896   -9.606890840
    0.080492363    0.117933662 1397.159482056 -113.123791252 -102.330965862
    0.087457985    0.117933662 1396.362289904 -116.586086898 -193.281773659
    0.094423607    0.117933662 1395.558289657 -112.126736974 -279.402760200
    0.101389229    0.117933662 1394.854294179  -85.165685846 -349.863191295
    0.108354851    0.117933662 1394.428420655  -34.775758962 -410.655378544
    0.115320473    0.117933662 1394.296594003   -1.932831802 -488.298903664
    0.122286095    0.117933662 1394.119160001  -54.690365432 -640.574418016
    0.129251717    0.117933662 1393.225263338 -213.498369719 -915.334261433
    0.136217339    0.117933662 1390.844127289 -479.330321005 -1348.518704644
    0.143182961    0.117933662 1386.482811491 -783.429851202 -1976.367101028
    0.150148583    0.117933662 1379.980557217 -1072.795036837 -2853.145983562
    0.157114205    0.117933662 1371.936995307 -1198.138398730 -3887.639026590
    0.164079827    0.117933662 1363.957585539 -1043.171622445 -4879.395904175
    0.171045449    0.117933662 1357.954423301 -638.649468795 -5663.542276844
    0.178011071    0.117933662 1355.401210676  -82.119201959 -6119.080040964
    0.184976693    0.117933662 1356.880963937  503.653829755 -6149.742090913
    0.191942315    0.117933662 1362.139924346  979.916429693 -5748.595854449
    0.198907937    0.117933662 1370.174852916 1287.225843158 -5069.643241725
    0.205873559    0.117933662 1379.559953385 1386.311818857 -4228.661710766
    0.212839181    0.117933662 1389.066983868 1321.732652667 -3357.641753254
    0.219804803    0.117933662 1397.668396320 1128.915011018 -2507.283884636
    0.226770425    0.117933662 1404.673865251  873.744963921 -1756.504780962
    0.233736047    0.117933662 1409.968465261  646.614172915 -1193.111145952
    0.240701669    0.117933662 1413.602213703  413.109201062 -732.151363289
    0.247667292    0.117933662 1415.946677688  267.821474821 -442.305957528
    0.254632914    0.117933662 1417.391269135  158.508174990 -246.105429390
    0.261598536    0.117933662 1418.164694519   69.442547522 -113.746551446
    0.268564158    0.117933662 1418.518390584   27.580851666  -48.746774129
    0.275529780    0.117933662 1418.605872655    5.455306948   -6.235829840
    0.282495402    0.117933662 1418.616395834   -0.000000000   -0.000000000
    0.289461024    0.117933662 1418.616395834   -0.000000000   -0.000000000
    0.296426646    0.117933662 1418.616395834   -0.000000000   -0.000000000
    0.303392268    0.117933662 1418.616395834   -0.000000000   -0.000000000
    0.310357890    0.117933662 1418.616395834   -0.000000000   -0.000000000
    0.317323512    0.117933662 1418.616395834   -0.000000000   -0.000000000
    0.324289134    0.117933662 1418.616395834   -0.000000000   -0.000000000
    0.331254756    0.117933662 1418.616395834   -0.000000000   -0.000000000
    0.338220378    0.117933662 1418.616395834   -0.000000000   -0.000000000
    0.345186000    0.117933662 1418.616395834   -0.000000000   -0.000000000

   -0.065785700    0.124983033 1418.616395834   -0.000000000   -0.000000000
   -0.058820078    0.124983033 1418.605292458   -4.985639490   -0.380596470
   -0.051854456    0.124983033 1418.532444566  -19.395501500   -0.259058597
   -0.044888834    0.124983033 1418.315889793  -46.335900560    0.047023053
   -0.037923212    0.124983033 1417.823461737  -98.464392478    1.503580427
   -0.030957590    0.124983033 1416.873073658 -178.764455745    6.539259946
   -0.023991968    0.124983033 1415.285169793 -278.714425260   15.515838709
   -0.017026346    0.124983033 1413.006508855 -371.206267954   32.721615256
   -0.010060724    0.124983033 1410.226727166 -417.475329294   58.839104718
   -0.003095102    0.124983033 1407.377092958 -386.669562861   97.137598108
    0.003870520    0.124983033 1405.023859003 -278.069637212  145.697780303
    0.010836142    0.124983033 1403.592049967 -132.144238978  198.975931345
    0.017801764    0.124983033 1403.116825732  -14.168761435  250.691197388
    0.024767386    0.124983033 1403.242928556   37.674182649  289.615306861
    0.031733008    0.124983033 1403.474957368   18.750776490  311.689094206
    0.038698631    0.124983033 1403.401354649  -43.327767867  310.874049219
    0.045664253    0.124983033 1402.870532106 -107.734524983  289.096132209
    0.052629875    0.124983033 1401.947389846 -154.220460252  249.764046588
    0.059595497    0.124983033 1400.792360515 -174.583766176  201.192682485
    0.066561119    0.124983033 1399.534682704 -184.436956941  146.084143580
    0.073526741    0.124983033 1398.227563340 -193.160117774   83.220762170
    0.080492363    0.124983033 1396.851426932 -201.444156274   10.140590823
    0.087457985    0.124983033 1395.419982568 -209.005924782  -77.545076937
    0.094423607    0.124983033 1393.975568755 -202.528188232 -171.701492481
    0.101389229    0.124983033 1392.661613186 -167.108403395 -267.209655982
    0.108354851    0.124983033 1391.575517278 -148.714720441 -397.393500958
    0.115320473    0.124983033 1390.482235751 -193.767273236 -598.021056633
    0.122286095    0.124983033 1388.580163428 -373.726068927 -941.346270270
    0.129251717    0.124983033 1384.866651431 -721.804716561 -1482.411515798
    0.136217339    0.124983033 1378.102139152 -1241.959687484 -2335.198250675
    0.143182961    0.124983033 1367.194722455 -1891.542265855 -3602.570665054
    0.150148583    0.124983033 1352.017324144 -2431.521138748 -5218.879379845
    0.157114205    0.124983033 1334.216591170 -2604.265754685 -6998.420313597
    0.164079827    0.124983033 1316.803838750 -2304.709919230 -8723.501254652
    0.171045449    0.124983033 1303.259454552 -1512.575887781 -10107.847774081
    0.178011071    0.124983033 1296.475843186 -406.175008284 -10879.529580222
    0.184976693    0.124983033 1297.791106886  763.987447201 -10893.837090023
    0.191942315    0.124983033 1306.658931874 1727.521800800 -10244.109643285
    0.198907937    0.124983033 1320.998192050 2330.514095902 -9140.169366752
    0.205873559    0.124983033 1338.244077358 2557.086404465 -7727.523072143
    0.212839181    0.124983033 1355.937838797 2490.399934143 -6236.394772828
    0.219804803    0.124983033 1372.420271788 2206.747908243 -4826.164378819
    0.226770425    0.124983033 1386.443701587 1801.777673104 -3565.294683953
    0.233736047    0.124983033 1397.376263164 1352.940901526 -2500.180474857
    0.240701669    0.124983033 1405.428085312  956.000068211 -1669.910604732
    0.247667292    0.124983033 1410.886721649  628.930507840 -1051.927374019
    0.254632914    0.124983033 1414.445401880  398.648621176 -635.875355552
    0.261598536    0.124983033 1416.631257007  228.996051287 -353.452137656
    0.268564158    0.124983033 1417.791615324  113.910133879 -173.013800368
    0.275529780    0.124983033 1418.355287967   49.790701971  -77.025447535
    0.282495402    0.124983033 1418.561192896   18.118517619  -26.586350749
    0.289461024    0.124983033 1418.616395834   -0.000000000   -0.000000000
    0.296426646    0.124983033 1418.616395834   -0.000000000   -0.000000000
    0.303392268    0.124983033 1418.616395834   -0.000000000   -0.000000000
    0.310357890    0.124983033 1418.616395834   -0.000000000   -0.000000000
    0.317323512    0.124983033 1418.616395834   -0.000000000   -0.000000000
    0.324289134    0.124983033 1418.616395834   -0.000000000   -0.000000000
    0.331254756    0.124983033 1418.616395834   -0.000000000   -0.000000000
    0.338220378    0.124983033 1418.616395834   -0.000000000   -0.000000000
    0.345186000    0.124983033 1418.616395834   -0.000000000   -0.000000000

   -0.065785700    0.132032403 1418.616395834   -0.000000000   -0.000000000
   -0.058820078    0.132032403 1418.602958213   -5.368500799   -0.261719957
   -0.051854456    0.132032403 1418.527183402  -18.831692182   -1.193433391
   -0.044888834    0.132032403 1418.305691852  -47.673419736   -2.266577926
   -0.037923212    0.132032403 1417.814235464  -98.235412606   -4.482629507
   -0.030957590    0.132032403 1416.870405739 -176.715703954   -6.452594673
   -0.023991968    0.132032403 1415.305941846 -274.098424354   -7.799742447
   -0.017026346    0.132032403 1413.080825819 -360.137185752   -8.145074548
   -0.010060724    0.132032403 1410.403657617 -397.087706639   -4.308260452
   -0.003095102    0.132032403 1407.738013176 -354.015772265   10.469772701
    0.003870520    0.132032403 1405.653873012 -233.773287007   39.010218884
    0.010836142    0.132032403 1404.557108161  -82.300981373   79.063595846
    0.017801764    0.132032403 1404.437854425   36.027537195  128.840137104
    0.024767386    0.132032403 1404.881118240   77.305371399  175.896722198
    0.031733008    0.132032403 1405.322251118   38.944350990  209.624927257
    0.038698631    0.132032403 1405.308503061  -45.232933756  226.105683123
    0.045664253    0.132032403 1404.692437176 -129.292043165  224.356734713
    0.052629875    0.132032403 1403.581639701 -185.393163859  208.108473255
    0.059595497    0.132032403 1402.177418505 -213.047491158  186.987408548
    0.066561119    0.132032403 1400.644618202 -227.840246890  161.580783337
    0.073526741    0.132032403 1399.002780352 -244.957319152  128.752147595
    0.080492363    0.132032403 1397.195965724 -274.198590381   79.050720334
    0.087457985    0.132032403 1395.206958834 -295.872560904   11.233622779
    0.094423607    0.132032403 1393.112185890 -301.541193531  -76.317059351
    0.101389229    0.132032403 1391.025927346 -302.910658697 -201.525160238
    0.108354851    0.132032403 1388.817395592 -359.076533601 -411.249806643
    0.115320473    0.132032403 1385.708921015 -549.360486387 -754.879829795
    0.122286095    0.132032403 1380.649092151 -960.155531989 -1344.931267207
    0.129251717    0.132032403 1371.672083587 -1668.719882181 -2317.050530714
    0.136217339    0.132032403 1356.754730108 -2668.214168218 -3789.441598131
    0.143182961    0.132032403 1334.277822809 -3785.439349784 -5830.639294280
    0.150148583    0.132032403 1304.630125999 -4651.485147681 -8347.535762555
    0.157114205    0.132032403 1270.787894531 -4941.183087021 -11141.679478142
    0.164079827    0.132032403 1237.938174660 -4344.025726174 -13780.402989336
    0.171045449    0.132032403 1212.304303132 -2893.895286626 -15809.634877679
    0.178011071    0.132032403 1198.915858387 -903.913942040 -16962.715278884
    0.184976693    0.132032403 1199.909975673 1155.525073449 -17036.752159258
    0.191942315    0.132032403 1214.147445618 2844.455247669 -16141.924938347
    0.198907937    0.132032403 1238.140393770 3935.635077257 -14532.339767304
    0.205873559    0.132032403 1267.543603006 4397.218961725 -12523.977181253
    0.212839181    0.132032403 1298.171432744 4312.545471984 -10358.039653513
    0.219804803    0.132032403 1326.953147414 3907.184643503 -8253.791105997
    0.226770425    0.132032403 1352.120553768 3291.070028861 -6338.639872265
    0.233736047    0.132032403 1372.645646514 2588.739661562 -4669.236754883
    0.240701669    0.132032403 1388.350097191 1931.856931791 -3293.719722639
    0.247667292    0.132032403 1399.737139695 1354.415188702 -2214.131269539
    0.254632914    0.132032403 1407.463959893  901.515568000 -1411.571563123
    0.261598536    0.132032403 1412.495590242  566.064661264 -851.638679794
    0.268564158    0.132032403 1415.600656640  323.160733286 -479.988190990
    0.275529780    0.132032403 1417.310499219  169.035138247 -241.147698782
    0.282495402    0.132032403 1418.153830184   79.455297024 -113.062924140
    0.289461024    0.132032403 1418.503334472   29.877578199  -36.583974686
    0.296426646    0.132032403 1418.603486198    8.907454165  -10.878705256
    0.303392268    0.132032403 1418.616395834   -0.000000000   -0.000000000
    0.310357890    0.132032403 1418.616395834   -0.000000000   -0.000000000
    0.317323512    0.132032403 1418.616395834   -0.000000000   -0.000000000
    0.324289134    0.132032403 1418.616395834   -0.000000000   -0.000000000
    0.331254756    0.132032403 1418.616395834   -0.000000000   -0.000000000
    0.338220378    0.132032403 1418.616395834   -0.000000000   -0.000000000
    0.345186000    0.132032403 1418.616395834   -0.000000000   -0.000000000

   -0.065785700    0.139081774 1418.616395834   -0.000000000   -0.000000000
   -0.058820078    0.139081774 1418.600015857   -5.092500185   -0.260796154
   -0.051854456    0.139081774 1418.517733667  -19.710373106   -1.757306574
   -0.044888834    0.139081774 1418.288471363  -49.328268516   -2.662072654
   -0.037923212    0.139081774 1417.775168100 -102.066018869   -5.320128971
   -0.030957590    0.139081774 1416.803430982 -181.076217710  -11.083184658
   -0.023991968    0.139081774 1415.204567046 -279.163724800  -16.802397797
   -0.017026346    0.139081774 1412.946224077 -364.142749356  -25.244165229
   -0.010060724    0.139081774 1410.254846500 -396.244843720  -31.056996639
   -0.003095102    0.139081774 1407.633011689 -341.142370461  -30.447275163
    0.003870520    0.139081774 1405.687691755 -206.932722465  -18.354072929
    0.010836142    0.139081774 1404.820609879  -42.634359325    7.697550929
    0.017801764    0.139081774 1405.008392168   84.557183008   45.142629972
    0.024767386    0.139081774 1405.774197506  119.896288153   86.750070544
    0.031733008    0.139081774 1406.472868113   68.210994047  124.057832249
    0.038698631    0.139081774 1406.608170612  -32.314147387  147.534784446
    0.045664253    0.139081774 1406.018275417 -133.561965909  154.937769272
    0.052629875    0.139081774 1404.854133744 -194.380605494  156.477454366
    0.059595497    0.139081774 1403.374398722 -225.692342807  153.266996233
    0.066561119    0.139081774 1401.736152212 -244.819773126  147.503289969
    0.073526741    0.139081774 1399.939681893 -274.920115172  133.363700641
    0.080492363    0.139081774 1397.870403801 -320.923202996  106.885294368
    0.087457985    0.139081774 1395.491249910 -361.631349821   63.897080469
    0.094423607    0.139081774 1392.827190756 -411.523970835  -17.133465784
    0.101389229    0.139081774 1389.756468730 -487.207760434 -170.167365983
    0.108354851    0.139081774 1385.755331127 -693.995749409 -469.805934718
    0.115320473    0.139081774 1379.563197944 -1131.021379270 -1020.974961404
    0.122286095    0.139081774 1369.152409517 -1919.557315721 -1925.788280800
    0.129251717    0.139081774 1351.618476050 -3177.475432672 -3413.564189006
    0.136217339    0.139081774 1323.843486371 -4849.488914255 -5611.429698870
    0.143182961    0.139081774 1283.928292849 -6583.974856901 -8504.352066029
    0.150148583    0.139081774 1233.019873202 -7910.133931641 -12007.708112508
    0.157114205    0.139081774 1176.162735038 -8213.124514168 -15708.619001054
    0.164079827    0.139081774 1121.856915192 -7139.876078260 -19104.898808451
    0.171045449    0.139081774 1079.661696896 -4785.558293445 -21741.073699356
    0.178011071    0.139081774 1057.127122840 -1616.265921906 -23170.026223786
    0.184976693    0.139081774 1057.311406119 1616.669426812 -23335.149764562
    0.191942315    0.139081774 1078.309809128 4277.774918955 -22340.940964169
    0.198907937    0.139081774 1114.773407718 6017.714719431 -20431.398187080
    0.205873559    0.139081774 1159.925429736 6805.480282356 -18043.253491583
    0.212839181    0.139081774 1207.766079657 6814.912138888 -15371.167470847
    0.219804803    0.139081774 1253.667779413 6293.696943580 -12658.319061009
    0.226770425    0.139081774 1294.742040378 5471.096897529 -10087.120433428
    0.233736047    0.139081774 1329.470987540 4482.146465450 -7742.991275513
    0.240701669    0.139081774 1357.073364474 3479.746658497 -5723.763775935
    0.247667292    0.139081774 1378.093797823 2567.985622520 -4049.634492927
    0.254632914    0.139081774 1393.252153832 1801.287157639 -2721.711856885
    0.261598536    0.139081774 1403.656972392 1201.112317791 -1733.798375099
    0.268564158    0.139081774 1410.386007744  751.564086682 -1034.804818049
    0.275529780    0.139081774 1414.519801758  455.270071543 -585.828717111
    0.282495402    0.139081774 1416.830297233  234.654886622 -290.556808517
    0.289461024    0.139081774 1417.956198778  105.148654776 -122.204010322
    0.296426646    0.139081774 1418.461755749   40.443343239  -41.977169843
    0.303392268    0.139081774 1418.598590744   10.935470997  -10.032658569
    0.310357890    0.139081774 1418.616395834   -0.000000000   -0.000000000
    0.317323512    0.139081774 1418.616395834   -0.000000000   -0.000000000
    0.324289134    0.139081774 1418.616395834   -0.000000000   -0.000000000
    0.331254756    0.139081774 1418.616395834   -0.000000000   -0.000000000
    0.338220378    0.139081774 1418.616395834   -0.000000000   -0.000000000
    0.345186000    0.139081774 1418.616395834   -0.000000000   -0.000000000

   -0.065785700    0.146131144 1418.616395834   -0.000000000   -0.000000000
   -0.058820078    0.146131144 1418.597950204   -7.112982339   -0.137523747
   -0.051854456    0.146131144 1418.508267344  -20.509138583   -1.052247551
   -0.044888834    0.146131144 1418.273409644  -50.790991409   -0.847212011
   -0.037923212    0.146131144 1417.749946784 -105.062255982   -1.113074281
   -0.030957590    0.146131144 1416.749214596 -186.548485340   -2.776735005
   -0.023991968    0.146131144 1415.110809320 -285.103950443   -5.654578351
   -0.017026346    0.146131144 1412.807976035 -370.706081857   -9.045822056
   -0.010060724    0.146131144 1410.080946769 -400.236633834  -10.564551196
   -0.003095102    0.146131144 1407.453326631 -338.409814297   -9.292613987
    0.003870520    0.146131144 1405.565391366 -193.294165399   -3.485817179
    0.010836142    0.146131144 1404.840149921  -16.309083137   11.150423396
    0.017801764    0.146131144 1405.242191562  119.348406325   34.446300244
    0.024767386    0.146131144 1406.262184016  155.602344149   62.688240835
    0.031733008    0.146131144 1407.187501809   95.893012925   87.875934746
    0.038698631    0.146131144 1407.482819823  -15.638497475  109.684761822
    0.045664253    0.146131144 1406.979890696 -123.993487947  123.706233131
    0.052629875    0.146131144 1405.853034904 -191.159727777  132.071124211
    0.059595497    0.146131144 1404.375574747 -226.890742252  134.010631460
    0.066561119    0.146131144 1402.719825633 -250.251195621  133.662101277
    0.073526741    0.146131144 1400.867744446 -285.249220124  130.059292648
    0.080492363    0.146131144 1398.667009576 -346.150706732  118.161135484
    0.087457985    0.146131144 1396.049056625 -411.012014054   92.328098207
    0.094423607    0.146131144 1392.793126734 -529.974069033    0.820235936
    0.101389229    0.146131144 1388.461699359 -731.468197880 -201.322094339
    0.108354851    0.146131144 1381.931133343 -1198.810831271 -636.234185890
    0.115320473    0.146131144 1371.141930324 -1983.182305715 -1385.193918796
    0.122286095    0.146131144 1352.848787172 -3372.725973440 -2745.096395511
    0.129251717    0.146131144 1322.791307122 -5353.924167927 -4790.476923671
    0.136217339    0.146131144 1277.066070914 -7817.147917359 -7668.629174819
    0.143182961    0.146131144 1213.885267740 -10264.390485467 -11324.521149479
    0.150148583    0.146131144 1135.797511341 -11973.859377729 -15500.105933209
    0.157114205    0.146131144 1050.714349095 -12163.989669241 -19701.968167783
    0.164079827    0.146131144  970.803251134 -10456.930157253 -23474.487607327
    0.171045449    0.146131144  909.240803944 -6974.405540872 -26257.237265897
    0.178011071    0.146131144  876.014820958 -2479.063939286 -27797.883231532
    0.184976693    0.146131144  874.756140474 2032.780719385 -28045.203570550
    0.191942315    0.146131144  902.585906492 5760.002121914 -27138.745889757
    0.198907937    0.146131144  952.055977862 8240.268826426 -25410.179605968
    0.205873559    0.146131144 1014.409500801 9463.487231759 -23017.561731390
    0.212839181    0.146131144 1081.650226576 9697.519515057 -20291.946881560
    0.219804803    0.146131144 1147.773762747 9172.453229967 -17349.079745723
    0.226770425    0.146131144 1208.518686281 8216.354368059 -14417.079288891
    0.233736047    0.146131144 1261.667374678 7014.140417869 -11588.239837578
    0.240701669    0.146131144 1305.816555361 5668.706418155 -8957.549803427
    0.247667292    0.146131144 1340.848575797 4419.236792101 -6662.593470522
    0.254632914    0.146131144 1367.469322394 3269.909922696 -4714.761654066
    0.261598536    0.146131144 1386.794513022 2297.297820829 -3146.128231975
    0.268564158    0.146131144 1400.036968065 1530.525302440 -1973.309696845
    0.275529780    0.146131144 1408.590534450  958.981749051 -1148.146385278
    0.282495402    0.146131144 1413.789778337  545.819453303 -607.700071293
    0.289461024    0.146131144 1416.581653561  267.182899610 -280.686960582
    0.296426646    0.146131144 1417.915229296  131.513722649 -121.290557107
    0.303392268    0.146131144 1418.471027203   39.978734435  -33.684742792
    0.310357890    0.146131144 1418.613051169    5.412876690   -3.794349029
    0.317323512    0.146131144 1418.616395834   -0.000000000   -0.000000000
    0.324289134    0.146131144 1418.616395834   -0.000000000   -0.000000000
    0.331254756    0.146131144 1418.616395834   -0.000000000   -0.000000000
    0.338220378    0.146131144 1418.616395834   -0.000000000   -0.000000000
    0.345186000    0.146131144 1418.616395834   -0.000000000   -0.000000000

   -0.065785700    0.153180515 1418.616395834   -0.000000000   -0.000000000
   -0.058820078    0.153180515 1418.597646957   -6.411113777    0.246056444
   -0.051854456    0.153180515 1418.506880179  -20.773284898    0.673315061
   -0.044888834    0.153180515 1418.275378861  -48.931187786    1.618693698
   -0.037923212    0.153180515 1417.762360417 -102.950646572    5.998928110
   -0.030957590    0.153180515 1416.780318032 -183.286511928   11.746779875
   -0.023991968    0.153180515 1415.163194468 -281.503618500   22.332588486
   -0.017026346    0.153180515 1412.889896464 -365.852291978   35.013502002
   -0.010060724    0.153180515 1410.196887097 -394.312375925   50.008804400
   -0.003095102    0.153180515 1407.614394153 -331.388107252   63.299029354
    0.003870520    0.153180515 1405.783472710 -183.309873202   74.631991438
    0.010836142    0.153180515 1405.140148361   -2.385224689   83.883775448
    0.017801764    0.153180515 1405.647265875  135.131876327   90.897892791
    0.024767386    0.153180515 1406.795851644  175.664994515   98.754151002
    0.031733008    0.153180515 1407.856114323  114.138047030  108.809698276
    0.038698631    0.153180515 1408.267254754    0.127346206  118.691003029
    0.045664253    0.153180515 1407.852169689 -114.367116310  128.090782924
    0.052629875    0.153180515 1406.774441320 -187.675757058  134.427250255
    0.059595497    0.153180515 1405.317873907 -225.475507126  135.278301700
    0.066561119    0.153180515 1403.658832383 -250.529106380  134.982157674
    0.073526741    0.153180515 1401.790258255 -290.802530499  134.106995078
    0.080492363    0.153180515 1399.548977095 -354.207236569  132.858128017
    0.087457985    0.153180515 1396.758042893 -484.603464571   93.989702292
    0.094423607    0.153180515 1392.747175335 -679.304061885  -15.330732077
    0.101389229    0.153180515 1386.764390756 -1087.249447671 -294.193615968
    0.108354851    0.153180515 1376.752346468 -1853.512018835 -858.459563904
    0.115320473    0.153180515 1359.486329224 -3216.197840739 -1947.132854914
    0.122286095    0.153180515 1330.272748923 -5311.891993603 -3694.999631428
    0.129251717    0.153180515 1283.817502504 -8127.093633088 -6269.255796908
    0.136217339    0.153180515 1215.739128197 -11425.974611891 -9690.622038138
    0.143182961    0.153180515 1125.060994241 -14485.901299094 -13784.299871354
    0.150148583    0.153180515 1016.682445256 -16344.597846103 -18095.262875154
    0.157114205    0.153180515  901.954814443 -16207.822891162 -22168.529502001
    0.164079827    0.153180515  796.518333131 -13671.321347465 -25524.890919930
    0.171045449    0.153180515  716.346978143 -9076.446898910 -27934.821211687
    0.178011071    0.153180515  672.746794143 -3357.855357410 -29258.505954560
    0.184976693    0.153180515  669.437751855 2300.299895551 -29573.261254312
    0.191942315    0.153180515  702.320501205 6924.799336653 -29050.149883532
    0.198907937    0.153180515  762.483847007 10101.731884555 -27853.351345045
    0.205873559    0.153180515  839.759888667 11866.097146917 -26110.017603588
    0.212839181    0.153180515  924.911789290 12408.646229362 -23886.736682495
    0.219804803    0.153180515 1010.645392366 12090.445808259 -21346.749421981
    0.226770425    0.153180515 1091.919172314 11175.687010005 -18559.727419528
    0.233736047    0.153180515 1165.539613299 9909.481555093 -15648.855728182
    0.240701669    0.153180515 1229.478269684 8406.948008238 -12748.820586889
    0.247667292    0.153180515 1282.671147906 6871.724139932 -9940.094647796
    0.254632914    0.153180515 1325.231563469 5367.852805597 -7362.673225874
    0.261598536    0.153180515 1357.800383130 4013.458142162 -5143.808652413
    0.268564158    0.153180515 1381.451521447 2810.237854710 -3360.743403758
    0.275529780    0.153180515 1397.510817549 1849.249648904 -2039.017134478
    0.282495402    0.153180515 1407.804887230 1119.030456561 -1113.461394287
    0.289461024    0.153180515 1413.696721485  609.509349092 -560.664471741
    0.296426646    0.153180515 1416.657834437  284.069039857 -241.785272621
    0.303392268    0.153180515 1418.027980345  128.012474502 -101.716777667
    0.310357890    0.153180515 1418.539293145   30.617879662  -18.980782054
    0.317323512    0.153180515 1418.616395834   -0.000000000   -0.000000000
    0.324289134    0.153180515 1418.616395834   -0.000000000   -0.000000000
    0.331254756    0.153180515 1418.616395834   -0.000000000   -0.000000000
    0.338220378    0.153180515 1418.616395834   -0.000000000   -0.000000000
    0.345186000    0.153180515 1418.616395834   -0.000000000   -0.000000000

   -0.065785700    0.160229885 1418.616395834   -0.000000000   -0.000000000
   -0.058820078    0.160229885 1418.600623985   -6.826632356    0.616009596
   -0.051854456    0.160229885 1418.517409788  -19.268477552    2.251727886
   -0.044888834    0.160229885 1418.302172237  -45.575398729    5.827392348
   -0.037923212    0.160229885 1417.830897133  -93.970920521   13.356199028
   -0.030957590    0.160229885 1416.927103302 -169.392118147   29.048660963
   -0.023991968    0.160229885 1415.430647908 -260.869111664   53.507246588
   -0.017026346    0.160229885 1413.320765023 -340.238351127   86.456804472
   -0.010060724    0.160229885 1410.814314126 -367.609188340  124.815659715
   -0.003095102    0.160229885 1408.398896646 -310.237326185  159.555593410
    0.003870520    0.160229885 1406.688174952 -170.686939824  182.659410516
    0.010836142    0.160229885 1406.097225344    0.677161039  189.470345318
    0.017801764    0.160229885 1406.608042194  132.389218272  182.310094889
    0.024767386    0.160229885 1407.731178801  173.305266367  168.584579889
    0.031733008    0.160229885 1408.781961588  114.683376979  154.660491011
    0.038698631    0.160229885 1409.203930788    2.893896676  147.499403343
    0.045664253    0.160229885 1408.818706122 -109.372322315  144.985472616
    0.052629875    0.160229885 1407.755036141 -187.493755385  143.664002195
    0.059595497    0.160229885 1406.301961562 -225.940379083  143.756697478
    0.066561119    0.160229885 1404.644038278 -250.997366241  143.374342845
    0.073526741    0.160229885 1402.769520176 -291.399615965  141.354657548
    0.080492363    0.160229885 1400.520717141 -363.123490513  140.654071955
    0.087457985    0.160229885 1397.394878579 -561.486144856   85.137881419
    0.094423607    0.160229885 1392.469609247 -886.889155661  -66.348022248
    0.101389229    0.160229885 1384.233235976 -1567.420801987 -445.044894084
    0.108354851    0.160229885 1369.472755775 -2777.386725870 -1200.566454897
    0.115320473    0.160229885 1343.682897538 -4783.874287596 -2552.920308199
    0.122286095    0.160229885 1300.727773472 -7700.906305684 -4674.931189201
    0.129251717    0.160229885 1234.582896976 -11419.061926813 -7691.407251542
    0.136217339    0.160229885 1141.116920838 -15388.269923292 -11381.504923582
    0.143182961    0.160229885 1021.480115610 -18754.004955609 -15465.681848063
    0.150148583    0.160229885  883.871116682 -20397.250824605 -19335.307999402
    0.157114205    0.160229885  743.046382859 -19603.915536371 -22581.551369837
    0.164079827    0.160229885  617.142117512 -16129.491657422 -24902.878144370
    0.171045449    0.160229885  523.311419235 -10545.822002922 -26295.043827221
    0.178011071    0.160229885  472.484455712 -3986.657377225 -26972.692036983
    0.184976693    0.160229885  467.165629825 2335.493201226 -27200.033065824
    0.191942315    0.160229885  502.056246742 7453.954883091 -27209.802660660
    0.198907937    0.160229885  567.562316137 11095.940499243 -26872.260534519
    0.205873559    0.160229885  653.306824616 13301.376948672 -26277.495125674
    0.212839181    0.160229885  750.107798722 14303.302820786 -25257.469308518
    0.219804803    0.160229885  850.492779611 14398.806080550 -23750.693919500
    0.226770425    0.160229885  949.018738212 13788.947085181 -21750.559044345
    0.233736047    0.160229885 1041.764708853 12779.679482272 -19312.289689777
    0.240701669    0.160229885 1126.178423375 11401.711264622 -16482.264421367
    0.247667292    0.160229885 1200.171178249 9824.525513660 -13469.773576232
    0.254632914    0.160229885 1262.672194917 8117.053623185 -10427.431675879
    0.261598536    0.160229885 1313.180508222 6383.671516811 -7576.661392579
    0.268564158    0.160229885 1351.801365700 4709.865414707 -5113.658040286
    0.275529780    0.160229885 1379.146398932 3224.787995872 -3215.658736026
    0.282495402    0.160229885 1397.398792127 2059.170229447 -1857.847331246
    0.289461024    0.160229885 1408.457200542 1157.010968476 -953.657900921
    0.296426646    0.160229885 1414.297503042  570.723408054 -443.754110757
    0.303392268    0.160229885 1417.057522957  256.273102986 -182.081317962
    0.310357890    0.160229885 1418.242500702  101.462206358  -66.691999527
    0.317323512    0.160229885 1418.606554156   17.051396479  -10.299411893
    0.324289134    0.160229885 1418.616395834   -0.000000000   -0.000000000
    0.331254756    0.160229885 1418.616395834   -0.000000000   -0.000000000
    0.338220378    0.160229885 1418.616395834   -0.000000000   -0.000000000
    0.345186000    0.160229885 1418.616395834   -0.000000000   -0.000000000

   -0.065785700    0.167279256 1418.616395834   -0.000000000   -0.000000000
   -0.058820078    0.167279256 1418.606507697   -5.866452530    1.013210424
   -0.051854456    0.167279256 1418.535576062  -15.928118721    2.998586197
   -0.044888834    0.167279256 1418.354227673  -38.849851594    8.647918579
   -0.037923212    0.167279256 1417.951422256  -80.489501910   20.162494173
   -0.030957590    0.167279256 1417.179874247 -144.590974475   41.672971571
   -0.023991968    0.167279256 1415.900799979 -223.750301018   77.108705553
   -0.017026346    0.167279256 1414.083878484 -293.043360489  126.561142941
   -0.010060724    0.167279256 1411.916130966 -318.884016393  183.963347540
   -0.003095102    0.167279256 1409.814478753 -270.795108621  237.198558323
    0.003870520    0.167279256 1408.313715629 -151.355326930  271.667982840
    0.010836142    0.167279256 1407.779316505   -2.238222948  281.026285195
    0.017801764    0.167279256 1408.197077430  112.181460825  263.931926862
    0.024767386    0.167279256 1409.152573304  146.022716275  231.011404592
    0.031733008    0.167279256 1410.031315450   92.854644240  196.775080987
    0.038698631    0.167279256 1410.327970069  -12.037150842  167.689111705
    0.045664253    0.167279256 1409.869876354 -117.628275421  150.694649179
    0.052629875    0.167279256 1408.775330434 -189.786808288  142.086105587
    0.059595497    0.167279256 1407.302444703 -228.629134197  136.526145796
    0.066561119    0.167279256 1405.630793363 -253.236160111  132.248996983
    0.073526741    0.167279256 1403.756843632 -290.006271041  133.814487082
    0.080492363    0.167279256 1401.474293287 -391.452330346  120.419693084
    0.087457985    0.167279256 1397.875441987 -665.903682561   47.443427358
    0.094423607    0.167279256 1391.687505824 -1164.936449906 -160.383541871
    0.101389229    0.167279256 1380.457802150 -2173.099922593 -626.273984175
    0.108354851    0.167279256 1359.757444681 -3894.571744595 -1550.877393510
    0.115320473    0.167279256 1323.528595135 -6668.178565437 -3151.080506682
    0.122286095    0.167279256 1264.484088029 -10449.302399919 -5564.336327855
    0.129251717    0.167279256 1176.315040543 -14926.316559110 -8774.995287006
    0.136217339    0.167279256 1056.587982850 -19345.409808743 -12485.326490017
    0.143182961    0.167279256  909.570712854 -22552.878507594 -16129.709168066
    0.150148583    0.167279256  747.527414519 -23531.431981660 -19131.436319748
    0.157114205    0.167279256  588.189119739 -21741.435287559 -21086.509306847
    0.164079827    0.167279256  450.980725517 -17268.670869000 -21943.764877643
    0.171045449    0.167279256  351.793950991 -11005.892902291 -22054.411795298
    0.178011071    0.167279256  299.086800814 -4137.414071129 -21888.529852681
    0.184976693    0.167279256  292.767376007 2145.390096666 -21912.931441054
    0.191942315    0.167279256  326.318033158 7259.395881480 -22263.187854093
    0.198907937    0.167279256  390.582276493 10973.999371773 -22895.481854385
    0.205873559    0.167279256  476.187706368 13425.688644810 -23545.179044359
    0.212839181    0.167279256  575.118859978 14858.883910373 -23938.572545409
    0.219804803    0.167279256  681.291709856 15494.869873670 -23873.667568434
    0.226770425    0.167279256  789.599624054 15519.498399818 -23140.834824362
    0.233736047    0.167279256  896.377581909 15083.531858116 -21676.551132817
    0.240701669    0.167279256  998.718707429 14216.086885929 -19466.461551751
    0.247667292    0.167279256 1093.643993690 12957.794550073 -16614.497098729
    0.254632914    0.167279256 1178.567504033 11339.086540650 -13371.953385360
    0.261598536    0.167279256 1250.855965931 9379.085143192 -10054.627014593
    0.268564158    0.167279256 1308.907744757 7260.621095140 -7044.277646677
    0.275529780    0.167279256 1351.870483498 5125.481403525 -4545.636205257
    0.282495402    0.167279256 1381.290186824 3386.291389990 -2722.050034354
    0.289461024    0.167279256 1399.889623056 2016.007438455 -1490.680366324
    0.296426646    0.167279256 1410.249629087 1046.799159425 -731.917132364
    0.303392268    0.167279256 1415.328685197  473.515805223 -308.869234823
    0.310357890    0.167279256 1417.579326013  201.661496404 -128.139815994
    0.317323512    0.167279256 1418.455918058   62.980913069  -36.541614189
    0.324289134    0.167279256 1418.614654786    5.359712860   -4.794689320
    0.331254756    0.167279256 1418.616395834   -0.000000000   -0.000000000
    0.338220378    0.167279256 1418.616395834   -0.000000000   -0.000000000
    0.345186000    0.167279256 1418.616395834   -0.000000000   -0.000000000

   -0.065785700    0.174328626 1418.616395834   -0.000000000   -0.000000000
   -0.058820078    0.174328626 1418.612667912   -3.198406325    0.658824372
   -0.051854456    0.174328626 1418.558786315  -12.492146586    3.458626098
   -0.044888834    0.174328626 1418.418482462  -29.831174988    9.182118242
   -0.037923212    0.174328626 1418.104768023  -63.056362128   22.601547652
   -0.030957590    0.174328626 1417.498632890 -113.857765438   47.212885027
   -0.023991968    0.174328626 1416.489372433 -176.763863478   87.454007944
   -0.017026346    0.174328626 1415.051832520 -232.506705473  143.647412640
   -0.010060724    0.174328626 1413.328427001 -254.960664379  210.567736693
   -0.003095102    0.174328626 1411.643975522 -218.268764664  273.263049806
    0.003870520    0.174328626 1410.420113511 -125.860927225  315.761581219
    0.010836142    0.174328626 1409.951510617   -8.954579480  325.661229012
    0.017801764    0.174328626 1410.228197497   79.915317444  303.397952214
    0.024767386    0.174328626 1410.906541171  102.003125612  259.432471024
    0.031733008    0.174328626 1411.481461589   52.773310201  210.537550486
    0.038698631    0.174328626 1411.525374068  -41.809192492  167.018101682
    0.045664253    0.174328626 1410.892698140 -136.507680143  135.797300787
    0.052629875    0.174328626 1409.697145314 -200.784193699  116.363677159
    0.059595497    0.174328626 1408.165167082 -234.287492712  104.656411541
    0.066561119    0.174328626 1406.456690385 -255.296985963   98.554807536
    0.073526741    0.174328626 1404.589922328 -288.328662934   98.229963728
    0.080492363    0.174328626 1402.146256346 -438.903536791   67.077753348
    0.087457985    0.174328626 1397.970795427 -800.350906751  -21.260273934
    0.094423607    0.174328626 1390.170678650 -1507.998931397 -264.837961866
    0.101389229    0.174328626 1375.344702319 -2897.336469328 -811.982969153
    0.108354851    0.174328626 1347.663311045 -5236.425460194 -1859.024299431
    0.115320473    0.174328626 1299.582006591 -8769.088690071 -3618.270045028
    0.122286095    0.174328626 1222.830307274 -13400.536313216 -6183.105419504
    0.129251717    0.174328626 1111.948379677 -18446.423187930 -9365.830394562
    0.136217339    0.174328626  967.143887130 -22939.527133450 -12726.682864755
    0.143182961    0.174328626  796.756073640 -25569.383659651 -15676.500909263
    0.150148583    0.174328626  617.293422985 -25455.596513207 -17611.119533607
    0.157114205    0.174328626  448.920977772 -22415.344112878 -18258.869130951
    0.164079827    0.174328626  310.614895965 -16986.568313946 -17762.508765447
    0.171045449    0.174328626  215.110724036 -10337.326478046 -16679.346820569
    0.178011071    0.174328626  166.538264038 -3707.726955427 -15675.498984724
    0.184976693    0.174328626  161.354755517 2020.404913946 -15327.134694514
    0.191942315    0.174328626  191.743906078 6499.192603647 -15823.955735968
    0.198907937    0.174328626  249.160883783 9824.755833506 -17054.800622863
    0.205873559    0.174328626  326.469881660 12229.302981806 -18685.296750079
    0.212839181    0.174328626  418.009989028 13944.314475952 -20339.616827015
    0.219804803    0.174328626  519.551766848 15145.585961593 -21686.594486117
    0.226770425    0.174328626  627.952337882 15925.106851037 -22369.135106501
    0.233736047    0.174328626  740.727783163 16395.760090574 -22139.956502443
    0.240701669    0.174328626  855.414845888 16451.821825328 -20886.533962273
    0.247667292    0.174328626  968.603094477 15964.916958800 -18612.063369062
    0.254632914    0.174328626 1075.984227948 14735.839563075 -15543.924568564
    0.261598536    0.174328626 1172.272310056 12790.236486619 -12119.920113330
    0.268564158    0.174328626 1252.904584861 10294.005950715 -8785.183694486
    0.275529780    0.174328626 1315.049076575 7554.205799013 -5879.005851265
    0.282495402    0.174328626 1358.894458715 5111.385614923 -3646.262202712
    0.289461024    0.174328626 1387.326695785 3136.463500570 -2077.856781273
    0.296426646    0.174328626 1403.898599716 1692.948501354 -1074.158352555
    0.303392268    0.174328626 1412.496282019  832.772400494 -503.418222452
    0.310357890    0.174328626 1416.426718909  362.968679483 -207.577666056
    0.317323512    0.174328626 1418.046224817  131.109056350  -74.897844222
    0.324289134    0.174328626 1418.543764292   19.677907214  -15.045173656
    0.331254756    0.174328626 1418.616395834   -0.000000000   -0.000000000
    0.338220378    0.174328626 1418.616395834   -0.000000000   -0.000000000
    0.345186000    0.174328626 1418.616395834   -0.000000000   -0.000000000

   -0.065785700    0.181377997 1418.616395834   -0.000000000   -0.000000000
   -0.058820078    0.181377997 1418.615245769   -1.088428614    0.148963128
   -0.051854456    0.181377997 1418.582724671   -8.914982473    3.238245258
   -0.044888834    0.181377997 1418.482317308  -21.393209192    8.671466572
   -0.037923212    0.181377997 1418.259273957  -44.764585855   20.592017344
   -0.030957590    0.181377997 1417.825496364  -81.913608787   44.314612290
   -0.023991968    0.181377997 1417.097388058 -127.832834694   82.761319281
   -0.017026346    0.181377997 1416.054761427 -169.098463011  137.058963627
   -0.010060724    0.181377997 1414.798749515 -186.249347755  201.553272392
   -0.003095102    0.181377997 1413.561165866 -161.961542181  263.164622361
    0.003870520    0.181377997 1412.641422632  -96.268729561  305.951787975
    0.010836142    0.181377997 1412.249043747  -15.714150112  316.927617104
    0.017801764    0.181377997 1412.370054755   43.011209818  295.921700419
    0.024767386    0.181377997 1412.727985673   49.791486179  250.943319563
    0.031733008    0.181377997 1412.928879559   -0.124256728  196.711745694
    0.038698631    0.181377997 1412.641766071  -84.569928029  149.128784815
    0.045664253    0.181377997 1411.759337174 -166.093822768  111.079297135
    0.052629875    0.181377997 1410.398376667 -220.105622309   83.633553043
    0.059595497    0.181377997 1408.755105169 -246.447148764   64.450407708
    0.066561119    0.181377997 1406.995904646 -259.529329500   54.417397298
    0.073526741    0.181377997 1405.104384533 -304.022968004   45.040331507
    0.080492363    0.181377997 1402.392727466 -495.856963963    3.669069306
    0.087457985    0.181377997 1397.557430058 -958.468186909  -93.929168172
    0.094423607    0.181377997 1387.939270676 -1903.952844949 -357.894643276
    0.101389229    0.181377997 1369.102713781 -3693.489933159 -950.056519437
    0.108354851    0.181377997 1333.778208207 -6646.976423895 -2037.288765158
    0.115320473    0.181377997 1273.160730004 -10967.340776670 -3809.679434059
    0.122286095    0.181377997 1178.653863138 -16262.373821632 -6238.082897571
    0.129251717    0.181377997 1046.342486358 -21638.058620988 -9095.779809285
    0.136217339    0.181377997  879.704837330 -25914.803808648 -11896.026560437
    0.143182961    0.181377997  691.453061904 -27644.211789717 -14023.216286092
    0.150148583    0.181377997  501.888468844 -26241.898569514 -14983.663889947
    0.157114205    0.181377997  332.743948259 -21900.913659196 -14623.063143212
    0.164079827    0.181377997  201.447636299 -15599.109368085 -13209.677578374
    0.171045449    0.181377997  116.572890700 -8795.193840029 -11383.294307719
    0.178011071    0.181377997   77.150430205 -2709.575199423 -9850.288702908
    0.184976693    0.181377997   75.718901086 2045.289575434 -9162.436250243
    0.191942315    0.181377997  102.755546164 5532.944050681 -9571.241721313
    0.198907937    0.181377997  150.683037390 8100.248639745 -10955.232507991
    0.205873559    0.181377997  214.515500307 10157.182734520 -13062.933595139
    0.212839181    0.181377997  291.347171608 11874.797043762 -15498.680394883
    0.219804803    0.181377997  379.650690231 13472.468078574 -17808.400440396
    0.226770425    0.181377997  478.867265618 15022.720537276 -19649.007974488
    0.233736047    0.181377997  588.963488355 16546.053743285 -20600.144519943
    0.240701669    0.181377997  708.826838774 17764.441016651 -20379.176562538
    0.247667292    0.181377997  835.284889366 18390.985381228 -18928.939600130
    0.254632914    0.181377997  962.390211725 17924.314902489 -16418.480021466
    0.261598536    0.181377997 1082.054691473 16230.953308281 -13292.969682083
    0.268564158    0.181377997 1186.315135191 13542.996687500 -10018.450374211
    0.275529780    0.181377997 1269.519213564 10288.542474067 -6982.204400269
    0.282495402    0.181377997 1330.032782203 7150.138688714 -4508.511324215
    0.289461024    0.181377997 1370.424879078 4540.217963007 -2711.633855734
    0.296426646    0.181377997 1394.869595228 2582.900308705 -1486.070742342
    0.303392268    0.181377997 1408.133630001 1320.550000345 -732.458574252
    0.310357890    0.181377997 1414.573189308  596.487827314 -321.602153077
    0.317323512    0.181377997 1417.350707607  243.566455508 -125.022219771
    0.324289134    0.181377997 1418.339475592   62.647927356  -39.335471612
    0.331254756    0.181377997 1418.585671705   15.980685361   -8.921160298
    0.338220378    0.181377997 1418.616395834   -0.000000000   -0.000000000
    0.345186000    0.181377997 1418.616395834   -0.000000000   -0.000000000

   -0.065785700    0.188427367 1418.616395834   -0.000000000   -0.000000000
   -0.058820078    0.188427367 1418.616395834   -0.000000000   -0.000000000
   -0.051854456    0.188427367 1418.601561150   -5.341043853    2.252663439
   -0.044888834    0.188427367 1418.538027823  -13.967590510    7.009625179
   -0.037923212    0.188427367 1418.392031703  -29.359804936   16.762719572
   -0.030957590    0.188427367 1418.108317263  -53.526430110   35.544611768
   -0.023991968    0.188427367 1417.631315808  -83.934477010   66.830128343
   -0.017026346    0.188427367 1416.941965391 -112.085402617  112.585311791
   -0.010060724    0.188427367 1416.106337719 -124.159420887  166.485973261
   -0.003095102    0.188427367 1415.275843279 -110.226653788  219.033213129
    0.003870520    0.188427367 1414.640011058  -69.941175090  255.958456930
    0.010836142    0.188427367 1414.325909209  -20.866960527  266.982732403
    0.017801764    0.188427367 1414.309635180   11.154741261  249.789324237
    0.024767386    0.188427367 1414.375022891    0.502528804  212.997399038
    0.031733008    0.188427367 1414.219794857  -50.692763807  167.843044249
    0.038698631    0.188427367 1413.608938054 -127.585912956  125.846851297
    0.045664253    0.188427367 1412.464970562 -198.341861379   91.460474923
    0.052629875    0.188427367 1410.911042492 -243.331951394   65.267029737
    0.059595497    0.188427367 1409.124233270 -263.930926608   45.550623401
    0.066561119    0.188427367 1407.271601135 -267.798472773   29.460211577
    0.073526741    0.188427367 1405.277829985 -332.419859470   12.101346699
    0.080492363    0.188427367 1402.268049591 -554.297849509  -28.089912398
    0.087457985    0.188427367 1396.748165925 -1124.633523616 -123.872874207
    0.094423607    0.188427367 1385.209800468 -2316.445632449 -398.668184030
    0.101389229    0.188427367 1362.205753858 -4486.582733479 -975.340515405
    0.108354851    0.188427367 1319.408747048 -8047.197770941 -1982.839094746
    0.115320473    0.188427367 1246.869595895 -12983.720752404 -3574.492533887
    0.122286095    0.188427367 1136.402006376 -18793.287312752 -5638.482635965
    0.129251717    0.188427367  985.742780701 -24288.973517817 -7960.010016028
    0.136217339    0.188427367  801.913704775 -28082.410383096 -10005.436259093
    0.143182961    0.188427367  601.650499088 -28856.929172872 -11340.780985485
    0.150148583    0.188427367  408.087047826 -26165.328086778 -11531.860546902
    0.157114205    0.188427367  243.773343574 -20637.511870303 -10585.591022705
    0.164079827    0.188427367  123.972269728 -13670.661954876 -8839.303844076
    0.171045449    0.188427367   52.901825766 -6888.189347824 -6829.372921734
    0.178011071    0.188427367   24.907065257 -1427.563081176 -5181.280679887
    0.184976693    0.188427367   28.880753214 2307.985568104 -4371.803692888
    0.191942315    0.188427367   53.883151757 4687.020947339 -4569.322278584
    0.198907937    0.188427367   92.407639050 6307.153731068 -5800.588387541
    0.205873559    0.188427367  141.284926593 7719.713259482 -7863.275081886
    0.212839181    0.188427367  200.090139799 9202.239811884 -10458.453144874
    0.219804803    0.188427367  270.283496413 10994.999755634 -13162.063736090
    0.226770425    0.188427367  354.115094337 13143.779024362 -15579.386537282
    0.233736047    0.188427367  454.423786226 15680.505104774 -17332.614955945
    0.240701669    0.188427367  572.438929182 18147.719619840 -18014.660788237
    0.247667292    0.188427367  705.919389468 20006.221595763 -17495.669894179
    0.254632914    0.188427367  847.742162477 20478.409282749 -15849.662753268
    0.261598536    0.188427367  987.313068177 19319.917176608 -13393.761162471
    0.268564158    0.188427367 1113.373825206 16659.520084955 -10570.956475157
    0.275529780    0.188427367 1217.358977869 13096.523742000 -7748.001344942
    0.282495402    0.188427367 1295.553438187 9402.257861223 -5248.790653086
    0.289461024    0.188427367 1349.228493832 6145.767421554 -3281.792612426
    0.296426646    0.188427367 1382.917343787 3654.112833129 -1899.718202093
    0.303392268    0.188427367 1402.031879257 1965.822483140 -989.821487165
    0.310357890    0.188427367 1411.833981897  944.905215441 -468.408539800
    0.317323512    0.188427367 1416.252472083  398.467318313 -185.850262669
    0.324289134    0.188427367 1417.975978009  122.588275700  -61.074275321
    0.331254756    0.188427367 1418.488480776   36.050445101  -17.869283808
    0.338220378    0.188427367 1418.616395834   -0.000000000   -0.000000000
    0.345186000    0.188427367 1418.616395834   -0.000000000   -0.000000000

   -0.065785700    0.195476738 1418.616395834   -0.000000000   -0.000000000
   -0.058820078    0.195476738 1418.616395834   -0.000000000   -0.000000000
   -0.051854456    0.195476738 1418.610519114   -1.710542882    0.649675576
   -0.044888834    0.195476738 1418.578727261   -7.854211054    4.522888920
   -0.037923212    0.195476738 1418.493342136  -17.512519227   11.952968088
   -0.030957590    0.195476738 1418.323738280  -32.056072070   25.489979434
   -0.023991968    0.195476738 1418.037442322  -50.473946043   48.190849531
   -0.017026346    0.195476738 1417.623736394  -67.408608899   80.769543742
   -0.010060724    0.195476738 1417.119705844  -75.377863848  120.187695985
   -0.003095102    0.195476738 1416.611298829  -67.826807874  158.440213204
    0.003870520    0.195476738 1416.206297587  -47.073511304  187.683665483
    0.010836142    0.195476738 1415.968083168  -23.057097347  197.721650099
    0.017801764    0.195476738 1415.855037296  -13.252872619  187.611924265
    0.024767386    0.195476738 1415.705051818  -35.768775667  163.326216159
    0.031733008    0.195476738 1415.284950047  -89.144847015  134.742071937
    0.038698631    0.195476738 1414.429225728 -157.958257827  109.064778568
    0.045664253    0.195476738 1413.093568736 -222.195632269   90.152306802
    0.052629875    0.195476738 1411.386270910 -263.339142650   74.658664222
    0.059595497    0.195476738 1409.477511089 -279.797879314   60.988315179
    0.066561119    0.195476738 1407.527857628 -278.714258931   48.773440683
    0.073526741    0.195476738 1405.367368048 -364.668144378   26.253542448
    0.080492363    0.195476738 1402.110403425 -600.038504591   -5.774637495
    0.087457985    0.195476738 1395.892255882 -1281.488163602 -103.867169959
    0.094423607    0.195476738 1382.556536348 -2701.224212075 -333.989963824
    0.101389229    0.195476738 1355.797409253 -5207.280583243 -812.753960666
    0.108354851    0.195476738 1306.443738115 -9237.063651150 -1655.589533790
    0.115320473    0.195476738 1223.800059667 -14673.286220485 -2923.539782165
    0.122286095    0.195476738 1100.425238514 -20778.015393508 -4477.753112795
    0.129251717    0.195476738  935.834176294 -26229.294654703 -6117.118377880
    0.136217339    0.195476738  740.202563533 -29458.736195626 -7408.385734053
    0.143182961    0.195476738  533.373751562 -29320.891914814 -7965.788190720
    0.150148583    0.195476738  340.395733785 -25547.021100861 -7624.505800720
    0.157114205    0.195476738  183.786918339 -19110.101534622 -6433.372379912
    0.164079827    0.195476738   76.289517671 -11730.573618192 -4746.795557636
    0.171045449    0.195476738   18.643455371 -5073.914741441 -2996.703694690
    0.178011071    0.195476738    1.478340490 -204.197829516 -1613.004453518
    0.184976693    0.195476738   10.945265108 2620.378496132 -965.988344010
    0.191942315    0.195476738   34.600485456 3993.251990377 -1153.428528238
    0.198907937    0.195476738   65.156950213 4725.945094356 -2181.567076130
    0.205873559    0.195476738  100.463366424 5444.359966356 -3918.472659461
    0.212839181    0.195476738  142.073249393 6577.732778460 -6189.849653174
    0.219804803    0.195476738  193.637406710 8359.066911566 -8674.790673733
    0.226770425    0.195476738  260.163854770 10865.415562692 -11054.276133559
    0.233736047    0.195476738  346.942735009 14152.839354377 -13077.554567600
    0.240701669    0.195476738  457.795860141 17665.355768888 -14356.709124853
    0.247667292    0.195476738  591.882467640 20650.616159688 -14681.090754756
    0.254632914    0.195476738  741.913112299 22144.597990286 -14011.217110409
    0.261598536    0.195476738  895.633172969 21635.715598286 -12483.024035322
    0.268564158    0.195476738 1039.108975342 19304.634325530 -10390.060552873
    0.275529780    0.195476738 1161.482799620 15677.156355545 -8018.721178670
    0.282495402    0.195476738 1256.763366647 11640.295904386 -5706.287843600
    0.289461024    0.195476738 1324.412247884 7884.642353047 -3726.216405868
    0.296426646    0.195476738 1368.335245129 4853.575867955 -2212.724562748
    0.303392268    0.195476738 1394.295361731 2723.411985023 -1194.316286382
    0.310357890    0.195476738 1408.132371163 1355.932601634 -575.931824921
    0.317323512    0.195476738 1414.746442460  607.351188769 -246.818274308
    0.324289134    0.195476738 1417.459871178  219.771486457  -88.985016253
    0.331254756    0.195476738 1418.328183876   65.704977808  -24.878981534
    0.338220378    0.195476738 1418.602397083   21.412272137   -7.415719684
    0.345186000    0.195476738 1418.616395834   -0.000000000   -0.000000000

   -0.065785700    0.202526108 1418.616395834   -0.000000000   -0.000000000
   -0.058820078    0.202526108 1418.616395834   -0.000000000   -0.000000000
   -0.051854456    0.202526108 1418.614707337   -1.061824634    0.524101936
   -0.044888834    0.202526108 1418.601842468   -3.381967217    2.069267059
   -0.037923212    0.202526108 1418.559577342   -9.149143287    7.110058457
   -0.030957590    0.202526108 1418.469561535  -17.416963606   16.178313299
   -0.023991968    0.202526108 1418.313722374  -27.518388499   30.722333552
   -0.017026346    0.202526108 1418.087745455  -36.885117683   51.711717494
   -0.010060724    0.202526108 1417.811953770  -41.647454038   77.370973405
   -0.003095102    0.202526108 1417.526614822  -38.868127903  102.669374924
    0.003870520    0.202526108 1417.287321597  -29.519979084  121.298511982
    0.010836142    0.202526108 1417.112521249  -21.731374219  129.856849819
    0.017801764    0.202526108 1416.956476810  -26.096285613  126.702044619
    0.024767386    0.202526108 1416.688906574  -55.022426637  116.922807102
    0.031733008    0.202526108 1416.135378607 -107.230323052  107.656220528
    0.038698631    0.202526108 1415.171318238 -170.835628130  102.741381065
    0.045664253    0.202526108 1413.770678157 -229.044893797  103.459337953
    0.052629875    0.202526108 1412.015817527 -270.460475619  106.020927624
    0.059595497    0.202526108 1410.057782535 -286.905951072  107.724245328
    0.066561119    0.202526108 1408.058136532 -290.559793634  105.929951964
    0.073526741    0.202526108 1405.779566145 -387.770204818   98.592445106
    0.080492363    0.202526108 1402.335379484 -652.333588544   76.691955019
    0.087457985    0.202526108 1395.451190390 -1424.983641862   -7.840228292
    0.094423607    0.202526108 1380.747629596 -2980.454630001 -163.781804463
    0.101389229    0.202526108 1351.070570148 -5778.257174814 -507.196992518
    0.108354851    0.202526108 1296.563230136 -10148.021738482 -1129.622799474
    0.115320473    0.202526108 1206.407187573 -15901.426215070 -1987.660820223
    0.122286095    0.202526108 1073.939886727 -22132.259961323 -2990.879959245
    0.129251717    0.202526108  900.317276514 -27423.169672676 -3947.719709512
    0.136217339    0.202526108  698.208463927 -30079.791411672 -4523.412726314
    0.143182961    0.202526108  489.599653059 -29156.031206254 -4483.724612909
    0.150148583    0.202526108  300.431059125 -24606.377964974 -3800.158737838
    0.157114205    0.202526108  152.413255441 -17639.313117592 -2547.893192209
    0.164079827    0.202526108   56.048018695 -10082.438314871 -1094.756261848
    0.171045449    0.202526108    9.230265739 -3669.204809131  208.132167191
    0.178011071    0.202526108    0.000000000  634.290533634 1069.971539700
    0.184976693    0.202526108   12.867063544 2743.716272466 1345.402238878
    0.191942315    0.202526108   34.575943271 3348.466684063  961.744423127
    0.198907937    0.202526108   58.354240587 3436.688124069   26.308280002
    0.205873559    0.202526108   82.772938455 3635.945139984 -1324.602521939
    0.212839181    0.202526108  110.372346311 4412.858008221 -2984.313714995
    0.219804803    0.202526108  146.255135362 6032.092646629 -4941.069618971
    0.226770425    0.202526108  197.079729685 8731.955400663 -6909.494978845
    0.233736047    0.202526108  270.150016763 12389.809773367 -8762.887471794
    0.240701669    0.202526108  370.977469542 16592.640270341 -10265.954819810
    0.247667292    0.202526108  500.394921025 20410.761974846 -11214.915047750
    0.254632914    0.202526108  652.038862588 22822.720658928 -11419.706272169
    0.261598536    0.202526108  813.172819378 23085.334813391 -10818.993602913
    0.268564158    0.202526108  968.611373800 21273.562033963 -9505.822769421
    0.275529780    0.202526108 1105.633571335 17874.428625440 -7714.919965532
    0.282495402    0.202526108 1216.107869345 13770.352982215 -5739.865589874
    0.289461024    0.202526108 1297.382773353 9640.138924687 -3869.291731811
    0.296426646    0.202526108 1352.019319156 6182.538138890 -2368.773298916
    0.303392268    0.202526108 1385.432481413 3570.045863447 -1293.807925668
    0.310357890    0.202526108 1403.798245351 1844.118869254 -634.818244434
    0.317323512    0.202526108 1412.867237140  867.163231796 -283.889057606
    0.324289134    0.202526108 1416.780306651  323.450225365 -100.484306248
    0.331254756    0.202526108 1418.145598913   98.313745345  -26.334668932
    0.338220378    0.202526108 1418.548949007   30.163916230   -7.461811683
    0.345186000    0.202526108 1418.616395834   -0.000000000   -0.000000000

   -0.065785700    0.209575479 1418.616395834   -0.000000000   -0.000000000
   -0.058820078    0.209575479 1418.616395834   -0.000000000   -0.000000000
   -0.051854456    0.209575479 1418.616395834   -0.000000000   -0.000000000
   -0.044888834    0.209575479 1418.611158238   -1.430365545    0.978799088
   -0.037923212    0.209575479 1418.594968100   -3.777878459    3.161351129
   -0.030957590    0.209575479 1418.554302618   -8.370924199    8.794857106
   -0.023991968    0.209575479 1418.479224273  -13.284927769   16.793644631
   -0.017026346    0.209575479 1418.368961208  -18.236740275   29.386906616
   -0.010060724    0.209575479 1418.232627245  -20.259490279   43.980908277
   -0.003095102    0.209575479 1418.088137414  -20.478465334   59.101372879
    0.003870520    0.209575479 1417.954538032  -18.238837722   70.777996310
    0.010836142    0.209575479 1417.830456890  -18.413894861   76.898110885
    0.017801764    0.209575479 1417.673896636  -30.008491028   79.178274079
    0.024767386    0.209575479 1417.378610346  -58.958951487   80.663286882
    0.031733008    0.209575479 1416.816419737 -105.579994173   86.279598639
    0.038698631    0.209575479 1415.886005933 -162.030486920  100.083851750
    0.045664253    0.209575479 1414.558191923 -217.160819085  119.231892237
    0.052629875    0.209575479 1412.895363769 -257.264457188  142.765345889
    0.059595497    0.209575479 1411.020615076 -278.209294820  163.721376048
    0.066561119    0.209575479 1409.068863589 -289.740593519  179.957357491
    0.073526741    0.209575479 1406.800753814 -381.736221979  192.865733471
    0.080492363    0.209575479 1403.243762647 -702.790618956  187.251704193
    0.087457985    0.209575479 1395.940798269 -1494.574337930  151.356492106
    0.094423607    0.209575479 1380.405231598 -3149.566906963   69.705279332
    0.101389229    0.209575479 1348.819277541 -6178.460849605 -128.391725257
    0.108354851    0.209575479 1290.833161461 -10751.728127985 -486.783422659
    0.115320473    0.209575479 1196.026872222 -16636.255056552 -953.760740224
    0.122286095    0.209575479 1058.194469202 -22893.755497376 -1493.367177861
    0.129251717    0.209575479  879.945185121 -27930.429008736 -1875.441600936
    0.136217339    0.209575479  675.674146294 -30138.272512516 -1946.576870690
    0.143182961    0.209575479  468.804704679 -28625.256873672 -1498.653514832
    0.150148583    0.209575479  285.515343651 -23519.449053723 -566.725267902
    0.157114205    0.209575479  146.210077403 -16281.416241233  643.588598522
    0.164079827    0.209575479   59.191232697 -8824.716637368 1840.530255042
    0.171045449    0.209575479   20.004951215 -2774.072640291 2735.674072259
    0.178011071    0.209575479   14.966341966  935.052172165 3026.049898703
    0.184976693    0.209575479   27.751025406 2431.350846179 2746.025547493
    0.191942315    0.209575479   45.666506251 2590.173054775 2044.428944892
    0.198907937    0.209575479   62.860300822 2329.353310407 1079.225513219
    0.205873559    0.209575479   78.764967592 2315.531697000   11.625125348
    0.212839181    0.209575479   96.508172847 2910.273178081 -1096.608803347
    0.219804803    0.209575479  121.490713699 4417.879885477 -2263.095209111
    0.226770425    0.209575479  160.649404720 7009.678072336 -3574.880268232
    0.233736047    0.209575479  221.960295879 10747.526651715 -5004.918447898
    0.240701669    0.209575479  312.286864224 15238.834949251 -6462.587530251
    0.247667292    0.209575479  433.887668250 19554.358200001 -7692.656844448
    0.254632914    0.209575479  581.816211154 22637.613433409 -8461.927748662
    0.261598536    0.209575479  744.505490404 23681.428741779 -8564.019689184
    0.268564158    0.209575479  906.713733601 22540.981697734 -7934.799569963
    0.275529780    0.209575479 1054.356993044 19609.155515870 -6703.999870054
    0.282495402    0.209575479 1177.352513633 15579.522175846 -5136.096530474
    0.289461024    0.209575479 1270.912752253 11273.964875950 -3555.668032654
    0.296426646    0.209575479 1335.732738209 7449.729667134 -2199.060756490
    0.303392268    0.209575479 1376.471723972 4403.352956241 -1211.967573472
    0.310357890    0.209575479 1399.435454560 2311.351029482 -589.567042743
    0.317323512    0.209575479 1410.909780354 1101.708618588 -263.487448605
    0.324289134    0.209575479 1416.030336334  444.379285818 -100.078173951
    0.331254756    0.209575479 1417.962752086  137.785936751  -23.567678931
    0.338220378    0.209575479 1418.501693711   37.857635159   -5.620018822
    0.345186000    0.209575479 1418.616395834   -0.000000000   -0.000000000

   -0.065785700    0.216624849 1418.616395834   -0.000000000   -0.000000000
   -0.058820078    0.216624849 1418.616395834   -0.000000000   -0.000000000
   -0.051854456    0.216624849 1418.616395834   -0.000000000   -0.000000000
   -0.044888834    0.216624849 1418.616395834   -0.000000000   -0.000000000
   -0.037923212    0.216624849 1418.609209605   -1.483141379    1.379820456
   -0.030957590    0.216624849 1418.594675482   -3.260122593    3.715884401
   -0.023991968    0.216624849 1418.564301519   -5.705507177    8.031376856
   -0.017026346    0.216624849 1418.517191719   -7.728638397   13.674934851
   -0.010060724    0.216624849 1418.457207204   -8.945392158   21.820713968
   -0.003095102    0.216624849 1418.393135037   -9.917611230   29.770842017
    0.003870520    0.216624849 1418.323686586  -10.777691910   36.477977776
    0.010836142    0.216624849 1418.238713086  -14.494622088   41.455420398
    0.017801764    0.216624849 1418.103704471  -26.643860870   45.971941889
    0.024767386    0.216624849 1417.843924542  -49.995203049   53.133052071
    0.031733008    0.216624849 1417.361469032  -90.413316931   69.083772117
    0.038698631    0.216624849 1416.569240668 -138.338863451   93.599472177
    0.045664253    0.216624849 1415.434953948 -186.296937145  126.994760345
    0.052629875    0.216624849 1413.991299469 -225.912437513  163.780050648
    0.059595497    0.216624849 1412.326060114 -248.583980777  201.016118371
    0.066561119    0.216624849 1410.547777253 -267.100347833  232.869340337
    0.073526741    0.216624849 1408.426398659 -365.073504757  260.702662211
    0.080492363    0.216624849 1404.895518781 -708.539327556  277.364206774
    0.087457985    0.216624849 1397.504975328 -1530.996597946  288.945875263
    0.094423607    0.216624849 1381.627202367 -3217.770312871  283.067635833
    0.101389229    0.216624849 1349.236210093 -6330.726252392  245.923403109
    0.108354851    0.216624849 1289.665728525 -11016.970811551  148.553116303
    0.115320473    0.216624849 1192.708531435 -16986.402570805   -1.244231897
    0.122286095    0.216624849 1052.622655129 -23168.636073253 -133.075474830
    0.129251717    0.216624849  873.041079183 -27993.790974078 -109.630138747
    0.136217339    0.216624849  669.642808954 -29800.730643019  160.962770671
    0.143182961    0.216624849  466.872611652 -27793.810258863  848.949932795
    0.150148583    0.216624849  290.412324713 -22394.127508941 1838.791166640
    0.157114205    0.216624849  159.308545902 -15072.797454776 2921.131357962
    0.164079827    0.216624849   79.877848179 -7882.736864628 3861.702899238
    0.171045449    0.216624849   45.471868402 -2390.465792431 4364.626340530
    0.178011071    0.216624849   40.851480578  651.056882984 4172.332942640
    0.184976693    0.216624849   49.964477561 1683.549705071 3437.734844095
    0.191942315    0.216624849   61.613566458 1575.915585854 2373.037849822
    0.198907937    0.216624849   71.560969775 1320.757910206 1325.134721748
    0.205873559    0.216624849   80.956124371 1450.086490631  537.438326098
    0.212839181    0.216624849   93.074373489 2125.745836342  -20.685110974
    0.219804803    0.216624849  112.371918640 3557.075772278 -444.091359812
    0.226770425    0.216624849  144.707677170 5931.891259618 -1075.412817318
    0.233736047    0.216624849  197.837021306 9480.634651439 -1963.108631506
    0.240701669    0.216624849  278.889865694 13892.446070145 -3086.312029851
    0.247667292    0.216624849  391.701172211 18403.213473115 -4295.011901936
    0.254632914    0.216624849  533.244907810 21994.615528398 -5266.358962399
    0.261598536    0.216624849  693.769666658 23735.229362658 -5722.297567178
    0.268564158    0.216624849  858.663721301 23252.852244373 -5571.587764250
    0.275529780    0.216624849 1013.096848251 20825.929306654 -4854.136273456
    0.282495402    0.216624849 1145.385364107 16991.349294474 -3802.193181276
    0.289461024    0.216624849 1248.701575965 12635.200643270 -2649.737699814
    0.296426646    0.216624849 1321.978757535 8497.660842642 -1643.510835315
    0.303392268    0.216624849 1368.842653010 5125.657050814 -911.699029098
    0.310357890    0.216624849 1395.706869900 2740.174072059 -442.363697271
    0.317323512    0.216624849 1409.256199918 1289.158795473 -197.311491186
    0.324289134    0.216624849 1415.377553463  547.037030545  -76.758891360
    0.331254756    0.216624849 1417.797103509  187.377875636  -20.397677966
    0.338220378    0.216624849 1418.473745610   42.350029645   -2.091825194
    0.345186000    0.216624849 1418.616395834   -0.000000000   -0.000000000

   -0.065785700    0.223674220 1418.616395834   -0.000000000   -0.000000000
   -0.058820078    0.223674220 1418.616395834   -0.000000000   -0.000000000
   -0.051854456    0.223674220 1418.616395834   -0.000000000   -0.000000000
   -0.044888834    0.223674220 1418.616395834   -0.000000000   -0.000000000
   -0.037923212    0.223674220 1418.616280254   -0.634218463    0.683130227
   -0.030957590    0.223674220 1418.610089131   -1.177742684    1.483780879
   -0.023991968    0.223674220 1418.599488556   -1.881480621    2.854672137
   -0.017026346    0.223674220 1418.583402863   -2.916328681    5.750179159
   -0.010060724    0.223674220 1418.561423350   -3.517291436    9.503234153
   -0.003095102    0.223674220 1418.536983052   -4.011505871   12.981283306
    0.003870520    0.223674220 1418.504413661   -5.366306964   16.718263884
    0.010836142    0.223674220 1418.450417620  -10.124263095   20.697227919
    0.017801764    0.223674220 1418.351111909  -20.282140644   26.147022514
    0.024767386    0.223674220 1418.152524909  -38.183354664   35.901477603
    0.031733008    0.223674220 1417.790799865  -69.088032380   52.581688776
    0.038698631    0.223674220 1417.184241879 -106.523019077   79.609434507
    0.045664253    0.223674220 1416.302750748 -147.024402986  117.263889877
    0.052629875    0.223674220 1415.147311106 -183.718735687  159.862749253
    0.059595497    0.223674220 1413.770880894 -209.416250306  201.478304777
    0.066561119    0.223674220 1412.253368476 -232.697844218  243.116203187
    0.073526741    0.223674220 1410.378064960 -330.596900082  283.721476884
    0.080492363    0.223674220 1407.067875155 -674.620227546  327.214179247
    0.087457985    0.223674220 1399.898249699 -1484.535380154  373.281860473
    0.094423607    0.223674220 1384.223258995 -3202.512548994  444.526687143
    0.101389229    0.223674220 1352.097566561 -6300.456620609  547.953106420
    0.108354851    0.223674220 1292.777185000 -11000.583386308  717.027691543
    0.115320473    0.223674220 1195.908231445 -16955.660580048  894.489962472
    0.122286095    0.223674220 1056.215264840 -23066.058145671 1150.189325872
    0.129251717    0.223674220  878.032091523 -27707.689322310 1510.467547220
    0.136217339    0.223674220  677.436867053 -29247.168686451 2054.248257846
    0.143182961    0.223674220  479.728242103 -26923.327507717 2783.194993141
    0.150148583    0.223674220  310.026335472 -21377.593566491 3683.922165442
    0.157114205    0.223674220  185.802325478 -14157.631781169 4543.253486641
    0.164079827    0.223674220  111.881189243 -7306.958786037 5117.974021757
    0.171045449    0.223674220   79.529307749 -2419.550105214 5197.372046717
    0.178011071    0.223674220   72.227511482  -42.993882413 4603.387232771
    0.184976693    0.223674220   74.748625909  537.805328603 3511.251381587
    0.191942315    0.223674220   78.160245971  418.216956368 2270.217098399
    0.198907937    0.223674220   80.829854372  438.430581100 1262.920986087
    0.205873559    0.223674220   85.553760313  996.039769825  751.539460661
    0.212839181    0.223674220   95.558690832 1944.010536474  681.585861988
    0.219804803    0.223674220  113.782797142 3379.488013449  835.502914658
    0.226770425    0.223674220  144.183041297 5514.112671670  853.526804211
    0.233736047    0.223674220  193.135840277 8735.372551663  568.762222859
    0.240701669    0.223674220  267.885571762 12888.524159772  -67.667756049
    0.247667292    0.223674220  373.399586162 17391.252746463 -878.436010076
    0.254632914    0.223674220  508.594570892 21225.739734451 -1648.664257118
    0.261598536    0.223674220  665.419798245 23425.655486613 -2217.900223949
    0.268564158    0.223674220  830.116403385 23495.920806430 -2396.923506218
    0.275529780    0.223674220  987.806448362 21473.941948665 -2197.822511129
    0.282495402    0.223674220 1125.383928821 17840.713991027 -1765.132051374
    0.289461024    0.223674220 1234.709612450 13479.044203684 -1247.488944304
    0.296426646    0.223674220 1313.315231372 9153.792129733 -772.202221563
    0.303392268    0.223674220 1364.087919733 5579.012134261 -414.768081558
    0.310357890    0.223674220 1393.395698932 3000.828573684 -199.744381302
    0.317323512    0.223674220 1408.231193178 1425.698641721  -87.043513750
    0.324289134    0.223674220 1414.987299465  604.627943503  -31.349672365
    0.331254756    0.223674220 1417.693429826  228.875301516   -9.857326361
    0.338220378    0.223674220 1418.473816074   42.239391250    2.110734049
    0.345186000    0.223674220 1418.616395834   -0.000000000   -0.000000000

   -0.065785700    0.230723590 1418.616395834   -0.000000000   -0.000000000
   -0.058820078    0.230723590 1418.616395834   -0.000000000   -0.000000000
   -0.051854456    0.230723590 1418.616395834   -0.000000000   -0.000000000
   -0.044888834    0.230723590 1418.616395834   -0.000000000   -0.000000000
   -0.037923212    0.230723590 1418.616395834   -0.000000000   -0.000000000
   -0.030957590    0.230723590 1418.616395834   -0.000000000   -0.000000000
   -0.023991968    0.230723590 1418.613226117   -0.710561891    1.225016431
   -0.017026346    0.230723590 1418.607355994   -0.963505579    2.087606202
   -0.010060724    0.230723590 1418.600118019   -1.080952974    3.151196179
   -0.003095102    0.230723590 1418.592890150   -0.945981950    4.213301156
    0.003870520    0.230723590 1418.581159109   -2.191445335    5.748162460
    0.010836142    0.230723590 1418.551615305   -6.303033918    8.951591831
    0.017801764    0.230723590 1418.487892200  -12.648332600   13.594893287
    0.024767386    0.230723590 1418.355515965  -25.585779120   22.787924253
    0.031733008    0.230723590 1418.108524068  -46.539061813   37.799590764
    0.038698631    0.230723590 1417.685762747  -75.197678042   62.130890411
    0.045664253    0.230723590 1417.052333361 -107.071492705   93.644343651
    0.052629875    0.230723590 1416.185508604 -141.543901234  130.399173941
    0.059595497    0.230723590 1415.097705389 -169.204088216  169.750123903
    0.066561119    0.230723590 1413.861016899 -188.463420789  205.847369558
    0.073526741    0.230723590 1412.261921021 -277.434089512  245.935159196
    0.080492363    0.230723590 1409.314625714 -613.638037475  298.494684632
    0.087457985    0.230723590 1402.587930563 -1406.059533089  382.102821309
    0.094423607    0.230723590 1387.742843733 -3057.372010154  534.508510448
    0.101389229    0.230723590 1356.829330990 -6055.912493584  791.539311042
    0.108354851    0.230723590 1299.524844321 -10676.408713607 1203.260779838
    0.115320473    0.230723590 1205.339115267 -16532.114897192 1777.916427456
    0.122286095    0.230723590 1068.908584798 -22541.124048945 2469.604266427
    0.129251717    0.230723590  894.741482770 -27090.955690814 3270.795428935
    0.136217339    0.230723590  698.955741389 -28503.906305524 4103.072913309
    0.143182961    0.230723590  506.481639699 -26114.174368100 4910.216398706
    0.150148583    0.230723590  342.474938647 -20627.832016656 5613.129067972
    0.157114205    0.230723590  223.048470111 -13602.263807588 6071.411326954
    0.164079827    0.230723590  151.531904948 -7186.787055632 6129.642747135
    0.171045449    0.230723590  117.739633796 -2956.388400309 5645.924692209
    0.178011071    0.230723590  104.747260756 -1110.491412304 4628.710088359
    0.184976693    0.230723590   98.676228400 -773.939996644 3252.519349560
    0.191942315    0.230723590   93.233188436 -734.591403245 1983.284004028
    0.198907937    0.230723590   89.405081247 -227.510513537 1163.160456199
    0.205873559    0.230723590   91.573072087  905.594420839  994.117576438
    0.212839181    0.230723590  102.714110503 2300.629774865 1391.818588234
    0.219804803    0.230723590  123.864699434 3796.149942847 2060.849586862
    0.226770425    0.230723590  156.715148960 5741.944932422 2679.038052178
    0.233736047    0.230723590  205.793852071 8535.927206894 3023.584807322
    0.240701669    0.230723590  278.254469423 12405.480315345 3045.978578593
    0.247667292    0.230723590  379.899485564 16796.369626259 2793.682711927
    0.254632914    0.230723590  510.910740038 20633.505603279 2367.645729077
    0.261598536    0.230723590  663.963948527 23001.321536555 1867.516145701
    0.268564158    0.230723590  826.353924715 23278.383401661 1406.331905861
    0.275529780    0.230723590  983.353978347 21475.116654439 1002.525991309
    0.282495402    0.230723590 1121.462596219 17979.398046962  688.160000720
    0.289461024    0.230723590 1231.823066726 13640.367677246  453.948294744
    0.296426646    0.230723590 1311.537606559 9323.115256484  280.829245676
    0.303392268    0.230723590 1363.206323013 5668.784232769  169.501749265
    0.310357890    0.230723590 1392.945658588 3053.612337233   79.948256870
    0.317323512    0.230723590 1408.056760330 1459.552779788   41.600523425
    0.324289134    0.230723590 1414.942700343  607.473032535   17.095342315
    0.331254756    0.230723590 1417.685286193  236.566998369    7.680976376
    0.338220378    0.230723590 1418.497478538   44.596467219    4.164739572
    0.345186000    0.230723590 1418.616395834   -0.000000000   -0.000000000

   -0.065785700    0.237772961 1418.616395834   -0.000000000   -0.000000000
   -0.058820078    0.237772961 1418.616395834   -0.000000000   -0.000000000
   -0.051854456    0.237772961 1418.616395834   -0.000000000   -0.000000000
   -0.044888834    0.237772961 1418.616395834   -0.000000000   -0.000000000
   -0.037923212    0.237772961 1418.616395834   -0.000000000   -0.000000000
   -0.030957590    0.237772961 1418.616395834   -0.000000000   -0.000000000
   -0.023991968    0.237772961 1418.616395834   -0.000000000   -0.000000000
   -0.017026346    0.237772961 1418.616395834   -0.000000000   -0.000000000
   -0.010060724    0.237772961 1418.614409998   -0.360541114    1.177104149
   -0.003095102    0.237772961 1418.611999214   -0.315522871    1.573844975
    0.003870520    0.237772961 1418.608450513   -1.143140417    2.418980570
    0.010836142    0.237772961 1418.596564276   -3.049024311    3.874651211
    0.017801764    0.237772961 1418.561036038   -7.188754511    7.615224052
    0.024767386    0.237772961 1418.484150030  -16.372353432   13.857409983
    0.031733008    0.237772961 1418.328087311  -29.293757179   24.448855154
    0.038698631    0.237772961 1418.050786174  -50.770736617   40.948141070
    0.045664253    0.237772961 1417.607834114  -77.216522996   63.968976291
    0.052629875    0.237772961 1416.967322930 -107.341582343   90.294682863
    0.059595497    0.237772961 1416.111221187 -136.850645189  117.206353187
    0.066561119    0.237772961 1415.086414509 -154.656999929  141.175022722
    0.073526741    0.237772961 1413.758227643 -237.578040126  175.482671730
    0.080492363    0.237772961 1411.188719141 -538.286392671  233.446711874
    0.087457985    0.237772961 1405.188723728 -1270.235024461  351.206137172
    0.094423607    0.237772961 1391.618234468 -2791.351081565  556.697815766
    0.101389229    0.237772961 1363.102141119 -5624.429504654  976.480288659
    0.108354851    0.237772961 1309.556407738 -9994.976959663 1643.829763775
    0.115320473    0.237772961 1220.830668988 -15621.760305983 2626.594670315
    0.122286095    0.237772961 1091.284467644 -21490.375116551 3872.724533172
    0.129251717    0.237772961  924.691672269 -25975.221573630 5262.716455805
    0.136217339    0.237772961  736.349704670 -27494.029309568 6579.568325511
    0.143182961    0.237772961  550.202312323 -25340.138232331 7584.791427665
    0.150148583    0.237772961  390.522983985 -20116.142988910 8157.719532430
    0.157114205    0.237772961  272.913797697 -13601.722013333 8199.732814744
    0.164079827    0.237772961  199.518472333 -7760.693035209 7603.457488178
    0.171045449    0.237772961  159.777315958 -4076.894186690 6419.073363507
    0.178011071    0.237772961  137.639830626 -2572.647929586 4826.753654115
    0.184976693    0.237772961  121.155864986 -2242.667530539 3249.003872234
    0.191942315    0.237772961  106.921075949 -1740.298598645 2056.445440384
    0.198907937    0.237772961   98.516231294 -542.525258245 1556.617159581
    0.205873559    0.237772961  100.874513370 1266.718779105 1759.024251417
    0.212839181    0.237772961  116.365457869 3134.245778641 2540.756246022
    0.219804803    0.237772961  143.639268890 4698.639580102 3581.332572446
    0.226770425    0.237772961  182.387067622 6505.057220976 4641.124464803
    0.233736047    0.237772961  236.077196148 9067.843514209 5598.807435222
    0.240701669    0.237772961  311.225543720 12653.237850610 6316.523245645
    0.247667292    0.237772961  413.280725238 16681.099922770 6673.131423277
    0.254632914    0.237772961  542.590077139 20274.147770500 6627.171706908
    0.261598536    0.237772961  692.245486239 22406.434323919 6160.048468852
    0.268564158    0.237772961  850.181105616 22578.776820795 5317.185275841
    0.275529780    0.237772961 1002.029249787 20706.059295483 4260.563887157
    0.282495402    0.237772961 1135.087857994 17275.620569622 3142.856257651
    0.289461024    0.237772961 1240.992327852 13071.197440160 2117.142824004
    0.296426646    0.237772961 1317.179014327 8879.525153097 1294.268559410
    0.303392268    0.237772961 1366.337372946 5364.869539018  703.823859198
    0.310357890    0.237772961 1394.484964353 2878.168708672  347.890050428
    0.317323512    0.237772961 1408.777189607 1372.866235102  157.009626924
    0.324289134    0.237772961 1415.230338190  564.831490878   61.867555404
    0.331254756    0.237772961 1417.799909512  213.855537856   23.222870602
    0.338220378    0.237772961 1418.533405256   32.538048717    4.686781230
    0.345186000    0.237772961 1418.616395834   -0.000000000   -0.000000000

   -0.065785700    0.244822331 1418.616395834   -0.000000000   -0.000000000
   -0.058820078    0.244822331 1418.616395834   -0.000000000   -0.000000000
   -0.051854456    0.244822331 1418.616395834   -0.000000000   -0.000000000
   -0.044888834    0.244822331 1418.616395834   -0.000000000   -0.000000000
   -0.037923212    0.244822331 1418.616395834   -0.000000000   -0.000000000
   -0.030957590    0.244822331 1418.616395834   -0.000000000   -0.000000000
   -0.023991968    0.244822331 1418.616395834   -0.000000000   -0.000000000
   -0.017026346    0.244822331 1418.616395834   -0.000000000   -0.000000000
   -0.010060724    0.244822331 1418.616395834   -0.000000000   -0.000000000
   -0.003095102    0.244822331 1418.616395834   -0.000000000   -0.000000000
    0.003870520    0.244822331 1418.616395834   -0.000000000   -0.000000000
    0.010836142    0.244822331 1418.612231140   -1.167633926    0.914987835
    0.017801764    0.244822331 1418.597485073   -3.389131753    2.911749391
    0.024767386    0.244822331 1418.556187997   -9.894489198    7.203637587
    0.031733008    0.244822331 1418.458497235  -18.920169603   13.655133472
    0.038698631    0.244822331 1418.277629609  -34.971395015   24.095096267
    0.045664253    0.244822331 1417.960251466  -57.326902135   37.081551323
    0.052629875    0.244822331 1417.463464828  -86.104555183   52.198653670
    0.059595497    0.244822331 1416.755430499 -117.080731520   67.443307135
    0.066561119    0.244822331 1415.857739608 -138.079987018   79.959512438
    0.073526741    0.244822331 1414.736130072 -202.829903435  104.897764619
    0.080492363    0.244822331 1412.532313769 -467.813742267  151.794055585
    0.087457985    0.244822331 1407.417221110 -1082.136548784  282.853277586
    0.094423607    0.244822331 1395.605526050 -2453.386130938  569.701624556
    0.101389229    0.244822331 1370.498800501 -4992.446369281 1101.042925989
    0.108354851    0.244822331 1322.606324049 -8989.105803911 2037.327466052
    0.115320473    0.244822331 1242.260267674 -14234.858339185 3431.334027125
    0.122286095    0.244822331 1123.531370463 -19799.705969179 5246.494930483
    0.129251717    0.244822331  969.027693189 -24232.067162146 7298.056747273
    0.136217339    0.244822331  792.105165202 -26008.250009609 9242.515503079
    0.143182961    0.244822331  614.551190631 -24411.242154133 10697.309749904
    0.150148583    0.244822331  459.022836025 -19870.160463809 11340.856583709
    0.157114205    0.244822331  340.514427584 -14119.599968266 11076.590278577
    0.164079827    0.244822331  260.796345302 -9034.752649774 9917.509351993
    0.171045449    0.244822331  210.162694032 -5818.491798554 8080.093522179
    0.178011071    0.244822331  175.203024525 -4430.808641543 6034.499949128
    0.184976693    0.244822331  146.908462748 -3737.491387936 4226.045143658
    0.191942315    0.244822331  124.435613669 -2571.205605391 3053.324108617
    0.198907937    0.244822331  112.939321764 -572.523068296 2674.493723140
    0.205873559    0.244822331  117.592620389 1933.923984018 3047.327272472
    0.212839181    0.244822331  139.193135136 4206.433655537 3986.510251572
    0.219804803    0.244822331  174.761207102 5961.840552498 5269.207704634
    0.226770425    0.244822331  222.527283481 7812.783336026 6731.623296223
    0.233736047    0.244822331  284.868782320 10241.134433905 8198.991119488
    0.240701669    0.244822331  367.015959580 13480.255638608 9462.637031587
    0.247667292    0.244822331  473.541747518 17101.242207932 10361.643996671
    0.254632914    0.244822331  603.667444694 20079.424272087 10591.162778279
    0.261598536    0.244822331  749.788250315 21583.692626097 10027.567947160
    0.268564158    0.244822331  900.254332008 21275.635868172 8739.411226191
    0.275529780    0.244822331 1042.159345615 19207.732412612 6992.174632346
    0.282495402    0.244822331 1164.604329030 15796.005236524 5132.907346452
    0.289461024    0.244822331 1260.808661646 11798.248078647 3425.153205585
    0.296426646    0.244822331 1329.158079018 7923.747899151 2055.040265573
    0.303392268    0.244822331 1372.830333584 4764.178639157 1110.934794699
    0.310357890    0.244822331 1397.699311525 2523.911276179  544.058758379
    0.317323512    0.244822331 1410.188521476 1199.976747044  236.945724056
    0.324289134    0.244822331 1415.787677566  489.475276276   93.246116359
    0.331254756    0.244822331 1417.996959912  178.591862432   31.959306981
    0.338220378    0.244822331 1418.557276139   22.271473031    3.873800167
    0.345186000    0.244822331 1418.616395834   -0.000000000   -0.000000000

   -0.065785700    0.251871702 1418.616395834   -0.000000000   -0.000000000
   -0.058820078    0.251871702 1418.616395834   -0.000000000   -0.000000000
   -0.051854456    0.251871702 1418.616395834   -0.000000000   -0.000000000
   -0.044888834    0.251871702 1418.616395834   -0.000000000   -0.000000000
   -0.037923212    0.251871702 1418.616395834   -0.000000000   -0.000000000
   -0.030957590    0.251871702 1418.616395834   -0.000000000   -0.000000000
   -0.023991968    0.251871702 1418.616395834   -0.000000000   -0.000000000
   -0.017026346    0.251871702 1418.616395834   -0.000000000   -0.000000000
   -0.010060724    0.251871702 1418.616395834   -0.000000000   -0.000000000
   -0.003095102    0.251871702 1418.616395834   -0.000000000   -0.000000000
    0.003870520    0.251871702 1418.616395834   -0.000000000   -0.000000000
    0.010836142    0.251871702 1418.616395834   -0.000000000   -0.000000000
    0.017801764    0.251871702 1418.611614354   -1.084053271    1.145633563
    0.024767386    0.251871702 1418.590314027   -5.311195631    3.017227159
    0.031733008    0.251871702 1418.528134740  -12.816030062    6.517163101
    0.038698631    0.251871702 1418.399663643  -25.333697167   11.837741853
    0.045664253    0.251871702 1418.153294378  -46.893166926   19.297905218
    0.052629875    0.251871702 1417.731865817  -75.131503061   26.754654449
    0.059595497    0.251871702 1417.100430178 -105.812088573   33.486851880
    0.066561119    0.251871702 1416.267794604 -130.300196629   41.154294966
    0.073526741    0.251871702 1415.279120455 -165.893392209   55.364248769
    0.080492363    0.251871702 1413.452827574 -405.185257705  114.561016985
    0.087457985    0.251871702 1409.245752045 -893.269066020  243.064424621
    0.094423607    0.251871702 1399.571366473 -2022.951248400  549.782732798
    0.101389229    0.251871702 1378.604049774 -4219.985115462 1186.506099544
    0.108354851    0.251871702 1337.898840365 -7675.591052644 2271.225830871
    0.115320473    0.251871702 1268.631681017 -12368.953654010 3987.270212381
    0.122286095    0.251871702 1164.473651773 -17504.484395565 6292.218150976
    0.129251717    0.251871702 1026.706991380 -21778.879072365 8978.870513680
    0.136217339    0.251871702  865.940623913 -23924.742840477 11606.971883857
    0.143182961    0.251871702  700.678335153 -23056.423255021 13651.869314583
    0.150148583    0.251871702  550.859112036 -19604.421818024 14672.436462111
    0.157114205    0.251871702  430.352361255 -14943.872526319 14431.102685885
    0.164079827    0.251871702  341.222718837 -10827.732220335 13008.440035738
    0.171045449    0.251871702  276.198992491 -8098.577342519 10811.025368718
    0.178011071    0.251871702  225.517895409 -6592.921460280 8430.465063211
    0.184976693    0.251871702  183.708572064 -5352.040349652 6420.219131918
    0.191942315    0.251871702  152.626016899 -3408.587759234 5100.031464974
    0.198907937    0.251871702  138.254046078 -597.818944083 4606.149382796
    0.205873559    0.251871702  145.182875925 2589.072090301 4882.364165443
    0.212839181    0.251871702  173.156164407 5327.651416530 5689.614790869
    0.219804803    0.251871702  217.851641393 7449.067884683 6941.861997730
    0.226770425    0.251871702  276.604239614 9466.070207755 8554.153533599
    0.233736047    0.251871702  350.621949437 11873.163576315 10354.686267872
    0.240701669    0.251871702  443.444020689 14846.192058116 12065.636489977
    0.247667292    0.251871702  557.468488393 17803.857542151 13250.529568085
    0.254632914    0.251871702  689.422993360 19868.677550041 13509.825616799
    0.261598536    0.251871702  830.867492899 20478.582557676 12738.995760173
    0.268564158    0.251871702  970.738583166 19427.026637532 11032.869719038
    0.275529780    0.251871702 1098.259779530 17002.099777890 8731.995420939
    0.282495402    0.251871702 1205.464825699 13667.629899677 6309.216046164
    0.289461024    0.251871702 1287.794025860 9994.765049551 4133.704483974
    0.296426646    0.251871702 1345.329945644 6607.220406567 2468.172522161
    0.303392268    0.251871702 1381.560764426 3935.275526440 1328.710564329
    0.310357890    0.251871702 1401.907533174 2037.394463648  631.730197046
    0.317323512    0.251871702 1412.023798794  968.481466919  272.799591407
    0.324289134    0.251871702 1416.500131902  390.805913721  105.722935315
    0.331254756    0.251871702 1418.221689755  120.384966971   28.118995016
    0.338220378    0.251871702 1418.587268581   17.455060872    4.470008854
    0.345186000    0.251871702 1418.616395834   -0.000000000   -0.000000000

   -0.065785700    0.258921072 1418.616395834   -0.000000000   -0.000000000
   -0.058820078    0.258921072 1418.616395834   -0.000000000   -0.000000000
   -0.051854456    0.258921072 1418.616395834   -0.000000000   -0.000000000
   -0.044888834    0.258921072 1418.616395834   -0.000000000   -0.000000000
   -0.037923212    0.258921072 1418.616395834   -0.000000000   -0.000000000
   -0.030957590    0.258921072 1418.616395834   -0.000000000   -0.000000000
   -0.023991968    0.258921072 1418.616395834   -0.000000000   -0.000000000
   -0.017026346    0.258921072 1418.616395834   -0.000000000   -0.000000000
   -0.010060724    0.258921072 1418.616395834   -0.000000000   -0.000000000
   -0.003095102    0.258921072 1418.616395834   -0.000000000   -0.000000000
    0.003870520    0.258921072 1418.616395834   -0.000000000   -0.000000000
    0.010836142    0.258921072 1418.616395834   -0.000000000   -0.000000000
    0.017801764    0.258921072 1418.616395834   -0.000000000   -0.000000000
    0.024767386    0.258921072 1418.604011242   -3.470602805    0.994385243
    0.031733008    0.258921072 1418.561479111   -9.915438091    3.338141353
    0.038698631    0.258921072 1418.457369370  -21.107552621    5.973450023
    0.045664253    0.258921072 1418.249213008  -40.074914501    9.613134200
    0.052629875    0.258921072 1417.873721971  -68.754252260   15.968711400
    0.059595497    0.258921072 1417.285419786  -99.975696943   22.389414520
    0.066561119    0.258921072 1416.498336280 -124.059758311   29.749579123
    0.073526741    0.258921072 1415.592916422 -139.348108689   40.984817895
    0.080492363    0.258921072 1414.189352028 -311.021200164  102.064913882
    0.087457985    0.258921072 1410.888386613 -687.531267942  230.954527896
    0.094423607    0.258921072 1403.399828683 -1572.468194900  536.281918728
    0.101389229    0.258921072 1386.967640438 -3344.481869114 1178.801719792
    0.108354851    0.258921072 1354.316096817 -6228.333966275 2343.472698670
    0.115320473    0.258921072 1297.682043906 -10193.080404353 4192.461293308
    0.122286095    0.258921072 1210.946902871 -14715.676421199 6773.259339249
    0.129251717    0.258921072 1093.760898269 -18736.164717263 9903.095722624
    0.136217339    0.258921072  953.751836085 -21132.923265519 13127.096899754
    0.143182961    0.258921072  805.206910996 -21120.988179498 15808.459767537
    0.150148583    0.258921072  664.540751614 -18960.933166480 17427.107935981
    0.157114205    0.258921072  543.562935434 -15718.325358497 17595.153382297
    0.164079827    0.258921072  445.007513061 -12702.283114948 16409.245748576
    0.171045449    0.258921072  364.515240432 -10560.786561032 14313.113968647
    0.178011071    0.258921072  296.613995154 -8988.529518225 11872.023343731
    0.184976693    0.258921072  239.902341089 -7194.444488350 9676.554632315
    0.191942315    0.258921072  198.739479654 -4461.170594670 8133.744338242
    0.198907937    0.258921072  179.839162406 -867.659961273 7302.012556805
    0.205873559    0.258921072  187.113912971 2927.810821249 7100.557109868
    0.212839181    0.258921072  219.416156027 6229.756787336 7480.325269750
    0.219804803    0.258921072  272.175752304 8843.663593677 8430.504066612
    0.226770425    0.258921072  342.156151039 11259.566901962 9976.608192595
    0.233736047    0.258921072  429.268191420 13809.404843639 11826.304067163
    0.240701669    0.258921072  534.713332734 16449.845634653 13637.447283026
    0.247667292    0.258921072  657.203521826 18585.899504420 14806.538377061
    0.254632914    0.258921072  790.676843010 19508.955315912 14934.046583638
    0.261598536    0.258921072  925.619661155 18999.748694355 13866.799195014
    0.268564158    0.258921072 1052.133886337 17145.261055193 11810.866812504
    0.275529780    0.258921072 1162.245371452 14359.202241300 9203.311703387
    0.282495402    0.258921072 1251.274690530 11171.458029162 6554.044619372
    0.289461024    0.258921072 1317.694961052 7960.107674924 4245.689771544
    0.296426646    0.258921072 1363.058758927 5152.244375928 2507.375566427
    0.303392268    0.258921072 1391.020203583 2989.677862310 1322.413584659
    0.310357890    0.258921072 1406.391661682 1533.634030694  624.326756531
    0.317323512    0.258921072 1413.924097236  714.619207913  262.050225320
    0.324289134    0.258921072 1417.228090919  278.461600706   94.976375169
    0.331254756    0.258921072 1418.373495003   73.458191062   20.123663335
    0.338220378    0.258921072 1418.611492353    7.118961398    1.444624381
    0.345186000    0.258921072 1418.616395834   -0.000000000   -0.000000000

   -0.065785700    0.265970443 1418.616395834   -0.000000000   -0.000000000
   -0.058820078    0.265970443 1418.616395834   -0.000000000   -0.000000000
   -0.051854456    0.265970443 1418.616395834   -0.000000000   -0.000000000
   -0.044888834    0.265970443 1418.616395834   -0.000000000   -0.000000000
   -0.037923212    0.265970443 1418.616395834   -0.000000000   -0.000000000
   -0.030957590    0.265970443 1418.616395834   -0.000000000   -0.000000000
   -0.023991968    0.265970443 1418.616395834   -0.000000000   -0.000000000
   -0.017026346    0.265970443 1418.616395834   -0.000000000   -0.000000000
   -0.010060724    0.265970443 1418.616395834   -0.000000000   -0.000000000
   -0.003095102    0.265970443 1418.616395834   -0.000000000   -0.000000000
    0.003870520    0.265970443 1418.616395834   -0.000000000   -0.000000000
    0.010836142    0.265970443 1418.616395834   -0.000000000   -0.000000000
    0.017801764    0.265970443 1418.616395834   -0.000000000   -0.000000000
    0.024767386    0.265970443 1418.607530677   -2.654757699    0.181920965
    0.031733008    0.265970443 1418.575371069   -7.450798563    1.349664922
    0.038698631    0.265970443 1418.492241956  -18.090780848    4.340197505
    0.045664253    0.265970443 1418.310229750  -35.548498502    8.359717040
    0.052629875    0.265970443 1417.978415820  -60.848644310   14.827013517
    0.059595497    0.265970443 1417.450662465  -90.816174436   25.933386973
    0.066561119    0.265970443 1416.732461665 -113.080602606   38.984550621
    0.073526741    0.265970443 1415.922636108 -119.842331903   55.801284171
    0.080492363    0.265970443 1414.893604965 -216.537182948  105.441469864
    0.087457985    0.265970443 1412.524694902 -501.515000359  235.621497273
    0.094423607    0.265970443 1407.105177542 -1144.727612982  511.081988915
    0.101389229    0.265970443 1394.928448256 -2461.824147196 1077.686844305
    0.108354851    0.265970443 1370.428048047 -4749.202533537 2195.861193295
    0.115320473    0.265970443 1326.802117396 -7929.631266402 4005.319323765
    0.122286095    0.265970443 1258.519109079 -11731.711099471 6622.643525246
    0.129251717    0.265970443 1164.139237498 -15279.298814467 9892.058792457
    0.136217339    0.265970443 1048.134449585 -17771.851846760 13445.516839113
    0.143182961    0.265970443  920.591805654 -18548.848622784 16676.535699444
    0.150148583    0.265970443  793.543512869 -17707.663971463 18937.530513148
    0.157114205    0.265970443  676.134606921 -15938.478794601 19823.318660291
    0.164079827    0.265970443  571.453732375 -14179.611466855 19311.622541470
    0.171045449    0.265970443  477.841038870 -12755.583518426 17770.671827856
    0.178011071    0.265970443  393.804896755 -11316.974040361 15702.938522372
    0.184976693    0.265970443  321.854071910 -9171.713445194 13610.793672866
    0.191942315    0.265970443  268.861544568 -5851.763264326 11848.426956450
    0.198907937    0.265970443  242.462250722 -1644.046165090 10551.755160359
    0.205873559    0.265970443  246.368401999 2713.096202102 9774.509590973
    0.212839181    0.265970443  279.215185317 6616.824127646 9556.899974994
    0.219804803    0.265970443  337.098203681 9918.175382899 10005.304632874
    0.226770425    0.265970443  416.500131299 12864.624360226 11123.127551522
    0.233736047    0.265970443  515.936124866 15647.314931448 12682.659492169
    0.240701669    0.265970443  633.246576988 17922.482953013 14187.047231439
    0.247667292    0.265970443  763.046271604 19126.650501119 15012.241326452
    0.254632914    0.265970443  896.234615414 18867.862817909 14770.267611320
    0.261598536    0.265970443 1022.589989390 17215.321949998 13414.838678985
    0.268564158    0.265970443 1133.916184907 14636.610379024 11182.910180340
    0.275529780    0.265970443 1225.498098544 11620.487297664 8574.906147618
    0.282495402    0.265970443 1295.888804514 8617.956230236 5985.715514514
    0.289461024    0.265970443 1346.389367338 5952.532005080 3825.623295903
    0.296426646    0.265970443 1379.863008047 3740.850746351 2213.774212515
    0.303392268    0.265970443 1399.817921491 2099.916163507 1152.370737925
    0.310357890    0.265970443 1410.498628596 1042.658667193  526.748891233
    0.317323512    0.265970443 1415.640244001  485.210224993  222.202740694
    0.324289134    0.265970443 1417.806005754  175.408428259   70.081497245
    0.331254756    0.265970443 1418.498979323   43.285801736   15.921555997
    0.338220378    0.265970443 1418.616395834   -0.000000000   -0.000000000
    0.345186000    0.265970443 1418.616395834   -0.000000000   -0.000000000

   -0.065785700    0.273019813 1418.616395834   -0.000000000   -0.000000000
   -0.058820078    0.273019813 1418.616395834   -0.000000000   -0.000000000
   -0.051854456    0.273019813 1418.616395834   -0.000000000   -0.000000000
   -0.044888834    0.273019813 1418.616395834   -0.000000000   -0.000000000
   -0.037923212    0.273019813 1418.616395834   -0.000000000   -0.000000000
   -0.030957590    0.273019813 1418.616395834   -0.000000000   -0.000000000
   -0.023991968    0.273019813 1418.616395834   -0.000000000   -0.000000000
   -0.017026346    0.273019813 1418.616395834   -0.000000000   -0.000000000
   -0.010060724    0.273019813 1418.616395834   -0.000000000   -0.000000000
   -0.003095102    0.273019813 1418.616395834   -0.000000000   -0.000000000
    0.003870520    0.273019813 1418.616395834   -0.000000000   -0.000000000
    0.010836142    0.273019813 1418.616395834   -0.000000000   -0.000000000
    0.017801764    0.273019813 1418.616395834   -0.000000000   -0.000000000
    0.024767386    0.273019813 1418.609659888   -2.304052880    0.404412786
    0.031733008    0.273019813 1418.582181358   -6.107964520    1.198830447
    0.038698631    0.273019813 1418.514766492  -14.141902767    3.147826952
    0.045664253    0.273019813 1418.369200467  -29.142867583    8.191248308
    0.052629875    0.273019813 1418.094441961  -50.806622943   17.647967258
    0.059595497    0.273019813 1417.654078790  -75.627764741   32.318621059
    0.066561119    0.273019813 1417.054885283  -94.858572307   51.791867908
    0.073526741    0.273019813 1416.375555023  -96.566418208   73.911781762
    0.080492363    0.273019813 1415.674658731 -143.677378766  116.761537930
    0.087457985    0.273019813 1414.130500298 -332.865700278  220.924670129
    0.094423607    0.273019813 1410.518253718 -772.478928826  452.124294311
    0.101389229    0.273019813 1402.091395621 -1733.921741282  940.799079769
    0.108354851    0.273019813 1384.806147150 -3366.377768204 1869.838412684
    0.115320473    0.273019813 1353.355502323 -5784.574522494 3494.715037087
    0.122286095    0.273019813 1302.851605951 -8778.609623266 5889.885744861
    0.129251717    0.273019813 1231.231917753 -11750.318561356 9005.494258948
    0.136217339    0.273019813 1140.531165428 -14139.289299584 12581.742455328
    0.143182961    0.273019813 1036.911819721 -15448.154972003 16077.825205996
    0.150148583    0.273019813  927.811632944 -15711.056931426 18867.328870816
    0.157114205    0.273019813  819.508316160 -15325.516676473 20570.421113152
    0.164079827    0.273019813  714.462999380 -14817.285568373 21013.114038612
    0.171045449    0.273019813  613.008804321 -14266.227306300 20394.581375954
    0.178011071    0.273019813  516.899497811 -13200.656966417 19087.794684147
    0.184976693    0.273019813  431.662140617 -11057.818923228 17449.896518586
    0.191942315    0.273019813  366.261402605 -7498.241346678 15807.358647967
    0.198907937    0.273019813  329.635668843 -2909.959323137 14234.418877731
    0.205873559    0.273019813  326.204201676 1902.791800684 12953.138617518
    0.212839181    0.273019813  355.367995226 6407.439413289 12145.240843478
    0.219804803    0.273019813  414.207521503 10402.185759473 11956.341260688
    0.226770425    0.273019813  499.435135152 13979.991469144 12474.634938903
    0.233736047    0.273019813  607.693567530 16964.037578666 13371.926801820
    0.240701669    0.273019813  733.213852081 18838.180202529 14127.265634609
    0.247667292    0.273019813  866.591012780 19162.026961954 14273.909069247
    0.254632914    0.273019813  996.333748688 17837.884075247 13516.019799742
    0.261598536    0.273019813 1112.065998537 15249.427260607 11855.875103193
    0.268564158    0.273019813 1207.668097886 12158.857032109 9617.703281902
    0.275529780    0.273019813 1281.296649323 9017.637209861 7162.851926074
    0.282495402    0.273019813 1334.489841479 6339.804310097 4908.116199703
    0.289461024    0.273019813 1370.822284514 4189.923612012 3069.628486031
    0.296426646    0.273019813 1393.880103445 2525.028226362 1739.692634009
    0.303392268    0.273019813 1407.036374986 1335.216738675  880.716854928
    0.310357890    0.273019813 1413.787278607  656.720269576  396.797448678
    0.317323512    0.273019813 1416.934337164  291.754321849  154.854194637
    0.324289134    0.273019813 1418.209937745  102.125831231   48.716151661
    0.331254756    0.273019813 1418.572700241   19.346841415    7.607068898
    0.338220378    0.273019813 1418.616395834   -0.000000000   -0.000000000
    0.345186000    0.273019813 1418.616395834   -0.000000000   -0.000000000

   -0.065785700    0.280069184 1418.616395834   -0.000000000   -0.000000000
   -0.058820078    0.280069184 1418.616395834   -0.000000000   -0.000000000
   -0.051854456    0.280069184 1418.616395834   -0.000000000   -0.000000000
   -0.044888834    0.280069184 1418.616395834   -0.000000000   -0.000000000
   -0.037923212    0.280069184 1418.616395834   -0.000000000   -0.000000000
   -0.030957590    0.280069184 1418.616395834   -0.000000000   -0.000000000
   -0.023991968    0.280069184 1418.616395834   -0.000000000   -0.000000000
   -0.017026346    0.280069184 1418.616395834   -0.000000000   -0.000000000
   -0.010060724    0.280069184 1418.616395834   -0.000000000   -0.000000000
   -0.003095102    0.280069184 1418.616395834   -0.000000000   -0.000000000
    0.003870520    0.280069184 1418.616395834   -0.000000000   -0.000000000
    0.010836142    0.280069184 1418.616395834   -0.000000000   -0.000000000
    0.017801764    0.280069184 1418.616395834   -0.000000000   -0.000000000
    0.024767386    0.280069184 1418.612926160   -1.766061522    0.498944729
    0.031733008    0.280069184 1418.591863807   -4.681768032    1.479058413
    0.038698631    0.280069184 1418.540190167  -10.839799097    3.883635044
    0.045664253    0.280069184 1418.429540918  -21.831060743    9.032577468
    0.052629875    0.280069184 1418.223762875  -38.011077233   18.608234787
    0.059595497    0.280069184 1417.891450287  -57.187530856   35.136613175
    0.066561119    0.280069184 1417.437641133  -71.650273411   56.697977933
    0.073526741    0.280069184 1416.924268265  -72.856802119   81.045784485
    0.080492363    0.280069184 1416.461738123  -72.245883747  107.896562627
    0.087457985    0.280069184 1415.577315982 -183.982503535  183.776773102
    0.094423607    0.280069184 1413.388016672 -466.466705473  356.937190167
    0.101389229    0.280069184 1408.057131139 -1128.500788470  741.556143362
    0.108354851    0.280069184 1396.652261543 -2238.785405439 1481.719353110
    0.115320473    0.280069184 1375.459078184 -3925.451513849 2772.328067327
    0.122286095    0.280069184 1340.656156036 -6126.581237180 4787.919172957
    0.129251717    0.280069184 1289.761121359 -8460.739187430 7521.460126978
    0.136217339    0.280069184 1223.249403414 -10556.294013309 10771.325232294
    0.143182961    0.280069184 1144.056853461 -12104.052695792 14168.385317446
    0.150148583    0.280069184 1055.941692218 -13115.224626588 17233.921754731
    0.157114205    0.280069184  962.042879101 -13817.413743157 19573.470534522
    0.164079827    0.280069184  863.582107177 -14430.999742684 20995.929006730
    0.171045449    0.280069184  761.777182524 -14738.586411871 21518.360393700
    0.178011071    0.280069184  660.110591381 -14262.625809257 21325.865199959
    0.184976693    0.280069184  566.301504114 -12417.140134054 20577.473214700
    0.191942315    0.280069184  490.804744343 -9017.455013274 19414.833378738
    0.198907937    0.280069184  443.350512857 -4456.305338244 17989.948069934
    0.205873559    0.280069184  429.927233304  624.855023562 16520.859431962
    0.212839181    0.280069184  451.880702412 5629.775100334 15331.718538345
    0.219804803    0.280069184  507.509611620 10261.600646372 14612.697146509
    0.226770425    0.280069184  593.667856427 14348.834425403 14359.288927866
    0.233736047    0.280069184  704.975843095 17413.536613369 14296.638433871
    0.240701669    0.280069184  832.430727649 18888.200263077 14047.704144594
    0.247667292    0.280069184  963.661906045 18466.496327320 13261.742371550
    0.254632914    0.280069184 1085.655567015 16322.750508105 11803.877560153
    0.261598536    0.280069184 1188.626529339 13147.564727445 9832.765016224
    0.268564158    0.280069184 1268.475962307 9792.854057360 7631.502863222
    0.275529780    0.280069184 1325.869148453 6794.805817801 5478.098707636
    0.282495402    0.280069184 1364.607827337 4449.866962514 3642.731064286
    0.289461024    0.280069184 1389.400748954 2772.434878661 2208.611817181
    0.296426646    0.280069184 1404.313195944 1582.541577384 1223.940157954
    0.303392268    0.280069184 1412.211814505  765.589784534  580.801595007
    0.310357890    0.280069184 1416.049662383  373.142965188  261.044329107
    0.317323512    0.280069184 1417.816672782  158.591093573   96.437455786
    0.324289134    0.280069184 1418.458824087   45.820387324   24.268635899
    0.331254756    0.280069184 1418.616395834   -0.000000000   -0.000000000
    0.338220378    0.280069184 1418.616395834   -0.000000000   -0.000000000
    0.345186000    0.280069184 1418.616395834   -0.000000000   -0.000000000

   -0.065785700    0.287118554 1418.616395834   -0.000000000   -0.000000000
   -0.058820078    0.287118554 1418.616395834   -0.000000000   -0.000000000
   -0.051854456    0.287118554 1418.616395834   -0.000000000   -0.000000000
   -0.044888834    0.287118554 1418.616395834   -0.000000000   -0.000000000
   -0.037923212    0.287118554 1418.616395834   -0.000000000   -0.000000000
   -0.030957590    0.287118554 1418.616395834   -0.000000000   -0.000000000
   -0.023991968    0.287118554 1418.616395834   -0.000000000   -0.000000000
   -0.017026346    0.287118554 1418.616395834   -0.000000000   -0.000000000
   -0.010060724    0.287118554 1418.616395834   -0.000000000   -0.000000000
   -0.003095102    0.287118554 1418.616395834   -0.000000000   -0.000000000
    0.003870520    0.287118554 1418.616395834   -0.000000000   -0.000000000
    0.010836142    0.287118554 1418.616395834   -0.000000000   -0.000000000
    0.017801764    0.287118554 1418.616395834   -0.000000000   -0.000000000
    0.024767386    0.287118554 1418.616389915   -1.195542578    0.465680907
    0.031733008    0.287118554 1418.602131669   -3.169342037    1.380452027
    0.038698631    0.287118554 1418.567150986   -7.338046378    3.624719498
    0.045664253    0.287118554 1418.492246524  -14.778625949    8.430390418
    0.052629875    0.287118554 1418.352944236  -25.731754355   17.367654448
    0.059595497    0.287118554 1418.129669305  -38.352955210   31.692379681
    0.066561119    0.287118554 1417.825208140  -48.087499424   51.225797595
    0.073526741    0.287118554 1417.480516106  -48.940630679   73.340321014
    0.080492363    0.287118554 1417.173084912  -36.927749858   94.043206843
    0.087457985    0.287118554 1416.746369582 -103.819441961  145.274935502
    0.094423607    0.287118554 1415.576137013 -268.682351534  261.207703945
    0.101389229    0.287118554 1412.511969167 -669.798057953  525.820420090
    0.108354851    0.287118554 1405.586680242 -1372.595047560 1055.164726620
    0.115320473    0.287118554 1392.346384628 -2478.388359809 2015.163263222
    0.122286095    0.287118554 1370.055064729 -3959.124570851 3554.169901892
    0.129251717    0.287118554 1336.560949764 -5676.182631721 5734.143472737
    0.136217339    0.287118554 1291.164673722 -7350.218998910 8452.490089168
    0.143182961    0.287118554 1234.554383025 -8869.692585883 11436.713319429
    0.150148583    0.287118554 1167.972324881 -10238.605669860 14421.600214853
    0.157114205    0.287118554 1091.985158147 -11598.517522634 17081.830707289
    0.164079827    0.287118554 1006.371034352 -12964.277616890 19246.689506130
    0.171045449    0.287118554  912.225727692 -13983.262406224 20850.333382341
    0.178011071    0.287118554  813.537109690 -14148.650598690 21862.104060681
    0.184976693    0.287118554  718.416183555 -12884.367717195 22282.275825781
    0.191942315    0.287118554  637.677880790 -10019.671457070 22024.565380238
    0.198907937    0.287118554  582.064266590 -5772.335562390 21225.580555067
    0.205873559    0.287118554  559.090545328 -743.412691775 20034.128190172
    0.212839181    0.287118554  572.191678469 4483.448572023 18763.601439012
    0.219804803    0.287118554  621.109575868 9484.951565196 17617.737976605
    0.226770425    0.287118554  702.689509819 13776.918165878 16607.300947386
    0.233736047    0.287118554  809.993529438 16755.535389069 15508.173625330
    0.240701669    0.287118554  931.583674334 17820.747428265 14087.078127411
    0.247667292    0.287118554 1053.556466218 16865.579225007 12252.293709820
    0.254632914    0.287118554 1162.777462882 14290.127089820 10089.146701306
    0.261598536    0.287118554 1250.793964058 10934.680034521 7832.452611000
    0.268564158    0.287118554 1315.298393755 7641.670989998 5691.571184012
    0.275529780    0.287118554 1358.664560142 4947.271877472 3871.319985316
    0.282495402    0.287118554 1385.931433663 3008.546135954 2449.706286659
    0.289461024    0.287118554 1402.157475893 1747.226301982 1438.049189536
    0.296426646    0.287118554 1411.188216533  895.649096355  753.489537030
    0.303392268    0.287118554 1415.481093538  408.470758899  358.854087788
    0.310357890    0.287118554 1417.466620490  178.605456839  139.599398892
    0.317323512    0.287118554 1418.308503180   69.937993408   48.313333609
    0.324289134    0.287118554 1418.581427615   16.057086906   10.938408629
    0.331254756    0.287118554 1418.616395834   -0.000000000   -0.000000000
    0.338220378    0.287118554 1418.616395834   -0.000000000   -0.000000000
    0.345186000    0.287118554 1418.616395834   -0.000000000   -0.000000000

   -0.065785700    0.294167925 1418.616395834   -0.000000000   -0.000000000
   -0.058820078    0.294167925 1418.616395834   -0.000000000   -0.000000000
   -0.051854456    0.294167925 1418.616395834   -0.000000000   -0.000000000
   -0.044888834    0.294167925 1418.616395834   -0.000000000   -0.000000000
   -0.037923212    0.294167925 1418.616395834   -0.000000000   -0.000000000
   -0.030957590    0.294167925 1418.616395834   -0.000000000   -0.000000000
   -0.023991968    0.294167925 1418.616395834   -0.000000000   -0.000000000
   -0.017026346    0.294167925 1418.616395834   -0.000000000   -0.000000000
   -0.010060724    0.294167925 1418.616395834   -0.000000000   -0.000000000
   -0.003095102    0.294167925 1418.616395834   -0.000000000   -0.000000000
    0.003870520    0.294167925 1418.616395834   -0.000000000   -0.000000000
    0.010836142    0.294167925 1418.616395834   -0.000000000   -0.000000000
    0.017801764    0.294167925 1418.616395834   -0.000000000   -0.000000000
    0.024767386    0.294167925 1418.616395834   -0.000000000   -0.000000000
    0.031733008    0.294167925 1418.610784216   -1.894847064    1.052037448
    0.038698631    0.294167925 1418.589870398   -4.387180516    2.762385492
    0.045664253    0.294167925 1418.545087444   -8.835662310    6.424769749
    0.052629875    0.294167925 1418.461803112  -15.384183408   13.235826028
    0.059595497    0.294167925 1418.328314255  -22.929991056   24.152646812
    0.066561119    0.294167925 1418.146286775  -28.749960091   39.038993268
    0.073526741    0.294167925 1417.940206560  -29.260019667   55.892390802
    0.080492363    0.294167925 1417.756934364  -22.013400945   70.880531067
    0.087457985    0.294167925 1417.589357946  -48.349241611   98.334427427
    0.094423607    0.294167925 1417.021674839 -127.201112677  155.466315988
    0.101389229    0.294167925 1415.502012940 -338.561603623  315.870128217
    0.108354851    0.294167925 1411.673077584 -778.619167213  681.309837739
    0.115320473    0.294167925 1404.123577005 -1447.105837936 1343.228106443
    0.122286095    0.294167925 1390.952103306 -2371.217502128 2412.021686872
    0.129251717    0.294167925 1370.666446174 -3497.513236837 3970.126365092
    0.136217339    0.294167925 1342.054217640 -4729.376035475 6023.431537008
    0.143182961    0.294167925 1304.573425185 -6045.237028726 8427.501039512
    0.150148583    0.294167925 1257.772966877 -7416.024141857 11020.271579533
    0.157114205    0.294167925 1200.693861900 -8997.759371107 13666.366721232
    0.164079827    0.294167925 1132.050698795 -10715.469866043 16227.412656484
    0.171045449    0.294167925 1052.044072927 -12177.026249580 18582.383849424
    0.178011071    0.294167925  964.214224852 -12863.345298951 20596.298020428
    0.184976693    0.294167925  875.863248016 -12259.260877858 22079.509082539
    0.191942315    0.294167925  797.218455937 -10062.067132463 22896.339753530
    0.198907937    0.294167925  738.941660628 -6456.769507138 23009.607815550
    0.205873559    0.294167925  709.695991097 -1819.513737108 22450.523336002
    0.212839181    0.294167925  714.620261146 3248.439626464 21440.297775646
    0.219804803    0.294167925  754.740302772 8183.537769355 20106.188681665
    0.226770425    0.294167925  826.815980227 12321.904525769 18455.290910561
    0.233736047    0.294167925  922.870854599 14949.169762507 16382.524347820
    0.240701669    0.294167925 1030.689058156 15670.120040632 13974.155586664
    0.247667292    0.294167925 1136.517192823 14434.433480433 11269.345343328
    0.254632914    0.294167925 1228.491331580 11814.450490365 8569.639234848
    0.261598536    0.294167925 1299.840251289 8660.505567746 6132.016869734
    0.268564158    0.294167925 1349.667507264 5724.047716155 4115.101235909
    0.275529780    0.294167925 1381.271188184 3484.585076743 2612.523577165
    0.282495402    0.294167925 1399.930150639 1971.418010732 1565.261963668
    0.289461024    0.294167925 1410.139783811 1049.740491997  863.982634292
    0.296426646    0.294167925 1415.169598712  454.347919060  398.546751628
    0.303392268    0.294167925 1417.322061071  199.224097260  184.929753859
    0.310357890    0.294167925 1418.207583165   78.626413543   70.163235613
    0.317323512    0.294167925 1418.536999271   25.452553050   20.717734002
    0.324289134    0.294167925 1418.616395834   -0.000000000   -0.000000000
    0.331254756    0.294167925 1418.616395834   -0.000000000   -0.000000000
    0.338220378    0.294167925 1418.616395834   -0.000000000   -0.000000000
    0.345186000    0.294167925 1418.616395834   -0.000000000   -0.000000000

   -0.065785700    0.301217295 1418.616395834   -0.000000000   -0.000000000
   -0.058820078    0.301217295 1418.616395834   -0.000000000   -0.000000000
   -0.051854456    0.301217295 1418.616395834   -0.000000000   -0.000000000
   -0.044888834    0.301217295 1418.616395834   -0.000000000   -0.000000000
   -0.037923212    0.301217295 1418.616395834   -0.000000000   -0.000000000
   -0.030957590    0.301217295 1418.616395834   -0.000000000   -0.000000000
   -0.023991968    0.301217295 1418.616395834   -0.000000000   -0.000000000
   -0.017026346    0.301217295 1418.616395834   -0.000000000   -0.000000000
   -0.010060724    0.301217295 1418.616395834   -0.000000000   -0.000000000
   -0.003095102    0.301217295 1418.616395834   -0.000000000   -0.000000000
    0.003870520    0.301217295 1418.616395834   -0.000000000   -0.000000000
    0.010836142    0.301217295 1418.616395834   -0.000000000   -0.000000000
    0.017801764    0.301217295 1418.616395834   -0.000000000   -0.000000000
    0.024767386    0.301217295 1418.616395834   -0.000000000   -0.000000000
    0.031733008    0.301217295 1418.616395834   -0.000000000   -0.000000000
    0.038698631    0.301217295 1418.605812888   -2.316521788    1.772918196
    0.045664253    0.301217295 1418.582166564   -4.665411915    4.123461851
    0.052629875    0.301217295 1418.538190720   -8.123166104    8.494845080
    0.059595497    0.301217295 1418.467705850  -12.107508157   15.501336488
    0.066561119    0.301217295 1418.371591587  -15.180571831   25.055497043
    0.073526741    0.301217295 1418.262776983  -15.449893806   35.872124644
    0.080492363    0.301217295 1418.166005484  -11.623529676   45.491617173
    0.087457985    0.301217295 1418.109407706   -9.996182951   53.579206614
    0.094423607    0.301217295 1417.892572713  -57.451204947   90.564739068
    0.101389229    0.301217295 1417.173777176 -158.415989932  172.924905534
    0.108354851    0.301217295 1415.380162026 -378.654969108  371.621910128
    0.115320473    0.301217295 1411.504426729 -759.651439849  793.216457894
    0.122286095    0.301217295 1404.477509058 -1285.174191305 1460.589019529
    0.129251717    0.301217295 1393.209708416 -1966.459883936 2488.964152448
    0.136217339    0.301217295 1376.728528075 -2802.436478613 3895.453963994
    0.143182961    0.301217295 1353.902367951 -3791.915128855 5629.939242170
    0.150148583    0.301217295 1323.442245073 -4977.358051647 7673.792156144
    0.157114205    0.301217295 1283.890190032 -6436.890891923 9970.220241285
    0.164079827    0.301217295 1233.369988598 -8105.664404819 12475.772717498
    0.171045449    0.301217295 1171.274491820 -9671.320553812 15129.053854911
    0.178011071    0.301217295 1099.953995488 -10663.754619484 17702.779409764
    0.184976693    0.301217295 1025.249993734 -10579.421249494 19985.406148749
    0.191942315    0.301217295  955.805950188 -9107.781478963 21735.134817675
    0.198907937    0.301217295  901.482490063 -6272.315161611 22723.686627517
    0.205873559    0.301217295  870.921612658 -2366.393155675 22874.970993199
    0.212839181    0.301217295  869.929595445 2137.251367429 22245.900366708
    0.219804803    0.301217295  900.456891291 6554.314390197 20899.806779768
    0.226770425    0.301217295  959.379369052 10148.904310594 18866.102365913
    0.233736047    0.301217295 1038.600694767 12319.298654390 16243.680643396
    0.240701669    0.301217295 1126.848406751 12706.291099970 13188.739592625
    0.247667292    0.301217295 1211.825975612 11439.326195508 10035.078246173
    0.254632914    0.301217295 1283.816573574 9101.069256402 7114.438427510
    0.261598536    0.301217295 1337.901028884 6440.622213130 4710.590850601
    0.268564158    0.301217295 1374.249100683 4075.868314936 2917.956221585
    0.275529780    0.301217295 1396.289364889 2363.571291087 1699.945875137
    0.282495402    0.301217295 1408.516833115 1238.700461807  933.057358068
    0.289461024    0.301217295 1414.606962869  576.965986782  450.906504086
    0.296426646    0.301217295 1417.261009039  227.004749154  204.414200612
    0.303392268    0.301217295 1418.221627787   67.512763697   77.969015053
    0.310357890    0.301217295 1418.522793637   28.869208541   28.445531159
    0.317323512    0.301217295 1418.616395834   -0.000000000   -0.000000000
    0.324289134    0.301217295 1418.616395834   -0.000000000   -0.000000000
    0.331254756    0.301217295 1418.616395834   -0.000000000   -0.000000000
    0.338220378    0.301217295 1418.616395834   -0.000000000   -0.000000000
    0.345186000    0.301217295 1418.616395834   -0.000000000   -0.000000000

   -0.065785700    0.308266666 1418.616395834   -0.000000000   -0.000000000
   -0.058820078    0.308266666 1418.616395834   -0.000000000   -0.000000000
   -0.051854456    0.308266666 1418.616395834   -0.000000000   -0.000000000
   -0.044888834    0.308266666 1418.616395834   -0.000000000   -0.000000000
   -0.037923212    0.308266666 1418.616395834   -0.000000000   -0.000000000
   -0.030957590    0.308266666 1418.616395834   -0.000000000   -0.000000000
   -0.023991968    0.308266666 1418.616395834   -0.000000000   -0.000000000
   -0.017026346    0.308266666 1418.616395834   -0.000000000   -0.000000000
   -0.010060724    0.308266666 1418.616395834   -0.000000000   -0.000000000
   -0.003095102    0.308266666 1418.616395834   -0.000000000   -0.000000000
    0.003870520    0.308266666 1418.616395834   -0.000000000   -0.000000000
    0.010836142    0.308266666 1418.616395834   -0.000000000   -0.000000000
    0.017801764    0.308266666 1418.616395834   -0.000000000   -0.000000000
    0.024767386    0.308266666 1418.616395834   -0.000000000   -0.000000000
    0.031733008    0.308266666 1418.616395834   -0.000000000   -0.000000000
    0.038698631    0.308266666 1418.615331066   -1.080271969    0.973350111
    0.045664253    0.308266666 1418.604303991   -2.175638383    2.263822471
    0.052629875    0.308266666 1418.583796577   -3.788105378    4.663756299
    0.059595497    0.308266666 1418.550927113   -5.646137993    8.510391303
    0.066561119    0.308266666 1418.506105802   -7.079210871   13.755722565
    0.073526741    0.308266666 1418.455361895   -7.204804760   19.694161069
    0.080492363    0.308266666 1418.410234092   -5.420442560   24.975360249
    0.087457985    0.308266666 1418.383920825   -1.914137054   28.054739182
    0.094423607    0.308266666 1418.341891025  -18.885614845   41.969600747
    0.101389229    0.308266666 1418.068772186  -69.254930936   86.944318477
    0.108354851    0.308266666 1417.297395584 -171.800091387  192.747122627
    0.115320473    0.308266666 1415.561946933 -342.824111486  395.085140481
    0.122286095    0.308266666 1412.271451789 -631.146608018  785.969712803
    0.129251717    0.308266666 1406.630531879 -1005.956636459 1388.387772034
    0.136217339    0.308266666 1397.986287655 -1494.935872777 2225.719482822
    0.143182961    0.308266666 1385.328853408 -2182.699131804 3371.665437495
    0.150148583    0.308266666 1367.154272336 -3076.317259297 4831.017740124
    0.157114205    0.308266666 1341.937412729 -4211.112486145 6597.011119514
    0.164079827    0.308266666 1307.934463607 -5592.139929336 8747.843216583
    0.171045449    0.308266666 1264.033813772 -6990.217289452 11215.091668563
    0.178011071    0.308266666 1211.517859136 -7998.445371705 13848.275529587
    0.184976693    0.308266666 1154.357288808 -8250.595213041 16469.509157117
    0.191942315    0.308266666 1099.146776134 -7403.688146162 18659.060742560
    0.198907937    0.308266666 1053.982293135 -5376.951237512 20230.162897570
    0.205873559    0.308266666 1026.620980287 -2334.114453802 20924.686556334
    0.212839181    0.308266666 1022.769785364 1266.047913726 20702.886451115
    0.219804803    0.308266666 1044.246516615 4827.492190147 19511.142727005
    0.226770425    0.308266666 1088.456644708 7689.742505459 17445.699068668
    0.233736047    0.308266666 1148.440364255 9299.859870860 14671.196916216
    0.240701669    0.308266666 1214.561785051 9438.644917194 11518.914614215
    0.247667292    0.308266666 1277.089330148 8339.057094738 8401.898319833
    0.254632914    0.308266666 1328.895648398 6458.734582875 5650.776556869
    0.261598536    0.308266666 1366.808217291 4450.873461526 3523.232459787
    0.268564158    0.308266666 1391.487431220 2719.303785582 2022.865764833
    0.275529780    0.308266666 1405.951603938 1503.457671130 1073.137987133
    0.282495402    0.308266666 1413.513723026  723.894161942  515.170905627
    0.289461024    0.308266666 1416.950077092  297.127577061  228.540014012
    0.296426646    0.308266666 1418.233947271   88.815123359   80.104495736
    0.303392268    0.308266666 1418.539411387   20.465354066   24.104652021
    0.310357890    0.308266666 1418.616395834   -0.000000000   -0.000000000
    0.317323512    0.308266666 1418.616395834   -0.000000000   -0.000000000
    0.324289134    0.308266666 1418.616395834   -0.000000000   -0.000000000
    0.331254756    0.308266666 1418.616395834   -0.000000000   -0.000000000
    0.338220378    0.308266666 1418.616395834   -0.000000000   -0.000000000
    0.345186000    0.308266666 1418.616395834   -0.000000000   -0.000000000

   -0.065785700    0.315316036 1418.616395834   -0.000000000   -0.000000000
   -0.058820078    0.315316036 1418.616395834   -0.000000000   -0.000000000
   -0.051854456    0.315316036 1418.616395834   -0.000000000   -0.000000000
   -0.044888834    0.315316036 1418.616395834   -0.000000000   -0.000000000
   -0.037923212    0.315316036 1418.616395834   -0.000000000   -0.000000000
   -0.030957590    0.315316036 1418.616395834   -0.000000000   -0.000000000
   -0.023991968    0.315316036 1418.616395834   -0.000000000   -0.000000000
   -0.017026346    0.315316036 1418.616395834   -0.000000000   -0.000000000
   -0.010060724    0.315316036 1418.616395834   -0.000000000   -0.000000000
   -0.003095102    0.315316036 1418.616395834   -0.000000000   -0.000000000
    0.003870520    0.315316036 1418.616395834   -0.000000000   -0.000000000
    0.010836142    0.315316036 1418.616395834   -0.000000000   -0.000000000
    0.017801764    0.315316036 1418.616395834   -0.000000000   -0.000000000
    0.024767386    0.315316036 1418.616395834   -0.000000000   -0.000000000
    0.031733008    0.315316036 1418.616395834   -0.000000000   -0.000000000
    0.038698631    0.315316036 1418.616395834   -0.000000000   -0.000000000
    0.045664253    0.315316036 1418.615681303   -0.896043849    1.072769156
    0.052629875    0.315316036 1418.607235257   -1.560143703    2.210038098
    0.059595497    0.315316036 1418.593697860   -2.325380568    4.032862740
    0.066561119    0.315316036 1418.575238055   -2.915596363    6.518494746
    0.073526741    0.315316036 1418.554339009   -2.967322621    9.332573032
    0.080492363    0.315316036 1418.535752975   -2.232427159   11.835201952
    0.087457985    0.315316036 1418.524915769   -0.788343664   13.294443028
    0.094423607    0.315316036 1418.525411334    0.926317796   13.227714717
    0.101389229    0.315316036 1418.459740319  -20.563942482   31.967773471
    0.108354851    0.315316036 1418.194365893  -58.110852826   74.137077908
    0.115320473    0.315316036 1417.537841544 -138.471056877  183.402738014
    0.122286095    0.315316036 1416.192980010 -249.793916105  359.912456197
    0.129251717    0.315316036 1413.724792936 -458.403563336  691.448638472
    0.136217339    0.315316036 1409.651411425 -729.656674393 1163.084216230
    0.143182961    0.315316036 1403.268129493 -1143.293074330 1835.082494681
    0.150148583    0.315316036 1393.377331807 -1728.654839125 2761.878950970
    0.157114205    0.315316036 1378.778274577 -2510.561564563 3990.355717094
    0.164079827    0.315316036 1357.953275103 -3497.247554245 5596.523097357
    0.171045449    0.315316036 1329.927508575 -4556.175982662 7572.975747063
    0.178011071    0.315316036 1294.967533489 -5428.880419469 9847.690580422
    0.184976693    0.315316036 1255.539839212 -5783.929134040 12211.157082053
    0.191942315    0.315316036 1216.089741046 -5383.553350662 14394.937683763
    0.198907937    0.315316036 1182.654865110 -4062.768953591 16102.927301906
    0.205873559    0.315316036 1161.390509220 -1922.210485130 17045.990887709
    0.212839181    0.315316036 1156.941521310  689.906986612 17096.222855117
    0.219804803    0.315316036 1170.939287388 3287.037058122 16160.626331501
    0.226770425    0.315316036 1201.254351093 5299.841401059 14335.722699700
    0.233736047    0.315316036 1242.508281429 6366.608755999 11852.431804418
    0.240701669    0.315316036 1287.546041832 6391.338228626 9106.972604510
    0.247667292    0.315316036 1329.459905540 5522.146790826 6418.871957926
    0.254632914    0.315316036 1363.452129585 4191.897887468 4146.636267787
    0.261598536    0.315316036 1387.736756872 2793.524295100 2431.469121680
    0.268564158    0.315316036 1403.158677505 1684.680225847 1327.979252086
    0.275529780    0.315316036 1411.937830116  895.001293888  651.899719848
    0.282495402    0.315316036 1416.290647904  402.312655667  282.786445137
    0.289461024    0.315316036 1418.037891942  137.877117925   97.518228100
    0.296426646    0.315316036 1418.555375048   20.902375554   18.227483133
    0.303392268    0.315316036 1418.616395834   -0.000000000   -0.000000000
    0.310357890    0.315316036 1418.616395834   -0.000000000   -0.000000000
    0.317323512    0.315316036 1418.616395834   -0.000000000   -0.000000000
    0.324289134    0.315316036 1418.616395834   -0.000000000   -0.000000000
    0.331254756    0.315316036 1418.616395834   -0.000000000   -0.000000000
    0.338220378    0.315316036 1418.616395834   -0.000000000   -0.000000000
    0.345186000    0.315316036 1418.616395834   -0.000000000   -0.000000000

   -0.065785700    0.322365407 1418.616395834   -0.000000000   -0.000000000
   -0.058820078    0.322365407 1418.616395834   -0.000000000   -0.000000000
   -0.051854456    0.322365407 1418.616395834   -0.000000000   -0.000000000
   -0.044888834    0.322365407 1418.616395834   -0.000000000   -0.000000000
   -0.037923212    0.322365407 1418.616395834   -0.000000000   -0.000000000
   -0.030957590    0.322365407 1418.616395834   -0.000000000   -0.000000000
   -0.023991968    0.322365407 1418.616395834   -0.000000000   -0.000000000
   -0.017026346    0.322365407 1418.616395834   -0.000000000   -0.000000000
   -0.010060724    0.322365407 1418.616395834   -0.000000000   -0.000000000
   -0.003095102    0.322365407 1418.616395834   -0.000000000   -0.000000000
    0.003870520    0.322365407 1418.616395834   -0.000000000   -0.000000000
    0.010836142    0.322365407 1418.616395834   -0.000000000   -0.000000000
    0.017801764    0.322365407 1418.616395834   -0.000000000   -0.000000000
    0.024767386    0.322365407 1418.616395834   -0.000000000   -0.000000000
    0.031733008    0.322365407 1418.616395834   -0.000000000   -0.000000000
    0.038698631    0.322365407 1418.616395834   -0.000000000   -0.000000000
    0.045664253    0.322365407 1418.616395834   -0.000000000   -0.000000000
    0.052629875    0.322365407 1418.616395834   -0.000000000   -0.000000000
    0.059595497    0.322365407 1418.612754216   -0.845828711    1.658896142
    0.066561119    0.322365407 1418.606039688   -1.060512480    2.681347341
    0.073526741    0.322365407 1418.598437916   -1.079327273    3.838903131
    0.080492363    0.322365407 1418.591677474   -0.812018046    4.868345919
    0.087457985    0.322365407 1418.587735573   -0.286750356    5.468596794
    0.094423607    0.322365407 1418.587915828    0.336936757    5.441148467
    0.101389229    0.322365407 1418.591316612   -3.871954746    9.267467145
    0.108354851    0.322365407 1418.520945098  -15.196538823   22.114591579
    0.115320473    0.322365407 1418.334212715  -42.491016297   64.904282767
    0.122286095    0.322365407 1417.914951053  -84.761345991  141.049947219
    0.129251717    0.322365407 1417.039069894 -177.487993570  296.724880726
    0.136217339    0.322365407 1415.384653433 -307.428428856  520.174323351
    0.143182961    0.322365407 1412.565458175 -526.168118539  884.213972362
    0.150148583    0.322365407 1407.738275515 -880.894342023 1423.551313112
    0.157114205    0.322365407 1400.044391070 -1344.053027737 2161.313897617
    0.164079827    0.322365407 1388.591526086 -1965.166384345 3215.941563131
    0.171045449    0.322365407 1372.390634691 -2681.059152846 4610.538482619
    0.178011071    0.322365407 1351.432134430 -3308.630806055 6285.794660921
    0.184976693    0.322365407 1326.932638029 -3661.332563044 8130.585805621
    0.191942315    0.322365407 1301.660537293 -3499.085359218 9930.153001216
    0.198907937    0.322365407 1279.626938080 -2718.701890083 11423.670576525
    0.205873559    0.322365407 1265.093554409 -1373.388323194 12322.065599118
    0.212839181    0.322365407 1261.399997069  342.064485372 12492.620537030
    0.219804803    0.322365407 1269.730919186 2020.446405253 11822.773820931
    0.226770425    0.322365407 1288.619669297 3314.447195274 10415.496527571
    0.233736047    0.322365407 1314.391907107 3965.857742385 8512.461978217
    0.240701669    0.322365407 1342.156570169 3908.119282161 6396.378296985
    0.247667292    0.322365407 1367.478098129 3303.425698959 4393.264453806
    0.254632914    0.322365407 1387.645407644 2457.609125188 2757.744581495
    0.261598536    0.322365407 1401.774200370 1619.871601642 1569.647743905
    0.268564158    0.322365407 1410.614839885  955.638722066  815.329493164
    0.275529780    0.322365407 1415.504421628  483.655886006  376.069949195
    0.282495402    0.322365407 1417.724363997  194.750520713  144.884863428
    0.289461024    0.322365407 1418.484233937   51.235441075   30.813150517
    0.296426646    0.322365407 1418.615672618    6.386247645    3.074100350
    0.303392268    0.322365407 1418.616395834   -0.000000000   -0.000000000
    0.310357890    0.322365407 1418.616395834   -0.000000000   -0.000000000
    0.317323512    0.322365407 1418.616395834   -0.000000000   -0.000000000
    0.324289134    0.322365407 1418.616395834   -0.000000000   -0.000000000
    0.331254756    0.322365407 1418.616395834   -0.000000000   -0.000000000
    0.338220378    0.322365407 1418.616395834   -0.000000000   -0.000000000
    0.345186000    0.322365407 1418.616395834   -0.000000000   -0.000000000

   -0.065785700    0.329414777 1418.616395834   -0.000000000   -0.000000000
   -0.058820078    0.329414777 1418.616395834   -0.000000000   -0.000000000
   -0.051854456    0.329414777 1418.616395834   -0.000000000   -0.000000000
   -0.044888834    0.329414777 1418.616395834   -0.000000000   -0.000000000
   -0.037923212    0.329414777 1418.616395834   -0.000000000   -0.000000000
   -0.030957590    0.329414777 1418.616395834   -0.000000000   -0.000000000
   -0.023991968    0.329414777 1418.616395834   -0.000000000   -0.000000000
   -0.017026346    0.329414777 1418.616395834   -0.000000000   -0.000000000
   -0.010060724    0.329414777 1418.616395834   -0.000000000   -0.000000000
   -0.003095102    0.329414777 1418.616395834   -0.000000000   -0.000000000
    0.003870520    0.329414777 1418.616395834   -0.000000000   -0.000000000
    0.010836142    0.329414777 1418.616395834   -0.000000000   -0.000000000
    0.017801764    0.329414777 1418.616395834   -0.000000000   -0.000000000
    0.024767386    0.329414777 1418.616395834   -0.000000000   -0.000000000
    0.031733008    0.329414777 1418.616395834   -0.000000000   -0.000000000
    0.038698631    0.329414777 1418.616395834   -0.000000000   -0.000000000
    0.045664253    0.329414777 1418.616395834   -0.000000000   -0.000000000
    0.052629875    0.329414777 1418.616395834   -0.000000000   -0.000000000
    0.059595497    0.329414777 1418.616395834   -0.000000000   -0.000000000
    0.066561119    0.329414777 1418.616395834   -0.000000000   -0.000000000
    0.073526741    0.329414777 1418.615549654   -0.346726765    1.375948804
    0.080492363    0.329414777 1418.613377907   -0.260855440    1.744924139
    0.087457985    0.329414777 1418.612111597   -0.092116660    1.960067488
    0.094423607    0.329414777 1418.612169503    0.108238710    1.950229393
    0.101389229    0.329414777 1418.613531782    0.271563428    1.718781097
    0.108354851    0.329414777 1418.615750871    0.349522226    1.341762464
    0.115320473    0.329414777 1418.568820627  -10.881776904   16.646389534
    0.122286095    0.329414777 1418.469147656  -19.357356103   35.353876586
    0.129251717    0.329414777 1418.281400289  -41.341956414   84.386132425
    0.136217339    0.329414777 1417.781560762 -106.353451375  197.122199408
    0.143182961    0.329414777 1416.709352142 -208.289945394  364.221094587
    0.150148583    0.329414777 1414.715726165 -389.424645687  632.598775260
    0.157114205    0.329414777 1411.060453192 -666.786242237 1068.565176673
    0.164079827    0.329414777 1405.301484610 -1006.833130650 1665.493527052
    0.171045449    0.329414777 1396.880571628 -1413.418541306 2499.386751214
    0.178011071    0.329414777 1385.623524507 -1806.192582108 3577.113620351
    0.184976693    0.329414777 1372.042287061 -2059.082868905 4838.214625298
    0.191942315    0.329414777 1357.626889109 -2021.027771858 6102.133979420
    0.198907937    0.329414777 1344.761793637 -1606.982986539 7194.370503892
    0.205873559    0.329414777 1336.054116351 -845.488646080 7908.843955625
    0.212839181    0.329414777 1333.547568113  149.799261839 8091.708101770
    0.219804803    0.329414777 1338.103230740 1130.962399694 7661.780369565
    0.226770425    0.329414777 1348.745103181 1867.151554900 6711.254431103
    0.233736047    0.329414777 1363.131055003 2198.835309743 5407.036632625
    0.240701669    0.329414777 1378.442425853 2132.926382719 3991.646785679
    0.247667292    0.329414777 1392.234121173 1776.985959205 2692.317269554
    0.254632914    0.329414777 1403.009354561 1305.653203569 1661.743912445
    0.261598536    0.329414777 1410.479695213  848.764084890  925.613828064
    0.268564158    0.329414777 1415.070947222  484.587401848  465.096695547
    0.275529780    0.329414777 1417.449477187  217.441440302  187.735213663
    0.282495402    0.329414777 1418.333068473   68.324992630   50.175519273
    0.289461024    0.329414777 1418.593141696    8.878265450    5.903790640
    0.296426646    0.329414777 1418.616395834   -0.000000000   -0.000000000
    0.303392268    0.329414777 1418.616395834   -0.000000000   -0.000000000
    0.310357890    0.329414777 1418.616395834   -0.000000000   -0.000000000
    0.317323512    0.329414777 1418.616395834   -0.000000000   -0.000000000
    0.324289134    0.329414777 1418.616395834   -0.000000000   -0.000000000
    0.331254756    0.329414777 1418.616395834   -0.000000000   -0.000000000
    0.338220378    0.329414777 1418.616395834   -0.000000000   -0.000000000
    0.345186000    0.329414777 1418.616395834   -0.000000000   -0.000000000

   -0.065785700    0.336464148 1418.616395834   -0.000000000   -0.000000000
   -0.058820078    0.336464148 1418.616395834   -0.000000000   -0.000000000
   -0.051854456    0.336464148 1418.616395834   -0.000000000   -0.000000000
   -0.044888834    0.336464148 1418.616395834   -0.000000000   -0.000000000
   -0.037923212    0.336464148 1418.616395834   -0.000000000   -0.000000000
   -0.030957590    0.336464148 1418.616395834   -0.000000000   -0.000000000
   -0.023991968    0.336464148 1418.616395834   -0.000000000   -0.000000000
   -0.017026346    0.336464148 1418.616395834   -0.000000000   -0.000000000
   -0.010060724    0.336464148 1418.616395834   -0.000000000   -0.000000000
   -0.003095102    0.336464148 1418.616395834   -0.000000000   -0.000000000
    0.003870520    0.336464148 1418.616395834   -0.000000000   -0.000000000
    0.010836142    0.336464148 1418.616395834   -0.000000000   -0.000000000
    0.017801764    0.336464148 1418.616395834   -0.000000000   -0.000000000
    0.024767386    0.336464148 1418.616395834   -0.000000000   -0.000000000
    0.031733008    0.336464148 1418.616395834   -0.000000000   -0.000000000
    0.038698631    0.336464148 1418.616395834   -0.000000000   -0.000000000
    0.045664253    0.336464148 1418.616395834   -0.000000000   -0.000000000
    0.052629875    0.336464148 1418.616395834   -0.000000000   -0.000000000
    0.059595497    0.336464148 1418.616395834   -0.000000000   -0.000000000
    0.066561119    0.336464148 1418.616395834   -0.000000000   -0.000000000
    0.073526741    0.336464148 1418.616395834   -0.000000000   -0.000000000
    0.080492363    0.336464148 1418.616395834   -0.000000000   -0.000000000
    0.087457985    0.336464148 1418.616395834   -0.000000000   -0.000000000
    0.094423607    0.336464148 1418.616395834   -0.000000000   -0.000000000
    0.101389229    0.336464148 1418.616395834   -0.000000000   -0.000000000
    0.108354851    0.336464148 1418.616395834   -0.000000000   -0.000000000
    0.115320473    0.336464148 1418.616395834   -0.000000000   -0.000000000
    0.122286095    0.336464148 1418.608726739   -3.310511138    6.840255936
    0.129251717    0.336464148 1418.570333315   -6.701771177   18.466849023
    0.136217339    0.336464148 1418.507535867  -18.285752568   41.636431691
    0.143182961    0.336464148 1418.281168570  -56.270582914  110.070891815
    0.150148583    0.336464148 1417.615119493 -144.178731131  248.122886392
    0.157114205    0.336464148 1416.155819551 -274.948395040  447.561851817
    0.164079827    0.336464148 1413.620343508 -454.340026443  774.548973076
    0.171045449    0.336464148 1409.712495957 -670.355352756 1243.782329813
    0.178011071    0.336464148 1404.277013421 -884.593910028 1857.534132995
    0.184976693    0.336464148 1397.529614637 -1030.769193743 2577.107190953
    0.191942315    0.336464148 1390.229930605 -1040.511292316 3324.942923280
    0.198907937    0.336464148 1383.547936896 -843.955259788 4012.035888640
    0.205873559    0.336464148 1378.949052406 -446.332364932 4477.665014867
    0.212839181    0.336464148 1377.595831003   69.098456245 4601.686534478
    0.219804803    0.336464148 1379.867767184  568.979744489 4357.520051626
    0.226770425    0.336464148 1385.219822255  937.155247668 3809.692138600
    0.233736047    0.336464148 1392.413525866 1092.776554284 3032.105167553
    0.240701669    0.336464148 1399.956675811 1042.399888021 2202.044185464
    0.247667292    0.336464148 1406.636824153  859.808965983 1467.628923261
    0.254632914    0.336464148 1411.821987099  624.444951575  894.354638026
    0.261598536    0.336464148 1415.345427688  389.806977005  469.922517634
    0.268564158    0.336464148 1417.368859185  197.214781212  208.281981826
    0.275529780    0.336464148 1418.267824743   72.519651556   69.723381500
    0.282495402    0.336464148 1418.570694392   15.674272597   13.657366691
    0.289461024    0.336464148 1418.616395834   -0.000000000   -0.000000000
    0.296426646    0.336464148 1418.616395834   -0.000000000   -0.000000000
    0.303392268    0.336464148 1418.616395834   -0.000000000   -0.000000000
    0.310357890    0.336464148 1418.616395834   -0.000000000   -0.000000000
    0.317323512    0.336464148 1418.616395834   -0.000000000   -0.000000000
    0.324289134    0.336464148 1418.616395834   -0.000000000   -0.000000000
    0.331254756    0.336464148 1418.616395834   -0.000000000   -0.000000000
    0.338220378    0.336464148 1418.616395834   -0.000000000   -0.000000000
    0.345186000    0.336464148 1418.616395834   -0.000000000   -0.000000000

   -0.065785700    0.343513518 1418.616395834   -0.000000000   -0.000000000
   -0.058820078    0.343513518 1418.616395834   -0.000000000   -0.000000000
   -0.051854456    0.343513518 1418.616395834   -0.000000000   -0.000000000
   -0.044888834    0.343513518 1418.616395834   -0.000000000   -0.000000000
   -0.037923212    0.343513518 1418.616395834   -0.000000000   -0.000000000
   -0.030957590    0.343513518 1418.616395834   -0.000000000   -0.000000000
   -0.023991968    0.343513518 1418.616395834   -0.000000000   -0.000000000
   -0.017026346    0.343513518 1418.616395834   -0.000000000   -0.000000000
   -0.010060724    0.343513518 1418.616395834   -0.000000000   -0.000000000
   -0.003095102    0.343513518 1418.616395834   -0.000000000   -0.000000000
    0.003870520    0.343513518 1418.616395834   -0.000000000   -0.000000000
    0.010836142    0.343513518 1418.616395834   -0.000000000   -0.000000000
    0.017801764    0.343513518 1418.616395834   -0.000000000   -0.000000000
    0.024767386    0.343513518 1418.616395834   -0.000000000   -0.000000000
    0.031733008    0.343513518 1418.616395834   -0.000000000   -0.000000000
    0.038698631    0.343513518 1418.616395834   -0.000000000   -0.000000000
    0.045664253    0.343513518 1418.616395834   -0.000000000   -0.000000000
    0.052629875    0.343513518 1418.616395834   -0.000000000   -0.000000000
    0.059595497    0.343513518 1418.616395834   -0.000000000   -0.000000000
    0.066561119    0.343513518 1418.616395834   -0.000000000   -0.000000000
    0.073526741    0.343513518 1418.616395834   -0.000000000   -0.000000000
    0.080492363    0.343513518 1418.616395834   -0.000000000   -0.000000000
    0.087457985    0.343513518 1418.616395834   -0.000000000   -0.000000000
    0.094423607    0.343513518 1418.616395834   -0.000000000   -0.000000000
    0.101389229    0.343513518 1418.616395834   -0.000000000   -0.000000000
    0.108354851    0.343513518 1418.616395834   -0.000000000   -0.000000000
    0.115320473    0.343513518 1418.616395834   -0.000000000   -0.000000000
    0.122286095    0.343513518 1418.616395834   -0.000000000   -0.000000000
    0.129251717    0.343513518 1418.616395834   -0.000000000   -0.000000000
    0.136217339    0.343513518 1418.616395834   -0.000000000   -0.000000000
    0.143182961    0.343513518 1418.612891395   -5.304157530   11.957798459
    0.150148583    0.343513518 1418.513982954  -22.476216008   39.819211315
    0.157114205    0.343513518 1418.161247368  -93.746374378  142.797543187
    0.164079827    0.343513518 1417.222748711 -179.501793824  301.524270319
    0.171045449    0.343513518 1415.627877747 -276.096130298  511.270102473
    0.178011071    0.343513518 1413.353980700 -379.016557659  819.275825053
    0.184976693    0.343513518 1410.407818543 -461.506346529 1210.834304926
    0.191942315    0.343513518 1407.103868441 -471.409069528 1609.578504393
    0.198907937    0.343513518 1404.075754378 -385.420680695 1983.276461537
    0.205873559    0.343513518 1401.975954451 -203.563313534 2221.527261739
    0.212839181    0.343513518 1401.347097520   27.371106412 2299.642449052
    0.219804803    0.343513518 1402.347814552  253.011885732 2188.250247369
    0.226770425    0.343513518 1404.670743798  410.991449878 1875.443139274
    0.233736047    0.343513518 1407.840793905  482.991647574 1488.928983148
    0.240701669    0.343513518 1411.120958898  454.406127556 1059.916713431
    0.247667292    0.343513518 1414.010091547  369.408795039  688.019962720
    0.254632914    0.343513518 1416.175650227  256.667082432  396.062736261
    0.261598536    0.343513518 1417.608124308  153.150852521  204.147464328
    0.268564158    0.343513518 1418.322329341   57.137580538   72.923522443
    0.275529780    0.343513518 1418.572087552   18.842650960   21.067397143
    0.282495402    0.343513518 1418.616395834   -0.000000000   -0.000000000
    0.289461024    0.343513518 1418.616395834   -0.000000000   -0.000000000
    0.296426646    0.343513518 1418.616395834   -0.000000000   -0.000000000
    0.303392268    0.343513518 1418.616395834   -0.000000000   -0.000000000
    0.310357890    0.343513518 1418.616395834   -0.000000000   -0.000000000
    0.317323512    0.343513518 1418.616395834   -0.000000000   -0.000000000
    0.324289134    0.343513518 1418.616395834   -0.000000000   -0.000000000
    0.331254756    0.343513518 1418.616395834   -0.000000000   -0.000000000
    0.338220378    0.343513518 1418.616395834   -0.000000000   -0.000000000
    0.345186000    0.343513518 1418.616395834   -0.000000000   -0.000000000

   -0.065785700    0.350562889 1418.616395834   -0.000000000   -0.000000000
   -0.058820078    0.350562889 1418.616395834   -0.000000000   -0.000000000
   -0.051854456    0.350562889 1418.616395834   -0.000000000   -0.000000000
   -0.044888834    0.350562889 1418.616395834   -0.000000000   -0.000000000
   -0.037923212    0.350562889 1418.616395834   -0.000000000   -0.000000000
   -0.030957590    0.350562889 1418.616395834   -0.000000000   -0.000000000
   -0.023991968    0.350562889 1418.616395834   -0.000000000   -0.000000000
   -0.017026346    0.350562889 1418.616395834   -0.000000000   -0.000000000
   -0.010060724    0.350562889 1418.616395834   -0.000000000   -0.000000000
   -0.003095102    0.350562889 1418.616395834   -0.000000000   -0.000000000
    0.003870520    0.350562889 1418.616395834   -0.000000000   -0.000000000
    0.010836142    0.350562889 1418.616395834   -0.000000000   -0.000000000
    0.017801764    0.350562889 1418.616395834   -0.000000000   -0.000000000
    0.024767386    0.350562889 1418.616395834   -0.000000000   -0.000000000
    0.031733008    0.350562889 1418.616395834   -0.000000000   -0.000000000
    0.038698631    0.350562889 1418.616395834   -0.000000000   -0.000000000
    0.045664253    0.350562889 1418.616395834   -0.000000000   -0.000000000
    0.052629875    0.350562889 1418.616395834   -0.000000000   -0.000000000
    0.059595497    0.350562889 1418.616395834   -0.000000000   -0.000000000
    0.066561119    0.350562889 1418.616395834   -0.000000000   -0.000000000
    0.073526741    0.350562889 1418.616395834   -0.000000000   -0.000000000
    0.080492363    0.350562889 1418.616395834   -0.000000000   -0.000000000
    0.087457985    0.350562889 1418.616395834   -0.000000000   -0.000000000
    0.094423607    0.350562889 1418.616395834   -0.000000000   -0.000000000
    0.101389229    0.350562889 1418.616395834   -0.000000000   -0.000000000
    0.108354851    0.350562889 1418.616395834   -0.000000000   -0.000000000
    0.115320473    0.350562889 1418.616395834   -0.000000000   -0.000000000
    0.122286095    0.350562889 1418.616395834   -0.000000000   -0.000000000
    0.129251717    0.350562889 1418.616395834   -0.000000000   -0.000000000
    0.136217339    0.350562889 1418.616395834   -0.000000000   -0.000000000
    0.143182961    0.350562889 1418.616395834   -0.000000000   -0.000000000
    0.150148583    0.350562889 1418.616395834   -0.000000000   -0.000000000
    0.157114205    0.350562889 1418.599337615   -8.126796391   14.394419137
    0.164079827    0.350562889 1418.415701865  -50.869893261   82.560999945
    0.171045449    0.350562889 1417.911734132  -90.530860692  160.886412112
    0.178011071    0.350562889 1417.105043826 -135.538010085  301.121026188
    0.184976693    0.350562889 1416.037813888 -171.297200899  470.791704325
    0.191942315    0.350562889 1414.788274334 -183.379199522  662.946791391
    0.198907937    0.350562889 1413.571038477 -158.459586998  836.707578436
    0.205873559    0.350562889 1412.680757812  -91.623328894  951.924349165
    0.212839181    0.350562889 1412.375289698    6.023342829  994.299851963
    0.219804803    0.350562889 1412.737420388   92.226285657  916.460896868
    0.226770425    0.350562889 1413.632373278  158.581137552  799.038687699
    0.233736047    0.350562889 1414.865172971  185.395930869  627.727298725
    0.240701669    0.350562889 1416.137805129  172.676679649  439.435323033
    0.247667292    0.350562889 1417.240914195  141.112179011  287.956781363
    0.254632914    0.350562889 1418.062452095   91.687548498  159.165600985
    0.261598536    0.350562889 1418.471194144   32.658914197   54.831332525
    0.268564158    0.350562889 1418.600426149    8.671138283   13.613423885
    0.275529780    0.350562889 1418.616395834   -0.000000000   -0.000000000
    0.282495402    0.350562889 1418.616395834   -0.000000000   -0.000000000
    0.289461024    0.350562889 1418.616395834   -0.000000000   -0.000000000
    0.296426646    0.350562889 1418.616395834   -0.000000000   -0.000000000
    0.303392268    0.350562889 1418.616395834   -0.000000000   -0.000000000
    0.310357890    0.350562889 1418.616395834   -0.000000000   -0.000000000
    0.317323512    0.350562889 1418.616395834   -0.000000000   -0.000000000
    0.324289134    0.350562889 1418.616395834   -0.000000000   -0.000000000
    0.331254756    0.350562889 1418.616395834   -0.000000000   -0.000000000
    0.338220378    0.350562889 1418.616395834   -0.000000000   -0.000000000
    0.345186000    0.350562889 1418.616395834   -0.000000000   -0.000000000

   -0.065785700    0.357612259 1418.616395834   -0.000000000   -0.000000000
   -0.058820078    0.357612259 1418.616395834   -0.000000000   -0.000000000
   -0.051854456    0.357612259 1418.616395834   -0.000000000   -0.000000000
   -0.044888834    0.357612259 1418.616395834   -0.000000000   -0.000000000
   -0.037923212    0.357612259 1418.616395834   -0.000000000   -0.000000000
   -0.030957590    0.357612259 1418.616395834   -0.000000000   -0.000000000
   -0.023991968    0.357612259 1418.616395834   -0.000000000   -0.000000000
   -0.017026346    0.357612259 1418.616395834   -0.000000000   -0.000000000
   -0.010060724    0.357612259 1418.616395834   -0.000000000   -0.000000000
   -0.003095102    0.357612259 1418.616395834   -0.000000000   -0.000000000
    0.003870520    0.357612259 1418.616395834   -0.000000000   -0.000000000
    0.010836142    0.357612259 1418.616395834   -0.000000000   -0.000000000
    0.017801764    0.357612259 1418.616395834   -0.000000000   -0.000000000
    0.024767386    0.357612259 1418.616395834   -0.000000000   -0.000000000
    0.031733008    0.357612259 1418.616395834   -0.000000000   -0.000000000
    0.038698631    0.357612259 1418.616395834   -0.000000000   -0.000000000
    0.045664253    0.357612259 1418.616395834   -0.000000000   -0.000000000
    0.052629875    0.357612259 1418.616395834   -0.000000000   -0.000000000
    0.059595497    0.357612259 1418.616395834   -0.000000000   -0.000000000
    0.066561119    0.357612259 1418.616395834   -0.000000000   -0.000000000
    0.073526741    0.357612259 1418.616395834   -0.000000000   -0.000000000
    0.080492363    0.357612259 1418.616395834   -0.000000000   -0.000000000
    0.087457985    0.357612259 1418.616395834   -0.000000000   -0.000000000
    0.094423607    0.357612259 1418.616395834   -0.000000000   -0.000000000
    0.101389229    0.357612259 1418.616395834   -0.000000000   -0.000000000
    0.108354851    0.357612259 1418.616395834   -0.000000000   -0.000000000
    0.115320473    0.357612259 1418.616395834   -0.000000000   -0.000000000
    0.122286095    0.357612259 1418.616395834   -0.000000000   -0.000000000
    0.129251717    0.357612259 1418.616395834   -0.000000000   -0.000000000
    0.136217339    0.357612259 1418.616395834   -0.000000000   -0.000000000
    0.143182961    0.357612259 1418.616395834   -0.000000000   -0.000000000
    0.150148583    0.357612259 1418.616395834   -0.000000000   -0.000000000
    0.157114205    0.357612259 1418.616395834   -0.000000000   -0.000000000
    0.164079827    0.357612259 1418.616395834   -0.000000000   -0.000000000
    0.171045449    0.357612259 1418.590882392  -13.532200750   25.981586287
    0.178011071    0.357612259 1418.367856337  -44.564726098   97.428665855
    0.184976693    0.357612259 1418.016959254  -56.967756017  155.739808396
    0.191942315    0.357612259 1417.610898176  -57.508737295  216.389967228
    0.198907937    0.357612259 1417.238100332  -47.531775200  278.734250269
    0.205873559    0.357612259 1416.967631119  -27.525698368  339.069780208
    0.212839181    0.357612259 1416.859641924    0.830058403  362.918196489
    0.219804803    0.357612259 1416.983743052   32.267083027  338.395714229
    0.226770425    0.357612259 1417.297590586   54.072765027  293.547952876
    0.233736047    0.357612259 1417.718307297   64.172747980  230.456338495
    0.240701669    0.357612259 1418.149434190   57.771101062  151.987188258
    0.247667292    0.357612259 1418.463055663   28.658244519   64.646802243
    0.254632914    0.357612259 1418.590596890   13.231236151   28.655043657
    0.261598536    0.357612259 1418.616395834   -0.000000000   -0.000000000
    0.268564158    0.357612259 1418.616395834   -0.000000000   -0.000000000
    0.275529780    0.357612259 1418.616395834   -0.000000000   -0.000000000
    0.282495402    0.357612259 1418.616395834   -0.000000000   -0.000000000
    0.289461024    0.357612259 1418.616395834   -0.000000000   -0.000000000
    0.296426646    0.357612259 1418.616395834   -0.000000000   -0.000000000
    0.303392268    0.357612259 1418.616395834   -0.000000000   -0.000000000
    0.310357890    0.357612259 1418.616395834   -0.000000000   -0.000000000
    0.317323512    0.357612259 1418.616395834   -0.000000000   -0.000000000
    0.324289134    0.357612259 1418.616395834   -0.000000000   -0.000000000
    0.331254756    0.357612259 1418.616395834   -0.000000000   -0.000000000
    0.338220378    0.357612259 1418.616395834   -0.000000000   -0.000000000
    0.345186000    0.357612259 1418.616395834   -0.000000000   -0.000000000

   -0.065785700    0.364661630 1418.616395834   -0.000000000   -0.000000000
   -0.058820078    0.364661630 1418.616395834   -0.000000000   -0.000000000
   -0.051854456    0.364661630 1418.616395834   -0.000000000   -0.000000000
   -0.044888834    0.364661630 1418.616395834   -0.000000000   -0.000000000
   -0.037923212    0.364661630 1418.616395834   -0.000000000   -0.000000000
   -0.030957590    0.364661630 1418.616395834   -0.000000000   -0.000000000
   -0.023991968    0.364661630 1418.616395834   -0.000000000   -0.000000000
   -0.017026346    0.364661630 1418.616395834   -0.000000000   -0.000000000
   -0.010060724    0.364661630 1418.616395834   -0.000000000   -0.000000000
   -0.003095102    0.364661630 1418.616395834   -0.000000000   -0.000000000
    0.003870520    0.364661630 1418.616395834   -0.000000000   -0.000000000
    0.010836142    0.364661630 1418.616395834   -0.000000000   -0.000000000
    0.017801764    0.364661630 1418.616395834   -0.000000000   -0.000000000
    0.024767386    0.364661630 1418.616395834   -0.000000000   -0.000000000
    0.031733008    0.364661630 1418.616395834   -0.000000000   -0.000000000
    0.038698631    0.364661630 1418.616395834   -0.000000000   -0.000000000
    0.045664253    0.364661630 1418.616395834   -0.000000000   -0.000000000
    0.052629875    0.364661630 1418.616395834   -0.000000000   -0.000000000
    0.059595497    0.364661630 1418.616395834   -0.000000000   -0.000000000
    0.066561119    0.364661630 1418.616395834   -0.000000000   -0.000000000
    0.073526741    0.364661630 1418.616395834   -0.000000000   -0.000000000
    0.080492363    0.364661630 1418.616395834   -0.000000000   -0.000000000
    0.087457985    0.364661630 1418.616395834   -0.000000000   -0.000000000
    0.094423607    0.364661630 1418.616395834   -0.000000000   -0.000000000
    0.101389229    0.364661630 1418.616395834   -0.000000000   -0.000000000
    0.108354851    0.364661630 1418.616395834   -0.000000000   -0.000000000
    0.115320473    0.364661630 1418.616395834   -0.000000000   -0.000000000
    0.122286095    0.364661630 1418.616395834   -0.000000000   -0.000000000
    0.129251717    0.364661630 1418.616395834   -0.000000000   -0.000000000
    0.136217339    0.364661630 1418.616395834   -0.000000000   -0.000000000
    0.143182961    0.364661630 1418.616395834   -0.000000000   -0.000000000
    0.150148583    0.364661630 1418.616395834   -0.000000000   -0.000000000
    0.157114205    0.364661630 1418.616395834   -0.000000000   -0.000000000
    0.164079827    0.364661630 1418.616395834   -0.000000000   -0.000000000
    0.171045449    0.364661630 1418.616395834   -0.000000000   -0.000000000
    0.178011071    0.364661630 1418.616395834   -0.000000000   -0.000000000
    0.184976693    0.364661630 1418.599107364   -9.736197228   26.094257160
    0.191942315    0.364661630 1418.512114228  -14.272908520   52.262818208
    0.198907937    0.364661630 1418.402923982  -14.033623919   82.105529276
    0.205873559    0.364661630 1418.329611854   -6.424800185   94.180039934
    0.212839181    0.364661630 1418.315013347    3.061112475  102.832017315
    0.219804803    0.364661630 1418.370367467   12.374607829   93.609330193
    0.226770425    0.364661630 1418.471850411   13.646128819   59.213505954
    0.233736047    0.364661630 1418.562248036    8.809828448   26.725766595
    0.240701669    0.364661630 1418.602072775    3.262519301    7.976915873
    0.247667292    0.364661630 1418.616395834   -0.000000000   -0.000000000
    0.254632914    0.364661630 1418.616395834   -0.000000000   -0.000000000
    0.261598536    0.364661630 1418.616395834   -0.000000000   -0.000000000
    0.268564158    0.364661630 1418.616395834   -0.000000000   -0.000000000
    0.275529780    0.364661630 1418.616395834   -0.000000000   -0.000000000
    0.282495402    0.364661630 1418.616395834   -0.000000000   -0.000000000
    0.289461024    0.364661630 1418.616395834   -0.000000000   -0.000000000
    0.296426646    0.364661630 1418.616395834   -0.000000000   -0.000000000
    0.303392268    0.364661630 1418.616395834   -0.000000000   -0.000000000
    0.310357890    0.364661630 1418.616395834   -0.000000000   -0.000000000
    0.317323512    0.364661630 1418.616395834   -0.000000000   -0.000000000
    0.324289134    0.364661630 1418.616395834   -0.000000000   -0.000000000
    0.331254756    0.364661630 1418.616395834   -0.000000000   -0.000000000
    0.338220378    0.364661630 1418.616395834   -0.000000000   -0.000000000
    0.345186000    0.364661630 1418.616395834   -0.000000000   -0.000000000

   -0.065785700    0.371711000 1418.616395834   -0.000000000   -0.000000000
   -0.058820078    0.371711000 1418.616395834   -0.000000000   -0.000000000
   -0.051854456    0.371711000 1418.616395834   -0.000000000   -0.000000000
   -0.044888834    0.371711000 1418.616395834   -0.000000000   -0.000000000
   -0.037923212    0.371711000 1418.616395834   -0.000000000   -0.000000000
   -0.030957590    0.371711000 1418.616395834   -0.000000000   -0.000000000
   -0.023991968    0.371711000 1418.616395834   -0.000000000   -0.000000000
   -0.017026346    0.371711000 1418.616395834   -0.000000000   -0.000000000
   -0.010060724    0.371711000 1418.616395834   -0.000000000   -0.000000000
   -0.003095102    0.371711000 1418.616395834   -0.000000000   -0.000000000
    0.003870520    0.371711000 1418.616395834   -0.000000000   -0.000000000
    0.010836142    0.371711000 1418.616395834   -0.000000000   -0.000000000
    0.017801764    0.371711000 1418.616395834   -0.000000000   -0.000000000
    0.024767386    0.371711000 1418.616395834   -0.000000000   -0.000000000
    0.031733008    0.371711000 1418.616395834   -0.000000000   -0.000000000
    0.038698631    0.371711000 1418.616395834   -0.000000000   -0.000000000
    0.045664253    0.371711000 1418.616395834   -0.000000000   -0.000000000
    0.052629875    0.371711000 1418.616395834   -0.000000000   -0.000000000
    0.059595497    0.371711000 1418.616395834   -0.000000000   -0.000000000
    0.066561119    0.371711000 1418.616395834   -0.000000000   -0.000000000
    0.073526741    0.371711000 1418.616395834   -0.000000000   -0.000000000
    0.080492363    0.371711000 1418.616395834   -0.000000000   -0.000000000
    0.087457985    0.371711000 1418.616395834   -0.000000000   -0.000000000
    0.094423607    0.371711000 1418.616395834   -0.000000000   -0.000000000
    0.101389229    0.371711000 1418.616395834   -0.000000000   -0.000000000
    0.108354851    0.371711000 1418.616395834   -0.000000000   -0.000000000
    0.115320473    0.371711000 1418.616395834   -0.000000000   -0.000000000
    0.122286095    0.371711000 1418.616395834   -0.000000000   -0.000000000
    0.129251717    0.371711000 1418.616395834   -0.000000000   -0.000000000
    0.136217339    0.371711000 1418.616395834   -0.000000000   -0.000000000
    0.143182961    0.371711000 1418.616395834   -0.000000000   -0.000000000
    0.150148583    0.371711000 1418.616395834   -0.000000000   -0.000000000
    0.157114205    0.371711000 1418.616395834   -0.000000000   -0.000000000
    0.164079827    0.371711000 1418.616395834   -0.000000000   -0.000000000
    0.171045449    0.371711000 1418.616395834   -0.000000000   -0.000000000
    0.178011071    0.371711000 1418.616395834   -0.000000000   -0.000000000
    0.184976693    0.371711000 1418.616395834   -0.000000000   -0.000000000
    0.191942315    0.371711000 1418.616395834   -0.000000000   -0.000000000
    0.198907937    0.371711000 1418.616395834   -0.000000000   -0.000000000
    0.205873559    0.371711000 1418.616395834   -0.000000000   -0.000000000
    0.212839181    0.371711000 1418.616395834   -0.000000000   -0.000000000
    0.219804803    0.371711000 1418.616395834   -0.000000000   -0.000000000
    0.226770425    0.371711000 1418.616395834   -0.000000000   -0.000000000
    0.233736047    0.371711000 1418.616395834   -0.000000000   -0.000000000
    0.240701669    0.371711000 1418.616395834   -0.000000000   -0.000000000
    0.247667292    0.371711000 1418.616395834   -0.000000000   -0.000000000
    0.254632914    0.371711000 1418.616395834   -0.000000000   -0.000000000
    0.261598536    0.371711000 1418.616395834   -0.000000000   -0.000000000
    0.268564158    0.371711000 1418.616395834   -0.000000000   -0.000000000
    0.275529780    0.371711000 1418.616395834   -0.000000000   -0.000000000
    0.282495402    0.371711000 1418.616395834   -0.000000000   -0.000000000
    0.289461024    0.371711000 1418.616395834   -0.000000000   -0.000000000
    0.296426646    0.371711000 1418.616395834   -0.000000000   -0.000000000
    0.303392268    0.371711000 1418.616395834   -0.000000000   -0.000000000
    0.310357890    0.371711000 1418.616395834   -0.000000000   -0.000000000
    0.317323512    0.371711000 1418.616395834   -0.000000000   -0.000000000
    0.324289134    0.371711000 1418.616395834   -0.000000000   -0.000000000
    0.331254756    0.371711000 1418.616395834   -0.000000000   -0.000000000
    0.338220378    0.371711000 1418.616395834   -0.000000000   -0.000000000
    0.345186000    0.371711000 1418.616395834   -0.000000000   -0.000000000
