
# ── Phase 1: Energy Minimization ────────────────────────────────────────────
print           "=== Phase 1: Energy Minimization ==="
=== Phase 1: Energy Minimization ===
minimize        1.0e-4 1.0e-6 1000 10000

CITE-CITE-CITE-CITE-CITE-CITE-CITE-CITE-CITE-CITE-CITE-CITE-CITE

Your simulation uses code contributions which should be cited:

- Type Label Framework: https://doi.org/10.1021/acs.jpcb.3c08419

@Article{Gissinger24,
 author = {Jacob R. Gissinger, Ilia Nikiforov, Yaser Afshar, Brendon Waters, Moon-ki Choi, Daniel S. Karls, Alexander Stukowski, Wonpil Im, Hendrik Heinz, Axel Kohlmeyer, and Ellad B. Tadmor},
 title = {Type Label Framework for Bonded Force Fields in LAMMPS},
 journal = {J. Phys. Chem. B},
 year =    2024,
 volume =  128,
 number =  13,
 pages =   {3282–-3297}
}

- pair reaxff command: doi:10.1016/j.parco.2011.08.005

@Article{Aktulga12,
 author = {H. M. Aktulga and J. C. Fogarty and S. A. Pandit and A. Y. Grama},
 title = {Parallel Reactive Molecular Dynamics: {N}umerical Methods and Algorithmic Techniques},
 journal = {Parallel Computing},
 year =    2012,
 volume =  38,
 number =  {4--5},
 pages =   {245--259}
}

- fix qeq/reaxff command: doi:10.1016/j.parco.2011.08.005

@Article{Aktulga12,
 author = {H. M. Aktulga and J. C. Fogarty and S. A. Pandit and A. Y. Grama},
 title = {Parallel Reactive Molecular Dynamics: {N}umerical Methods and Algorithmic Techniques},
 journal = {Parallel Computing},
 year =    2012,
 volume =  38,
 pages =   {245--259}
}

CITE-CITE-CITE-CITE-CITE-CITE-CITE-CITE-CITE-CITE-CITE-CITE-CITE

Neighbor list info ...
  update: every = 1 steps, delay = 0 steps, check = yes
  max neighbors/atom: 2000, page size: 100000
  master list distance cutoff = 12
  ghost atom cutoff = 12
  binsize = 6, bins = 7 7 7
  2 neighbor lists, perpetual/occasional/extra = 2 0 0
  (1) pair reaxff, perpetual
      attributes: half, newton off, ghost
      pair build: half/bin/ghost/newtoff
      stencil: full/ghost/bin/3d
      bin: standard
  (2) fix qeq/reaxff, perpetual, copy from (1)
      attributes: half, newton off
      pair build: copy
      stencil: none
      bin: none
Per MPI rank memory allocation (min/avg/max) = 332.2 | 337.7 | 342.1 Mbytes
   Step          Temp          Press          PotEng         KinEng         TotEng        Density         Volume        Atoms   
         0   0              175801.98     -104639.02      0             -104639.02      0.57870546     48980.021           2142 
        63   0             -2469.3494     -172030.01      0             -172030.01      0.57870546     48980.021           2142 
Loop time of 1.25914 on 48 procs for 63 steps with 2142 atoms

98.4% CPU use with 12 MPI tasks x 4 OpenMP threads

Minimization stats:
  Stopping criterion = energy tolerance
  Energy initial, next-to-last, final = 
     -104639.020009112  -172014.683793633  -172030.006935093
  Force two-norm initial, final = 9036.1711 445.30321
  Force max component initial, final = 827.89756 152.25969
  Final line search alpha, max atom move = 0.0006935562 0.10560065
  Iterations, force evaluations = 63 77

MPI task timing breakdown:
Section |  min time  |  avg time  |  max time  |%varavg| %total
---------------------------------------------------------------
Pair    | 0.81359    | 0.87285    | 0.91377    |   3.2 | 69.32
Neigh   | 0.012737   | 0.012946   | 0.013212   |   0.1 |  1.03
Comm    | 0.0097444  | 0.050486   | 0.10965    |  13.5 |  4.01
Output  | 0          | 0          | 0          |   0.0 |  0.00
Modify  | 0.31952    | 0.31991    | 0.32013    |   0.0 | 25.41
Other   |            | 0.002943   |            |       |  0.23

Nlocal:          178.5 ave         207 max         144 min
Histogram: 1 0 2 1 1 1 2 2 0 2
Nghost:        2640.75 ave        2707 max        2565 min
Histogram: 1 2 1 1 0 1 0 3 1 2
Neighs:        47016.9 ave       55987 max       36451 min
Histogram: 1 1 0 2 1 2 1 1 1 2

Total # of neighbors = 564203
Ave neighs/atom = 263.40009
Neighbor list builds = 2
Dangerous builds = 0

# Trajectory dump
dump            traj all custom 2000 out/dump.solgel_pH${pH}.lammpstrj                 id type x y z q
dump            traj all custom 2000 out/dump.solgel_pH6.0.lammpstrj                 id type x y z q
dump_modify     traj sort id

# ── Phase 2: NVT Equilibration & Compression at 300 K ──────────────────────
print           "=== Phase 2: Compression to Liquid Density at ${T_low} K ==="
=== Phase 2: Compression to Liquid Density at 300 K ===
velocity        all create ${T_low} ${seed} dist gaussian
velocity        all create 300 ${seed} dist gaussian
velocity        all create 300 12345 dist gaussian

# Compress box to target liquid density (~1.2 - 1.5 g/cm^3)
# To achieve this, we shrink the box length to about 27.0 Angstroms.
fix             nvt1 all nvt temp ${T_low} ${T_low} 100.0
fix             nvt1 all nvt temp 300 ${T_low} 100.0
fix             nvt1 all nvt temp 300 300 100.0
fix             deform1 all deform 1 x final 0.0 27.0 y final 0.0 27.0 z final 0.0 27.0 remap x
run             20000    # 2 ps compression
Per MPI rank memory allocation (min/avg/max) = 331.1 | 336.6 | 341 Mbytes
   Step          Temp          Press          PotEng         KinEng         TotEng        Density         Volume        Atoms   
        63   300           -682.37378     -172030         1914.5743     -170115.43      0.57870546     48980.021           2142 
       500   292.23955      633.38336     -171944.98      1865.0478     -170079.93      0.58876122     48143.466           2142 
      1000   478.58848      2393.9185     -173180.5       3054.3107     -170126.19      0.60055451     47198.056           2142 
      1500   499.87046      2427.9497     -173666.67      3190.1305     -170476.54      0.61266488     46265.106           2142 
      2000   514.45388      1838.6774     -174222.21      3283.2006     -170939.01      0.62510307     45344.531           2142 
      2500   526.84483      1801.6029     -174852.66      3362.2785     -171490.39      0.63788024     44436.25            2142 
      3000   503.01668     -87.506589     -175276.03      3210.2094     -172065.82      0.65100802     43540.179           2142 
      3500   488.5518       470.70674     -175757.21      3117.8957     -172639.31      0.66449851     42656.236           2142 
      4000   474.12807      703.45367     -176203         3025.8447     -173177.16      0.67836434     41784.339           2142 
      4500   450.15831      1904.2636     -176576.24      2872.8718     -173703.37      0.69261864     40924.405           2142 
      5000   415.11373      549.73031     -176829.44      2649.2203     -174180.22      0.70727512     40076.351           2142 
      5500   387.23127     -1183.6331     -177077.99      2471.2768     -174606.72      0.72234806     39240.094           2142 
      6000   380.49525      2387.0813     -177443.1       2428.2881     -175014.81      0.73785235     38415.552           2142 
      6500   377.90587      449.16734     -177814.8       2411.7629     -175403.04      0.75380355     37602.643           2142 
      7000   353.99013      1283.5606     -178021.45      2259.1347     -175762.31      0.77021787     36801.283           2142 
      7500   348.54327      2222.374      -178292.33      2224.3733     -176067.95      0.78711224     36011.39            2142 
      8000   329.95241      728.87283     -178441.39      2105.728      -176335.66      0.80450433     35232.881           2142 
      8500   309.87907      636.84712     -178547.52      1977.6217     -176569.9       0.82241262     34465.674           2142 
      9000   311.96856      3561.1483     -178767.17      1990.9566     -176776.21      0.8408564      33709.686           2142 
      9500   298.11895      796.62528     -178859.4       1902.5696     -176956.83      0.85985583     32964.835           2142 
     10000   305.1925       2110.9499     -179046.86      1947.7124     -177099.15      0.87943199     32231.037           2142 
     10500   305.32801      3675.5451     -179181.29      1948.5772     -177232.72      0.89960694     31508.211           2142 
     11000   289.49171      877.89346     -179201.41      1847.5113     -177353.9       0.92040375     30796.273           2142 
     11500   298.24202      3182.6431     -179347.97      1903.355      -177444.62      0.94184657     30095.141           2142 
     12000   300.47797      3990.2703     -179440.26      1917.6246     -177522.63      0.96396066     29404.733           2142 
     12500   288.23266      3339.1081     -179425.58      1839.4762     -177586.11      0.98677252     28724.965           2142 
     13000   299.74184      2052.7802     -179550.9       1912.9267     -177637.97      1.0103099      28055.754           2142 
     13500   319.3093       3389.9934     -179733.01      2037.8046     -177695.21      1.0346018      27397.02            2142 
     14000   322.12856      7803.678      -179829.32      2055.7968     -177773.53      1.0596788      26748.678           2142 
     14500   332.59102      5451.1385     -180047.28      2122.5674     -177924.71      1.0855727      26110.646           2142 
     15000   321.53482      3230.0616     -180145.96      2052.0077     -178093.95      1.1123173      25482.841           2142 
     15500   324.80089      7543.3984     -180318.19      2072.8514     -178245.34      1.1399477      24865.182           2142 
     16000   318.55371      8542.0774     -180424.2       2032.9825     -178391.22      1.1685008      24257.584           2142 
     16500   315.62417      10344.42      -180523.51      2014.2864     -178509.22      1.1980155      23659.966           2142 
     17000   305.74534      15738.9       -180541.03      1951.2406     -178589.79      1.2285326      23072.245           2142 
     17500   305.42269      19018.081     -180594.81      1949.1814     -178645.63      1.2600951      22494.339           2142 
     18000   312.12888      22699.886     -180644.03      1991.9798     -178652.05      1.2927481      21926.163           2142 
     18500   317.08437      27357.314     -180641.08      2023.6053     -178617.47      1.3265391      21367.637           2142 
     19000   321.7046       33314.736     -180605.99      2053.0912     -178552.9       1.3615181      20818.678           2142 
     19500   325.25113      44613.332     -180550.76      2075.7249     -178475.04      1.3977377      20279.202           2142 
     20000   338.13176      48544.883     -180506.46      2157.9279     -178348.53      1.4352536      19749.127           2142 
     20063   336.26958      53918.803     -180474.49      2146.0437     -178328.45      1.4400755      19683               2142 
Loop time of 525.557 on 48 procs for 20000 steps with 2142 atoms

Performance: 0.329 ns/day, 72.994 hours/ns, 38.055 timesteps/s, 81.514 katom-step/s
99.3% CPU use with 12 MPI tasks x 4 OpenMP threads

MPI task timing breakdown:
Section |  min time  |  avg time  |  max time  |%varavg| %total
---------------------------------------------------------------
Pair    | 415.04     | 423.24     | 438.91     |  29.3 | 80.53
Neigh   | 2.2734     | 2.3074     | 2.3543     |   1.4 |  0.44
Comm    | 6.6228     | 22.176     | 30.355     | 127.5 |  4.22
Output  | 0.0065099  | 0.0073363  | 0.0084773  |   0.6 |  0.00
Modify  | 77.403     | 77.513     | 77.596     |   0.6 | 14.75
Other   |            | 0.3124     |            |       |  0.06

Nlocal:          178.5 ave         194 max         168 min
Histogram: 2 0 3 1 3 0 1 1 0 1
Nghost:        4849.58 ave        4905 max        4816 min
Histogram: 2 2 0 3 1 1 2 0 0 1
Neighs:         125405 ave      135275 max      118577 min
Histogram: 2 0 2 2 3 0 1 1 0 1

Total # of neighbors = 1504862
Ave neighs/atom = 702.54995
Neighbor list builds = 164
Dangerous builds = 0
unfix           deform1
run             10000    # 1 ps equilibration after compression
Per MPI rank memory allocation (min/avg/max) = 349.6 | 354.7 | 359.4 Mbytes
   Step          Temp          Press          PotEng         KinEng         TotEng        Density         Volume        Atoms   
     20063   336.26958      54051.716     -180473.74      2146.0437     -178327.7       1.4400755      19683               2142 
     20500   328.47862      43994.267     -180618.44      2096.3224     -178522.12      1.4400755      19683               2142 
     21000   308.36907      37421.126     -180681.28      1967.985      -178713.3       1.4400755      19683               2142 
     21500   300.51628      37251.334     -180767.52      1917.8691     -178849.65      1.4400755      19683               2142 
     22000   291.48603      32278.805     -180821.38      1860.2389     -178961.14      1.4400755      19683               2142 
     22500   285.40675      33330.625     -180859.81      1821.4414     -179038.37      1.4400755      19683               2142 
     23000   287.32785      31567.247     -180917.91      1833.7017     -179084.2       1.4400755      19683               2142 
     23500   294.52789      30944.008     -180967.19      1879.6518     -179087.54      1.4400755      19683               2142 
     24000   293.82388      27447.941     -180946.7       1875.1588     -179071.55      1.4400755      19683               2142 
     24500   297.38687      28892.252     -180943.09      1897.8975     -179045.19      1.4400755      19683               2142 
     25000   304.53589      26306.095     -180959.51      1943.522      -179015.99      1.4400755      19683               2142 
     25500   306.29425      27748.052     -180966.86      1954.7437     -179012.12      1.4400755      19683               2142 
     26000   314.77674      26678.159     -181032.46      2008.8782     -179023.58      1.4400755      19683               2142 
     26500   302.42816      28309.166     -180988.95      1930.0706     -179058.88      1.4400755      19683               2142 
     27000   307.25429      27789.319     -181064.16      1960.8706     -179103.29      1.4400755      19683               2142 
     27500   299.50152      25624.261     -181064.83      1911.3931     -179153.43      1.4400755      19683               2142 
     28000   293.95207      26324.182     -181082.86      1875.977      -179206.88      1.4400755      19683               2142 
     28500   293.5078       27331.902     -181126.27      1873.1416     -179253.13      1.4400755      19683               2142 
     29000   296.31329      21536.277     -181161.18      1891.046      -179270.13      1.4400755      19683               2142 
     29500   299.61361      24547.808     -181187.84      1912.1084     -179275.73      1.4400755      19683               2142 
     30000   300.792        28470.179     -181178.12      1919.6288     -179258.49      1.4400755      19683               2142 
     30063   299.50046      26447.8       -181169.07      1911.3863     -179257.68      1.4400755      19683               2142 
Loop time of 452.271 on 48 procs for 10000 steps with 2142 atoms

Performance: 0.191 ns/day, 125.631 hours/ns, 22.111 timesteps/s, 47.361 katom-step/s
99.4% CPU use with 12 MPI tasks x 4 OpenMP threads

MPI task timing breakdown:
Section |  min time  |  avg time  |  max time  |%varavg| %total
---------------------------------------------------------------
Pair    | 376.01     | 382.23     | 386.99     |  17.0 | 84.51
Neigh   | 0.69574    | 0.70772    | 0.72853    |   1.0 |  0.16
Comm    | 5.6253     | 10.357     | 16.639     | 103.6 |  2.29
Output  | 0.0026199  | 0.0030491  | 0.0036441  |   0.5 |  0.00
Modify  | 58.707     | 58.778     | 58.823     |   0.5 | 13.00
Other   |            | 0.1944     |            |       |  0.04

Nlocal:          178.5 ave         191 max         166 min
Histogram: 1 0 0 3 1 3 3 0 0 1
Nghost:        4849.58 ave        4884 max        4810 min
Histogram: 2 0 1 0 1 3 2 0 1 2
Neighs:         126392 ave      134655 max      118329 min
Histogram: 1 0 0 3 2 3 1 1 0 1

Total # of neighbors = 1516702
Ave neighs/atom = 708.0775
Neighbor list builds = 23
Dangerous builds = 0
unfix           nvt1

# ── Phase 3: Heating to Condensation Temperature (NVT) ─────────────────────
print           "=== Phase 3: Heating ${T_low} -> ${T_hi} K ==="
=== Phase 3: Heating 300 -> 2000 K ===
fix             nvt_heat all nvt temp ${T_low} ${T_hi} 100.0
fix             nvt_heat all nvt temp 300 ${T_hi} 100.0
fix             nvt_heat all nvt temp 300 2000 100.0
run             100000    # 10 ps ramp
Per MPI rank memory allocation (min/avg/max) = 349.2 | 354.7 | 358.8 Mbytes
   Step          Temp          Press          PotEng         KinEng         TotEng        Density         Volume        Atoms   
     30063   299.50046      26447.913     -181169.07      1911.3863     -179257.68      1.4400755      19683               2142 
     30500   300.14124      23772.198     -181172.59      1915.4757     -179257.12      1.4400755      19683               2142 
     31000   302.07863      26468.282     -181159.55      1927.8399     -179231.71      1.4400755      19683               2142 
     31500   303.74286      27228.444     -181098.28      1938.4609     -179159.82      1.4400755      19683               2142 
     32000   313.83144      25383.231     -181108         2002.8453     -179105.16      1.4400755      19683               2142 
     32500   320.25259      27431.451     -181080.24      2043.8246     -179036.42      1.4400755      19683               2142 
     33000   324.56521      27735.957     -181021.72      2071.3473     -178950.37      1.4400755      19683               2142 
     33500   329.9844       25349.273     -180967.82      2105.9321     -178861.88      1.4400755      19683               2142 
     34000   338.79502      30359.51      -180930.83      2162.1608     -178768.67      1.4400755      19683               2142 
     34500   349.80264      28419.558     -180897.76      2232.4105     -178665.35      1.4400755      19683               2142 
     35000   358.94995      29356.764     -180850.41      2290.7878     -178559.62      1.4400755      19683               2142 
     35500   362.85401      30991.106     -180752.67      2315.7032     -178436.97      1.4400755      19683               2142 
     36000   370.99507      30774.813     -180684.69      2367.6588     -178317.03      1.4400755      19683               2142 
     36500   401.3197       37746.094     -180762.25      2561.1879     -178201.07      1.4400755      19683               2142 
     37000   410.45367      36535.887     -180720.81      2619.4801     -178101.33      1.4400755      19683               2142 
     37500   419.15793      38331.013     -180691.82      2675.03       -178016.79      1.4400755      19683               2142 
     38000   439.51977      30653.611     -180751.37      2804.9775     -177946.4       1.4400755      19683               2142 
     38500   437.27315      39232.897     -180682.58      2790.6398     -177891.94      1.4400755      19683               2142 
     39000   452.02575      36129.584     -180721.25      2884.7896     -177836.46      1.4400755      19683               2142 
     39500   460.05319      31480.563     -180720.53      2936.02       -177784.51      1.4400755      19683               2142 
     40000   460.80917      35317.706     -180670.28      2940.8446     -177729.44      1.4400755      19683               2142 
     40500   469.38377      43703.672     -180636.43      2995.567      -177640.86      1.4400755      19683               2142 
     41000   477.87743      37131.622     -180601.18      3049.7728     -177551.41      1.4400755      19683               2142 
     41500   478.47403      34842.328     -180506.64      3053.5803     -177453.06      1.4400755      19683               2142 
     42000   497.96357      40260.252     -180533.95      3177.9608     -177355.99      1.4400755      19683               2142 
     42500   531.61851      44266.017     -180658.78      3392.7437     -177266.04      1.4400755      19683               2142 
     43000   540.60025      47058.866     -180686.36      3450.0645     -177236.29      1.4400755      19683               2142 
     43500   573.63491      43688.701     -180959.13      3660.8888     -177298.24      1.4400755      19683               2142 
     44000   546.46092      41750.013     -180914.99      3487.4668     -177427.53      1.4400755      19683               2142 
     44500   554.24717      43443.045     -181059.34      3537.158      -177522.18      1.4400755      19683               2142 
     45000   568.66555      47223.068     -181245.81      3629.1748     -177616.63      1.4400755      19683               2142 
     45500   554.91399      45557.845     -181244.47      3541.4135     -177703.06      1.4400755      19683               2142 
     46000   569.05815      46625.936     -181385.5       3631.6803     -177753.82      1.4400755      19683               2142 
     46500   570.34813      50860.736     -181401.21      3639.9129     -177761.3       1.4400755      19683               2142 
     47000   559.31702      49216.981     -181319.38      3569.5133     -177749.87      1.4400755      19683               2142 
     47500   564.797        45607.337     -181274.94      3604.4861     -177670.45      1.4400755      19683               2142 
     48000   611.65553      52044.812     -181453.83      3903.5332     -177550.3       1.4400755      19683               2142 
     48500   622.56775      49275.616     -181447.2       3973.174      -177474.03      1.4400755      19683               2142 
     49000   638.78382      45674.152     -181502.46      4076.6636     -177425.8       1.4400755      19683               2142 
     49500   639.99259      53536.661     -181497.09      4084.3779     -177412.71      1.4400755      19683               2142 
     50000   639.79631      60987.031     -181502.75      4083.1252     -177419.63      1.4400755      19683               2142 
     50500   652.0204       52920.08      -181637.28      4161.1384     -177476.15      1.4400755      19683               2142 
     51000   664.37977      53168.126     -181793.86      4240.0148     -177553.84      1.4400755      19683               2142 
     51500   643.40192      51672.426     -181727.13      4106.1359     -177621         1.4400755      19683               2142 
     52000   692.73831      58828.098     -182056.52      4420.9965     -177635.53      1.4400755      19683               2142 
     52500   702.8423       56218.198     -182178.14      4485.4793     -177692.66      1.4400755      19683               2142 
     53000   705.66096      62029.113     -182293.87      4503.4678     -177790.4       1.4400755      19683               2142 
     53500   708.027        62569.264     -182390.92      4518.5677     -177872.35      1.4400755      19683               2142 
     54000   718.01944      60378.037     -182548.12      4582.3386     -177965.78      1.4400755      19683               2142 
     54500   720.22134      59967.663     -182651.93      4596.3909     -178055.54      1.4400755      19683               2142 
     55000   708.83868      58045.488     -182647.7       4523.7477     -178123.95      1.4400755      19683               2142 
     55500   715.93647      58636.381     -182709.57      4569.0452     -178140.52      1.4400755      19683               2142 
     56000   741.58919      60013.357     -182845.93      4732.7587     -178113.17      1.4400755      19683               2142 
     56500   753.63673      68191.38      -182898.06      4809.645      -178088.42      1.4400755      19683               2142 
     57000   771.02117      65521.644     -183014.99      4920.591      -178094.4       1.4400755      19683               2142 
     57500   808.0664       65912.923     -183370.88      5157.0105     -178213.87      1.4400755      19683               2142 
     58000   790.86198      70054.856     -183411.3       5047.2134     -178364.09      1.4400755      19683               2142 
     58500   802.999        64749.2       -183560.87      5124.6708     -178436.2       1.4400755      19683               2142 
     59000   804.90909      67526.883     -183652.06      5136.8608     -178515.2       1.4400755      19683               2142 
     59500   845.55527      80282.575     -184045.83      5396.2613     -178649.57      1.4400755      19683               2142 
     60000   839.36485      68580.219     -184171.51      5356.7546     -178814.75      1.4400755      19683               2142 
     60500   862.02114      75355.379     -184477.75      5501.345      -178976.4       1.4400755      19683               2142 
     61000   860.86834      70510.742     -184635.13      5493.988      -179141.15      1.4400755      19683               2142 
     61500   842.39106      73253.656     -184695.89      5376.0676     -179319.82      1.4400755      19683               2142 
     62000   861.54347      71820.853     -184955.54      5498.2966     -179457.24      1.4400755      19683               2142 
     62500   845.01299      75458.715     -184995.77      5392.8005     -179602.97      1.4400755      19683               2142 
     63000   857.86959      76888.294     -185173.12      5474.8502     -179698.27      1.4400755      19683               2142 
     63500   877.01462      76415.844     -185368.52      5597.0321     -179771.49      1.4400755      19683               2142 
     64000   863.39233      78347.969     -185364.02      5510.0959     -179853.93      1.4400755      19683               2142 
     64500   866.87508      78027.888     -185449.45      5532.3225     -179917.13      1.4400755      19683               2142 
     65000   890.38686      82259.967     -185653.57      5682.3726     -179971.2       1.4400755      19683               2142 
     65500   881.83254      75428.809     -185612.7       5627.7797     -179984.92      1.4400755      19683               2142 
     66000   881.85181      75241.667     -185528.57      5627.9027     -179900.67      1.4400755      19683               2142 
     66500   929.31325      81065.347     -185676.83      5930.7976     -179746.03      1.4400755      19683               2142 
     67000   928.04709      78216.439     -185584.32      5922.717      -179661.61      1.4400755      19683               2142 
     67500   963.48757      80500.877     -185786.91      6148.8951     -179638.02      1.4400755      19683               2142 
     68000   974.58808      78491.41      -185889.37      6219.7376     -179669.63      1.4400755      19683               2142 
     68500   963.3382       82970.437     -185932.58      6147.9418     -179784.63      1.4400755      19683               2142 
     69000   972.27861      82768.799     -186125.3       6204.9988     -179920.3       1.4400755      19683               2142 
     69500   975.03713      82276.808     -186211.73      6222.6034     -179989.13      1.4400755      19683               2142 
     70000   978.34452      87527.496     -186262.72      6243.7109     -180019.01      1.4400755      19683               2142 
     70500   955.17356      89544.27      -186143.62      6095.8358     -180047.79      1.4400755      19683               2142 
     71000   1006.0566      89145.733     -186477.19      6420.5669     -180056.63      1.4400755      19683               2142 
     71500   1010.8057      87552.083     -186542.45      6450.8757     -180091.58      1.4400755      19683               2142 
     72000   1023.3708      90506.018     -186708.32      6531.0647     -180177.26      1.4400755      19683               2142 
     72500   1026.195       83305.678     -186889.01      6549.0884     -180339.92      1.4400755      19683               2142 
     73000   991.5337       90384.028     -186757.02      6327.8831     -180429.13      1.4400755      19683               2142 
     73500   1013.1503      93854.771     -186875.74      6465.8383     -180409.9       1.4400755      19683               2142 
     74000   1024.6173      90775.188     -186867.93      6539.0196     -180328.91      1.4400755      19683               2142 
     74500   1032.1501      87777.105     -186793.35      6587.0934     -180206.25      1.4400755      19683               2142 
     75000   1059.2831      87019.272     -186844.9       6760.2538     -180084.65      1.4400755      19683               2142 
     75500   1044.5406      87925.061     -186655.74      6666.1688     -179989.57      1.4400755      19683               2142 
     76000   1063.427       91291.884     -186693.47      6786.7002     -179906.77      1.4400755      19683               2142 
     76500   1083.5539      92346.32      -186754.04      6915.1484     -179838.9       1.4400755      19683               2142 
     77000   1108.8103      88101.718     -186833.62      7076.3321     -179757.28      1.4400755      19683               2142 
     77500   1086.5423      97706.102     -186614.18      6934.2202     -179679.96      1.4400755      19683               2142 
     78000   1108.7354      103881.5      -186675.62      7075.8542     -179599.77      1.4400755      19683               2142 
     78500   1131.9116      100669.22     -186729.38      7223.7627     -179505.62      1.4400755      19683               2142 
     79000   1170.2863      101878.69     -186884.65      7468.6667     -179415.98      1.4400755      19683               2142 
     79500   1158.6797      106785.79     -186606.15      7394.5943     -179211.56      1.4400755      19683               2142 
     80000   1179.2871      98709.42      -186553.23      7526.1089     -179027.12      1.4400755      19683               2142 
     80500   1199.2298      105472.23     -186629.62      7653.3821     -178976.24      1.4400755      19683               2142 
     81000   1181.3698      96252.823     -186580.68      7539.4007     -179041.28      1.4400755      19683               2142 
     81500   1163.6124      105001.29     -186590.17      7426.0745     -179164.1       1.4400755      19683               2142 
     82000   1196.5576      100708.74     -186877.81      7636.3278     -179241.48      1.4400755      19683               2142 
     82500   1193.9337      94939.518     -186899.7       7619.5823     -179280.11      1.4400755      19683               2142 
     83000   1189.7618      99647.272     -186860.15      7592.9581     -179267.19      1.4400755      19683               2142 
     83500   1216.467       103074.27     -187015.26      7763.3879     -179251.87      1.4400755      19683               2142 
     84000   1201.7951      104663.97     -186893.19      7669.7532     -179223.44      1.4400755      19683               2142 
     84500   1205.5007      107050.39     -186838.95      7693.402      -179145.55      1.4400755      19683               2142 
     85000   1264.0312      108083.11     -187060.76      8066.9385     -178993.82      1.4400755      19683               2142 
     85500   1275.3355      108784.71     -186870.34      8139.0818     -178731.26      1.4400755      19683               2142 
     86000   1323.7671      104117.77     -187036.79      8448.1679     -178588.62      1.4400755      19683               2142 
     86500   1281.8301      112901.45     -186793.41      8180.5299     -178612.88      1.4400755      19683               2142 
     87000   1282.1265      112778.6      -186883.88      8182.4214     -178701.46      1.4400755      19683               2142 
     87500   1264.3754      106496.72     -186868.73      8069.1355     -178799.6       1.4400755      19683               2142 
     88000   1280.4579      113473.58     -187038.64      8171.7723     -178866.87      1.4400755      19683               2142 
     88500   1251.5214      107186.21     -186908.76      7987.1026     -178921.66      1.4400755      19683               2142 
     89000   1247.0504      105527.84     -186855.31      7958.5688     -178896.74      1.4400755      19683               2142 
     89500   1274.1828      107178.03     -186943.9       8131.7252     -178812.17      1.4400755      19683               2142 
     90000   1314.8522      113847.95     -187004.55      8391.2741     -178613.28      1.4400755      19683               2142 
     90500   1337.2692      113959.13     -186983.62      8534.3376     -178449.29      1.4400755      19683               2142 
     91000   1318.5612      108519.41     -186771.46      8414.9444     -178356.52      1.4400755      19683               2142 
     91500   1342.89        112968.18     -186830.2       8570.2092     -178259.99      1.4400755      19683               2142 
     92000   1361.2587      117208.86     -186856.15      8687.4366     -178168.71      1.4400755      19683               2142 
     92500   1360.5158      110899.47     -186792.15      8682.6953     -178109.46      1.4400755      19683               2142 
     93000   1405.3487      119299.89     -187029.98      8968.8149     -178061.17      1.4400755      19683               2142 
     93500   1373.8731      123614.92     -186808.66      8767.9407     -178040.72      1.4400755      19683               2142 
     94000   1388.568       118412.97     -186886.5       8861.7217     -178024.78      1.4400755      19683               2142 
     94500   1423.9306      108699.82     -187110.13      9087.4032     -178022.72      1.4400755      19683               2142 
     95000   1348.2985      120336.01     -186578.49      8604.7253     -177973.76      1.4400755      19683               2142 
     95500   1397.6889      118765.42     -186747.04      8919.9309     -177827.11      1.4400755      19683               2142 
     96000   1420.2112      120524.12     -186713.48      9063.6661     -177649.81      1.4400755      19683               2142 
     96500   1424.9603      119356.47     -186606.41      9093.9743     -177512.44      1.4400755      19683               2142 
     97000   1458.6156      119140.52     -186725.35      9308.7598     -177416.59      1.4400755      19683               2142 
     97500   1463.6716      127944.4      -186700.81      9341.027      -177359.78      1.4400755      19683               2142 
     98000   1498.4343      129250.97     -186869.16      9562.8796     -177306.28      1.4400755      19683               2142 
     98500   1471.8498      120301.88     -186664.81      9393.2196     -177271.59      1.4400755      19683               2142 
     99000   1449.3577      125238.78     -186563.22      9249.6766     -177313.54      1.4400755      19683               2142 
     99500   1501.9176      123899.88     -186927.51      9585.1096     -177342.4       1.4400755      19683               2142 
    100000   1460.4944      126418.08     -186655.32      9320.7503     -177334.57      1.4400755      19683               2142 
    100500   1435.8834      124492.54     -186426.57      9163.6851     -177262.89      1.4400755      19683               2142 
    101000   1515.2327      135536.94     -186795.81      9670.0855     -177125.72      1.4400755      19683               2142 
    101500   1544.0855      131708.55     -186825.04      9854.2214     -176970.82      1.4400755      19683               2142 
    102000   1519.5025      133187.06     -186521.61      9697.3351     -176824.28      1.4400755      19683               2142 
    102500   1515.0619      124831.95     -186377.04      9668.9955     -176708.05      1.4400755      19683               2142 
    103000   1529.6035      123852.85     -186373.27      9761.7987     -176611.48      1.4400755      19683               2142 
    103500   1575.0335      133214.09     -186565.57      10051.729     -176513.84      1.4400755      19683               2142 
    104000   1563.2209      136465.95     -186441.6       9976.3416     -176465.26      1.4400755      19683               2142 
    104500   1561.7617      136465.24     -186438.02      9967.0291     -176470.99      1.4400755      19683               2142 
    105000   1576.981       129761.02     -186578.83      10064.157     -176514.67      1.4400755      19683               2142 
    105500   1559.2841      132028.15     -186492.22      9951.2177     -176541.01      1.4400755      19683               2142 
    106000   1566.762       135755.21     -186518.94      9998.9406     -176520         1.4400755      19683               2142 
    106500   1574.4616      129429.23     -186460.88      10048.079     -176412.8       1.4400755      19683               2142 
    107000   1582.4545      135132.25     -186294.93      10099.089     -176195.84      1.4400755      19683               2142 
    107500   1633.8479      140080.23     -186372.8       10427.077     -175945.72      1.4400755      19683               2142 
    108000   1624.4471      141529.15     -186168.85      10367.082     -175801.77      1.4400755      19683               2142 
    108500   1655.3554      130904.66     -186317.36      10564.336     -175753.03      1.4400755      19683               2142 
    109000   1668.6909      133446.85     -186367.8       10649.443     -175718.36      1.4400755      19683               2142 
    109500   1644.4645      132461.89     -186172.01      10494.831     -175677.18      1.4400755      19683               2142 
    110000   1660.8824      128403.18     -186264.61      10599.609     -175665         1.4400755      19683               2142 
    110500   1653.6805      133595.68     -186144.29      10553.647     -175590.64      1.4400755      19683               2142 
    111000   1675.3467      135621.16     -186124.34      10691.919     -175432.42      1.4400755      19683               2142 
    111500   1671.5869      137771.91     -185898.1       10667.924     -175230.18      1.4400755      19683               2142 
    112000   1717.0752      136411        -186007.21      10958.227     -175048.98      1.4400755      19683               2142 
    112500   1731.8852      145644.98     -185955.74      11052.743     -174903         1.4400755      19683               2142 
    113000   1720.6156      141697.45     -185822.95      10980.821     -174842.13      1.4400755      19683               2142 
    113500   1741.4304      143357.58     -185968.53      11113.66      -174854.88      1.4400755      19683               2142 
    114000   1724.3521      139649.29     -185991.33      11004.667     -174986.67      1.4400755      19683               2142 
    114500   1749.1575      129172.52     -186407.26      11162.974     -175244.29      1.4400755      19683               2142 
    115000   1704.9137      140840.07     -186385.87      10880.613     -175505.26      1.4400755      19683               2142 
    115500   1720.7997      138509.81     -186517.97      10981.997     -175535.98      1.4400755      19683               2142 
    116000   1691.7414      143509.51     -186218.83      10796.549     -175422.28      1.4400755      19683               2142 
    116500   1715.4143      135086.35     -186183.32      10947.627     -175235.7       1.4400755      19683               2142 
    117000   1714.1651      143767.53     -185981.89      10939.655     -175042.24      1.4400755      19683               2142 
    117500   1749.5315      142864.52     -185990.34      11165.36      -174824.98      1.4400755      19683               2142 
    118000   1737.941       143271.24     -185706.13      11091.391     -174614.74      1.4400755      19683               2142 
    118500   1793.9601      149345.26     -185888.05      11448.9       -174439.15      1.4400755      19683               2142 
    119000   1847.1041      153262.34     -186104.27      11788.06      -174316.21      1.4400755      19683               2142 
    119500   1816.5291      159432.05     -185818.76      11592.933     -174225.83      1.4400755      19683               2142 
    120000   1838.2689      156974.67     -185853.85      11731.675     -174122.18      1.4400755      19683               2142 
    120500   1865.6418      140191.44     -185930.34      11906.366     -174023.97      1.4400755      19683               2142 
    121000   1859.0377      139357.59     -185767.55      11864.22      -173903.33      1.4400755      19683               2142 
    121500   1871.5996      147647.23     -185663.96      11944.388     -173719.58      1.4400755      19683               2142 
    122000   1910.8666      150000.74     -185634.47      12194.987     -173439.49      1.4400755      19683               2142 
    122500   1903.5143      151446.64     -185415.08      12148.065     -173267.01      1.4400755      19683               2142 
    123000   1901.8806      156798.21     -185415.89      12137.639     -173278.25      1.4400755      19683               2142 
    123500   1888.9464      154108.92     -185437.06      12055.094     -173381.96      1.4400755      19683               2142 
    124000   1897.4055      155990.61     -185712.71      12109.079     -173603.63      1.4400755      19683               2142 
    124500   1858.6506      161755.22     -185691.44      11861.749     -173829.7       1.4400755      19683               2142 
    125000   1923.1237      146884.42     -186192.68      12273.21      -173919.47      1.4400755      19683               2142 
    125500   1882.8981      163419.43     -185915.31      12016.494     -173898.81      1.4400755      19683               2142 
    126000   1925.1429      156866.85     -186087.7       12286.097     -173801.6       1.4400755      19683               2142 
    126500   1878.5271      158990.89     -185726.31      11988.599     -173737.71      1.4400755      19683               2142 
    127000   1940.038       153129.08     -186019.08      12381.157     -173637.92      1.4400755      19683               2142 
    127500   1935.7446      147292.46     -185857.27      12353.756     -173503.51      1.4400755      19683               2142 
    128000   1952.6074      165164.32     -185738.86      12461.373     -173277.49      1.4400755      19683               2142 
    128500   1959.1871      147576.66     -185531.7       12503.364     -173028.33      1.4400755      19683               2142 
    129000   1988.4336      156220.9      -185536.85      12690.013     -172846.84      1.4400755      19683               2142 
    129500   1967.645       157387.3      -185303.61      12557.342     -172746.27      1.4400755      19683               2142 
    130000   2016.9837      159031.5      -185474.07      12872.217     -172601.85      1.4400755      19683               2142 
    130063   2031.4665      153361.64     -185551.86      12964.645     -172587.22      1.4400755      19683               2142 
Loop time of 4598.93 on 48 procs for 100000 steps with 2142 atoms

Performance: 0.188 ns/day, 127.748 hours/ns, 21.744 timesteps/s, 46.576 katom-step/s
99.4% CPU use with 12 MPI tasks x 4 OpenMP threads

MPI task timing breakdown:
Section |  min time  |  avg time  |  max time  |%varavg| %total
---------------------------------------------------------------
Pair    | 3807.9     | 3863.7     | 3922.5     |  47.5 | 84.01
Neigh   | 23.259     | 23.451     | 23.716     |   2.8 |  0.51
Comm    | 51.17      | 109.44     | 165.72     | 281.9 |  2.38
Output  | 0.024733   | 0.028912   | 0.034916   |   1.6 |  0.00
Modify  | 599.61     | 600.28     | 600.93     |   1.6 | 13.05
Other   |            | 2.055      |            |       |  0.04

Nlocal:          178.5 ave         190 max         166 min
Histogram: 2 0 1 1 0 3 1 2 0 2
Nghost:        4862.75 ave        4911 max        4813 min
Histogram: 2 1 0 1 3 1 0 0 2 2
Neighs:         126402 ave      133370 max      117944 min
Histogram: 2 0 1 1 0 2 1 3 0 2

Total # of neighbors = 1516822
Ave neighs/atom = 708.13352
Neighbor list builds = 758
Dangerous builds = 0
unfix           nvt_heat

# ── Phase 4: NVT Condensation at High Temperature ──────────────────────────
print           "=== Phase 4: NVT Condensation at ${T_hi} K ==="
=== Phase 4: NVT Condensation at 2000 K ===
fix             nvt_condense all nvt temp ${T_hi} ${T_hi} 100.0
fix             nvt_condense all nvt temp 2000 ${T_hi} 100.0
fix             nvt_condense all nvt temp 2000 2000 100.0

# Run condensation in stages (40 ps each, total 160 ps)
print           "--- Condensation Stage 1/4 ---"
--- Condensation Stage 1/4 ---
run             400000
Per MPI rank memory allocation (min/avg/max) = 349.8 | 354.7 | 359.3 Mbytes
   Step          Temp          Press          PotEng         KinEng         TotEng        Density         Volume        Atoms   
    130063   2031.4665      153361.24     -185551.86      12964.645     -172587.22      1.4400755      19683               2142 
    130500   2006.4471      159982.97     -185419.91      12804.973     -172614.93      1.4400755      19683               2142 
    131000   2011.0302      162800.79     -185531.09      12834.223     -172696.87      1.4400755      19683               2142 
    131500   1943.6849      164493.26     -185250.22      12404.43      -172845.79      1.4400755      19683               2142 
    132000   1992.412       158271.45     -185784.92      12715.403     -173069.51      1.4400755      19683               2142 
    132500   1960.2685      154852.71     -185854.43      12510.265     -173344.16      1.4400755      19683               2142 
    133000   1907.451       159438.82     -185648.21      12173.189     -173475.02      1.4400755      19683               2142 
    133500   1942.964       162928.35     -185869.95      12399.83      -173470.12      1.4400755      19683               2142 
    134000   1976.0322      162434.83     -185941.72      12610.868     -173330.85      1.4400755      19683               2142 
    134500   1980.2032      156137.09     -185779.25      12637.487     -173141.76      1.4400755      19683               2142 
    135000   2020.6556      153652.41     -185897.99      12895.651     -173002.34      1.4400755      19683               2142 
    135500   2025.8563      157659.72     -185887.7       12928.841     -172958.86      1.4400755      19683               2142 
    136000   2022.9539      154764.65     -185838.21      12910.318     -172927.9       1.4400755      19683               2142 
    136500   1990.2444      160859.39     -185603.01      12701.569     -172901.44      1.4400755      19683               2142 
    137000   2012.9431      162524.61     -185680.6       12846.431     -172834.17      1.4400755      19683               2142 
    137500   1991.6513      164597.25     -185452.61      12710.548     -172742.06      1.4400755      19683               2142 
    138000   2021.7546      170991.88     -185544.99      12902.664     -172642.33      1.4400755      19683               2142 
    138500   2005.5653      164269.31     -185341.2       12799.346     -172541.86      1.4400755      19683               2142 
    139000   2078.4236      156748.62     -185795.39      13264.321     -172531.07      1.4400755      19683               2142 
    139500   2032.2166      156366.29     -185685.79      12969.432     -172716.36      1.4400755      19683               2142 
    140000   1988.053       160448.51     -185732.51      12687.584     -173044.93      1.4400755      19683               2142 
    140500   1985.026       167351.35     -185908.54      12668.266     -173240.27      1.4400755      19683               2142 
    141000   1971.6452      162722.82     -185917.96      12582.871     -173335.09      1.4400755      19683               2142 
    141500   1957.5798      159432.87     -185831.92      12493.107     -173338.81      1.4400755      19683               2142 
    142000   1992.1224      159688.47     -185992.48      12713.554     -173278.92      1.4400755      19683               2142 
    142500   2015.1121      154035.35     -186061.32      12860.273     -173201.04      1.4400755      19683               2142 
    143000   2013.5567      152652.79     -185901.05      12850.346     -173050.71      1.4400755      19683               2142 
    143500   2010.3173      167510.81     -185602.52      12829.673     -172772.85      1.4400755      19683               2142 
    144000   2086.813       156115.67     -185834.72      13317.862     -172516.85      1.4400755      19683               2142 
    144500   2061.348       154034.28     -185618.61      13155.346     -172463.27      1.4400755      19683               2142 
    145000   2037.7485      172914.16     -185613.8       13004.736     -172609.06      1.4400755      19683               2142 
    145500   1989.6005      161870.97     -185625.49      12697.46      -172928.03      1.4400755      19683               2142 
    146000   1943.4547      155439.91     -185519.72      12402.962     -173116.76      1.4400755      19683               2142 
    146500   1993.9985      160809.48     -185882.18      12725.527     -173156.66      1.4400755      19683               2142 
    147000   2035.8096      156198.04     -186151.41      12992.363     -173159.05      1.4400755      19683               2142 
    147500   1986.1932      165118.24     -185842.97      12675.715     -173167.26      1.4400755      19683               2142 
    148000   1993.1339      166075.55     -185967.18      12720.01      -173247.17      1.4400755      19683               2142 
    148500   1976.6916      157875.99     -185979.06      12615.077     -173363.98      1.4400755      19683               2142 
    149000   1958.9882      152623.51     -186005.73      12502.095     -173503.63      1.4400755      19683               2142 
    149500   1960.9408      162664.42     -186094.16      12514.556     -173579.6       1.4400755      19683               2142 
    150000   1980.3077      159906.67     -186298.87      12638.154     -173660.72      1.4400755      19683               2142 
    150500   1987.9046      151631.05     -186423.56      12686.637     -173736.92      1.4400755      19683               2142 
    151000   1994.2424      151315.23     -186471.56      12727.084     -173744.47      1.4400755      19683               2142 
    151500   1967.4106      163969.92     -186219.49      12555.846     -173663.64      1.4400755      19683               2142 
    152000   1989.6216      154459.01     -186229.04      12697.594     -173531.44      1.4400755      19683               2142 
    152500   1998.043       170384.5      -186122.67      12751.339     -173371.34      1.4400755      19683               2142 
    153000   2025.793       167893.49     -186104.45      12928.438     -173176.02      1.4400755      19683               2142 
    153500   2090.9556      166671.14     -186379.63      13344.299     -173035.33      1.4400755      19683               2142 
    154000   2029.8266      167605.26     -186027.38      12954.179     -173073.2       1.4400755      19683               2142 
    154500   1975.8163      158211.46     -185909.94      12609.49      -173300.45      1.4400755      19683               2142 
    155000   1989.1257      155400.08     -186281.45      12694.43      -173587.02      1.4400755      19683               2142 
    155500   1970.7933      161938.91     -186327.24      12577.434     -173749.81      1.4400755      19683               2142 
    156000   1961.1857      154091.51     -186325.11      12516.119     -173808.99      1.4400755      19683               2142 
    156500   1971.3044      156714.63     -186351.3       12580.696     -173770.61      1.4400755      19683               2142 
    157000   1987.073       167959.35     -186341.89      12681.33      -173660.56      1.4400755      19683               2142 
    157500   2018.8558      158183.58     -186418.37      12884.165     -173534.2       1.4400755      19683               2142 
    158000   1992.237       152400.91     -186104.89      12714.286     -173390.61      1.4400755      19683               2142 
    158500   2010.2544      157984.61     -186142.58      12829.272     -173313.3       1.4400755      19683               2142 
    159000   2029.0228      156568.79     -186204.05      12949.05      -173255         1.4400755      19683               2142 
    159500   2060.4236      161217.07     -186393.96      13149.447     -173244.51      1.4400755      19683               2142 
    160000   2012.5442      157539        -186184.83      12843.884     -173340.94      1.4400755      19683               2142 
    160500   2011.8865      154825.25     -186419.8       12839.687     -173580.11      1.4400755      19683               2142 
    161000   1972.1495      162229.62     -186424.16      12586.089     -173838.07      1.4400755      19683               2142 
    161500   1960.0437      158260.95     -186505.64      12508.831     -173996.81      1.4400755      19683               2142 
    162000   2005.8104      157935.32     -186839.4       12800.91      -174038.49      1.4400755      19683               2142 
    162500   1987.6201      167847.23     -186715.87      12684.821     -174031.05      1.4400755      19683               2142 
    163000   2035.0227      156262.28     -186954.45      12987.341     -173967.11      1.4400755      19683               2142 
    163500   2005.7114      160061.37     -186554.88      12800.278     -173754.6       1.4400755      19683               2142 
    164000   2031.1201      157266.3      -186410.14      12962.434     -173447.7       1.4400755      19683               2142 
    164500   2057.6836      162828.06     -186384.85      13131.96      -173252.89      1.4400755      19683               2142 
    165000   2064.6174      155073        -186424.34      13176.212     -173248.13      1.4400755      19683               2142 
    165500   2079.8424      158756.62     -186650.24      13273.376     -173376.87      1.4400755      19683               2142 
    166000   2030.7066      165301.16     -186513.18      12959.795     -173553.38      1.4400755      19683               2142 
    166500   2048.4457      156053.65     -186718.47      13073.005     -173645.47      1.4400755      19683               2142 
    167000   1974.1254      162669.97     -186323.05      12598.699     -173724.35      1.4400755      19683               2142 
    167500   1992.6864      151391.87     -186463.55      12717.154     -173746.39      1.4400755      19683               2142 
    168000   2009.749       166535.3      -186619.28      12826.046     -173793.23      1.4400755      19683               2142 
    168500   1973.0895      160254.82     -186444.46      12592.088     -173852.37      1.4400755      19683               2142 
    169000   2006.4922      173357.08     -186751.83      12805.261     -173946.56      1.4400755      19683               2142 
    169500   1987.1196      162136.7      -186704.47      12681.627     -174022.84      1.4400755      19683               2142 
    170000   1994.8463      161780.6      -186899.11      12730.938     -174168.17      1.4400755      19683               2142 
    170500   1940.871       165552.94     -186740.43      12386.472     -174353.96      1.4400755      19683               2142 
    171000   1985.3051      162369.03     -187096.32      12670.047     -174426.28      1.4400755      19683               2142 
    171500   1948.4293      159567.62     -186880.53      12434.709     -174445.83      1.4400755      19683               2142 
    172000   1948.6397      150938.45     -186858.25      12436.052     -174422.19      1.4400755      19683               2142 
    172500   1969.4372      160529        -186838.99      12568.78      -174270.22      1.4400755      19683               2142 
    173000   1998.324       152948.65     -186756.27      12753.133     -174003.13      1.4400755      19683               2142 
    173500   1969.483       167409.55     -186306.06      12569.072     -173736.99      1.4400755      19683               2142 
    174000   2061.9518      159801.81     -186732.33      13159.2       -173573.13      1.4400755      19683               2142 
    174500   2000.6788      160867.28     -186318.04      12768.161     -173549.88      1.4400755      19683               2142 
    175000   2039.5793      158202.23     -186653.88      13016.42      -173637.46      1.4400755      19683               2142 
    175500   1984.3891      164807.27     -186509.29      12664.201     -173845.09      1.4400755      19683               2142 
    176000   1956.4775      160319.61     -186509.09      12486.072     -174023.02      1.4400755      19683               2142 
    176500   2017.9369      155739.09     -186968.76      12878.3       -174090.46      1.4400755      19683               2142 
    177000   1998.3449      159874.53     -186870.15      12753.266     -174116.89      1.4400755      19683               2142 
    177500   2002.4771      158997.76     -186921.16      12779.637     -174141.52      1.4400755      19683               2142 
    178000   1993.1706      151088.26     -186870.44      12720.244     -174150.2       1.4400755      19683               2142 
    178500   1970.4753      160048.81     -186712.1       12575.405     -174136.7       1.4400755      19683               2142 
    179000   2008.3776      159717.22     -186853.51      12817.294     -174036.21      1.4400755      19683               2142 
    179500   2016.8549      164396.97     -186726.74      12871.395     -173855.35      1.4400755      19683               2142 
    180000   2076.1788      165236.76     -186854.43      13249.995     -173604.44      1.4400755      19683               2142 
    180500   2078.6022      167502.33     -186746.05      13265.461     -173480.59      1.4400755      19683               2142 
    181000   2033.2819      165405.77     -186586.25      12976.231     -173610.02      1.4400755      19683               2142 
    181500   2003.2035      165246.77     -186718.21      12784.273     -173933.94      1.4400755      19683               2142 
    182000   1983.4099      155981.55     -186818.07      12657.952     -174160.12      1.4400755      19683               2142 
    182500   1930.5582      158099.51     -186557.52      12320.657     -174236.86      1.4400755      19683               2142 
    183000   2030.5565      167230.21     -187184.98      12958.837     -174226.14      1.4400755      19683               2142 
    183500   2028.0415      159520.36     -187137.99      12942.787     -174195.2       1.4400755      19683               2142 
    184000   1967.0832      166298.67     -186713.26      12553.756     -174159.5       1.4400755      19683               2142 
    184500   2043.637       152722.79     -187125.14      13042.316     -174082.83      1.4400755      19683               2142 
    185000   2032.8382      161438.46     -187084.55      12973.399     -174111.16      1.4400755      19683               2142 
    185500   1911.4835      157757.94     -186540.43      12198.924     -174341.5       1.4400755      19683               2142 
    186000   1976.4942      160629.45     -187186.54      12613.817     -174572.73      1.4400755      19683               2142 
    186500   1946.4243      155471.83     -187140.36      12421.913     -174718.45      1.4400755      19683               2142 
    187000   1979.2584      156556.18     -187398.09      12631.458     -174766.64      1.4400755      19683               2142 
    187500   1934.5807      163037.6      -187035.64      12346.328     -174689.31      1.4400755      19683               2142 
    188000   1973.8236      161975.86     -187067.06      12596.773     -174470.29      1.4400755      19683               2142 
    188500   2040.8751      151610.56     -187138.45      13024.69      -174113.76      1.4400755      19683               2142 
    189000   1980.9412      161909.32     -186544.12      12642.197     -173901.92      1.4400755      19683               2142 
    189500   2084.7359      160622.29     -187165.52      13304.606     -173860.92      1.4400755      19683               2142 
    190000   2011.8967      163993.56     -186788.08      12839.752     -173948.33      1.4400755      19683               2142 
    190500   2005.1356      160867.79     -186916.24      12796.603     -174119.64      1.4400755      19683               2142 
    191000   1998.1774      159358.44     -187054.43      12752.197     -174302.23      1.4400755      19683               2142 
    191500   1989.694       162334.61     -187150.27      12698.057     -174452.22      1.4400755      19683               2142 
    192000   1924.2237      150004.59     -186815.82      12280.231     -174535.59      1.4400755      19683               2142 
    192500   1966.0786      162092.9      -187070.68      12547.345     -174523.34      1.4400755      19683               2142 
    193000   1975.1033      153398.83     -187036.55      12604.94      -174431.61      1.4400755      19683               2142 
    193500   2023.8639      153709.81     -187181.95      12916.126     -174265.82      1.4400755      19683               2142 
    194000   2067.5857      151875.54     -187132.36      13195.155     -173937.21      1.4400755      19683               2142 
    194500   2068.0961      163406.72     -186794.33      13198.412     -173595.92      1.4400755      19683               2142 
    195000   2060.7743      165593.19     -186675.98      13151.685     -173524.29      1.4400755      19683               2142 
    195500   2053.682       158444.58     -186737.7       13106.422     -173631.28      1.4400755      19683               2142 
    196000   2053.1385      158467.95     -186876.48      13102.954     -173773.53      1.4400755      19683               2142 
    196500   2003.9595      162236.76     -186770.22      12789.098     -173981.12      1.4400755      19683               2142 
    197000   1998.8048      157306.59     -186912.67      12756.201     -174156.47      1.4400755      19683               2142 
    197500   2003.5421      162311.47     -187084.2       12786.434     -174297.77      1.4400755      19683               2142 
    198000   2011.6691      158600.38     -187228.9       12838.3       -174390.6       1.4400755      19683               2142 
    198500   1988.8647      164185.04     -187154.86      12692.764     -174462.09      1.4400755      19683               2142 
    199000   2059.0522      154612.58     -187627.22      13140.694     -174486.52      1.4400755      19683               2142 
    199500   1989.0158      155345        -187236.76      12693.729     -174543.03      1.4400755      19683               2142 
    200000   1990.0874      158287.9      -187238.12      12700.568     -174537.56      1.4400755      19683               2142 
    200500   1990.5101      160274.27     -187120.2       12703.265     -174416.94      1.4400755      19683               2142 
    201000   2029.8755      163113.52     -187151.52      12954.491     -174197.03      1.4400755      19683               2142 
    201500   2069.6796      159640.02     -187176.12      13208.518     -173967.6       1.4400755      19683               2142 
    202000   2047.7458      161708.22     -186882.7       13068.538     -173814.16      1.4400755      19683               2142 
    202500   2031.0644      160513.74     -186698.28      12962.079     -173736.2       1.4400755      19683               2142 
    203000   2040.306       164331.62     -186766.63      13021.058     -173745.57      1.4400755      19683               2142 
    203500   2005.0052      166205.5      -186766.54      12795.771     -173970.77      1.4400755      19683               2142 
    204000   1979.3323      162562.49     -186926.41      12631.929     -174294.48      1.4400755      19683               2142 
    204500   1981.4012      162078.88     -187092.09      12645.133     -174446.96      1.4400755      19683               2142 
    205000   1975.2441      162274.19     -187066.22      12605.838     -174460.38      1.4400755      19683               2142 
    205500   1997.3169      156193.34     -187165.59      12746.705     -174418.89      1.4400755      19683               2142 
    206000   2031.3048      156705.81     -187300.85      12963.613     -174337.23      1.4400755      19683               2142 
    206500   1995.4652      166766.07     -187019.23      12734.888     -174284.35      1.4400755      19683               2142 
    207000   1955.5123      168260.21     -186765.55      12479.912     -174285.64      1.4400755      19683               2142 
    207500   2008.7317      159070.13     -187073.95      12819.553     -174254.4       1.4400755      19683               2142 
    208000   2045.9843      158309.79     -187356.65      13057.297     -174299.35      1.4400755      19683               2142 
    208500   1977.249       155857.5      -187066.64      12618.634     -174448.01      1.4400755      19683               2142 
    209000   1990.6801      160141.54     -187263.24      12704.35      -174558.89      1.4400755      19683               2142 
    209500   1972.6047      160836.38     -187200.22      12588.994     -174611.22      1.4400755      19683               2142 
    210000   1990.6302      153470.27     -187326.82      12704.031     -174622.79      1.4400755      19683               2142 
    210500   1979.6935      158426.14     -187233.93      12634.234     -174599.69      1.4400755      19683               2142 
    211000   1952.4052      162923.29     -186943.04      12460.082     -174482.96      1.4400755      19683               2142 
    211500   1997.8887      155232.54     -187054.55      12750.355     -174304.19      1.4400755      19683               2142 
    212000   2032.6158      162636.23     -187108.54      12971.98      -174136.56      1.4400755      19683               2142 
    212500   2016.9496      167033.63     -186890.12      12872         -174018.12      1.4400755      19683               2142 
    213000   2034.5354      155723.39     -186888.56      12984.23      -173904.33      1.4400755      19683               2142 
    213500   2031.2979      159415.07     -186830.46      12963.569     -173866.89      1.4400755      19683               2142 
    214000   2001.2675      166042.85     -186755.45      12771.918     -173983.54      1.4400755      19683               2142 
    214500   2020.9759      157211.75     -187186.78      12897.695     -174289.08      1.4400755      19683               2142 
    215000   1990.0235      161576.85     -187271.03      12700.159     -174570.87      1.4400755      19683               2142 
    215500   1980.7474      159701.74     -187311         12640.96      -174670.04      1.4400755      19683               2142 
    216000   1959.0904      155977.45     -187150.16      12502.747     -174647.41      1.4400755      19683               2142 
    216500   1980.3914      162657.46     -187187.38      12638.688     -174548.69      1.4400755      19683               2142 
    217000   1950.5876      158739.15     -186819.82      12448.483     -174371.33      1.4400755      19683               2142 
    217500   2028.3018      168822.09     -187076.55      12944.449     -174132.1       1.4400755      19683               2142 
    218000   2027.7753      162648.32     -186921.42      12941.088     -173980.33      1.4400755      19683               2142 
    218500   2062.3866      165948.56     -187116.24      13161.975     -173954.27      1.4400755      19683               2142 
    219000   2040.2248      150014.05     -187085.61      13020.54      -174065.07      1.4400755      19683               2142 
    219500   2071.2466      162335.02     -187424.7       13218.518     -174206.18      1.4400755      19683               2142 
    220000   2060.2739      158240.62     -187465.97      13148.491     -174317.48      1.4400755      19683               2142 
    220500   1954.5104      167580.11     -186870.86      12473.518     -174397.34      1.4400755      19683               2142 
    221000   1973.2242      159862.52     -187004.93      12592.948     -174411.98      1.4400755      19683               2142 
    221500   2036.212       153896.46     -187421.37      12994.931     -174426.44      1.4400755      19683               2142 
    222000   1998.6006      155671.3      -187215.13      12754.898     -174460.23      1.4400755      19683               2142 
    222500   1990.5305      171515.97     -187194.15      12703.395     -174490.76      1.4400755      19683               2142 
    223000   2011.4539      163734.6      -187308.13      12836.926     -174471.21      1.4400755      19683               2142 
    223500   1983.1935      167940.57     -187111.51      12656.571     -174454.94      1.4400755      19683               2142 
    224000   2007.6928      152185.51     -187178.27      12812.923     -174365.35      1.4400755      19683               2142 
    224500   1992.4681      163586.28     -186984.23      12715.761     -174268.47      1.4400755      19683               2142 
    225000   2024.4922      160394.37     -187076.8       12920.136     -174156.66      1.4400755      19683               2142 
    225500   1999.6538      162317.84     -186839.6       12761.619     -174077.98      1.4400755      19683               2142 
    226000   2012.3312      166543.18     -186877.49      12842.525     -174034.96      1.4400755      19683               2142 
    226500   2023.5556      172327.84     -186981.7       12914.158     -174067.54      1.4400755      19683               2142 
    227000   2007.4071      158485.9      -187016.9       12811.1       -174205.8       1.4400755      19683               2142 
    227500   1972.153       163078.07     -186990.57      12586.112     -174404.45      1.4400755      19683               2142 
    228000   2008.741       159920.5      -187394.36      12819.613     -174574.74      1.4400755      19683               2142 
    228500   1926.5931      153288.45     -187029.72      12295.352     -174734.37      1.4400755      19683               2142 
    229000   1968.8508      163756.1      -187323.32      12565.037     -174758.29      1.4400755      19683               2142 
    229500   1959.2341      166889.37     -187113.98      12503.664     -174610.32      1.4400755      19683               2142 
    230000   2026.5517      174550.26     -187244.89      12933.279     -174311.62      1.4400755      19683               2142 
    230500   2022.7514      156848.28     -186887.25      12909.026     -173978.23      1.4400755      19683               2142 
    231000   1988.6521      158323.73     -186562.76      12691.407     -173871.35      1.4400755      19683               2142 
    231500   2014.3015      161634.72     -186736.54      12855.099     -173881.44      1.4400755      19683               2142 
    232000   2036.4012      154290.75     -186972.6       12996.138     -173976.47      1.4400755      19683               2142 
    232500   2000.5276      164741.34     -186907.43      12767.196     -174140.23      1.4400755      19683               2142 
    233000   1972.9673      160933.19     -186897.53      12591.309     -174306.22      1.4400755      19683               2142 
    233500   2000.7498      160447.12     -187212.79      12768.614     -174444.18      1.4400755      19683               2142 
    234000   1978.3036      155060.57     -187141.67      12625.364     -174516.31      1.4400755      19683               2142 
    234500   1979.5448      153615.3      -187146.63      12633.285     -174513.34      1.4400755      19683               2142 
    235000   2025.967       158572.71     -187382.14      12929.548     -174452.59      1.4400755      19683               2142 
    235500   1989.2772      166431.24     -186998         12695.396     -174302.6       1.4400755      19683               2142 
    236000   2051.1021      155572.61     -187094.89      13089.958     -174004.93      1.4400755      19683               2142 
    236500   2063.4969      156684.76     -186925.34      13169.06      -173756.28      1.4400755      19683               2142 
    237000   2024.5829      155289.74     -186657.63      12920.715     -173736.92      1.4400755      19683               2142 
    237500   2017.3017      166889.29     -186751.21      12874.247     -173876.96      1.4400755      19683               2142 
    238000   2014.1324      171639.85     -187021.17      12854.021     -174167.15      1.4400755      19683               2142 
    238500   2026.0088      163495.15     -187349.15      12929.814     -174419.33      1.4400755      19683               2142 
    239000   2045.442       160797.45     -187590.25      13053.836     -174536.42      1.4400755      19683               2142 
    239500   2045.8485      152234.48     -187641.53      13056.43      -174585.1       1.4400755      19683               2142 
    240000   2006.4513      150385.44     -187441.86      12805         -174636.86      1.4400755      19683               2142 
    240500   1981.8583      153323.75     -187335.69      12648.05      -174687.64      1.4400755      19683               2142 
    241000   1988.1103      152924.47     -187352.26      12687.949     -174664.31      1.4400755      19683               2142 
    241500   2005.1291      160592.74     -187273.6       12796.562     -174477.03      1.4400755      19683               2142 
    242000   2063.9101      153845.04     -187339.29      13171.697     -174167.59      1.4400755      19683               2142 
    242500   1978.1522      163059.03     -186608.52      12624.398     -173984.13      1.4400755      19683               2142 
    243000   2040.2852      159166.8      -186999.11      13020.925     -173978.19      1.4400755      19683               2142 
    243500   1980.6082      165533.36     -186689.1       12640.072     -174049.03      1.4400755      19683               2142 
    244000   1990.1151      160004.22     -186845.9       12700.744     -174145.16      1.4400755      19683               2142 
    244500   2053.1209      163590.58     -187354.19      13102.842     -174251.34      1.4400755      19683               2142 
    245000   2024.4076      159066.11     -187283.25      12919.596     -174363.66      1.4400755      19683               2142 
    245500   2037.0484      167699.61     -187432.57      13000.268     -174432.3       1.4400755      19683               2142 
    246000   1959.2966      161195.94     -186999.55      12504.063     -174495.48      1.4400755      19683               2142 
    246500   1989.3801      158038.6      -187188.38      12696.053     -174492.33      1.4400755      19683               2142 
    247000   1969.8471      158275.1      -187053.98      12571.396     -174482.59      1.4400755      19683               2142 
    247500   2037.1871      154711.14     -187480.59      13001.154     -174479.44      1.4400755      19683               2142 
    248000   1958.81        170071.79     -187026.22      12500.958     -174525.26      1.4400755      19683               2142 
    248500   1992.4596      167248.92     -187262.8       12715.706     -174547.1       1.4400755      19683               2142 
    249000   1990.7519      157083.01     -187322.37      12704.808     -174617.57      1.4400755      19683               2142 
    249500   1988.3795      161831.68     -187399.97      12689.668     -174710.31      1.4400755      19683               2142 
    250000   1980.5022      147117.16     -187407.05      12639.396     -174767.66      1.4400755      19683               2142 
    250500   1956.7022      160000.39     -187272.77      12487.506     -174785.27      1.4400755      19683               2142 
    251000   1984.6794      150227.14     -187355.3       12666.054     -174689.24      1.4400755      19683               2142 
    251500   2013.2997      148900.09     -187333.01      12848.706     -174484.3       1.4400755      19683               2142 
    252000   2008.7712      160809.35     -187077.57      12819.806     -174257.76      1.4400755      19683               2142 
    252500   2063.8743      160376.81     -187318.88      13171.469     -174147.41      1.4400755      19683               2142 
    253000   2020.7516      161636.92     -187057.34      12896.263     -174161.08      1.4400755      19683               2142 
    253500   1995.4061      171638.27     -187090.72      12734.511     -174356.21      1.4400755      19683               2142 
    254000   1970.9991      155824.27     -187287.68      12578.747     -174708.93      1.4400755      19683               2142 
    254500   1952.6907      156692.81     -187396.63      12461.905     -174934.72      1.4400755      19683               2142 
    255000   1951.1232      170218.22     -187418.83      12451.901     -174966.93      1.4400755      19683               2142 
    255500   1935.9363      163135.13     -187259.28      12354.98      -174904.3       1.4400755      19683               2142 
    256000   1959.8947      166720.32     -187265.74      12507.88      -174757.86      1.4400755      19683               2142 
    256500   1975.0201      165444.98     -187153.15      12604.409     -174548.74      1.4400755      19683               2142 
    257000   1982.7687      160129.37     -187026.05      12653.86      -174372.19      1.4400755      19683               2142 
    257500   2025.8068      158060.87     -187177.88      12928.525     -174249.36      1.4400755      19683               2142 
    258000   2075.5665      154043.19     -187433.99      13246.088     -174187.9       1.4400755      19683               2142 
    258500   2055.0948      156804.23     -187352.53      13115.439     -174237.09      1.4400755      19683               2142 
    259000   2012.1319      171450.19     -187224.34      12841.253     -174383.09      1.4400755      19683               2142 
    259500   2012.2671      159965.22     -187369.27      12842.116     -174527.15      1.4400755      19683               2142 
    260000   2000.2304      155462.65     -187392.68      12765.299     -174627.38      1.4400755      19683               2142 
    260500   1970.8991      161370.01     -187233.05      12578.109     -174654.94      1.4400755      19683               2142 
    261000   1987.4753      162679.07     -187323.47      12683.897     -174639.58      1.4400755      19683               2142 
    261500   1977.2949      157124.14     -187241.21      12618.927     -174622.29      1.4400755      19683               2142 
    262000   2001.5329      161350.42     -187368.71      12773.611     -174595.1       1.4400755      19683               2142 
    262500   1984.1931      159332.89     -187236.2       12662.951     -174573.25      1.4400755      19683               2142 
    263000   2002.0534      159129.15     -187355.47      12776.933     -174578.54      1.4400755      19683               2142 
    263500   1979.2926      160917.47     -187234.6       12631.676     -174602.92      1.4400755      19683               2142 
    264000   2027.1439      158196.19     -187555.45      12937.059     -174618.4       1.4400755      19683               2142 
    264500   2006.4564      161474.23     -187509.71      12805.033     -174704.68      1.4400755      19683               2142 
    265000   1969.0486      161853.94     -187358.38      12566.3       -174792.08      1.4400755      19683               2142 
    265500   1926.2266      166805.13     -187100.63      12293.013     -174807.62      1.4400755      19683               2142 
    266000   1984.0371      159258.59     -187396.86      12661.955     -174734.91      1.4400755      19683               2142 
    266500   2010.6271      162067.32     -187393.92      12831.65      -174562.27      1.4400755      19683               2142 
    267000   2031.3932      163277.73     -187266.9       12964.177     -174302.72      1.4400755      19683               2142 
    267500   2010.7292      161917.92     -186930.43      12832.302     -174098.13      1.4400755      19683               2142 
    268000   2044.3567      157580.38     -187053.62      13046.909     -174006.71      1.4400755      19683               2142 
    268500   2063.0719      159422.08     -187185.28      13166.348     -174018.93      1.4400755      19683               2142 
    269000   2022.1946      177967.04     -187055.37      12905.473     -174149.9       1.4400755      19683               2142 
    269500   2008.9304      164204.12     -187301.73      12820.822     -174480.91      1.4400755      19683               2142 
    270000   1993.4385      158563.29     -187503.68      12721.954     -174781.72      1.4400755      19683               2142 
    270500   1978.5915      149745.3      -187480.11      12627.202     -174852.91      1.4400755      19683               2142 
    271000   1986.9908      156308.75     -187464.14      12680.805     -174783.34      1.4400755      19683               2142 
    271500   2016.7298      150395.73     -187502.09      12870.597     -174631.49      1.4400755      19683               2142 
    272000   2011.4257      159486        -187307.22      12836.747     -174470.47      1.4400755      19683               2142 
    272500   2004.5442      166510.19     -187088.47      12792.829     -174295.65      1.4400755      19683               2142 
    273000   2025.8314      159987.06     -187019         12928.683     -174090.32      1.4400755      19683               2142 
    273500   2030.417       169034.26     -186941.96      12957.947     -173984.02      1.4400755      19683               2142 
    274000   2060.8045      166655.62     -187159.1       13151.878     -174007.23      1.4400755      19683               2142 
    274500   2072.8825      162545.09     -187406.22      13228.958     -174177.27      1.4400755      19683               2142 
    275000   1990.5967      164908.31     -187199.66      12703.818     -174495.85      1.4400755      19683               2142 
    275500   2007.4351      160507.11     -187504.09      12811.279     -174692.81      1.4400755      19683               2142 
    276000   1984.3891      164155.6      -187404.09      12664.201     -174739.89      1.4400755      19683               2142 
    276500   1960.4118      160118.28     -187226.61      12511.18      -174715.43      1.4400755      19683               2142 
    277000   1935.4196      157763.16     -186968.3       12351.682     -174616.62      1.4400755      19683               2142 
    277500   1992.3418      166943.82     -187183.08      12714.955     -174468.12      1.4400755      19683               2142 
    278000   2060.0853      162367.43     -187468.75      13147.288     -174321.47      1.4400755      19683               2142 
    278500   2074.3985      162478.21     -187443.3       13238.634     -174204.67      1.4400755      19683               2142 
    279000   2028.9679      163243.61     -187155.2       12948.699     -174206.5       1.4400755      19683               2142 
    279500   1992.4179      164402.58     -187098.6       12715.441     -174383.16      1.4400755      19683               2142 
    280000   1948.4736      168387.74     -187168.73      12434.992     -174733.74      1.4400755      19683               2142 
    280500   1937.3283      146042.71     -187296.43      12363.863     -174932.56      1.4400755      19683               2142 
    281000   1985.3054      168663.8      -187645.44      12670.049     -174975.39      1.4400755      19683               2142 
    281500   1979.4743      162922.71     -187561.27      12632.835     -174928.43      1.4400755      19683               2142 
    282000   1997.8547      159559.35     -187619.6       12750.138     -174869.46      1.4400755      19683               2142 
    282500   1980.0263      152922.51     -187378.01      12636.358     -174741.65      1.4400755      19683               2142 
    283000   1975.099       161870.56     -187168.17      12604.913     -174563.26      1.4400755      19683               2142 
    283500   1986.8948      172331.2      -187020.48      12680.192     -174340.29      1.4400755      19683               2142 
    284000   2035.2793      164394.74     -187099.63      12988.978     -174110.65      1.4400755      19683               2142 
    284500   2035.729       159868.94     -186918.13      12991.848     -173926.28      1.4400755      19683               2142 
    285000   2017.6347      173436.51     -186724.23      12876.372     -173847.86      1.4400755      19683               2142 
    285500   2041.9746      166071.65     -186886.95      13031.707     -173855.25      1.4400755      19683               2142 
    286000   2044.5565      166846.12     -187149.01      13048.184     -174100.83      1.4400755      19683               2142 
    286500   2051.3093      152844.84     -187491.45      13091.28      -174400.17      1.4400755      19683               2142 
    287000   2038.4176      156789.92     -187631.16      13009.007     -174622.16      1.4400755      19683               2142 
    287500   1960.4625      161604.73     -187295.11      12511.504     -174783.61      1.4400755      19683               2142 
    288000   2027.0489      156569.64     -187800.98      12936.453     -174864.52      1.4400755      19683               2142 
    288500   1985.9071      158847.39     -187583.76      12673.889     -174909.87      1.4400755      19683               2142 
    289000   1971.1284      160280.31     -187471.77      12579.573     -174892.19      1.4400755      19683               2142 
    289500   1951.4972      155452.82     -187241.4       12454.288     -174787.11      1.4400755      19683               2142 
    290000   1997.6151      164079.5      -187293.65      12748.608     -174545.04      1.4400755      19683               2142 
    290500   2037.4199      155918.71     -187267.6       13002.639     -174264.96      1.4400755      19683               2142 
    291000   2026.6478      159188.46     -187062.43      12933.893     -174128.53      1.4400755      19683               2142 
    291500   2048.6185      154259.19     -187203.39      13074.107     -174129.28      1.4400755      19683               2142 
    292000   2021.0929      153598.3      -187119.77      12898.442     -174221.33      1.4400755      19683               2142 
    292500   2054.7834      154654.39     -187473.16      13113.451     -174359.71      1.4400755      19683               2142 
    293000   1967.9114      163159.78     -187058.99      12559.042     -174499.95      1.4400755      19683               2142 
    293500   2018.8574      157668.49     -187467.29      12884.175     -174583.11      1.4400755      19683               2142 
    294000   1976.6589      170907.16     -187230.19      12614.868     -174615.32      1.4400755      19683               2142 
    294500   1969.5346      161033.24     -187201.56      12569.401     -174632.16      1.4400755      19683               2142 
    295000   2070.087       156776.06     -187819.62      13211.118     -174608.5       1.4400755      19683               2142 
    295500   1985.1577      160693.07     -187329.38      12669.107     -174660.27      1.4400755      19683               2142 
    296000   1998.1721      161068.58     -187518.39      12752.163     -174766.23      1.4400755      19683               2142 
    296500   1993.1934      146961.01     -187655.33      12720.39      -174934.94      1.4400755      19683               2142 
    297000   1940.2227      157310.01     -187519.42      12382.335     -175137.08      1.4400755      19683               2142 
    297500   1943.1425      155501.05     -187699.15      12400.969     -175298.18      1.4400755      19683               2142 
    298000   1969.2054      147672.98     -187928.28      12567.3       -175360.98      1.4400755      19683               2142 
    298500   1949.6998      159581.71     -187637.34      12442.817     -175194.52      1.4400755      19683               2142 
    299000   1990.2585      164835.35     -187487.22      12701.659     -174785.56      1.4400755      19683               2142 
    299500   2054.1636      159019.91     -187646.28      13109.496     -174536.79      1.4400755      19683               2142 
    300000   2024.4724      154008.25     -187382.91      12920.009     -174462.9       1.4400755      19683               2142 
    300500   1979.5261      168828.64     -187082.03      12633.166     -174448.86      1.4400755      19683               2142 
    301000   2017.5659      168453.43     -187302.27      12875.933     -174426.34      1.4400755      19683               2142 
    301500   1981.3699      167321.09     -187106.85      12644.933     -174461.92      1.4400755      19683               2142 
    302000   1992.7591      161572.43     -187320.99      12717.618     -174603.37      1.4400755      19683               2142 
    302500   1950.9877      147182.13     -187281.68      12451.036     -174830.64      1.4400755      19683               2142 
    303000   1935.0382      155234.69     -187376.64      12349.248     -175027.39      1.4400755      19683               2142 
    303500   1945.492       157134.3      -187487.79      12415.964     -175071.83      1.4400755      19683               2142 
    304000   1955.0538      158005.44     -187444.97      12476.986     -174967.98      1.4400755      19683               2142 
    304500   2004.4885      152734.46     -187478.19      12792.474     -174685.72      1.4400755      19683               2142 
    305000   2058.9355      161247.41     -187471.13      13139.95      -174331.18      1.4400755      19683               2142 
    305500   2001.3939      160388.44     -186926.63      12772.725     -174153.91      1.4400755      19683               2142 
    306000   2040.604       173020.7      -187146.31      13022.96      -174123.35      1.4400755      19683               2142 
    306500   2010.8776      160317.57     -187008.18      12833.249     -174174.94      1.4400755      19683               2142 
    307000   2024.1683      165877.77     -187197.99      12918.069     -174279.92      1.4400755      19683               2142 
    307500   2004.9682      165124.8      -187216.4       12795.535     -174420.87      1.4400755      19683               2142 
    308000   2000.0798      152859.52     -187340.96      12764.338     -174576.62      1.4400755      19683               2142 
    308500   1963.3945      157986.54     -187263.12      12530.215     -174732.91      1.4400755      19683               2142 
    309000   1988.9057      166578.39     -187547.97      12693.026     -174854.94      1.4400755      19683               2142 
    309500   1962.1737      161604.26     -187448.75      12522.425     -174926.32      1.4400755      19683               2142 
    310000   1984.0902      157495.03     -187605.56      12662.294     -174943.27      1.4400755      19683               2142 
    310500   1929.1176      163214.11     -187145.37      12311.463     -174833.91      1.4400755      19683               2142 
    311000   1995.6033      169051.63     -187313.99      12735.77      -174578.22      1.4400755      19683               2142 
    311500   2031.9107      163146.42     -187152.42      12967.48      -174184.94      1.4400755      19683               2142 
    312000   2040.1326      158791.46     -187005.1       13019.952     -173985.14      1.4400755      19683               2142 
    312500   2082.0416      165031.25     -187318.74      13287.411     -174031.32      1.4400755      19683               2142 
    313000   2071.4634      160392.99     -187414.74      13219.902     -174194.84      1.4400755      19683               2142 
    313500   2022.6242      159864.04     -187338.57      12908.215     -174430.36      1.4400755      19683               2142 
    314000   1993.3886      157691.76     -187425.47      12721.635     -174703.83      1.4400755      19683               2142 
    314500   2005.3536      160525.79     -187677.77      12797.995     -174879.78      1.4400755      19683               2142 
    315000   1965.9478      167907        -187530.37      12546.51      -174983.86      1.4400755      19683               2142 
    315500   1962.0694      170429.83     -187533.76      12521.759     -175012         1.4400755      19683               2142 
    316000   2020.4251      158173.3      -187852.79      12894.18      -174958.61      1.4400755      19683               2142 
    316500   1971.3919      162821.99     -187422.38      12581.254     -174841.13      1.4400755      19683               2142 
    317000   2006.5749      157611.58     -187471.07      12805.789     -174665.28      1.4400755      19683               2142 
    317500   2045.9288      160539.84     -187513.83      13056.942     -174456.88      1.4400755      19683               2142 
    318000   2080.0076      170125.14     -187558.2       13274.43      -174283.77      1.4400755      19683               2142 
    318500   2061.7635      164006.12     -187385.46      13157.998     -174227.47      1.4400755      19683               2142 
    319000   2073.7155      166368.06     -187585.71      13234.275     -174351.44      1.4400755      19683               2142 
    319500   1988.8718      160290.51     -187477.46      12692.809     -174784.65      1.4400755      19683               2142 
    320000   1995.2503      157563.87     -187748.57      12733.517     -175015.06      1.4400755      19683               2142 
    320500   1961.1304      160198.6      -187594.64      12515.766     -175078.88      1.4400755      19683               2142 
    321000   1913.6499      160047.81     -187259.82      12212.75      -175047.07      1.4400755      19683               2142 
    321500   1970.528       165474.3      -187486.32      12575.741     -174910.58      1.4400755      19683               2142 
    322000   2008.9087      161769.26     -187541.89      12820.683     -174721.2       1.4400755      19683               2142 
    322500   2048.0898      157924.94     -187602.37      13070.734     -174531.63      1.4400755      19683               2142 
    323000   2050.4379      161625.43     -187531.92      13085.719     -174446.2       1.4400755      19683               2142 
    323500   2035.9068      162572.26     -187435.99      12992.983     -174443.01      1.4400755      19683               2142 
    324000   2028.4527      163757.29     -187515.22      12945.411     -174569.81      1.4400755      19683               2142 
    324500   2038.6692      155146.05     -187946.7       13010.612     -174936.09      1.4400755      19683               2142 
    325000   1951.8586      170121.41     -187693.2       12456.594     -175236.61      1.4400755      19683               2142 
    325500   1939.0294      161143.11     -187690.96      12374.719     -175316.24      1.4400755      19683               2142 
    326000   1943.4619      161612.8      -187685.26      12403.007     -175282.25      1.4400755      19683               2142 
    326500   1973.8381      158874.02     -187705.01      12596.866     -175108.14      1.4400755      19683               2142 
    327000   1969.5557      159024.68     -187460.5       12569.536     -174890.96      1.4400755      19683               2142 
    327500   2005.0051      162055.91     -187481.19      12795.771     -174685.42      1.4400755      19683               2142 
    328000   2073.39        157202.94     -187825.83      13232.197     -174593.63      1.4400755      19683               2142 
    328500   2041.0018      157385.15     -187639.47      13025.499     -174613.98      1.4400755      19683               2142 
    329000   1990.1031      160601.8      -187424.08      12700.668     -174723.41      1.4400755      19683               2142 
    329500   1991.4136      157138.36     -187594.38      12709.031     -174885.35      1.4400755      19683               2142 
    330000   2005.6417      162878.11     -187836.46      12799.834     -175036.62      1.4400755      19683               2142 
    330500   1972.7881      161557.18     -187675.52      12590.165     -175085.35      1.4400755      19683               2142 
    331000   1986.0394      154464.41     -187742.83      12674.733     -175068.09      1.4400755      19683               2142 
    331500   1963.72        161637.95     -187589.75      12532.293     -175057.46      1.4400755      19683               2142 
    332000   2017.0778      172187.83     -187858.09      12872.818     -174985.28      1.4400755      19683               2142 
    332500   1991.5171      165085.19     -187614.29      12709.692     -174904.6       1.4400755      19683               2142 
    333000   1997.5652      163464.88     -187556.11      12748.29      -174807.82      1.4400755      19683               2142 
    333500   2042.6981      163166.75     -187781.7       13036.324     -174745.38      1.4400755      19683               2142 
    334000   2021.6093      159137.97     -187630.65      12901.737     -174728.91      1.4400755      19683               2142 
    334500   2006.4882      162170.45     -187648.02      12805.235     -174842.78      1.4400755      19683               2142 
    335000   1996.8122      159488.61     -187772.87      12743.484     -175029.39      1.4400755      19683               2142 
    335500   1980.7787      149784.56     -187882.46      12641.16      -175241.3       1.4400755      19683               2142 
    336000   1942.3882      156786.44     -187768         12396.155     -175371.85      1.4400755      19683               2142 
    336500   1947.6616      160219.09     -187799.04      12429.809     -175369.23      1.4400755      19683               2142 
    337000   1958.4225      166612.68     -187735.47      12498.484     -175236.98      1.4400755      19683               2142 
    337500   1978.7941      164196.18     -187608.23      12628.495     -174979.74      1.4400755      19683               2142 
    338000   2015.3091      168601.08     -187532.79      12861.53      -174671.26      1.4400755      19683               2142 
    338500   2036.3977      173115.86     -187533.36      12996.116     -174537.24      1.4400755      19683               2142 
    339000   2049.1778      165658.64     -187650.85      13077.677     -174573.18      1.4400755      19683               2142 
    339500   2042.095       164291.41     -187698.89      13032.475     -174666.41      1.4400755      19683               2142 
    340000   1998.8806      155417.51     -187539.24      12756.684     -174782.55      1.4400755      19683               2142 
    340500   2017.9093      155984.18     -187828.75      12878.124     -174950.63      1.4400755      19683               2142 
    341000   1984.2981      159337.83     -187756.68      12663.62      -175093.06      1.4400755      19683               2142 
    341500   1975.436       153316.95     -187767.77      12607.063     -175160.7       1.4400755      19683               2142 
    342000   1934.5038      161217.18     -187501.41      12345.837     -175155.57      1.4400755      19683               2142 
    342500   1971.9052      152172.02     -187663.29      12584.53      -175078.76      1.4400755      19683               2142 
    343000   2032.6617      171489.08     -187865.09      12972.273     -174892.82      1.4400755      19683               2142 
    343500   1965.0877      165567.35     -187098.47      12541.021     -174557.45      1.4400755      19683               2142 
    344000   2061.7565      167035.32     -187431.56      13157.953     -174273.61      1.4400755      19683               2142 
    344500   2039.6662      162594.91     -187256.39      13016.975     -174239.42      1.4400755      19683               2142 
    345000   2080.5954      158082.49     -187606.41      13278.181     -174328.23      1.4400755      19683               2142 
    345500   2040.8669      154993.91     -187551.87      13024.638     -174527.23      1.4400755      19683               2142 
    346000   2026.6709      161555.11     -187711.62      12934.04      -174777.58      1.4400755      19683               2142 
    346500   1993.8721      159237.53     -187721.49      12724.721     -174996.77      1.4400755      19683               2142 
    347000   1973.753       155680.52     -187720.51      12596.322     -175124.19      1.4400755      19683               2142 
    347500   2000.2254      156648.61     -187936.47      12765.267     -175171.21      1.4400755      19683               2142 
    348000   1984.2338      153193.64     -187855.62      12663.21      -175192.41      1.4400755      19683               2142 
    348500   1982.6169      155914.47     -187815.55      12652.891     -175162.66      1.4400755      19683               2142 
    349000   1997.553       160410.46     -187771.66      12748.212     -175023.45      1.4400755      19683               2142 
    349500   2044.8019      160147.17     -187814.8       13049.751     -174765.05      1.4400755      19683               2142 
    350000   2023.2678      156372.87     -187414.72      12912.322     -174502.4       1.4400755      19683               2142 
    350500   2011.4381      168789.18     -187239.77      12836.826     -174402.95      1.4400755      19683               2142 
    351000   2038.9573      155385.61     -187453.3       13012.451     -174440.85      1.4400755      19683               2142 
    351500   2022.7315      170163.1      -187543.83      12908.899     -174634.93      1.4400755      19683               2142 
    352000   2019.3154      157297.4      -187916.08      12887.098     -175028.99      1.4400755      19683               2142 
    352500   1982.3181      159569.3      -187886.15      12650.984     -175235.16      1.4400755      19683               2142 
    353000   1994.9582      160334.78     -188021.69      12731.652     -175290.04      1.4400755      19683               2142 
    353500   1971.474       160836.04     -187861.25      12581.778     -175279.48      1.4400755      19683               2142 
    354000   1965.4088      154610.48     -187756.16      12543.071     -175213.09      1.4400755      19683               2142 
    354500   2034.0618      161213.01     -188095.92      12981.208     -175114.71      1.4400755      19683               2142 
    355000   1973.4298      163884.64     -187645.61      12594.26      -175051.35      1.4400755      19683               2142 
    355500   1979.85        160014.17     -187551.2       12635.233     -174915.97      1.4400755      19683               2142 
    356000   2010.366       172492.94     -187544.75      12829.983     -174714.77      1.4400755      19683               2142 
    356500   2058.6682      164478.97     -187689.92      13138.244     -174551.68      1.4400755      19683               2142 
    357000   2051.2398      175560.47     -187585.21      13090.836     -174494.37      1.4400755      19683               2142 
    357500   2028.4021      164828.77     -187556.03      12945.088     -174610.94      1.4400755      19683               2142 
    358000   2004.148       164166.13     -187770         12790.301     -174979.7       1.4400755      19683               2142 
    358500   1949.5459      164117.63     -187726.17      12441.835     -175284.34      1.4400755      19683               2142 
    359000   1942.9535      170007.08     -187778         12399.763     -175378.24      1.4400755      19683               2142 
    359500   2023.1952      159236.99     -188287.99      12911.858     -175376.13      1.4400755      19683               2142 
    360000   1980.0522      156528.78     -187966.68      12636.524     -175330.15      1.4400755      19683               2142 
    360500   2031.458       165962.26     -188203.68      12964.591     -175239.09      1.4400755      19683               2142 
    361000   1989.4588      167522.43     -187810         12696.556     -175113.45      1.4400755      19683               2142 
    361500   1997.1623      157822.54     -187671.63      12745.718     -174925.91      1.4400755      19683               2142 
    362000   2053.9313      170018.42     -187844.45      13108.014     -174736.43      1.4400755      19683               2142 
    362500   2059.6909      160669.44     -187790.84      13144.771     -174646.07      1.4400755      19683               2142 
    363000   2025.8116      161834.81     -187635.95      12928.556     -174707.39      1.4400755      19683               2142 
    363500   2002.1921      167236.05     -187833.42      12777.818     -175055.61      1.4400755      19683               2142 
    364000   1986.466       169793.53     -188024.1       12677.456     -175346.65      1.4400755      19683               2142 
    364500   1989.8925      160154.03     -188138.51      12699.323     -175439.19      1.4400755      19683               2142 
    365000   1970.7629      161163.25     -188046.83      12577.24      -175469.59      1.4400755      19683               2142 
    365500   1988.3071      159267.04     -188090.69      12689.206     -175401.49      1.4400755      19683               2142 
    366000   1943.7164      169416.34     -187693.56      12404.631     -175288.93      1.4400755      19683               2142 
    366500   1974.0757      165660.11     -187709.12      12598.382     -175110.74      1.4400755      19683               2142 
    367000   2049.9516      161445.94     -187965.59      13082.615     -174882.98      1.4400755      19683               2142 
    367500   2009.9129      166127.96     -187511.11      12827.092     -174684.02      1.4400755      19683               2142 
    368000   2055.9727      162965.68     -187688.58      13121.042     -174567.54      1.4400755      19683               2142 
    368500   2021.8018      167792.42     -187508.56      12902.966     -174605.59      1.4400755      19683               2142 
    369000   2009.1948      161054.02     -187759.32      12822.509     -174936.81      1.4400755      19683               2142 
    369500   1999.0935      157805.26     -188044.9       12758.043     -175286.85      1.4400755      19683               2142 
    370000   1972.4613      162647.75     -188004.2       12588.079     -175416.12      1.4400755      19683               2142 
    370500   1981.5577      163721.77     -188064.58      12646.131     -175418.45      1.4400755      19683               2142 
    371000   1978.3909      153412.28     -187913.44      12625.921     -175287.52      1.4400755      19683               2142 
    371500   1984.5747      152104.28     -187778.31      12665.386     -175112.92      1.4400755      19683               2142 
    372000   1993.8834      160626.03     -187681.03      12724.793     -174956.24      1.4400755      19683               2142 
    372500   2032.315       164538.36     -187782.53      12970.06      -174812.47      1.4400755      19683               2142 
    373000   1993.8995      174641.39     -187442.96      12724.896     -174718.07      1.4400755      19683               2142 
    373500   2030.1674      160764.18     -187632.34      12956.354     -174675.99      1.4400755      19683               2142 
    374000   2000.9589      159585.98     -187536.42      12769.948     -174766.47      1.4400755      19683               2142 
    374500   2046.2579      158693.08     -188050.84      13059.042     -174991.8       1.4400755      19683               2142 
    375000   1903.5607      157833.75     -187382.57      12148.361     -175234.21      1.4400755      19683               2142 
    375500   1987.0227      178560.09     -188048.1       12681.009     -175367.09      1.4400755      19683               2142 
    376000   1969.6401      164537.95     -187960.69      12570.074     -175390.62      1.4400755      19683               2142 
    376500   1987.6237      153593.32     -187966.09      12684.844     -175281.24      1.4400755      19683               2142 
    377000   1948.8952      169278.46     -187491.57      12437.682     -175053.88      1.4400755      19683               2142 
    377500   2028.0816      160490.28     -187694.96      12943.043     -174751.91      1.4400755      19683               2142 
    378000   2049.1214      160223.79     -187683.29      13077.317     -174605.97      1.4400755      19683               2142 
    378500   2038.746       164911.97     -187645.42      13011.102     -174634.32      1.4400755      19683               2142 
    379000   2049.9647      165631.61     -187816.85      13082.699     -174734.15      1.4400755      19683               2142 
    379500   1974.6171      161943.49     -187453.29      12601.837     -174851.46      1.4400755      19683               2142 
    380000   2024.6301      167550.44     -187879.06      12921.016     -174958.05      1.4400755      19683               2142 
    380500   2011.6424      161088.12     -187894.98      12838.13      -175056.85      1.4400755      19683               2142 
    381000   1981.3485      158983.67     -187781.39      12644.796     -175136.6       1.4400755      19683               2142 
    381500   1939.0087      169139.05     -187593.18      12374.587     -175218.59      1.4400755      19683               2142 
    382000   1992.885       160135.49     -187959.88      12718.421     -175241.46      1.4400755      19683               2142 
    382500   1950.5269      160057.5      -187634.81      12448.095     -175186.72      1.4400755      19683               2142 
    383000   1945.6563      167472.19     -187398.98      12417.012     -174981.97      1.4400755      19683               2142 
    383500   2006.63        160754.83     -187514         12806.141     -174707.85      1.4400755      19683               2142 
    384000   2046.4688      169136.78     -187582.51      13060.388     -174522.12      1.4400755      19683               2142 
    384500   2030.053       159919.35     -187446.97      12955.624     -174491.35      1.4400755      19683               2142 
    385000   2003.2467      159220.22     -187370.67      12784.549     -174586.12      1.4400755      19683               2142 
    385500   2031.3727      162600.71     -187753.16      12964.047     -174789.11      1.4400755      19683               2142 
    386000   1975.9836      161760        -187615.67      12610.558     -175005.11      1.4400755      19683               2142 
    386500   1969.3745      170140.3      -187741.8       12568.38      -175173.42      1.4400755      19683               2142 
    387000   1966.3442      159164.48     -187759.02      12549.04      -175209.98      1.4400755      19683               2142 
    387500   2016.8998      160579.41     -188025.21      12871.681     -175153.53      1.4400755      19683               2142 
    388000   1980.9617      165134.98     -187767         12642.328     -175124.67      1.4400755      19683               2142 
    388500   1972.5051      162802.78     -187665.24      12588.359     -175076.88      1.4400755      19683               2142 
    389000   2054.1842      168677.1      -188132.85      13109.628     -175023.22      1.4400755      19683               2142 
    389500   2006.1137      156973.35     -187820.85      12802.846     -175018         1.4400755      19683               2142 
    390000   2005.2145      163565.17     -187846.92      12797.107     -175049.81      1.4400755      19683               2142 
    390500   2004.4209      160623.07     -187865.08      12792.042     -175073.04      1.4400755      19683               2142 
    391000   1994.4214      155997.65     -187821.48      12728.226     -175093.25      1.4400755      19683               2142 
    391500   1971.1118      156782.29     -187681.67      12579.467     -175102.21      1.4400755      19683               2142 
    392000   1998.4816      153434.02     -187855.77      12754.138     -175101.63      1.4400755      19683               2142 
    392500   1999.605       172528.9      -187900.84      12761.307     -175139.53      1.4400755      19683               2142 
    393000   2017.1757      163456.58     -188106.46      12873.443     -175233.02      1.4400755      19683               2142 
    393500   2030.2469      162210.88     -188367.64      12956.862     -175410.78      1.4400755      19683               2142 
    394000   1956.023       155830.17     -188176         12483.171     -175692.83      1.4400755      19683               2142 
    394500   1971.6541      157162.15     -188434.27      12582.927     -175851.34      1.4400755      19683               2142 
    395000   1972.5212      147026.96     -188479.07      12588.462     -175890.61      1.4400755      19683               2142 
    395500   1945.3886      152721.22     -188253.03      12415.304     -175837.73      1.4400755      19683               2142 
    396000   1953.0395      153530.17     -188167.48      12464.131     -175703.35      1.4400755      19683               2142 
    396500   2004.8838      161495.45     -188275.81      12794.996     -175480.81      1.4400755      19683               2142 
    397000   1978.2609      160698.1      -187959.21      12625.091     -175334.12      1.4400755      19683               2142 
    397500   2016.6596      159361.5      -188147.47      12870.149     -175277.32      1.4400755      19683               2142 
    398000   2004.6657      155762.01     -188055.66      12793.604     -175262.06      1.4400755      19683               2142 
    398500   2005.2494      165915.54     -188069.21      12797.33      -175271.88      1.4400755      19683               2142 
    399000   2006.9016      164481.18     -188089.16      12807.874     -175281.29      1.4400755      19683               2142 
    399500   2024.3348      162336.6      -188243.51      12919.131     -175324.38      1.4400755      19683               2142 
    400000   1994.6814      156883.02     -188170.35      12729.886     -175440.46      1.4400755      19683               2142 
    400500   1977.1809      161556.29     -188194.54      12618.199     -175576.34      1.4400755      19683               2142 
    401000   1951.498       156519.89     -188183.08      12454.293     -175728.79      1.4400755      19683               2142 
    401500   1985.8545      160305.76     -188468.11      12673.553     -175794.56      1.4400755      19683               2142 
    402000   1930.9544      155828.42     -188085.51      12323.186     -175762.33      1.4400755      19683               2142 
    402500   1975.8512      159830.13     -188113.46      12609.713     -175503.75      1.4400755      19683               2142 
    403000   2002.0836      158320.77     -187922.7       12777.126     -175145.57      1.4400755      19683               2142 
    403500   2048.8631      155444.87     -188081.9       13075.669     -175006.23      1.4400755      19683               2142 
    404000   2026.1129      164355.52     -187925.17      12930.479     -174994.69      1.4400755      19683               2142 
    404500   2063.8465      154840.61     -188260.93      13171.291     -175089.64      1.4400755      19683               2142 
    405000   2022.3793      158828.78     -188160.92      12906.652     -175254.27      1.4400755      19683               2142 
    405500   1936.2975      162700.57     -187760.54      12357.285     -175403.26      1.4400755      19683               2142 
    406000   1972.212       160728.41     -188036.17      12586.488     -175449.68      1.4400755      19683               2142 
    406500   2016.4669      169059.46     -188356.46      12868.919     -175487.54      1.4400755      19683               2142 
    407000   2009.3949      161228.87     -188326.91      12823.786     -175503.12      1.4400755      19683               2142 
    407500   1979.0368      165308.71     -188148.09      12630.043     -175518.05      1.4400755      19683               2142 
    408000   1947.0141      171144.84     -187909.71      12425.677     -175484.03      1.4400755      19683               2142 
    408500   1997.0854      168378.71     -188218.08      12745.228     -175472.86      1.4400755      19683               2142 
    409000   2010.5356      152043.62     -188319.63      12831.066     -175488.57      1.4400755      19683               2142 
    409500   1982.5623      161793.69     -188127.17      12652.543     -175474.62      1.4400755      19683               2142 
    410000   1976.2832      165805.9      -188068.57      12612.47      -175456.1       1.4400755      19683               2142 
    410500   2022.7984      166387.44     -188322.28      12909.326     -175412.96      1.4400755      19683               2142 
    411000   2017.6677      162395.44     -188279.31      12876.583     -175402.72      1.4400755      19683               2142 
    411500   2040.1525      156205.33     -188402.75      13020.078     -175382.67      1.4400755      19683               2142 
    412000   2047.3035      164028.39     -188484.54      13065.716     -175418.82      1.4400755      19683               2142 
    412500   2009.2214      159859.03     -188377.71      12822.679     -175555.03      1.4400755      19683               2142 
    413000   1973.7881      156527.46     -188308.84      12596.547     -175712.29      1.4400755      19683               2142 
    413500   2014.5391      147135.21     -188650.45      12856.616     -175793.83      1.4400755      19683               2142 
    414000   1939.3351      163021.12     -188203.34      12376.67      -175826.67      1.4400755      19683               2142 
    414500   2003.2907      163331.82     -188511.09      12784.83      -175726.26      1.4400755      19683               2142 
    415000   2029.2008      164443.59     -188389.92      12950.186     -175439.74      1.4400755      19683               2142 
    415500   2041.0835      164428.35     -188187.5       13026.02      -175161.48      1.4400755      19683               2142 
    416000   1993.8546      164046.58     -187785.18      12724.609     -175060.57      1.4400755      19683               2142 
    416500   2035.5856      173354.09     -188029.4       12990.933     -175038.46      1.4400755      19683               2142 
    417000   2029.092       175414.8      -188084.93      12949.491     -175135.44      1.4400755      19683               2142 
    417500   2025.2541      157327.68     -188210.37      12924.998     -175285.38      1.4400755      19683               2142 
    418000   1996.7736      151699.83     -188178.67      12743.238     -175435.44      1.4400755      19683               2142 
    418500   2031.3937      162425.56     -188510.56      12964.181     -175546.37      1.4400755      19683               2142 
    419000   2019.1608      165084.29     -188472.75      12886.111     -175586.64      1.4400755      19683               2142 
    419500   1982.8322      163996.6      -188210.09      12654.265     -175555.83      1.4400755      19683               2142 
    420000   2023.2484      169477.12     -188458.49      12912.198     -175546.3       1.4400755      19683               2142 
    420500   1985.1501      160918.71     -188201.41      12669.058     -175532.36      1.4400755      19683               2142 
    421000   2046.5073      163517.25     -188557.58      13060.634     -175496.94      1.4400755      19683               2142 
    421500   1988.8044      164405.26     -188151.18      12692.379     -175458.8       1.4400755      19683               2142 
    422000   1996.6147      162186.24     -188088.86      12742.224     -175346.63      1.4400755      19683               2142 
    422500   2039.6927      161950.6      -188127.98      13017.144     -175110.83      1.4400755      19683               2142 
    423000   2037.5369      157943.33     -187807.1       13003.386     -174803.71      1.4400755      19683               2142 
    423500   2039.7694      153682.47     -187596.29      13017.633     -174578.65      1.4400755      19683               2142 
    424000   2061.7872      174223.97     -187683.89      13158.149     -174525.74      1.4400755      19683               2142 
    424500   2025.528       169170.48     -187600.82      12926.746     -174674.08      1.4400755      19683               2142 
    425000   2045.2424      176029.69     -187996.82      13052.562     -174944.26      1.4400755      19683               2142 
    425500   1993.0584      175738.62     -187823.6       12719.528     -175104.08      1.4400755      19683               2142 
    426000   2027.0062      158440.22     -188153.11      12936.18      -175216.93      1.4400755      19683               2142 
    426500   2013.39        170711.45     -188170.19      12849.283     -175320.91      1.4400755      19683               2142 
    427000   1957.5421      162764.13     -187946.2       12492.866     -175453.33      1.4400755      19683               2142 
    427500   1963.0695      163813.27     -188119.46      12528.141     -175591.32      1.4400755      19683               2142 
    428000   1930.9191      162965.6      -187981.04      12322.96      -175658.08      1.4400755      19683               2142 
    428500   2044.2245      166702.57     -188634.61      13046.065     -175588.54      1.4400755      19683               2142 
    429000   2039.0506      156979.83     -188492.58      13013.046     -175479.53      1.4400755      19683               2142 
    429500   2059.5412      168864.56     -188494.18      13143.816     -175350.36      1.4400755      19683               2142 
    430000   2017.4972      161866.98     -188106.48      12875.494     -175230.99      1.4400755      19683               2142 
    430500   1962.2041      172488        -187616.18      12522.619     -175093.56      1.4400755      19683               2142 
    431000   2067.6584      161189.43     -188188.36      13195.619     -174992.74      1.4400755      19683               2142 
    431500   2004.6233      162739.83     -187805.98      12793.334     -175012.65      1.4400755      19683               2142 
    432000   2033.9916      161712.64     -188126.05      12980.76      -175145.29      1.4400755      19683               2142 
    432500   2004.8479      171369.67     -188206.6       12794.767     -175411.83      1.4400755      19683               2142 
    433000   1978.3624      164926.86     -188265.21      12625.739     -175639.47      1.4400755      19683               2142 
    433500   1990.5711      158529.88     -188445.73      12703.654     -175742.08      1.4400755      19683               2142 
    434000   1963.7744      172632.7      -188299.67      12532.64      -175767.03      1.4400755      19683               2142 
    434500   2000.3175      167650.68     -188447.35      12765.855     -175681.49      1.4400755      19683               2142 
    435000   1970.836       166776.55     -188112.43      12577.707     -175534.72      1.4400755      19683               2142 
    435500   1999.1964      158303.92     -188155.17      12758.7       -175396.47      1.4400755      19683               2142 
    436000   2044.7792      162917.42     -188223.54      13049.606     -175173.93      1.4400755      19683               2142 
    436500   2021.5933      166532.17     -187685.71      12901.635     -174784.08      1.4400755      19683               2142 
    437000   2084.7746      162577.56     -187890.18      13304.853     -174585.33      1.4400755      19683               2142 
    437500   2080.3671      163494.08     -187922.62      13276.725     -174645.9       1.4400755      19683               2142 
    438000   2061.3701      162605.34     -187956.59      13155.487     -174801.1       1.4400755      19683               2142 
    438500   2033.3473      165952.05     -187970.75      12976.648     -174994.1       1.4400755      19683               2142 
    439000   2006.9115      155150.96     -187974.56      12807.937     -175166.62      1.4400755      19683               2142 
    439500   1993.7342      170030.04     -188026.4       12723.841     -175302.56      1.4400755      19683               2142 
    440000   1975.5485      159450.4      -188092.78      12607.781     -175484.99      1.4400755      19683               2142 
    440500   1979.56        167569.49     -188261.39      12633.382     -175628.01      1.4400755      19683               2142 
    441000   1982.5587      165289.17     -188339.98      12652.52      -175687.46      1.4400755      19683               2142 
    441500   1994.8473      158970.47     -188438.63      12730.945     -175707.69      1.4400755      19683               2142 
    442000   2017.2056      153611.19     -188546.52      12873.634     -175672.89      1.4400755      19683               2142 
    442500   1967.8216      160325.6      -188107.76      12558.469     -175549.3       1.4400755      19683               2142 
    443000   2062.1791      163447.68     -188343.5       13160.65      -175182.85      1.4400755      19683               2142 
    443500   2031.3427      170537.23     -187906.07      12963.855     -174942.22      1.4400755      19683               2142 
    444000   2040.6315      157372.92     -187903.04      13023.135     -174879.91      1.4400755      19683               2142 
    444500   2054.0056      175099.25     -188039.2       13108.488     -174930.71      1.4400755      19683               2142 
    445000   1997.0203      161333.47     -187843.78      12744.812     -175098.97      1.4400755      19683               2142 
    445500   2051.6268      158915.35     -188397.12      13093.306     -175303.81      1.4400755      19683               2142 
    446000   1992.973       163628.17     -188186.99      12718.983     -175468         1.4400755      19683               2142 
    446500   2034.9732      151421.57     -188522.05      12987.024     -175535.03      1.4400755      19683               2142 
    447000   2004.129       159158.08     -188308.53      12790.18      -175518.35      1.4400755      19683               2142 
    447500   1961.2782      162443.65     -187988.14      12516.709     -175471.43      1.4400755      19683               2142 
    448000   2013.8907      154248.38     -188269.36      12852.478     -175416.88      1.4400755      19683               2142 
    448500   2010.008       156960.21     -188190.53      12827.699     -175362.83      1.4400755      19683               2142 
    449000   2009.5393      163493.91     -188211.84      12824.708     -175387.13      1.4400755      19683               2142 
    449500   1976.8053      156398.93     -188100.45      12615.802     -175484.65      1.4400755      19683               2142 
    450000   1992.9569      152287.26     -188359.42      12718.88      -175640.54      1.4400755      19683               2142 
    450500   1997.3024      162137.41     -188571.43      12746.613     -175824.82      1.4400755      19683               2142 
    451000   1945.3519      160318.94     -188343.18      12415.069     -175928.11      1.4400755      19683               2142 
    451500   1928.7021      166773.72     -188253.32      12308.811     -175944.51      1.4400755      19683               2142 
    452000   1953.876       164712.03     -188311.92      12469.469     -175842.45      1.4400755      19683               2142 
    452500   1977.591       168450.12     -188178.84      12620.816     -175558.02      1.4400755      19683               2142 
    453000   1970.3663      150816.99     -187845.9       12574.709     -175271.19      1.4400755      19683               2142 
    453500   2026.964       171790.03     -188056.96      12935.911     -175121.05      1.4400755      19683               2142 
    454000   2014.8125      161600.96     -187982.69      12858.361     -175124.33      1.4400755      19683               2142 
    454500   2020.9009      167940.65     -188084.1       12897.217     -175186.88      1.4400755      19683               2142 
    455000   1990.4289      166309.6      -188018.81      12702.747     -175316.06      1.4400755      19683               2142 
    455500   2005.1391      160224.8      -188298.37      12796.626     -175501.74      1.4400755      19683               2142 
    456000   2003.9492      153927.25     -188404.16      12789.032     -175615.12      1.4400755      19683               2142 
    456500   1991.1462      166571.68     -188325.89      12707.324     -175618.56      1.4400755      19683               2142 
    457000   1986.1881      160456.08     -188233.45      12675.682     -175557.77      1.4400755      19683               2142 
    457500   2021.4645      161330.63     -188386.53      12900.813     -175485.72      1.4400755      19683               2142 
    458000   2005.8482      160594.16     -188261.58      12801.151     -175460.43      1.4400755      19683               2142 
    458500   2015.5439      164058.39     -188299.88      12863.028     -175436.85      1.4400755      19683               2142 
    459000   2040.8047      149621.8      -188419.58      13024.241     -175395.34      1.4400755      19683               2142 
    459500   2008.1017      158611.33     -188168.35      12815.533     -175352.82      1.4400755      19683               2142 
    460000   2013.7294      166603.97     -188255.5       12851.449     -175404.05      1.4400755      19683               2142 
    460500   2011.2269      158189.97     -188386.63      12835.478     -175551.15      1.4400755      19683               2142 
    461000   1930.4186      166342.89     -188219.55      12319.766     -175899.78      1.4400755      19683               2142 
    461500   1965.1087      171807.18     -188701.3       12541.155     -176160.14      1.4400755      19683               2142 
    462000   1967.7854      151356.55     -188729.69      12558.238     -176171.45      1.4400755      19683               2142 
    462500   2028.0774      164024.52     -189040.17      12943.016     -176097.15      1.4400755      19683               2142 
    463000   1991.3337      159929.8      -188694.46      12708.521     -175985.94      1.4400755      19683               2142 
    463500   1985.5571      163846.19     -188513.87      12671.655     -175842.22      1.4400755      19683               2142 
    464000   1986.3388      177361.88     -188398.62      12676.644     -175721.98      1.4400755      19683               2142 
    464500   1982.438       154724.56     -188224.52      12651.75      -175572.77      1.4400755      19683               2142 
    465000   2012.4676      164457.53     -188323.24      12843.396     -175479.84      1.4400755      19683               2142 
    465500   2015.9771      162511.79     -188337.86      12865.793     -175472.07      1.4400755      19683               2142 
    466000   2017.5907      161404.63     -188475.31      12876.091     -175599.22      1.4400755      19683               2142 
    466500   1961.2982      154144.32     -188534.19      12516.837     -176017.35      1.4400755      19683               2142 
    467000   1984.5677      153521.43     -188950.94      12665.341     -176285.6       1.4400755      19683               2142 
    467500   1959.4487      155843.65     -188775.56      12505.034     -176270.53      1.4400755      19683               2142 
    468000   1914.126       164275.37     -188315.39      12215.788     -176099.6       1.4400755      19683               2142 
    468500   1992.0996      170070.43     -188540.77      12713.409     -175827.36      1.4400755      19683               2142 
    469000   1988.1705      159129.68     -188267.65      12688.334     -175579.32      1.4400755      19683               2142 
    469500   2008.9095      170673.05     -188283.46      12820.688     -175462.77      1.4400755      19683               2142 
    470000   2011.3406      175543.71     -188296.44      12836.203     -175460.24      1.4400755      19683               2142 
    470500   1986.1028      160399.19     -188208.09      12675.138     -175532.95      1.4400755      19683               2142 
    471000   2009.1232      163079.37     -188426.1       12822.052     -175604.05      1.4400755      19683               2142 
    471500   2027.8602      153551.66     -188621.25      12941.63      -175679.62      1.4400755      19683               2142 
    472000   1977.5624      158168.22     -188433.79      12620.634     -175813.15      1.4400755      19683               2142 
    472500   1976.9023      160384.93     -188675.67      12616.421     -176059.25      1.4400755      19683               2142 
    473000   1946.1212      164277.61     -188687.62      12419.979     -176267.64      1.4400755      19683               2142 
    473500   1931.8441      158995.09     -188629.73      12328.863     -176300.87      1.4400755      19683               2142 
    474000   2004.2563      153270.25     -188977.34      12790.992     -176186.35      1.4400755      19683               2142 
    474500   1924.069       168883.86     -188207.82      12279.243     -175928.58      1.4400755      19683               2142 
    475000   2043.0961      162366.53     -188609.26      13038.864     -175570.39      1.4400755      19683               2142 
    475500   2031.3218      165413.6      -188400.76      12963.722     -175437.03      1.4400755      19683               2142 
    476000   1986.4971      158369.41     -188088.46      12677.654     -175410.81      1.4400755      19683               2142 
    476500   2012.9256      166477.63     -188271.34      12846.319     -175425.02      1.4400755      19683               2142 
    477000   2016.1258      152018.84     -188354.21      12866.742     -175487.46      1.4400755      19683               2142 
    477500   2034.8225      159264.89     -188593.5       12986.063     -175607.43      1.4400755      19683               2142 
    478000   2015.9743      156786.41     -188638.84      12865.775     -175773.07      1.4400755      19683               2142 
    478500   1997.2366      163609.7      -188692.82      12746.193     -175946.63      1.4400755      19683               2142 
    479000   1968.1385      155294.72     -188707.22      12560.491     -176146.73      1.4400755      19683               2142 
    479500   1919.9538      163762.6      -188504.27      12252.981     -176251.29      1.4400755      19683               2142 
    480000   1945.2436      171774.61     -188665.28      12414.378     -176250.9       1.4400755      19683               2142 
    480500   2000.4409      155045.72     -188799.87      12766.642     -176033.23      1.4400755      19683               2142 
    481000   2031.7793      169626.08     -188516.62      12966.641     -175549.98      1.4400755      19683               2142 
    481500   2051.2341      165440.76     -188432.31      13090.8       -175341.51      1.4400755      19683               2142 
    482000   2036.9522      158864.95     -188304.96      12999.655     -175305.3       1.4400755      19683               2142 
    482500   2066.5672      155787.32     -188558.29      13188.655     -175369.63      1.4400755      19683               2142 
    483000   2035.9351      154859.38     -188601.82      12993.163     -175608.66      1.4400755      19683               2142 
    483500   1989.567       162849.27     -188580.24      12697.246     -175882.99      1.4400755      19683               2142 
    484000   1961.0867      164099.15     -188512.56      12515.488     -175997.07      1.4400755      19683               2142 
    484500   1994.8636      162393.22     -188747.71      12731.049     -176016.66      1.4400755      19683               2142 
    485000   1969.9194      159790.47     -188563.4       12571.857     -175991.54      1.4400755      19683               2142 
    485500   1986.6709      160598.36     -188605.95      12678.764     -175927.19      1.4400755      19683               2142 
    486000   1973.7549      161402.06     -188342.16      12596.335     -175745.82      1.4400755      19683               2142 
    486500   2034.3524      163035.41     -188398.08      12983.063     -175415.02      1.4400755      19683               2142 
    487000   2024.5261      163623.35     -188094.05      12920.352     -175173.7       1.4400755      19683               2142 
    487500   2075.8375      160612.94     -188343.32      13247.817     -175095.5       1.4400755      19683               2142 
    488000   2060.3745      166740.9      -188278.56      13149.133     -175129.43      1.4400755      19683               2142 
    488500   2034.2949      164316.88     -188247.62      12982.696     -175264.92      1.4400755      19683               2142 
    489000   2010.3327      168662.31     -188234.08      12829.771     -175404.31      1.4400755      19683               2142 
    489500   2066.1831      158628.85     -188692.99      13186.204     -175506.79      1.4400755      19683               2142 
    490000   2014.31        168059.05     -188474.7       12855.154     -175619.54      1.4400755      19683               2142 
    490500   2005.5283      153783.52     -188476.51      12799.11      -175677.4       1.4400755      19683               2142 
    491000   2005.7551      163526.2      -188499.23      12800.557     -175698.68      1.4400755      19683               2142 
    491500   1957.7204      164820.61     -188222.06      12494.004     -175728.06      1.4400755      19683               2142 
    492000   1998.1018      163024.44     -188489.84      12751.715     -175738.12      1.4400755      19683               2142 
    492500   2023.5914      164786.47     -188677.65      12914.387     -175763.26      1.4400755      19683               2142 
    493000   1971.6104      167926.53     -188495.85      12582.649     -175913.21      1.4400755      19683               2142 
    493500   1972.4445      145564.53     -188712         12587.972     -176124.02      1.4400755      19683               2142 
    494000   1930.3055      160272.91     -188574.27      12319.044     -176255.23      1.4400755      19683               2142 
    494500   1924.4878      167327.63     -188519.07      12281.916     -176237.16      1.4400755      19683               2142 
    495000   2009.0437      153104.24     -188879.96      12821.545     -176058.41      1.4400755      19683               2142 
    495500   2000.5305      161806.89     -188548.92      12767.214     -175781.71      1.4400755      19683               2142 
    496000   2053.4101      165238.18     -188648.8       13104.687     -175544.12      1.4400755      19683               2142 
    496500   1975.4762      161499.29     -188043.94      12607.32      -175436.62      1.4400755      19683               2142 
    497000   2038.6231      161585.87     -188437.12      13010.318     -175426.8       1.4400755      19683               2142 
    497500   2044.1371      162908.9      -188591.6       13045.508     -175546.09      1.4400755      19683               2142 
    498000   2008.8014      171726.98     -188488.13      12819.998     -175668.13      1.4400755      19683               2142 
    498500   2019.9008      154030.2      -188659.59      12890.834     -175768.75      1.4400755      19683               2142 
    499000   2011.3073      163371.05     -188670.08      12835.991     -175834.09      1.4400755      19683               2142 
    499500   1929.8452      164755.92     -188157.46      12316.107     -175841.35      1.4400755      19683               2142 
    500000   1957.6177      173762.41     -188302.74      12493.349     -175809.39      1.4400755      19683               2142 
    500500   1987.3087      159162.87     -188433.12      12682.834     -175750.28      1.4400755      19683               2142 
    501000   2054.1753      154354.03     -188828.14      13109.571     -175718.57      1.4400755      19683               2142 
    501500   2015.9153      155630.38     -188572.07      12865.398     -175706.67      1.4400755      19683               2142 
    502000   1990.9653      161155.04     -188428.22      12706.17      -175722.05      1.4400755      19683               2142 
    502500   2032.4845      157009.77     -188733.6       12971.142     -175762.46      1.4400755      19683               2142 
    503000   1987.0885      154273.22     -188501.49      12681.429     -175820.06      1.4400755      19683               2142 
    503500   1991.6525      159522.75     -188559.88      12710.556     -175849.33      1.4400755      19683               2142 
    504000   2029.8202      157865.83     -188869.35      12954.139     -175915.22      1.4400755      19683               2142 
    504500   1974.305       156517.83     -188655.61      12599.846     -176055.77      1.4400755      19683               2142 
    505000   1992.0411      156980.69     -188881.89      12713.035     -176168.85      1.4400755      19683               2142 
    505500   2033.5083      152571.24     -189180.2       12977.676     -176202.52      1.4400755      19683               2142 
    506000   1976.1068      163282.33     -188753.78      12611.344     -176142.44      1.4400755      19683               2142 
    506500   1968.3101      156131.21     -188529.52      12561.587     -175967.93      1.4400755      19683               2142 
    507000   2031.7023      150656.15     -188674.81      12966.15      -175708.66      1.4400755      19683               2142 
    507500   2083.4158      168753.66     -188790.99      13296.181     -175494.81      1.4400755      19683               2142 
    508000   2016.1857      172151.93     -188274.93      12867.124     -175407.8       1.4400755      19683               2142 
    508500   2066.6236      158244.62     -188649.75      13189.014     -175460.74      1.4400755      19683               2142 
    509000   2063.0061      157857.29     -188841.7       13165.928     -175675.78      1.4400755      19683               2142 
    509500   2000.7191      173401.17     -188732.68      12768.418     -175964.26      1.4400755      19683               2142 
    510000   1986.3467      155829.26     -188800.65      12676.694     -176123.96      1.4400755      19683               2142 
    510500   1962.6561      162926.53     -188657.84      12525.503     -176132.34      1.4400755      19683               2142 
    511000   1987.0458      156343.35     -188777.51      12681.156     -176096.35      1.4400755      19683               2142 
    511500   2001.4002      165830.62     -188815.65      12772.765     -176042.88      1.4400755      19683               2142 
    512000   1987.845       152208.85     -188634.98      12686.257     -175948.72      1.4400755      19683               2142 
    512500   2028.0302      159303.22     -188739.21      12942.715     -175796.5       1.4400755      19683               2142 
    513000   2045.5711      173686.66     -188631.89      13054.66      -175577.23      1.4400755      19683               2142 
    513500   2033.1896      161485.2      -188376.29      12975.642     -175400.65      1.4400755      19683               2142 
    514000   2073.6833      154602.35     -188608.44      13234.069     -175374.37      1.4400755      19683               2142 
    514500   2012.7032      171537.79     -188350.3       12844.899     -175505.4       1.4400755      19683               2142 
    515000   2009.4913      155677.23     -188660.98      12824.401     -175836.58      1.4400755      19683               2142 
    515500   1935.9592      173270.46     -188490.42      12355.126     -176135.29      1.4400755      19683               2142 
    516000   1985.8941      167841.85     -188842.92      12673.806     -176169.12      1.4400755      19683               2142 
    516500   1962.0439      167102.64     -188643.99      12521.596     -176122.39      1.4400755      19683               2142 
    517000   2019.2745      163636.21     -188891.09      12886.837     -176004.26      1.4400755      19683               2142 
    517500   2010.3667      160755.57     -188744.75      12829.988     -175914.76      1.4400755      19683               2142 
    518000   2041.7951      159211.42     -188827.32      13030.562     -175796.76      1.4400755      19683               2142 
    518500   1968.3884      164659.86     -188281.24      12562.086     -175719.16      1.4400755      19683               2142 
    519000   2029.9987      172409.31     -188628.23      12955.278     -175672.96      1.4400755      19683               2142 
    519500   1989.2206      164347.67     -188453.12      12695.036     -175758.08      1.4400755      19683               2142 
    520000   2000.373       162903.14     -188720.46      12766.209     -175954.25      1.4400755      19683               2142 
    520500   1957.6567      165785.28     -188676.9       12493.597     -176183.3       1.4400755      19683               2142 
    521000   1951.9813      154706.24     -188785.37      12457.377     -176327.99      1.4400755      19683               2142 
    521500   1927.5992      160048.47     -188590.64      12301.773     -176288.87      1.4400755      19683               2142 
    522000   1981.37        160851.32     -188731.43      12644.934     -176086.5       1.4400755      19683               2142 
    522500   1988.6847      163318.12     -188568.31      12691.616     -175876.69      1.4400755      19683               2142 
    523000   2041.4213      161143.96     -188708.52      13028.176     -175680.34      1.4400755      19683               2142 
    523500   2014.5129      157019.43     -188439.86      12856.449     -175583.41      1.4400755      19683               2142 
    524000   1943.7938      163416        -188009.49      12405.126     -175604.37      1.4400755      19683               2142 
    524500   2015.9266      165004.8      -188514.41      12865.471     -175648.93      1.4400755      19683               2142 
    525000   1986.7435      172154.66     -188373.78      12679.227     -175694.55      1.4400755      19683               2142 
    525500   1982.2701      167561.33     -188392.31      12650.678     -175741.63      1.4400755      19683               2142 
    526000   2006.5076      162079.43     -188614.11      12805.359     -175808.75      1.4400755      19683               2142 
    526500   1998.8354      163474.35     -188611.81      12756.396     -175855.41      1.4400755      19683               2142 
    527000   2022.7675      157586.96     -188820.46      12909.129     -175911.33      1.4400755      19683               2142 
    527500   1946.2123      150766.06     -188495.08      12420.56      -176074.52      1.4400755      19683               2142 
    528000   1948.0034      161978.14     -188719.73      12431.991     -176287.74      1.4400755      19683               2142 
    528500   1985.1914      158059.75     -189089.73      12669.321     -176420.41      1.4400755      19683               2142 
    529000   1903.7794      168334.98     -188552.22      12149.757     -176402.46      1.4400755      19683               2142 
    529500   1966.0596      161204.08     -188644.4       12547.224     -176097.17      1.4400755      19683               2142 
    530000   1949.6622      146273.32     -188219.14      12442.577     -175776.56      1.4400755      19683               2142 
    530063   1991.326       159008.69     -188464.21      12708.472     -175755.74      1.4400755      19683               2142 
Loop time of 18782.8 on 48 procs for 400000 steps with 2142 atoms

Performance: 0.184 ns/day, 130.436 hours/ns, 21.296 timesteps/s, 45.616 katom-step/s
99.4% CPU use with 12 MPI tasks x 4 OpenMP threads

MPI task timing breakdown:
Section |  min time  |  avg time  |  max time  |%varavg| %total
---------------------------------------------------------------
Pair    | 15635      | 15791      | 15965      |  71.0 | 84.07
Neigh   | 145.61     | 146.74     | 148.14     |   6.6 |  0.78
Comm    | 245.75     | 420.24     | 576.28     | 435.8 |  2.24
Output  | 0.099037   | 0.11563    | 0.13963    |   3.1 |  0.00
Modify  | 2413.7     | 2415.9     | 2417       |   2.2 | 12.86
Other   |            | 8.592      |            |       |  0.05

Nlocal:          178.5 ave         185 max         168 min
Histogram: 1 0 1 0 2 2 0 2 2 2
Nghost:         4869.5 ave        4910 max        4822 min
Histogram: 1 2 1 0 1 2 1 0 1 3
Neighs:         126454 ave      131171 max      119328 min
Histogram: 1 0 1 1 3 0 1 1 0 4

Total # of neighbors = 1517452
Ave neighs/atom = 708.42764
Neighbor list builds = 4730
Dangerous builds = 0
write_restart   out/restart.solgel_pH${pH}.stage1
write_restart   out/restart.solgel_pH6.0.stage1
System init for write_restart ...

print           "--- Condensation Stage 2/4 ---"
--- Condensation Stage 2/4 ---
run             400000
Per MPI rank memory allocation (min/avg/max) = 348.7 | 354.7 | 359.6 Mbytes
   Step          Temp          Press          PotEng         KinEng         TotEng        Density         Volume        Atoms   
    530063   1991.326       159008.2      -188464.21      12708.472     -175755.74      1.4400755      19683               2142 
    530500   1998.9925      161686.02     -188353.72      12757.399     -175596.32      1.4400755      19683               2142 
    531000   1995.2555      166033.73     -188249.75      12733.549     -175516.2       1.4400755      19683               2142 
    531500   2022.6804      164118.66     -188351.77      12908.573     -175443.2       1.4400755      19683               2142 
    532000   2032.1341      160005.67     -188360.7       12968.906     -175391.79      1.4400755      19683               2142 
    532500   2005.0807      168026.75     -188240.87      12796.253     -175444.61      1.4400755      19683               2142 
    533000   2027.9808      157607.29     -188542.61      12942.4       -175600.21      1.4400755      19683               2142 
    533500   1966.2826      159379.56     -188380.09      12548.647     -175831.44      1.4400755      19683               2142 
    534000   1968.5043      163997.82     -188646.46      12562.826     -176083.64      1.4400755      19683               2142 
    534500   1963.6744      168056.24     -188694.59      12532.002     -176162.59      1.4400755      19683               2142 
    535000   1963.6551      164396.12     -188611.94      12531.878     -176080.06      1.4400755      19683               2142 
    535500   1997.9204      167006.1      -188738.81      12750.557     -175988.25      1.4400755      19683               2142 
    536000   2017.2306      164962.49     -188803.56      12873.793     -175929.77      1.4400755      19683               2142 
    536500   2005.9328      165616.1      -188670.63      12801.691     -175868.94      1.4400755      19683               2142 
    537000   1966.8012      163035.98     -188385.35      12551.957     -175833.39      1.4400755      19683               2142 
    537500   2032.336       162337.37     -188769.03      12970.194     -175798.84      1.4400755      19683               2142 
    538000   2016.1401      161955.96     -188637.39      12866.833     -175770.56      1.4400755      19683               2142 
    538500   2017.7798      161301.06     -188683.36      12877.298     -175806.06      1.4400755      19683               2142 
    539000   2021.508       157298.7      -188781.28      12901.091     -175880.19      1.4400755      19683               2142 
    539500   1995.2413      160772.8      -188692.38      12733.459     -175958.92      1.4400755      19683               2142 
    540000   2012.1311      156900.43     -188927.57      12841.248     -176086.32      1.4400755      19683               2142 
    540500   1990.1792      157326.1      -189005.35      12701.153     -176304.19      1.4400755      19683               2142 
    541000   1934.9704      157874.87     -188863.91      12348.815     -176515.1       1.4400755      19683               2142 
    541500   1964.7695      158327.17     -189105.9       12538.991     -176566.91      1.4400755      19683               2142 
    542000   1920.3988      161429.23     -188705.02      12255.821     -176449.2       1.4400755      19683               2142 
    542500   1981.7494      155132.74     -188791.61      12647.355     -176144.25      1.4400755      19683               2142 
    543000   2005.1263      158224.75     -188710.01      12796.544     -175913.47      1.4400755      19683               2142 
    543500   2015.9516      156674.1      -188690.53      12865.63      -175824.9       1.4400755      19683               2142 
    544000   1997.4794      167989.1      -188532.91      12747.742     -175785.17      1.4400755      19683               2142 
    544500   2001.7162      156461.28     -188551.59      12774.782     -175776.81      1.4400755      19683               2142 
    545000   2016.4863      169917.17     -188640.18      12869.043     -175771.14      1.4400755      19683               2142 
    545500   2012.4388      153295.62     -188585.31      12843.212     -175742.09      1.4400755      19683               2142 
    546000   2010.0523      163478.02     -188594.47      12827.982     -175766.49      1.4400755      19683               2142 
    546500   2039.7975      153261.81     -188873.84      13017.813     -175856.03      1.4400755      19683               2142 
    547000   1958.219       167589.05     -188555.91      12497.186     -176058.73      1.4400755      19683               2142 
    547500   1976.1973      159700.16     -188866.04      12611.922     -176254.12      1.4400755      19683               2142 
    548000   1953.4481      155709.19     -188794.48      12466.738     -176327.74      1.4400755      19683               2142 
    548500   1956.3559      161729.4      -188815.02      12485.296     -176329.73      1.4400755      19683               2142 
    549000   1948.614       156537.8      -188606.94      12435.888     -176171.05      1.4400755      19683               2142 
    549500   2035.8086      160318.93     -188853.39      12992.356     -175861.04      1.4400755      19683               2142 
    550000   2001.078       164039.58     -188356.59      12770.708     -175585.88      1.4400755      19683               2142 
    550500   2044.3606      166266.99     -188531.3       13046.934     -175484.36      1.4400755      19683               2142 
    551000   1993.2599      152006.83     -188260.77      12720.814     -175539.96      1.4400755      19683               2142 
    551500   2008.6652      167003.39     -188426.81      12819.129     -175607.68      1.4400755      19683               2142 
    552000   1959.6862      160106.57     -188242.43      12506.55      -175735.88      1.4400755      19683               2142 
    552500   1981.2434      155040.73     -188476.56      12644.126     -175832.43      1.4400755      19683               2142 
    553000   2025.7576      165293.33     -188795.67      12928.212     -175867.46      1.4400755      19683               2142 
    553500   2004.3758      166234.65     -188624.95      12791.755     -175833.19      1.4400755      19683               2142 
    554000   2016.6226      168516.09     -188580.64      12869.913     -175710.73      1.4400755      19683               2142 
    554500   2063.3849      168873.98     -188702.41      13168.346     -175534.06      1.4400755      19683               2142 
    555000   2074.1482      161574.37     -188600.01      13237.036     -175362.98      1.4400755      19683               2142 
    555500   2012.3031      174247.34     -188163.79      12842.346     -175321.44      1.4400755      19683               2142 
    556000   1990.9199      161322.5      -188132.93      12705.88      -175427.05      1.4400755      19683               2142 
    556500   2014.5318      161998.42     -188495.22      12856.569     -175638.65      1.4400755      19683               2142 
    557000   1983.5783      173156.99     -188541.4       12659.027     -175882.37      1.4400755      19683               2142 
    557500   1992.3525      159907.11     -188760.93      12715.023     -176045.9       1.4400755      19683               2142 
    558000   1981.1692      167262.68     -188775.72      12643.652     -176132.07      1.4400755      19683               2142 
    558500   1968.8537      163531.97     -188733.15      12565.056     -176168.09      1.4400755      19683               2142 
    559000   1969.5323      169700.27     -188688.24      12569.387     -176118.85      1.4400755      19683               2142 
    559500   1972.7268      155992.43     -188568.73      12589.773     -175978.96      1.4400755      19683               2142 
    560000   1984.6858      163386.53     -188455.64      12666.095     -175789.54      1.4400755      19683               2142 
    560500   2000.1701      169671.52     -188341.17      12764.914     -175576.26      1.4400755      19683               2142 
    561000   1991.0949      163134.58     -188072.01      12706.997     -175365.01      1.4400755      19683               2142 
    561500   2052.3591      170638.53     -188229.84      13097.98      -175131.86      1.4400755      19683               2142 
    562000   2100.8781      164428.58     -188177.08      13407.624     -174769.46      1.4400755      19683               2142 
    562500   2097.96        171450.7      -187854.69      13389.001     -174465.69      1.4400755      19683               2142 
    563000   2126.9096      163751.21     -188145.86      13573.755     -174572.11      1.4400755      19683               2142 
    563500   2086.4081      173549.24     -188243.27      13315.278     -174927.99      1.4400755      19683               2142 
    564000   2018.1025      168214.62     -188078.54      12879.357     -175199.18      1.4400755      19683               2142 
    564500   2059.3209      162461.24     -188551.98      13142.41      -175409.57      1.4400755      19683               2142 
    565000   2010.1595      161245.16     -188456.69      12828.666     -175628.02      1.4400755      19683               2142 
    565500   2000.3436      165167.77     -188572.5       12766.021     -175806.47      1.4400755      19683               2142 
    566000   1953.5069      163464        -188407.39      12467.113     -175940.28      1.4400755      19683               2142 
    566500   1960.0789      156770.16     -188473.23      12509.056     -175964.17      1.4400755      19683               2142 
    567000   1932.1418      167810.93     -188226.36      12330.764     -175895.6       1.4400755      19683               2142 
    567500   2010.4316      147843.66     -188530.06      12830.402     -175699.66      1.4400755      19683               2142 
    568000   1982.6812      163914.01     -188118.09      12653.301     -175464.79      1.4400755      19683               2142 
    568500   2012.4289      157798.76     -188101.92      12843.149     -175258.77      1.4400755      19683               2142 
    569000   2039.3207      163694.05     -188188.38      13014.77      -175173.61      1.4400755      19683               2142 
    569500   2087.2405      167144.71     -188571.01      13320.59      -175250.42      1.4400755      19683               2142 
    570000   2034.1019      165728.03     -188528.7       12981.464     -175547.23      1.4400755      19683               2142 
    570500   1967.9199      170017.08     -188495.09      12559.096     -175935.99      1.4400755      19683               2142 
    571000   1962.8003      161903.24     -188542.84      12526.423     -176016.41      1.4400755      19683               2142 
    571500   1988.1947      160701.46     -188658.69      12688.488     -175970.21      1.4400755      19683               2142 
    572000   2003.3426      165997.02     -188640.56      12785.161     -175855.4       1.4400755      19683               2142 
    572500   2034.8717      166313.45     -188714.28      12986.377     -175727.9       1.4400755      19683               2142 
    573000   2018.6952      162549.94     -188556.97      12883.139     -175673.83      1.4400755      19683               2142 
    573500   2008.722       164527.59     -188509.21      12819.492     -175689.72      1.4400755      19683               2142 
    574000   2006.2583      163036.76     -188612.42      12803.769     -175808.65      1.4400755      19683               2142 
    574500   1960.8152      171200.79     -188508.8       12513.755     -175995.05      1.4400755      19683               2142 
    575000   1949.1861      166580.63     -188656.28      12439.539     -176216.74      1.4400755      19683               2142 
    575500   1973.6024      156076.46     -188948.44      12595.362     -176353.08      1.4400755      19683               2142 
    576000   1979.4136      154357.63     -189045.21      12632.448     -176412.76      1.4400755      19683               2142 
    576500   1907.4916      151955.79     -188561.27      12173.448     -176387.82      1.4400755      19683               2142 
    577000   1933.549       167964.15     -188455.68      12339.744     -176115.93      1.4400755      19683               2142 
    577500   2025.9553      163254.53     -188607.03      12929.473     -175677.56      1.4400755      19683               2142 
    578000   2025.7667      166385.28     -188435.82      12928.269     -175507.55      1.4400755      19683               2142 
    578500   2005.4885      170101.62     -188283.58      12798.856     -175484.72      1.4400755      19683               2142 
    579000   2043.9612      165867.07     -188608.18      13044.385     -175563.79      1.4400755      19683               2142 
    579500   1996.0099      168181.65     -188480.74      12738.364     -175742.38      1.4400755      19683               2142 
    580000   1974.2159      172020.5      -188491.6       12599.277     -175892.32      1.4400755      19683               2142 
    580500   1974.7239      160361.38     -188578.41      12602.519     -175975.89      1.4400755      19683               2142 
    581000   1979.1326      168947.82     -188638.8       12630.655     -176008.14      1.4400755      19683               2142 
    581500   1971.9481      165478.02     -188609.97      12584.804     -176025.16      1.4400755      19683               2142 
    582000   1973.4592      167196.2      -188530.47      12594.448     -175936.02      1.4400755      19683               2142 
    582500   2050.8993      163293.77     -188786.83      13088.664     -175698.17      1.4400755      19683               2142 
    583000   2029.0946      169720.95     -188353.08      12949.508     -175403.58      1.4400755      19683               2142 
    583500   2049.6437      166198.84     -188294.84      13080.65      -175214.19      1.4400755      19683               2142 
    584000   2034.4408      165408.48     -188154.05      12983.627     -175170.42      1.4400755      19683               2142 
    584500   2054.2274      168499.45     -188366.32      13109.903     -175256.42      1.4400755      19683               2142 
    585000   2014.6076      170531.76     -188332.96      12857.053     -175475.91      1.4400755      19683               2142 
    585500   2011.8313      153933.25     -188561.33      12839.335     -175722         1.4400755      19683               2142 
    586000   1998.7396      158028.89     -188619.11      12755.785     -175863.33      1.4400755      19683               2142 
    586500   1981.3533      168386.99     -188548.68      12644.827     -175903.85      1.4400755      19683               2142 
    587000   1986.9794      166741.96     -188555.32      12680.732     -175874.59      1.4400755      19683               2142 
    587500   1994.8805      153732.29     -188554.26      12731.157     -175823.1       1.4400755      19683               2142 
    588000   1971.6609      165183.62     -188345.66      12582.971     -175762.69      1.4400755      19683               2142 
    588500   1992.8943      160803.23     -188379.27      12718.48      -175660.79      1.4400755      19683               2142 
    589000   1998.3748      166984.49     -188297.83      12753.456     -175544.37      1.4400755      19683               2142 
    589500   2036.686       166238.66     -188402.5       12997.956     -175404.55      1.4400755      19683               2142 
    590000   2029.5732      166061.34     -188276.15      12952.562     -175323.59      1.4400755      19683               2142 
    590500   2031.7011      167588.32     -188365.63      12966.142     -175399.48      1.4400755      19683               2142 
    591000   2024.3841      157841.93     -188547.05      12919.446     -175627.6       1.4400755      19683               2142 
    591500   1969.1249      163639.16     -188455.94      12566.786     -175889.16      1.4400755      19683               2142 
    592000   1994.4575      153391.54     -188798.1       12728.457     -176069.64      1.4400755      19683               2142 
    592500   1963.4539      165940.6      -188691.55      12530.594     -176160.96      1.4400755      19683               2142 
    593000   1934.4807      165005.76     -188477.53      12345.69      -176131.84      1.4400755      19683               2142 
    593500   1984.5479      158031.01     -188615.1       12665.214     -175949.89      1.4400755      19683               2142 
    594000   1977.1932      172817.55     -188325.69      12618.278     -175707.42      1.4400755      19683               2142 
    594500   1999.0568      161895.63     -188260.71      12757.809     -175502.9       1.4400755      19683               2142 
    595000   2011.9293      164157.79     -188237.27      12839.96      -175397.31      1.4400755      19683               2142 
    595500   1954.527       165929.05     -187870.14      12473.624     -175396.52      1.4400755      19683               2142 
    596000   2038.5654      163207.21     -188417.4       13009.95      -175407.45      1.4400755      19683               2142 
    596500   2033.0771      161173.61     -188442.37      12974.924     -175467.44      1.4400755      19683               2142 
    597000   2007.2627      166726.99     -188431.91      12810.178     -175621.73      1.4400755      19683               2142 
    597500   2004.9009      158226.08     -188595.45      12795.106     -175800.35      1.4400755      19683               2142 
    598000   1977.8492      158146.73     -188533.37      12622.464     -175910.91      1.4400755      19683               2142 
    598500   1967.3122      168015.56     -188519.56      12555.218     -175964.34      1.4400755      19683               2142 
    599000   2004.8176      161301.01     -188792.74      12794.574     -175998.16      1.4400755      19683               2142 
    599500   1975.5399      167285.28     -188586.75      12607.726     -175979.02      1.4400755      19683               2142 
    600000   1966.3121      160423.53     -188488.02      12548.836     -175939.18      1.4400755      19683               2142 
    600500   2016.665       165077.52     -188701.48      12870.183     -175831.3       1.4400755      19683               2142 
    601000   1999.9237      163656.92     -188406.28      12763.342     -175642.94      1.4400755      19683               2142 
    601500   2011.4032      166352.2      -188080.97      12836.603     -175244.37      1.4400755      19683               2142 
    602000   2015.9936      160923.01     -187853.28      12865.898     -174987.38      1.4400755      19683               2142 
    602500   2036.352       174413.81     -187964.15      12995.824     -174968.33      1.4400755      19683               2142 
    603000   2099.983       164770.53     -188550.73      13401.912     -175148.82      1.4400755      19683               2142 
    603500   2049.8993      161596.5      -188479.44      13082.281     -175397.16      1.4400755      19683               2142 
    604000   2048.4231      159212.75     -188648.85      13072.861     -175575.98      1.4400755      19683               2142 
    604500   2036.1081      161584.29     -188694.44      12994.267     -175700.18      1.4400755      19683               2142 
    605000   2012.6216      170711.35     -188678.77      12844.378     -175834.39      1.4400755      19683               2142 
    605500   2013.3459      156345.29     -188832.83      12849.001     -175983.82      1.4400755      19683               2142 
    606000   2026.5964      159906.75     -189080.53      12933.564     -176146.96      1.4400755      19683               2142 
    606500   1961.6495      164391.34     -188720.66      12519.079     -176201.58      1.4400755      19683               2142 
    607000   1986.0234      166943.52     -188884.31      12674.631     -176209.68      1.4400755      19683               2142 
    607500   1974.9172      157055.55     -188762.3       12603.752     -176158.55      1.4400755      19683               2142 
    608000   2008.206       164207.74     -188743.18      12816.199     -175926.99      1.4400755      19683               2142 
    608500   2069.8899      171946.48     -188700.37      13209.86      -175490.51      1.4400755      19683               2142 
    609000   2067.9455      166577.1      -188504.5       13197.451     -175307.05      1.4400755      19683               2142 
    609500   2028.4149      160396.41     -188240.96      12945.17      -175295.79      1.4400755      19683               2142 
    610000   2051.7288      162885.28     -188541.62      13093.957     -175447.66      1.4400755      19683               2142 
    610500   1962.5179      163753.55     -188182.66      12524.621     -175658.04      1.4400755      19683               2142 
    611000   1980.3481      158919.63     -188414.57      12638.412     -175776.16      1.4400755      19683               2142 
    611500   1993.2385      156598.98     -188580.35      12720.677     -175859.67      1.4400755      19683               2142 
    612000   1952.2276      156760.47     -188314.69      12458.95      -175855.74      1.4400755      19683               2142 
    612500   2005.2003      165510.95     -188605.71      12797.016     -175808.7       1.4400755      19683               2142 
    613000   1997.7566      170991.86     -188531.11      12749.512     -175781.6       1.4400755      19683               2142 
    613500   1982.0002      164641.03     -188390.62      12648.955     -175741.66      1.4400755      19683               2142 
    614000   1991.9274      164449.61     -188421.86      12712.31      -175709.55      1.4400755      19683               2142 
    614500   2028.8727      171505.09     -188631.12      12948.091     -175683.03      1.4400755      19683               2142 
    615000   2024.0936      160249.91     -188635.33      12917.592     -175717.74      1.4400755      19683               2142 
    615500   2011.8846      165707.79     -188661.42      12839.675     -175821.74      1.4400755      19683               2142 
    616000   2013.3787      162283.88     -188814.38      12849.21      -175965.17      1.4400755      19683               2142 
    616500   1966.668       163724.41     -188696.46      12551.107     -176145.35      1.4400755      19683               2142 
    617000   1978.8832      168787.97     -188885.29      12629.063     -176256.23      1.4400755      19683               2142 
    617500   1988.854       162439.76     -189009.72      12692.696     -176317.02      1.4400755      19683               2142 
    618000   1994.4841      161563.67     -189021.82      12728.627     -176293.19      1.4400755      19683               2142 
    618500   1965.9193      156068.43     -188658.71      12546.328     -176112.38      1.4400755      19683               2142 
    619000   2013.076       164906.32     -188637.25      12847.278     -175789.97      1.4400755      19683               2142 
    619500   2050.9374      173612.88     -188610.85      13088.907     -175521.94      1.4400755      19683               2142 
    620000   2032.8066      165054.73     -188419.21      12973.198     -175446.01      1.4400755      19683               2142 
    620500   1997.8123      164986.47     -188262.94      12749.867     -175513.07      1.4400755      19683               2142 
    621000   2054.3565      170405.1      -188743.29      13110.727     -175632.56      1.4400755      19683               2142 
    621500   2006.2532      165817.1      -188565.66      12803.736     -175761.93      1.4400755      19683               2142 
    622000   1994.7794      162614.95     -188610.8       12730.511     -175880.29      1.4400755      19683               2142 
    622500   2006.2034      158607.01     -188730.96      12803.418     -175927.54      1.4400755      19683               2142 
    623000   1984.7759      159586.98     -188605.75      12666.67      -175939.08      1.4400755      19683               2142 
    623500   2076.8074      150417.35     -189203.27      13254.007     -175949.26      1.4400755      19683               2142 
    624000   2023.7053      159880.57     -188891.51      12915.114     -175976.4       1.4400755      19683               2142 
    624500   1979.8042      165172.82     -188631.65      12634.941     -175996.71      1.4400755      19683               2142 
    625000   1989.8765      168807.66     -188694.61      12699.222     -175995.39      1.4400755      19683               2142 
    625500   2042.5579      153806.38     -188979.79      13035.43      -175944.36      1.4400755      19683               2142 
    626000   2024.832       152641.11     -188738.66      12922.305     -175816.36      1.4400755      19683               2142 
    626500   2008.9186      171772.59     -188323.79      12820.746     -175503.04      1.4400755      19683               2142 
    627000   2071.7739      165896.05     -188409.74      13221.884     -175187.85      1.4400755      19683               2142 
    627500   2046.5966      158938.04     -188122.18      13061.204     -175060.98      1.4400755      19683               2142 
    628000   1996.4756      171937.34     -187904.31      12741.336     -175162.98      1.4400755      19683               2142 
    628500   2066.51        167188.81     -188558.6       13188.29      -175370.31      1.4400755      19683               2142 
    629000   1993.819       167622.86     -188284.81      12724.382     -175560.43      1.4400755      19683               2142 
    629500   2038.8579      164170.45     -188698.36      13011.817     -175686.55      1.4400755      19683               2142 
    630000   1993.0906      164214.39     -188535.99      12719.733     -175816.26      1.4400755      19683               2142 
    630500   2005.7412      165844.84     -188675.02      12800.468     -175874.55      1.4400755      19683               2142 
    631000   1964.8344      163171.81     -188464.85      12539.405     -175925.45      1.4400755      19683               2142 
    631500   2012.0606      166868.14     -188780.6       12840.799     -175939.8       1.4400755      19683               2142 
    632000   1972.5962      158641.65     -188521.67      12588.94      -175932.73      1.4400755      19683               2142 
    632500   1972.444       162242.51     -188483.49      12587.968     -175895.52      1.4400755      19683               2142 
    633000   2012.4937      161922.21     -188622.04      12843.562     -175778.48      1.4400755      19683               2142 
    633500   2045.119       152877.65     -188623.13      13051.774     -175571.36      1.4400755      19683               2142 
    634000   2011.3959      167809.48     -188170.04      12836.556     -175333.49      1.4400755      19683               2142 
    634500   2095.8793      165489.94     -188604.91      13375.722     -175229.19      1.4400755      19683               2142 
    635000   2087.6142      163190.35     -188643.18      13322.975     -175320.2       1.4400755      19683               2142 
    635500   2035.0619      166982.11     -188615.61      12987.591     -175628.02      1.4400755      19683               2142 
    636000   1990.3118      160086.78     -188599.98      12702         -175897.98      1.4400755      19683               2142 
    636500   1964.4615      166156.19     -188555.94      12537.025     -176018.92      1.4400755      19683               2142 
    637000   2032.751       166216.75     -189019.7       12972.843     -176046.85      1.4400755      19683               2142 
    637500   1959.5686      163282.32     -188585.05      12505.799     -176079.26      1.4400755      19683               2142 
    638000   2020.2642      172032.55     -189000.04      12893.153     -176106.88      1.4400755      19683               2142 
    638500   2043.575       158352.22     -189211.18      13041.92      -176169.26      1.4400755      19683               2142 
    639000   1980.2459      158861.19     -188871         12637.76      -176233.24      1.4400755      19683               2142 
    639500   1999.1636      163565.09     -189060.41      12758.491     -176301.92      1.4400755      19683               2142 
    640000   1956.7602      157379.51     -188897.36      12487.876     -176409.48      1.4400755      19683               2142 
    640500   1921.7671      163802.9      -188704.2       12264.553     -176439.65      1.4400755      19683               2142 
    641000   1989.3578      157976.54     -189050.85      12695.911     -176354.94      1.4400755      19683               2142 
    641500   2004.1447      164009.17     -188933.3       12790.28      -176143.02      1.4400755      19683               2142 
    642000   2014.8681      164766.85     -188749.64      12858.716     -175890.93      1.4400755      19683               2142 
    642500   2063.5834      161768.97     -188860.2       13169.612     -175690.59      1.4400755      19683               2142 
    643000   2011.1787      158763.25     -188468.43      12835.17      -175633.26      1.4400755      19683               2142 
    643500   1992.6652      166406.01     -188415.36      12717.019     -175698.34      1.4400755      19683               2142 
    644000   1971.0788      166781.54     -188448.62      12579.256     -175869.37      1.4400755      19683               2142 
    644500   2009.3047      168006.01     -188949.54      12823.21      -176126.33      1.4400755      19683               2142 
    645000   1994.3693      160988.7      -189032.95      12727.894     -176305.06      1.4400755      19683               2142 
    645500   1956.332       156158.11     -188792.18      12485.143     -176307.03      1.4400755      19683               2142 
    646000   1964.6561      151920.94     -188775.39      12538.267     -176237.13      1.4400755      19683               2142 
    646500   1989.7893      163341.96     -188843.83      12698.665     -176145.17      1.4400755      19683               2142 
    647000   1987.2551      158688.14     -188695.14      12682.492     -176012.64      1.4400755      19683               2142 
    647500   2016.7255      158989.35     -188743.91      12870.57      -175873.34      1.4400755      19683               2142 
    648000   1996.027       163517.11     -188507.03      12738.473     -175768.55      1.4400755      19683               2142 
    648500   2025.1022      165101.14     -188547.6       12924.029     -175623.57      1.4400755      19683               2142 
    649000   2004.7836      163962.57     -188312.32      12794.357     -175517.96      1.4400755      19683               2142 
    649500   2066.1829      161189.49     -188677.54      13186.202     -175491.34      1.4400755      19683               2142 
    650000   2049.2689      161444.23     -188700.79      13078.259     -175622.53      1.4400755      19683               2142 
    650500   2017.9056      173606.5      -188813.65      12878.101     -175935.55      1.4400755      19683               2142 
    651000   1982.4479      165045.52     -188826.08      12651.813     -176174.27      1.4400755      19683               2142 
    651500   1919.4716      167154.33     -188534.49      12249.904     -176284.58      1.4400755      19683               2142 
    652000   1984.2201      155278.09     -188982.13      12663.122     -176319.01      1.4400755      19683               2142 
    652500   2011.6558      157227.07     -189107.34      12838.215     -176269.13      1.4400755      19683               2142 
    653000   1977.648       166795.3      -188764.38      12621.18      -176143.2       1.4400755      19683               2142 
    653500   2009.2194      166500.49     -188747.18      12822.666     -175924.51      1.4400755      19683               2142 
    654000   2058.0124      166005.79     -188812.82      13134.059     -175678.76      1.4400755      19683               2142 
    654500   2055.4836      170120.36     -188662.14      13117.92      -175544.22      1.4400755      19683               2142 
    655000   2048.3394      165969.24     -188655.55      13072.327     -175583.22      1.4400755      19683               2142 
    655500   2018.8958      155427.29     -188603.91      12884.42      -175719.49      1.4400755      19683               2142 
    656000   2032.4586      163998.2      -188877.56      12970.977     -175906.58      1.4400755      19683               2142 
    656500   2022.8083      168025.38     -188966.73      12909.389     -176057.34      1.4400755      19683               2142 
    657000   2000.004       166699.54     -188857         12763.854     -176093.15      1.4400755      19683               2142 
    657500   1964.2063      165810.5      -188609.85      12535.396     -176074.45      1.4400755      19683               2142 
    658000   2009.4772      167106.88     -188873.87      12824.311     -176049.56      1.4400755      19683               2142 
    658500   1979.8185      177964.44     -188652.44      12635.032     -176017.4       1.4400755      19683               2142 
    659000   2060.9132      166196.93     -189115.97      13152.571     -175963.4       1.4400755      19683               2142 
    659500   2010.2034      168695.03     -188747.47      12828.946     -175918.53      1.4400755      19683               2142 
    660000   1991.7996      166793.44     -188662.12      12711.494     -175950.62      1.4400755      19683               2142 
    660500   1947.6708      165284.52     -188414.08      12429.868     -175984.22      1.4400755      19683               2142 
    661000   1991.864       162563.47     -188726.52      12711.905     -176014.61      1.4400755      19683               2142 
    661500   2002.2733      155201.51     -188791.58      12778.337     -176013.24      1.4400755      19683               2142 
    662000   2013.7068      146274.65     -188909.91      12851.304     -176058.6       1.4400755      19683               2142 
    662500   2004.7666      160498.82     -188980         12794.248     -176185.75      1.4400755      19683               2142 
    663000   1962.6534      153582.72     -188820.51      12525.486     -176295.03      1.4400755      19683               2142 
    663500   1971.7883      162312.1      -188944.99      12583.784     -176361.21      1.4400755      19683               2142 
    664000   1950.8536      163586.55     -188798.62      12450.18      -176348.44      1.4400755      19683               2142 
    664500   1964.76        162921.48     -188782.51      12538.93      -176243.58      1.4400755      19683               2142 
    665000   1924.855       158147.45     -188258.9       12284.259     -175974.64      1.4400755      19683               2142 
    665500   2040.1791      165550.93     -188715.25      13020.248     -175695         1.4400755      19683               2142 
    666000   2072.9198      164715.05     -188792.43      13229.196     -175563.23      1.4400755      19683               2142 
    666500   2074.7937      166233.32     -188797.89      13241.156     -175556.74      1.4400755      19683               2142 
    667000   2043.5041      166420.65     -188723.2       13041.468     -175681.74      1.4400755      19683               2142 
    667500   1984.6608      157378.24     -188531.83      12665.935     -175865.89      1.4400755      19683               2142 
    668000   1998.2206      167029.53     -188735.21      12752.472     -175982.74      1.4400755      19683               2142 
    668500   2006.4857      158290.5      -188859.16      12805.22      -176053.94      1.4400755      19683               2142 
    669000   1996.7255      160808.15     -188794.73      12742.931     -176051.8       1.4400755      19683               2142 
    669500   1974.1576      160463.3      -188636.79      12598.905     -176037.89      1.4400755      19683               2142 
    670000   2026.7134      157193.99     -188956.04      12934.311     -176021.73      1.4400755      19683               2142 
    670500   2003.75        163579.38     -188845.99      12787.761     -176058.23      1.4400755      19683               2142 
    671000   2024.0462      159393.44     -188995.8       12917.29      -176078.51      1.4400755      19683               2142 
    671500   2005.5086      167973.72     -188902.4       12798.984     -176103.42      1.4400755      19683               2142 
    672000   1956.3412      173458.88     -188728.72      12485.202     -176243.52      1.4400755      19683               2142 
    672500   1958.9017      163474.76     -188957.66      12501.543     -176456.11      1.4400755      19683               2142 
    673000   1916.6594      158646.96     -188839.65      12231.956     -176607.7       1.4400755      19683               2142 
    673500   1997.648       166653.76     -189386.31      12748.818     -176637.49      1.4400755      19683               2142 
    674000   1958.4937      159392.18     -189007.79      12498.939     -176508.85      1.4400755      19683               2142 
    674500   1990.9899      162959.79     -188873.9       12706.327     -176167.57      1.4400755      19683               2142 
    675000   2014.9208      166227.65     -188775.09      12859.052     -175916.04      1.4400755      19683               2142 
    675500   1984.9173      167363.35     -188482.94      12667.572     -175815.37      1.4400755      19683               2142 
    676000   1980.3698      161413.98     -188463.66      12638.55      -175825.11      1.4400755      19683               2142 
    676500   2014.9413      171092.3      -188737.31      12859.183     -175878.13      1.4400755      19683               2142 
    677000   2021.3259      171613.07     -188901.23      12899.929     -176001.31      1.4400755      19683               2142 
    677500   2004.9151      160995.01     -188940.94      12795.196     -176145.75      1.4400755      19683               2142 
    678000   1972.8489      159638.69     -188917.91      12590.553     -176327.36      1.4400755      19683               2142 
    678500   1940.5671      155119.52     -188922.25      12384.533     -176537.71      1.4400755      19683               2142 
    679000   1929.698       167986.98     -189036.13      12315.167     -176720.96      1.4400755      19683               2142 
    679500   1914.0637      161755.55     -189124.15      12215.391     -176908.76      1.4400755      19683               2142 
    680000   1929.9027      154288.79     -189335.79      12316.474     -177019.32      1.4400755      19683               2142 
    680500   1941.2696      161547.15     -189357.94      12389.016     -176968.92      1.4400755      19683               2142 
    681000   1950.8983      163315.82     -189153.6       12450.465     -176703.13      1.4400755      19683               2142 
    681500   1947.6008      164108.13     -188772.03      12429.422     -176342.6       1.4400755      19683               2142 
    682000   1966.8297      164278.63     -188656.34      12552.139     -176104.2       1.4400755      19683               2142 
    682500   2000.9061      159962.15     -188738.96      12769.612     -175969.35      1.4400755      19683               2142 
    683000   2041.8968      165903.8      -188901.49      13031.21      -175870.28      1.4400755      19683               2142 
    683500   2015.4086      165705.66     -188701.69      12862.165     -175839.52      1.4400755      19683               2142 
    684000   2034.346       166593.77     -188808.35      12983.022     -175825.33      1.4400755      19683               2142 
    684500   2014.794       164155.12     -188722.87      12858.243     -175864.63      1.4400755      19683               2142 
    685000   1989.6485      160745.51     -188692.49      12697.766     -175994.73      1.4400755      19683               2142 
    685500   1974.8425      165090.93     -188766.27      12603.276     -176163         1.4400755      19683               2142 
    686000   1962.9708      162776.25     -188855.37      12527.511     -176327.86      1.4400755      19683               2142 
    686500   1957.258       161235.21     -188965.74      12491.053     -176474.69      1.4400755      19683               2142 
    687000   1923.1613      161845.91     -188767.46      12273.451     -176494.01      1.4400755      19683               2142 
    687500   1978.2657      154773.96     -188942.31      12625.122     -176317.19      1.4400755      19683               2142 
    688000   2014.8792      163668.85     -188829.55      12858.787     -175970.76      1.4400755      19683               2142 
    688500   1993.4844      169845.31     -188448.54      12722.247     -175726.29      1.4400755      19683               2142 
    689000   2044.793       163513.78     -188728.72      13049.694     -175679.03      1.4400755      19683               2142 
    689500   2020.2561      161264.29     -188572.51      12893.102     -175679.41      1.4400755      19683               2142 
    690000   2041.088       161105.61     -188806.5       13026.049     -175780.45      1.4400755      19683               2142 
    690500   1982.6298      167972.79     -188594.61      12652.973     -175941.64      1.4400755      19683               2142 
    691000   2023.202       165801.91     -189024.34      12911.902     -176112.44      1.4400755      19683               2142 
    691500   2027.2012      156307.48     -189207.55      12937.424     -176270.12      1.4400755      19683               2142 
    692000   1977.2358      172306.95     -188950.61      12618.55      -176332.06      1.4400755      19683               2142 
    692500   2000.6541      155343.63     -189093.17      12768.003     -176325.17      1.4400755      19683               2142 
    693000   1994.6439      157200.75     -189009.62      12729.647     -176279.97      1.4400755      19683               2142 
    693500   1993.2215      165924.39     -188961.39      12720.569     -176240.82      1.4400755      19683               2142 
    694000   2000.0902      164354.16     -188936.67      12764.404     -176172.26      1.4400755      19683               2142 
    694500   1988.8378      168583.14     -188767.23      12692.592     -176074.64      1.4400755      19683               2142 
    695000   2003.5178      158572.21     -188725.51      12786.279     -175939.23      1.4400755      19683               2142 
    695500   2002.8951      168133.35     -188461.35      12782.305     -175679.05      1.4400755      19683               2142 
    696000   2028.4569      164741.08     -188374.14      12945.438     -175428.7       1.4400755      19683               2142 
    696500   2062.8226      168400.34     -188476.69      13164.757     -175311.93      1.4400755      19683               2142 
    697000   2036.8416      168238.51     -188408.07      12998.948     -175409.12      1.4400755      19683               2142 
    697500   2046.4809      165437.81     -188813.62      13060.466     -175753.15      1.4400755      19683               2142 
    698000   2008.8873      166054.43     -188838.3       12820.546     -176017.76      1.4400755      19683               2142 
    698500   1988.2387      160091.16     -188821.61      12688.769     -176132.84      1.4400755      19683               2142 
    699000   2021.118       165981.39     -189136.82      12898.602     -176238.22      1.4400755      19683               2142 
    699500   2010.5618      165624.05     -189180.98      12831.233     -176349.75      1.4400755      19683               2142 
    700000   1989.6407      163753.65     -189148.03      12697.716     -176450.31      1.4400755      19683               2142 
    700500   1952.4318      161955.8      -188989.33      12460.252     -176529.08      1.4400755      19683               2142 
    701000   1962.5004      159433.22     -189078.3       12524.509     -176553.79      1.4400755      19683               2142 
    701500   1909.2891      147056.08     -188735.54      12184.919     -176550.62      1.4400755      19683               2142 
    702000   2010.3429      161740.81     -189283.4       12829.836     -176453.57      1.4400755      19683               2142 
    702500   2016.907       156627.22     -189054.62      12871.728     -176182.89      1.4400755      19683               2142 
    703000   2036.0458      161778.36     -188899.49      12993.87      -175905.62      1.4400755      19683               2142 
    703500   2074.9785      167747.73     -189021.1       13242.335     -175778.77      1.4400755      19683               2142 
    704000   1998.2225      163294.57     -188493.97      12752.485     -175741.48      1.4400755      19683               2142 
    704500   2031.4505      162123.92     -188760.12      12964.543     -175795.58      1.4400755      19683               2142 
    705000   2014.8712      164667.79     -188847.72      12858.736     -175988.99      1.4400755      19683               2142 
    705500   1986.2211      159928.68     -188911.79      12675.893     -176235.9       1.4400755      19683               2142 
    706000   1998.7959      160142.37     -189130.39      12756.144     -176374.25      1.4400755      19683               2142 
    706500   1998.9121      165248.08     -189160.13      12756.886     -176403.25      1.4400755      19683               2142 
    707000   2000.9334      167726.95     -189157.69      12769.786     -176387.9       1.4400755      19683               2142 
    707500   1982.7606      162273.26     -188982.66      12653.808     -176328.85      1.4400755      19683               2142 
    708000   1987.8987      154290.6      -188926.32      12686.599     -176239.72      1.4400755      19683               2142 
    708500   2029.8838      160109.79     -189098.66      12954.544     -176144.11      1.4400755      19683               2142 
    709000   1989.5395      165321.17     -188788.12      12697.071     -176091.05      1.4400755      19683               2142 
    709500   2016.2694      164645.2      -188946.5       12867.659     -176078.84      1.4400755      19683               2142 
    710000   2056.6223      158451.05     -189181.78      13125.188     -176056.59      1.4400755      19683               2142 
    710500   1975.1476      168269.69     -188658.54      12605.223     -176053.32      1.4400755      19683               2142 
    711000   1976.4735      163185.04     -188691.65      12613.684     -176077.97      1.4400755      19683               2142 
    711500   2008.4184      169492.36     -188944.79      12817.554     -176127.24      1.4400755      19683               2142 
    712000   1994.4277      153800.71     -188918.72      12728.267     -176190.46      1.4400755      19683               2142 
    712500   1981.7265      162644.24     -188878.84      12647.209     -176231.64      1.4400755      19683               2142 
    713000   2008.7339      161293.02     -189038.88      12819.568     -176219.31      1.4400755      19683               2142 
    713500   2004.8549      160001.31     -189018.71      12794.812     -176223.9       1.4400755      19683               2142 
    714000   1993.0269      164443.05     -188976.89      12719.327     -176257.56      1.4400755      19683               2142 
    714500   1959.2555      167835.13     -188812.07      12503.801     -176308.27      1.4400755      19683               2142 
    715000   1995.4606      168309.33     -189071.84      12734.859     -176336.98      1.4400755      19683               2142 
    715500   1994.9939      167426.45     -189045.67      12731.88      -176313.79      1.4400755      19683               2142 
    716000   2026.9457      164331.1      -189163.75      12935.793     -176227.95      1.4400755      19683               2142 
    716500   1996.0268      155180.79     -188894.43      12738.472     -176155.95      1.4400755      19683               2142 
    717000   1999.6957      158646.87     -188808.16      12761.887     -176046.27      1.4400755      19683               2142 
    717500   2087.1977      161453.28     -189269.41      13320.317     -175949.09      1.4400755      19683               2142 
    718000   2014.763       169555.73     -188796.84      12858.045     -175938.79      1.4400755      19683               2142 
    718500   1990.9251      161565.77     -188707.87      12705.913     -176001.96      1.4400755      19683               2142 
    719000   1980.0836      163402.69     -188750.23      12636.724     -176113.51      1.4400755      19683               2142 
    719500   2002.6976      159287.5      -189112.18      12781.045     -176331.14      1.4400755      19683               2142 
    720000   1968.2377      165367.85     -189109.03      12561.125     -176547.91      1.4400755      19683               2142 
    720500   1979.7552      159750.74     -189281.81      12634.628     -176647.18      1.4400755      19683               2142 
    721000   1950.3429      163831.76     -189080.95      12446.921     -176634.03      1.4400755      19683               2142 
    721500   1994.4138      162162.04     -189229.47      12728.178     -176501.29      1.4400755      19683               2142 
    722000   1953.962       171785.5      -188695.26      12470.018     -176225.25      1.4400755      19683               2142 
    722500   2023.9687      168014.49     -188888.83      12916.795     -175972.04      1.4400755      19683               2142 
    723000   2048.8988      160353.88     -188948.36      13075.897     -175872.46      1.4400755      19683               2142 
    723500   2005.1751      169148        -188667.63      12796.856     -175870.78      1.4400755      19683               2142 
    724000   2015.8305      170934.1      -188760.39      12864.858     -175895.54      1.4400755      19683               2142 
    724500   1979.4102      170119.66     -188577.39      12632.426     -175944.96      1.4400755      19683               2142 
    725000   2041.1654      162030.36     -189031.43      13026.543     -176004.88      1.4400755      19683               2142 
    725500   2048.6705      151702.42     -189165.25      13074.44      -176090.81      1.4400755      19683               2142 
    726000   2017.3601      159633.85     -189136.58      12874.619     -176261.96      1.4400755      19683               2142 
    726500   2000.2677      162398.09     -189202.39      12765.537     -176436.86      1.4400755      19683               2142 
    727000   1945.2982      154187.88     -188999.41      12414.726     -176584.69      1.4400755      19683               2142 
    727500   1934.9148      165328.42     -188980.53      12348.46      -176632.07      1.4400755      19683               2142 
    728000   1972.1914      153525.68     -189123.45      12586.357     -176537.09      1.4400755      19683               2142 
    728500   2023.9296      155353.84     -189004.87      12916.545     -176088.32      1.4400755      19683               2142 
    729000   2050.6707      163162.45     -188880.13      13087.205     -175792.92      1.4400755      19683               2142 
    729500   2071.3324      163892.8      -188909.25      13219.066     -175690.19      1.4400755      19683               2142 
    730000   2037.0859      176329.33     -188742.28      13000.508     -175741.77      1.4400755      19683               2142 
    730500   2015.5564      159719.12     -188807.93      12863.108     -175944.82      1.4400755      19683               2142 
    731000   2003.825       154737.24     -188917.85      12788.239     -176129.61      1.4400755      19683               2142 
    731500   1975.3825      162590.21     -188839.97      12606.722     -176233.24      1.4400755      19683               2142 
    732000   1958.7464      165872.87     -188807.98      12500.552     -176307.43      1.4400755      19683               2142 
    732500   2014.0965      163476.76     -189167.21      12853.792     -176313.42      1.4400755      19683               2142 
    733000   1952.0223      169986.72     -188733.92      12457.639     -176276.28      1.4400755      19683               2142 
    733500   1988.2848      162725.09     -188869.28      12689.063     -176180.22      1.4400755      19683               2142 
    734000   2049.6411      168691.06     -189047.96      13080.634     -175967.32      1.4400755      19683               2142 
    734500   2019.9443      165835.3      -188643.55      12891.111     -175752.44      1.4400755      19683               2142 
    735000   2065.6017      151081.66     -188829.62      13182.493     -175647.12      1.4400755      19683               2142 
    735500   2036.5555      161003.17     -188722.14      12997.123     -175725.02      1.4400755      19683               2142 
    736000   2037.5068      164632.4      -188958.49      13003.194     -175955.3       1.4400755      19683               2142 
    736500   2015.5064      166819.65     -189129.23      12862.789     -176266.44      1.4400755      19683               2142 
    737000   2005.3869      164183.69     -189222.26      12798.208     -176424.05      1.4400755      19683               2142 
    737500   2024.539       161567.92     -189398.47      12920.434     -176478.04      1.4400755      19683               2142 
    738000   2004.3947      149237.03     -189243.95      12791.875     -176452.07      1.4400755      19683               2142 
    738500   1998.2764      155418.06     -189099.17      12752.829     -176346.34      1.4400755      19683               2142 
    739000   2017.2104      174417.12     -189074.16      12873.664     -176200.5       1.4400755      19683               2142 
    739500   2042.1872      160274.14     -189022.94      13033.063     -175989.88      1.4400755      19683               2142 
    740000   2046.4409      159647.79     -188867.16      13060.21      -175806.95      1.4400755      19683               2142 
    740500   2059.6892      167130.7      -188812.44      13144.76      -175667.68      1.4400755      19683               2142 
    741000   2081.1905      173700.74     -188904.68      13281.979     -175622.7       1.4400755      19683               2142 
    741500   2041.6178      164010.01     -188824.34      13029.43      -175794.91      1.4400755      19683               2142 
    742000   2024.4796      161864.59     -189094.28      12920.055     -176174.22      1.4400755      19683               2142 
    742500   2003.5102      167147.95     -189170.52      12786.23      -176384.29      1.4400755      19683               2142 
    743000   2032.3644      156857.25     -189454.18      12970.376     -176483.81      1.4400755      19683               2142 
    743500   2010.1345      157415.43     -189364.36      12828.506     -176535.85      1.4400755      19683               2142 
    744000   2011.3964      154698.03     -189388.23      12836.559     -176551.67      1.4400755      19683               2142 
    744500   1970.4425      162563.07     -189152.59      12575.195     -176577.39      1.4400755      19683               2142 
    745000   1991.0747      169929.65     -189189.49      12706.868     -176482.63      1.4400755      19683               2142 
    745500   2011.526       161587.15     -189146.07      12837.387     -176308.68      1.4400755      19683               2142 
    746000   1982.7917      159700.06     -188698.46      12654.006     -176044.45      1.4400755      19683               2142 
    746500   2034.1863      165627.13     -188839.51      12982.003     -175857.51      1.4400755      19683               2142 
    747000   2011.4065      170183.96     -188671         12836.624     -175834.37      1.4400755      19683               2142 
    747500   2009.3999      170948.43     -188788.9       12823.818     -175965.08      1.4400755      19683               2142 
    748000   1969.4401      162129.88     -188817.93      12568.798     -176249.13      1.4400755      19683               2142 
    748500   1946.6315      160869.87     -188932.32      12423.236     -176509.08      1.4400755      19683               2142 
    749000   1988.4368      157654.43     -189268.75      12690.034     -176578.72      1.4400755      19683               2142 
    749500   1982.1411      163644.92     -189193.47      12649.855     -176543.62      1.4400755      19683               2142 
    750000   2005.0066      166758.38     -189266.93      12795.78      -176471.15      1.4400755      19683               2142 
    750500   1966.534       165701.44     -188916.05      12550.251     -176365.8       1.4400755      19683               2142 
    751000   1981.9519      170037.21     -188845.23      12648.647     -176196.58      1.4400755      19683               2142 
    751500   1983.9429      169189.8      -188664.65      12661.354     -176003.29      1.4400755      19683               2142 
    752000   2026.1371      162636.73     -188811.9       12930.634     -175881.27      1.4400755      19683               2142 
    752500   2032.3756      157250.83     -188783.68      12970.447     -175813.23      1.4400755      19683               2142 
    753000   1976.9808      168445.54     -188426.04      12616.922     -175809.11      1.4400755      19683               2142 
    753500   1996.8434      170338.68     -188680.01      12743.683     -175936.32      1.4400755      19683               2142 
    754000   1995.7874      156821.48     -189025.07      12736.944     -176288.13      1.4400755      19683               2142 
    754500   1969.0187      165607.02     -189090.77      12566.108     -176524.66      1.4400755      19683               2142 
    755000   1951.1792      165632.93     -189069.25      12452.258     -176616.99      1.4400755      19683               2142 
    755500   1974.8042      161623.17     -189178.08      12603.031     -176575.05      1.4400755      19683               2142 
    756000   1995.4549      162262.62     -189190.99      12734.822     -176456.17      1.4400755      19683               2142 
    756500   2063.6955      162436.17     -189455.73      13170.328     -176285.4       1.4400755      19683               2142 
    757000   1994.7239      162136.62     -188880.05      12730.157     -176149.9       1.4400755      19683               2142 
    757500   2028.0986      162785.22     -188978.02      12943.152     -176034.87      1.4400755      19683               2142 
    758000   2054.8517      170611.09     -189088.42      13113.887     -175974.53      1.4400755      19683               2142 
    758500   2031.7552      164377.74     -188968.31      12966.488     -176001.82      1.4400755      19683               2142 
    759000   2031.7555      161726.57     -189114.27      12966.49      -176147.78      1.4400755      19683               2142 
    759500   1975.0265      174346.75     -188999.45      12604.45      -176395         1.4400755      19683               2142 
    760000   1955.7383      170966.16     -189062.91      12481.354     -176581.55      1.4400755      19683               2142 
    760500   1967.203       155640.05     -189200.93      12554.521     -176646.41      1.4400755      19683               2142 
    761000   1998.0256      163432.72     -189331.97      12751.228     -176580.74      1.4400755      19683               2142 
    761500   2002.1535      158544.4      -189199.68      12777.572     -176422.11      1.4400755      19683               2142 
    762000   2002.164       176322.97     -188930.62      12777.639     -176152.98      1.4400755      19683               2142 
    762500   2005.3356      163867.22     -188715.83      12797.88      -175917.95      1.4400755      19683               2142 
    763000   2102.502       161217.01     -189228.98      13417.987     -175810.99      1.4400755      19683               2142 
    763500   2001.5629      172413.56     -188628.29      12773.803     -175854.49      1.4400755      19683               2142 
    764000   2069.3514      167240.55     -189163.61      13206.424     -175957.19      1.4400755      19683               2142 
    764500   2040.2895      165861.63     -189155.19      13020.953     -176134.24      1.4400755      19683               2142 
    765000   1998.966       163261.38     -189028.65      12757.23      -176271.43      1.4400755      19683               2142 
    765500   1993.9908      159980.68     -189109.67      12725.479     -176384.2       1.4400755      19683               2142 
    766000   1963.7919      162972.77     -188957.24      12532.752     -176424.49      1.4400755      19683               2142 
    766500   2016.0395      152777.57     -189291.68      12866.191     -176425.48      1.4400755      19683               2142 
    767000   1997.1563      159658.07     -189115.64      12745.68      -176369.95      1.4400755      19683               2142 
    767500   1965.1579      163630.5      -188857.07      12541.469     -176315.6       1.4400755      19683               2142 
    768000   2044.2478      164729.97     -189221.75      13046.215     -176175.53      1.4400755      19683               2142 
    768500   2032.9313      173185.36     -188868.66      12973.993     -175894.67      1.4400755      19683               2142 
    769000   2070.5918      172462.32     -188871.56      13214.339     -175657.22      1.4400755      19683               2142 
    769500   2052.3635      160627.64     -188811.97      13098.008     -175713.96      1.4400755      19683               2142 
    770000   2057.0634      163150.67     -189092.05      13128.002     -175964.05      1.4400755      19683               2142 
    770500   2002.1412      155074.22     -189029.65      12777.493     -176252.15      1.4400755      19683               2142 
    771000   1961.3769      166788.95     -188898.78      12517.339     -176381.44      1.4400755      19683               2142 
    771500   1947.1078      158900.15     -188869.51      12426.275     -176443.24      1.4400755      19683               2142 
    772000   1977.3965      165243.55     -189058.1       12619.575     -176438.52      1.4400755      19683               2142 
    772500   1974.6683      162895.06     -188928.28      12602.164     -176326.11      1.4400755      19683               2142 
    773000   1954.5292      165144.65     -188611.31      12473.638     -176137.67      1.4400755      19683               2142 
    773500   2009.2144      170419.27     -188758.08      12822.634     -175935.44      1.4400755      19683               2142 
    774000   2048.4598      170702.47     -188814.86      13073.095     -175741.76      1.4400755      19683               2142 
    774500   2062.9099      163214.58     -188862.19      13165.314     -175696.88      1.4400755      19683               2142 
    775000   2003.473       160045.99     -188630.71      12785.993     -175844.72      1.4400755      19683               2142 
    775500   2044.6469      162979.07     -189324.52      13048.761     -176275.76      1.4400755      19683               2142 
    776000   1980.0554      161987.68     -189235.71      12636.544     -176599.17      1.4400755      19683               2142 
    776500   1941.8808      156961.46     -189051.02      12392.917     -176658.1       1.4400755      19683               2142 
    777000   1956.6536      162099.45     -189125.77      12487.196     -176638.57      1.4400755      19683               2142 
    777500   1975.6951      159728.8      -189081.76      12608.717     -176473.04      1.4400755      19683               2142 
    778000   2029.3337      163678.01     -189179.02      12951.034     -176227.99      1.4400755      19683               2142 
    778500   2019.0848      162334.48     -188936.77      12885.626     -176051.14      1.4400755      19683               2142 
    779000   2035.8777      170103.29     -188992.34      12992.797     -175999.54      1.4400755      19683               2142 
    779500   2012.6176      163500.05     -188876.1       12844.353     -176031.75      1.4400755      19683               2142 
    780000   2004.1172      161623.87     -188920.81      12790.104     -176130.7       1.4400755      19683               2142 
    780500   1955.9888      168795.76     -188782.8       12482.953     -176299.84      1.4400755      19683               2142 
    781000   1926.0446      163206.42     -188742.65      12291.851     -176450.79      1.4400755      19683               2142 
    781500   1985.3003      152843.15     -189285.51      12670.016     -176615.49      1.4400755      19683               2142 
    782000   1928.5134      159014.99     -189099.56      12307.607     -176791.96      1.4400755      19683               2142 
    782500   1917.6081      153613.25     -189130.29      12238.011     -176892.28      1.4400755      19683               2142 
    783000   1941.5813      156371.76     -189234.22      12391.006     -176843.22      1.4400755      19683               2142 
    783500   1931.1663      167843.1      -188848.82      12324.538     -176524.28      1.4400755      19683               2142 
    784000   1993.7405      168018.46     -188893.13      12723.881     -176169.25      1.4400755      19683               2142 
    784500   2007.8399      165026.38     -188826.17      12813.862     -176012.3       1.4400755      19683               2142 
    785000   1980.8027      171755.37     -188578.39      12641.313     -175937.08      1.4400755      19683               2142 
    785500   2037.935       153682.6      -188958.52      13005.927     -175952.6       1.4400755      19683               2142 
    786000   2029.734       169051.37     -189056.19      12953.589     -176102.6       1.4400755      19683               2142 
    786500   2001.9975      162346.68     -189111.54      12776.576     -176334.96      1.4400755      19683               2142 
    787000   1967.3632      153664.19     -189082.49      12555.544     -176526.95      1.4400755      19683               2142 
    787500   1942.1211      160629.26     -188994.84      12394.451     -176600.39      1.4400755      19683               2142 
    788000   1968.9297      155917.74     -189143.2       12565.541     -176577.66      1.4400755      19683               2142 
    788500   1957.3196      154833.03     -188971.63      12491.446     -176480.19      1.4400755      19683               2142 
    789000   1979.484       149853.47     -188920.64      12632.897     -176287.74      1.4400755      19683               2142 
    789500   2037.9448      167509.29     -189162.7       13005.989     -176156.71      1.4400755      19683               2142 
    790000   2043.8828      159364.32     -189137.88      13043.885     -176094         1.4400755      19683               2142 
    790500   1982.3033      159448.47     -188773.84      12650.89      -176122.95      1.4400755      19683               2142 
    791000   2017.5284      157602.57     -189000.96      12875.693     -176125.27      1.4400755      19683               2142 
    791500   2031.9342      159174.26     -189076.34      12967.63      -176108.71      1.4400755      19683               2142 
    792000   1996.0525      156661.65     -188890.05      12738.636     -176151.42      1.4400755      19683               2142 
    792500   2021.4201      156804.66     -189109.81      12900.53      -176209.28      1.4400755      19683               2142 
    793000   2006.5831      161932.97     -189163.04      12805.841     -176357.19      1.4400755      19683               2142 
    793500   1970.0622      162242.74     -189162.04      12572.768     -176589.27      1.4400755      19683               2142 
    794000   1962.9412      151585.68     -189295.4       12527.323     -176768.08      1.4400755      19683               2142 
    794500   1956.9385      147288.88     -189304.22      12489.014     -176815.21      1.4400755      19683               2142 
    795000   1980.3243      168489.8      -189275.12      12638.26      -176636.86      1.4400755      19683               2142 
    795500   2011.8341      162660.47     -189119.54      12839.353     -176280.19      1.4400755      19683               2142 
    796000   2017.6527      156701.69     -188909.92      12876.487     -176033.43      1.4400755      19683               2142 
    796500   2014.3032      169842.8      -188858.02      12855.111     -176002.91      1.4400755      19683               2142 
    797000   2044.9789      162128.38     -189092.83      13050.88      -176041.95      1.4400755      19683               2142 
    797500   1999.7467      164208.41     -188876.28      12762.212     -176114.07      1.4400755      19683               2142 
    798000   1978.2533      165295.45     -188858.82      12625.043     -176233.78      1.4400755      19683               2142 
    798500   1989.1213      156941.68     -189057.71      12694.402     -176363.31      1.4400755      19683               2142 
    799000   1980.7559      171203.98     -189137.1       12641.014     -176496.08      1.4400755      19683               2142 
    799500   1965.027       166763.36     -189160.99      12540.634     -176620.36      1.4400755      19683               2142 
    800000   1953.7108      159243.14     -189166.01      12468.415     -176697.59      1.4400755      19683               2142 
    800500   1976.5952      157591.11     -189322.61      12614.461     -176708.15      1.4400755      19683               2142 
    801000   2020.5483      165714.87     -189441.9       12894.966     -176546.93      1.4400755      19683               2142 
    801500   1989.8671      166577.95     -188951.17      12699.161     -176252.01      1.4400755      19683               2142 
    802000   2012.666       169686.73     -188894.19      12844.662     -176049.53      1.4400755      19683               2142 
    802500   2022.6696      169773.59     -188874.86      12908.504     -175966.36      1.4400755      19683               2142 
    803000   2046.2063      160179.18     -189023.71      13058.714     -175965         1.4400755      19683               2142 
    803500   2008.6361      157054.01     -188906.97      12818.944     -176088.03      1.4400755      19683               2142 
    804000   1987.7752      158953.88     -188998.62      12685.811     -176312.8       1.4400755      19683               2142 
    804500   1934.0218      153985.2      -188886.1       12342.762     -176543.34      1.4400755      19683               2142 
    805000   1960.1463      161654.29     -189141.02      12509.486     -176631.54      1.4400755      19683               2142 
    805500   1988.7378      156773.41     -189307.74      12691.954     -176615.78      1.4400755      19683               2142 
    806000   1977.3662      166590.25     -189130.83      12619.382     -176511.45      1.4400755      19683               2142 
    806500   2018.2532      160895.79     -189261.88      12880.319     -176381.56      1.4400755      19683               2142 
    807000   1982.7543      160621.05     -188971.72      12653.768     -176317.95      1.4400755      19683               2142 
    807500   1961.2679      162574.36     -188720.7       12516.644     -176204.06      1.4400755      19683               2142 
    808000   2029.2627      164964.3      -189055.41      12950.581     -176104.83      1.4400755      19683               2142 
    808500   2014.0301      162720.84     -188865.12      12853.367     -176011.75      1.4400755      19683               2142 
    809000   1989.0399      165052.53     -188643.12      12693.882     -175949.23      1.4400755      19683               2142 
    809500   2037.8067      167190.19     -188921.68      13005.108     -175916.57      1.4400755      19683               2142 
    810000   2041.4268      158474.98     -188923.01      13028.211     -175894.8       1.4400755      19683               2142 
    810500   2046.4518      166246.39     -189031.26      13060.28      -175970.98      1.4400755      19683               2142 
    811000   1989.9916      162676.87     -188836.42      12699.956     -176136.47      1.4400755      19683               2142 
    811500   1990.2489      163626.12     -189035.36      12701.598     -176333.76      1.4400755      19683               2142 
    812000   1971.9247      163266.6      -189077.9       12584.654     -176493.24      1.4400755      19683               2142 
    812500   1990.3476      155735.22     -189277.61      12702.228     -176575.38      1.4400755      19683               2142 
    813000   1938.7795      165488.28     -188932.55      12373.124     -176559.43      1.4400755      19683               2142 
    813500   1976.9963      163999.59     -189066.73      12617.021     -176449.71      1.4400755      19683               2142 
    814000   1998.4496      155815.55     -188958.2       12753.934     -176204.26      1.4400755      19683               2142 
    814500   2015.2741      170318.46     -188734.38      12861.307     -175873.08      1.4400755      19683               2142 
    815000   2041.4417      150108.95     -188720         13028.306     -175691.7       1.4400755      19683               2142 
    815500   2035.0965      164813.09     -188710.97      12987.812     -175723.16      1.4400755      19683               2142 
    816000   2018.3834      163674.13     -188750.61      12881.15      -175869.46      1.4400755      19683               2142 
    816500   1996.404       168450.6      -188754.96      12740.88      -176014.08      1.4400755      19683               2142 
    817000   1972.1192      171563.12     -188680.21      12585.896     -176094.32      1.4400755      19683               2142 
    817500   1993.9308      167655.91     -188882.02      12725.095     -176156.92      1.4400755      19683               2142 
    818000   1977.5074      159854.55     -188835.13      12620.283     -176214.85      1.4400755      19683               2142 
    818500   1994.4069      173394.39     -189022.23      12728.134     -176294.09      1.4400755      19683               2142 
    819000   2006.7753      155097.1      -189190.08      12807.068     -176383.01      1.4400755      19683               2142 
    819500   2023.6223      161558.96     -189465.33      12914.584     -176550.74      1.4400755      19683               2142 
    820000   1990.8903      162764.64     -189465.21      12705.691     -176759.52      1.4400755      19683               2142 
    820500   1905.2139      162558.34     -189118.28      12158.912     -176959.37      1.4400755      19683               2142 
    821000   1956.0233      163698.45     -189479.23      12483.173     -176996.06      1.4400755      19683               2142 
    821500   1974.3948      158318.33     -189420.67      12600.418     -176820.25      1.4400755      19683               2142 
    822000   1987.787       163729        -189098.86      12685.886     -176412.98      1.4400755      19683               2142 
    822500   2043.8302      161468.19     -189204.46      13043.549     -176160.91      1.4400755      19683               2142 
    823000   1999.5412      163285.22     -188837.24      12760.9       -176076.34      1.4400755      19683               2142 
    823500   1961.9185      168957.21     -188584.55      12520.796     -176063.75      1.4400755      19683               2142 
    824000   2019.747       178167.97     -188979.29      12889.852     -176089.44      1.4400755      19683               2142 
    824500   2020.1946      168412.49     -189075.2       12892.709     -176182.49      1.4400755      19683               2142 
    825000   2028.1468      165974.24     -189272.84      12943.459     -176329.38      1.4400755      19683               2142 
    825500   1988.5902      154166.55     -189234.41      12691.012     -176543.4       1.4400755      19683               2142 
    826000   1945.0867      161451.31     -189108.01      12413.376     -176694.64      1.4400755      19683               2142 
    826500   1954.8837      167528.4      -189245.74      12475.9       -176769.84      1.4400755      19683               2142 
    827000   2025.9839      150631.38     -189675.66      12929.655     -176746         1.4400755      19683               2142 
    827500   2020.8965      165806.08     -189500.33      12897.188     -176603.14      1.4400755      19683               2142 
    828000   1985.3474      163034.89     -188935.41      12670.317     -176265.09      1.4400755      19683               2142 
    828500   2049.6211      171513.09     -189034.23      13080.506     -175953.72      1.4400755      19683               2142 
    829000   2006.515       163081.42     -188672.81      12805.407     -175867.41      1.4400755      19683               2142 
    829500   2027.9881      166087.16     -188887.12      12942.446     -175944.67      1.4400755      19683               2142 
    830000   1966.9871      158897.06     -188673.57      12553.143     -176120.43      1.4400755      19683               2142 
    830500   1991.6967      166011.13     -189027.27      12710.838     -176316.43      1.4400755      19683               2142 
    831000   1985.0877      163990.6      -189108.18      12668.66      -176439.52      1.4400755      19683               2142 
    831500   1939.505       164535.53     -188891.09      12377.755     -176513.34      1.4400755      19683               2142 
    832000   2033.1172      160361.36     -189471.9       12975.18      -176496.72      1.4400755      19683               2142 
    832500   1971.4664      167018.5      -189082.38      12581.729     -176500.65      1.4400755      19683               2142 
    833000   1997.6715      159254.83     -189220.88      12748.969     -176471.91      1.4400755      19683               2142 
    833500   2002.973       165364.34     -189156.5       12782.802     -176373.69      1.4400755      19683               2142 
    834000   2008.2948      155572.66     -188919.49      12816.766     -176102.72      1.4400755      19683               2142 
    834500   2064.2682      163450.09     -188834.29      13173.983     -175660.31      1.4400755      19683               2142 
    835000   2055.1347      173328.53     -188633.5       13115.694     -175517.81      1.4400755      19683               2142 
    835500   2039.7743      187802.74     -188650.76      13017.665     -175633.09      1.4400755      19683               2142 
    836000   1992.3321      165356.71     -188613.16      12714.893     -175898.27      1.4400755      19683               2142 
    836500   1988.964       164709.2      -188809.02      12693.398     -176115.62      1.4400755      19683               2142 
    837000   2027.3749      162671.25     -189240.51      12938.533     -176301.97      1.4400755      19683               2142 
    837500   1995.0017      163545.16     -189136.75      12731.93      -176404.82      1.4400755      19683               2142 
    838000   1978.032       162701.66     -189095.37      12623.63      -176471.74      1.4400755      19683               2142 
    838500   2023.4462      167193.56     -189383.93      12913.46      -176470.47      1.4400755      19683               2142 
    839000   2000.3144      183575.17     -189234.7       12765.835     -176468.86      1.4400755      19683               2142 
    839500   1988.1043      164117.34     -189198.36      12687.911     -176510.45      1.4400755      19683               2142 
    840000   2016.2501      164324.71     -189497.83      12867.535     -176630.3       1.4400755      19683               2142 
    840500   1982.2242      160499.33     -189443.31      12650.385     -176792.92      1.4400755      19683               2142 
    841000   1908.3556      170161.37     -189080.49      12178.962     -176901.53      1.4400755      19683               2142 
    841500   1973.313       157425.71     -189448.21      12593.514     -176854.7       1.4400755      19683               2142 
    842000   1965.2819      158535.75     -189209         12542.26      -176666.74      1.4400755      19683               2142 
    842500   1997.8342      167644.05     -189107.97      12750.006     -176357.96      1.4400755      19683               2142 
    843000   2071.0595      161905.54     -189380.61      13217.324     -176163.29      1.4400755      19683               2142 
    843500   2002.2733      151976.48     -188893.27      12778.336     -176114.94      1.4400755      19683               2142 
    844000   1972.9832      169655.2      -188698.43      12591.41      -176107.02      1.4400755      19683               2142 
    844500   1989.2396      160843.83     -188872.03      12695.157     -176176.87      1.4400755      19683               2142 
    845000   1985.3186      166328.89     -188983.87      12670.133     -176313.73      1.4400755      19683               2142 
    845500   1967.4312      168499.61     -189030.95      12555.977     -176474.97      1.4400755      19683               2142 
    846000   1989.3752      162645.7      -189368.94      12696.022     -176672.92      1.4400755      19683               2142 
    846500   1968.6182      155963.08     -189367.6       12563.553     -176804.05      1.4400755      19683               2142 
    847000   1972.8057      161545.56     -189452.21      12590.277     -176861.94      1.4400755      19683               2142 
    847500   1964.4253      166139.13     -189334.86      12536.794     -176798.07      1.4400755      19683               2142 
    848000   1933.2723      167155.95     -188920.26      12337.978     -176582.28      1.4400755      19683               2142 
    848500   1981.8815      165428.96     -188939.08      12648.198     -176290.88      1.4400755      19683               2142 
    849000   2045.0464      165115.5      -189122.99      13051.311     -176071.68      1.4400755      19683               2142 
    849500   1999.8785      157702.84     -188720.78      12763.053     -175957.73      1.4400755      19683               2142 
    850000   2078.124       164254.48     -189218.52      13262.41      -175956.11      1.4400755      19683               2142 
    850500   2006.3465      169732.36     -188920.16      12804.331     -176115.83      1.4400755      19683               2142 
    851000   1973.7719      170346.54     -188925.8       12596.443     -176329.36      1.4400755      19683               2142 
    851500   1961.7769      164382.93     -189006.64      12519.892     -176486.75      1.4400755      19683               2142 
    852000   1985.1554      158643.62     -189236.95      12669.092     -176567.85      1.4400755      19683               2142 
    852500   2006.4791      165083.79     -189347.5       12805.178     -176542.33      1.4400755      19683               2142 
    853000   2003.5416      156334.69     -189227.25      12786.431     -176440.82      1.4400755      19683               2142 
    853500   2009.3969      162169.08     -189037.51      12823.799     -176213.71      1.4400755      19683               2142 
    854000   2025.9099      164152.37     -188758.29      12929.183     -175829.1       1.4400755      19683               2142 
    854500   2043.9761      174113.29     -188608         13044.481     -175563.52      1.4400755      19683               2142 
    855000   2054.7877      166890.78     -188680.8       13113.479     -175567.32      1.4400755      19683               2142 
    855500   2058.084       172978.3      -188846.54      13134.516     -175712.02      1.4400755      19683               2142 
    856000   2028.3287      160609.15     -188857.43      12944.62      -175912.81      1.4400755      19683               2142 
    856500   2005.107       168108.62     -188863.01      12796.421     -176066.59      1.4400755      19683               2142 
    857000   1962.2174      165156.66     -188736.14      12522.703     -176213.44      1.4400755      19683               2142 
    857500   1976.2573      166572.24     -188898.35      12612.305     -176286.05      1.4400755      19683               2142 
    858000   1965.9901      164261.12     -188891.46      12546.78      -176344.68      1.4400755      19683               2142 
    858500   1955.7495      164245.92     -188910.89      12481.426     -176429.47      1.4400755      19683               2142 
    859000   1982.6093      161917.83     -189090.02      12652.843     -176437.18      1.4400755      19683               2142 
    859500   1967.696       160038.86     -188970.21      12557.667     -176412.54      1.4400755      19683               2142 
    860000   2000.6254      165434.13     -189089.32      12767.82      -176321.5       1.4400755      19683               2142 
    860500   2018.4214      171288.8      -188986.25      12881.393     -176104.86      1.4400755      19683               2142 
    861000   2032.9058      153342.34     -188855.93      12973.831     -175882.1       1.4400755      19683               2142 
    861500   2058.8733      168626.38     -188868.94      13139.553     -175729.39      1.4400755      19683               2142 
    862000   2114.2889      156802.82     -189211.43      13493.211     -175718.22      1.4400755      19683               2142 
    862500   2050.5748      162551.91     -188973.81      13086.592     -175887.22      1.4400755      19683               2142 
    863000   1968.4027      168580.7      -188751.27      12562.178     -176189.09      1.4400755      19683               2142 
    863500   2013.2137      164669.39     -189189.81      12848.157     -176341.65      1.4400755      19683               2142 
    864000   1978.9356      164134.53     -189052.06      12629.397     -176422.66      1.4400755      19683               2142 
    864500   2021.1014      158785.43     -189338.18      12898.496     -176439.68      1.4400755      19683               2142 
    865000   1999.5904      155668.95     -189181.91      12761.215     -176420.7       1.4400755      19683               2142 
    865500   1986.1683      160843.35     -189059.6       12675.556     -176384.05      1.4400755      19683               2142 
    866000   1981.7692      159086.28     -189027.5       12647.481     -176380.02      1.4400755      19683               2142 
    866500   2012.948       154754.14     -189149.88      12846.462     -176303.42      1.4400755      19683               2142 
    867000   1995.1721      160347.88     -188948.41      12733.017     -176215.39      1.4400755      19683               2142 
    867500   2039.9454      161683.95     -189123.69      13018.757     -176104.94      1.4400755      19683               2142 
    868000   2026.2467      152562.28     -188935.53      12931.333     -176004.2       1.4400755      19683               2142 
    868500   2032.2987      158732.93     -189002.06      12969.956     -176032.1       1.4400755      19683               2142 
    869000   2048.5239      166234.36     -189243.22      13073.504     -176169.72      1.4400755      19683               2142 
    869500   2012.7353      172270.45     -189238.98      12845.104     -176393.88      1.4400755      19683               2142 
    870000   1946.5358      166038.17     -188995.99      12422.625     -176573.36      1.4400755      19683               2142 
    870500   2024.7876      156528.1      -189557.22      12922.021     -176635.2       1.4400755      19683               2142 
    871000   1984.8248      153784.87     -189278.01      12666.982     -176611.03      1.4400755      19683               2142 
    871500   1942.4116      173136.28     -188938.34      12396.305     -176542.03      1.4400755      19683               2142 
    872000   2013.9497      163945.72     -189189.12      12852.855     -176336.27      1.4400755      19683               2142 
    872500   2075.7069      165401.56     -189218.47      13246.984     -175971.48      1.4400755      19683               2142 
    873000   2087.4528      167805.24     -189037.74      13321.945     -175715.79      1.4400755      19683               2142 
    873500   2062.5935      172824.12     -188868.32      13163.295     -175705.02      1.4400755      19683               2142 
    874000   2051.6231      168901.61     -188973.68      13093.283     -175880.39      1.4400755      19683               2142 
    874500   2007.5612      158575.29     -188906.04      12812.084     -176093.96      1.4400755      19683               2142 
    875000   1952.8608      168205.65     -188694.21      12462.99      -176231.22      1.4400755      19683               2142 
    875500   2048.0344      157032.9      -189390.69      13070.38      -176320.31      1.4400755      19683               2142 
    876000   1993.8727      162645.47     -189098.6       12724.725     -176373.87      1.4400755      19683               2142 
    876500   1995.5405      154727.26     -189135.5       12735.369     -176400.13      1.4400755      19683               2142 
    877000   2000.6934      162709.16     -189165.37      12768.254     -176397.11      1.4400755      19683               2142 
    877500   1984.604       161533.34     -189080.58      12665.572     -176415.01      1.4400755      19683               2142 
    878000   1988.2879      159635.07     -189112.14      12689.083     -176423.05      1.4400755      19683               2142 
    878500   2032.8381      165026.48     -189450.71      12973.399     -176477.31      1.4400755      19683               2142 
    879000   1955.7386      158843.24     -189082.87      12481.356     -176601.51      1.4400755      19683               2142 
    879500   2012.9594      167379.98     -189542.55      12846.534     -176696.02      1.4400755      19683               2142 
    880000   1983.9107      157386.5      -189415.29      12661.148     -176754.14      1.4400755      19683               2142 
    880500   1976.3037      161593.81     -189316         12612.601     -176703.4       1.4400755      19683               2142 
    881000   2012.2735      170440.44     -189401.59      12842.157     -176559.43      1.4400755      19683               2142 
    881500   2011.4079      149962.69     -189194.96      12836.633     -176358.32      1.4400755      19683               2142 
    882000   2038.1935      163380.25     -189155.37      13007.576     -176147.79      1.4400755      19683               2142 
    882500   2042.8817      160601.5      -189069.13      13037.496     -176031.63      1.4400755      19683               2142 
    883000   2007.9471      162518.45     -188833.38      12814.546     -176018.84      1.4400755      19683               2142 
    883500   2014.6383      166476.13     -189083.88      12857.249     -176226.63      1.4400755      19683               2142 
    884000   1956.3984      169003.54     -189077.84      12485.567     -176592.27      1.4400755      19683               2142 
    884500   2004.6531      161589.94     -189573.33      12793.524     -176779.8       1.4400755      19683               2142 
    885000   1959.2741      157146.23     -189302.89      12503.92      -176798.97      1.4400755      19683               2142 
    885500   2011.319       160443.47     -189551.83      12836.065     -176715.76      1.4400755      19683               2142 
    886000   1970.3731      164460.12     -189185.41      12574.752     -176610.66      1.4400755      19683               2142 
    886500   1945.4432      166024.46     -188862.88      12415.652     -176447.23      1.4400755      19683               2142 
    887000   1990.8102      167072.17     -188979.36      12705.18      -176274.18      1.4400755      19683               2142 
    887500   2009.467       169205.95     -188928.86      12824.246     -176104.61      1.4400755      19683               2142 
    888000   2032.6033      167131.24     -188915.99      12971.9       -175944.09      1.4400755      19683               2142 
    888500   2005.5155      160363.2      -188460.81      12799.028     -175661.78      1.4400755      19683               2142 
    889000   2062.8955      160828.9      -188552.39      13165.222     -175387.17      1.4400755      19683               2142 
    889500   2069.6363      173410.35     -188568.64      13208.241     -175360.4       1.4400755      19683               2142 
    890000   2076.1179      167594.49     -188933.92      13249.607     -175684.32      1.4400755      19683               2142 
    890500   2019.0462      158495.11     -188908.58      12885.38      -176023.2       1.4400755      19683               2142 
    891000   2023.3237      163535        -189076.48      12912.678     -176163.8       1.4400755      19683               2142 
    891500   2001.8021      160847.25     -189087.45      12775.33      -176312.12      1.4400755      19683               2142 
    892000   2026.7439      160127.24     -189417.45      12934.506     -176482.95      1.4400755      19683               2142 
    892500   2003.4555      166369.03     -189408.08      12785.881     -176622.2       1.4400755      19683               2142 
    893000   1973.7657      159212.06     -189316.89      12596.404     -176720.49      1.4400755      19683               2142 
    893500   1935.2293      164782.67     -189126.82      12350.468     -176776.35      1.4400755      19683               2142 
    894000   1982.9915      162091.89     -189403.15      12655.282     -176747.87      1.4400755      19683               2142 
    894500   1915.3126      153637.14     -188811.24      12223.361     -176587.87      1.4400755      19683               2142 
    895000   2002.8306      162560.4      -189013.76      12781.893     -176231.86      1.4400755      19683               2142 
    895500   2026.6668      174922.07     -188949.28      12934.014     -176015.27      1.4400755      19683               2142 
    896000   2041.8443      155293.41     -188997.45      13030.876     -175966.58      1.4400755      19683               2142 
    896500   1971.258       169304.68     -188617.34      12580.4       -176036.94      1.4400755      19683               2142 
    897000   2006.3094      158900.88     -188924.39      12804.095     -176120.3       1.4400755      19683               2142 
    897500   2005.063       155194.36     -189034.47      12796.14      -176238.33      1.4400755      19683               2142 
    898000   2006.2456      163095.42     -189188.9       12803.688     -176385.21      1.4400755      19683               2142 
    898500   2007.2122      165622.31     -189339.95      12809.856     -176530.1       1.4400755      19683               2142 
    899000   2002.4912      170265.13     -189437.87      12779.727     -176658.14      1.4400755      19683               2142 
    899500   1968.7946      160234.51     -189248.15      12564.678     -176683.47      1.4400755      19683               2142 
    900000   1952.8372      163199.7      -189134.74      12462.84      -176671.9       1.4400755      19683               2142 
    900500   2003.0406      165810.28     -189398.74      12783.233     -176615.5       1.4400755      19683               2142 
    901000   1985.3982      160030.2      -189230.97      12670.641     -176560.33      1.4400755      19683               2142 
    901500   2008.0152      163949.89     -189256.14      12814.981     -176441.16      1.4400755      19683               2142 
    902000   1997.5696      162947.88     -189071.35      12748.318     -176323.04      1.4400755      19683               2142 
    902500   2010.6836      164134.78     -188988.1       12832.011     -176156.09      1.4400755      19683               2142 
    903000   2035.867       164871.69     -188968.19      12992.729     -175975.46      1.4400755      19683               2142 
    903500   2056.0764      168598.05     -188981.07      13121.704     -175859.37      1.4400755      19683               2142 
    904000   2048.3538      165256.08     -188989.24      13072.418     -175916.82      1.4400755      19683               2142 
    904500   2005.379       162969.83     -189099.64      12798.157     -176301.48      1.4400755      19683               2142 
    905000   2012.1451      157969.65     -189512.23      12841.338     -176670.9       1.4400755      19683               2142 
    905500   1970.1602      154775.69     -189366.23      12573.394     -176792.83      1.4400755      19683               2142 
    906000   1939.6981      165968.83     -189162.81      12378.987     -176783.82      1.4400755      19683               2142 
    906500   1955.5371      165652.13     -189169.38      12480.07      -176689.31      1.4400755      19683               2142 
    907000   1984.8548      159526.83     -189164.27      12667.173     -176497.1       1.4400755      19683               2142 
    907500   2071.4725      158144.77     -189498.92      13219.96      -176278.96      1.4400755      19683               2142 
    908000   2003.0497      173616.95     -188969.62      12783.292     -176186.33      1.4400755      19683               2142 
    908500   2006.2999      159244.8      -189009.48      12804.034     -176205.45      1.4400755      19683               2142 
    909000   2002.9854      161391.99     -189149.16      12782.881     -176366.28      1.4400755      19683               2142 
    909500   1968.0399      168500.07     -189166.6       12559.862     -176606.74      1.4400755      19683               2142 
    910000   1971.5736      160165.85     -189395.41      12582.414     -176813         1.4400755      19683               2142 
    910500   1976.5172      165784.87     -189496.06      12613.963     -176882.1       1.4400755      19683               2142 
    911000   2002.9116      167464.3      -189662.9       12782.41      -176880.49      1.4400755      19683               2142 
    911500   1955.9126      161225.83     -189244.11      12482.466     -176761.64      1.4400755      19683               2142 
    912000   2020.2433      168337.61     -189316.53      12893.019     -176423.51      1.4400755      19683               2142 
    912500   1968.1529      172302.98     -188703.41      12560.583     -176142.83      1.4400755      19683               2142 
    913000   2055.9119      164509.99     -189135.53      13120.654     -176014.88      1.4400755      19683               2142 
    913500   1988.8844      173292.05     -188736.64      12692.89      -176043.75      1.4400755      19683               2142 
    914000   2033.1061      168950.17     -189176.45      12975.109     -176201.34      1.4400755      19683               2142 
    914500   2003.7508      160876.96     -189251.62      12787.766     -176463.85      1.4400755      19683               2142 
    915000   1953.9822      173809.77     -189096.59      12470.147     -176626.44      1.4400755      19683               2142 
    915500   1971.1141      152835.52     -189281.82      12579.482     -176702.34      1.4400755      19683               2142 
    916000   2024.6027      162850.35     -189622.94      12920.841     -176702.1       1.4400755      19683               2142 
    916500   1991.734       156477        -189396.49      12711.076     -176685.42      1.4400755      19683               2142 
    917000   2042.2417      166611.82     -189671.02      13033.411     -176637.61      1.4400755      19683               2142 
    917500   1994.9213      168146.86     -189281.03      12731.417     -176549.61      1.4400755      19683               2142 
    918000   2048.8408      158392.11     -189351.37      13075.526     -176275.84      1.4400755      19683               2142 
    918500   2051.4594      171779.76     -189044.47      13092.238     -175952.23      1.4400755      19683               2142 
    919000   1998.0782      167013.66     -188553.69      12751.564     -175802.13      1.4400755      19683               2142 
    919500   2056.7752      169671.26     -188946.1       13126.163     -175819.94      1.4400755      19683               2142 
    920000   2055.121       167255.45     -189133.21      13115.606     -176017.6       1.4400755      19683               2142 
    920500   2029.739       170684.29     -189264.57      12953.62      -176310.95      1.4400755      19683               2142 
    921000   2002.1635      169002.09     -189241         12777.636     -176463.36      1.4400755      19683               2142 
    921500   1977.9315      164686.85     -189137.59      12622.989     -176514.6       1.4400755      19683               2142 
    922000   2004.345       165163.65     -189311.06      12791.558     -176519.5       1.4400755      19683               2142 
    922500   1975.5828      174663.69     -189123.78      12608         -176515.78      1.4400755      19683               2142 
    923000   1999.5964      171622.79     -189278.44      12761.253     -176517.18      1.4400755      19683               2142 
    923500   2028.6061      156714.52     -189454.93      12946.39      -176508.54      1.4400755      19683               2142 
    924000   1985.313       169673.31     -189239.88      12670.098     -176569.79      1.4400755      19683               2142 
    924500   2009.1562      167698.9      -189510.16      12822.262     -176687.89      1.4400755      19683               2142 
    925000   1973.7214      161920.44     -189448.48      12596.121     -176852.35      1.4400755      19683               2142 
    925500   1965.2818      170162.91     -189558.37      12542.26      -177016.11      1.4400755      19683               2142 
    926000   1978.9831      157802.72     -189752.83      12629.701     -177123.13      1.4400755      19683               2142 
    926500   1914.3203      165472.31     -189333.02      12217.028     -177116         1.4400755      19683               2142 
    927000   1955.8329      161921.31     -189335.16      12481.958     -176853.2       1.4400755      19683               2142 
    927500   2017.5436      154714.46     -189371.82      12875.79      -176496.03      1.4400755      19683               2142 
    928000   2044.822       156735.7      -189384.19      13049.879     -176334.32      1.4400755      19683               2142 
    928500   2025.7359      161922.44     -189211         12928.073     -176282.92      1.4400755      19683               2142 
    929000   2012.2772      159491.87     -189082.74      12842.18      -176240.56      1.4400755      19683               2142 
    929500   2034.9129      161564.93     -189252.22      12986.64      -176265.58      1.4400755      19683               2142 
    930000   1994.7023      164868.2      -189066.84      12730.019     -176336.82      1.4400755      19683               2142 
    930063   2018.8915      158056.89     -189240.45      12884.393     -176356.05      1.4400755      19683               2142 
Loop time of 18883.4 on 48 procs for 400000 steps with 2142 atoms

Performance: 0.183 ns/day, 131.135 hours/ns, 21.183 timesteps/s, 45.373 katom-step/s
99.4% CPU use with 12 MPI tasks x 4 OpenMP threads

MPI task timing breakdown:
Section |  min time  |  avg time  |  max time  |%varavg| %total
---------------------------------------------------------------
Pair    | 15677      | 15840      | 16062      |  83.7 | 83.88
Neigh   | 145.52     | 146.69     | 148.07     |   7.5 |  0.78
Comm    | 216.84     | 439.66     | 602.94     | 503.0 |  2.33
Output  | 0.098392   | 0.11514    | 0.13922    |   3.1 |  0.00
Modify  | 2445.8     | 2448.5     | 2449.7     |   2.5 | 12.97
Other   |            | 8.551      |            |       |  0.05

Nlocal:          178.5 ave         185 max         170 min
Histogram: 2 0 1 0 1 2 1 2 1 2
Nghost:        4889.17 ave        4950 max        4824 min
Histogram: 2 1 1 0 0 2 1 3 1 1
Neighs:         126527 ave      131428 max      119188 min
Histogram: 1 0 1 1 1 1 2 2 0 3

Total # of neighbors = 1518323
Ave neighs/atom = 708.83427
Neighbor list builds = 4715
Dangerous builds = 0
write_restart   out/restart.solgel_pH${pH}.stage2
write_restart   out/restart.solgel_pH6.0.stage2
System init for write_restart ...

print           "--- Condensation Stage 3/4 ---"
--- Condensation Stage 3/4 ---
run             400000
Per MPI rank memory allocation (min/avg/max) = 349.6 | 354.7 | 359 Mbytes
   Step          Temp          Press          PotEng         KinEng         TotEng        Density         Volume        Atoms   
    930063   2018.8915      158056.42     -189240.45      12884.393     -176356.06      1.4400755      19683               2142 
    930500   2002.4047      158293.69     -189266.54      12779.175     -176487.37      1.4400755      19683               2142 
    931000   1983.8664      164340.38     -189337.27      12660.866     -176676.41      1.4400755      19683               2142 
    931500   1987.0761      159251.51     -189520.07      12681.349     -176838.72      1.4400755      19683               2142 
    932000   1959.7486      147395.43     -189453.72      12506.948     -176946.77      1.4400755      19683               2142 
    932500   2002.4675      159936.35     -189837.06      12779.576     -177057.49      1.4400755      19683               2142 
    933000   1918.5094      163034.1      -189410.8       12243.763     -177167.04      1.4400755      19683               2142 
    933500   1998.379       157987.19     -189992.12      12753.484     -177238.64      1.4400755      19683               2142 
    934000   1915.0593      151036.63     -189394.25      12221.744     -177172.51      1.4400755      19683               2142 
    934500   1999.0917      158197.76     -189679.24      12758.032     -176921.21      1.4400755      19683               2142 
    935000   2031.8991      158102.23     -189598.49      12967.406     -176631.08      1.4400755      19683               2142 
    935500   1988.0379      168698.6      -189110.96      12687.488     -176423.47      1.4400755      19683               2142 
    936000   2008.3448      157124.63     -189108.46      12817.084     -176291.38      1.4400755      19683               2142 
    936500   2039.9934      160773.53     -189261.25      13019.063     -176242.18      1.4400755      19683               2142 
    937000   2024.9198      165189.28     -189163.45      12922.865     -176240.59      1.4400755      19683               2142 
    937500   2042.3706      156886.34     -189340.77      13034.234     -176306.53      1.4400755      19683               2142 
    938000   1994.6375      159353.43     -189236.74      12729.606     -176507.14      1.4400755      19683               2142 
    938500   1974.5366      161345.9      -189395.7       12601.323     -176794.38      1.4400755      19683               2142 
    939000   1942.8938      167060.03     -189372.91      12399.382     -176973.53      1.4400755      19683               2142 
    939500   1982.3586      168218.17     -189625.66      12651.243     -176974.42      1.4400755      19683               2142 
    940000   1984.0292      165179.28     -189551.09      12661.905     -176889.19      1.4400755      19683               2142 
    940500   1970.0833      164503.46     -189309.25      12572.903     -176736.35      1.4400755      19683               2142 
    941000   2018.7595      159492.13     -189490.08      12883.55      -176606.52      1.4400755      19683               2142 
    941500   2028.2213      162300.5      -189471.36      12943.935     -176527.42      1.4400755      19683               2142 
    942000   2014.0996      164735.46     -189314.22      12853.811     -176460.41      1.4400755      19683               2142 
    942500   2021.2291      165438.19     -189321.57      12899.311     -176422.26      1.4400755      19683               2142 
    943000   2013.8693      168385.56     -189251.06      12852.342     -176398.72      1.4400755      19683               2142 
    943500   2030.1446      166694.83     -189254.53      12956.209     -176298.32      1.4400755      19683               2142 
    944000   2007.1041      166968.78     -189041.63      12809.166     -176232.47      1.4400755      19683               2142 
    944500   2037.8704      162530.13     -189168.53      13005.514     -176163.01      1.4400755      19683               2142 
    945000   2068.1462      166784.86     -189375.86      13198.732     -176177.13      1.4400755      19683               2142 
    945500   2026.6882      164305.37     -189261.95      12934.15      -176327.8       1.4400755      19683               2142 
    946000   2020.8037      165922.3      -189436.55      12896.596     -176539.96      1.4400755      19683               2142 
    946500   1988.0452      166159.22     -189419.91      12687.534     -176732.37      1.4400755      19683               2142 
    947000   1961.2569      162410.63     -189353.56      12516.573     -176836.99      1.4400755      19683               2142 
    947500   1996.393       163367.34     -189582.33      12740.809     -176841.52      1.4400755      19683               2142 
    948000   1973.8587      163758.38     -189358.19      12596.997     -176761.2       1.4400755      19683               2142 
    948500   1967.6414      159263.63     -189104.91      12557.319     -176547.59      1.4400755      19683               2142 
    949000   2071.1723      169940.38     -189422.63      13218.044     -176204.58      1.4400755      19683               2142 
    949500   2037.1178      174769.05     -188979.42      13000.711     -175978.71      1.4400755      19683               2142 
    950000   2038.0014      166064.31     -188975.26      13006.35      -175968.91      1.4400755      19683               2142 
    950500   2037.1547      162763.01     -189057.93      13000.947     -176056.98      1.4400755      19683               2142 
    951000   1977.3585      172534.5      -188798.41      12619.333     -176179.08      1.4400755      19683               2142 
    951500   2019.0092      168462.07     -189163.02      12885.144     -176277.88      1.4400755      19683               2142 
    952000   2018.3481      168046.32     -189278.17      12880.924     -176397.25      1.4400755      19683               2142 
    952500   2040.1795      164294.67     -189463.9       13020.251     -176443.65      1.4400755      19683               2142 
    953000   1988.0771      168915.13     -189227.99      12687.737     -176540.25      1.4400755      19683               2142 
    953500   1990.8543      173077.46     -189340.93      12705.461     -176635.47      1.4400755      19683               2142 
    954000   2027.6957      162409.58     -189634.86      12940.58      -176694.28      1.4400755      19683               2142 
    954500   2010.2187      161856.58     -189591.06      12829.044     -176762.02      1.4400755      19683               2142 
    955000   1947.7745      168120.38     -189388.61      12430.53      -176958.08      1.4400755      19683               2142 
    955500   1941.392       161070.99     -189627.99      12389.798     -177238.19      1.4400755      19683               2142 
    956000   1901.1707      155846.11     -189479.75      12133.109     -177346.64      1.4400755      19683               2142 
    956500   1918.4194      164327.79     -189484.28      12243.188     -177241.1       1.4400755      19683               2142 
    957000   2017.5923      163391.88     -189817.15      12876.101     -176941.05      1.4400755      19683               2142 
    957500   1985.336       160745.05     -189356.95      12670.244     -176686.7       1.4400755      19683               2142 
    958000   1992.2504      174440.65     -189226.17      12714.371     -176511.8       1.4400755      19683               2142 
    958500   2027.5779      169596.05     -189361.03      12939.828     -176421.2       1.4400755      19683               2142 
    959000   2006.7446      160324.45     -189169.81      12806.872     -176362.94      1.4400755      19683               2142 
    959500   2018.7655      167409.82     -189220.61      12883.588     -176337.03      1.4400755      19683               2142 
    960000   2001.9361      169549.14     -189125.94      12776.185     -176349.75      1.4400755      19683               2142 
    960500   1984.6167      174893.3      -189141.37      12665.653     -176475.72      1.4400755      19683               2142 
    961000   2011.3521      164396.57     -189565.47      12836.277     -176729.19      1.4400755      19683               2142 
    961500   1967.8218      153024.92     -189577.59      12558.47      -177019.12      1.4400755      19683               2142 
    962000   1936.4255      164834.74     -189484.6       12358.101     -177126.5       1.4400755      19683               2142 
    962500   1968.2137      161784.2      -189623.03      12560.971     -177062.06      1.4400755      19683               2142 
    963000   2003.6012      160657.82     -189711.82      12786.811     -176925.01      1.4400755      19683               2142 
    963500   1978.3407      154919.78     -189381.29      12625.601     -176755.69      1.4400755      19683               2142 
    964000   2036.4916      174054.81     -189646.55      12996.715     -176649.83      1.4400755      19683               2142 
    964500   1993.799       168007.94     -189360.6       12724.254     -176636.35      1.4400755      19683               2142 
    965000   2036.795       172539.67     -189617.15      12998.651     -176618.5       1.4400755      19683               2142 
    965500   2014.3169      163940.26     -189499.07      12855.198     -176643.88      1.4400755      19683               2142 
    966000   1952.5772      161672.91     -189136.42      12461.181     -176675.24      1.4400755      19683               2142 
    966500   1965.5725      159673.25     -189254.61      12544.115     -176710.49      1.4400755      19683               2142 
    967000   1976.1402      151845.62     -189401.64      12611.557     -176790.08      1.4400755      19683               2142 
    967500   1942.0992      169968.76     -189382.89      12394.311     -176988.57      1.4400755      19683               2142 
    968000   1948.9536      148375.69     -189693.05      12438.055     -177254.99      1.4400755      19683               2142 
    968500   1909.6901      160437.85     -189536.49      12187.478     -177349.01      1.4400755      19683               2142 
    969000   1932.1669      162083.41     -189552.65      12330.923     -177221.73      1.4400755      19683               2142 
    969500   1989.2731      151057.21     -189603.41      12695.371     -176908.04      1.4400755      19683               2142 
    970000   1998.4602      164173.82     -189417.26      12754.002     -176663.26      1.4400755      19683               2142 
    970500   1964.1937      160801.57     -189016.1       12535.316     -176480.78      1.4400755      19683               2142 
    971000   1997.7489      162157.41     -189117.46      12749.462     -176367.99      1.4400755      19683               2142 
    971500   2045.9928      153321.63     -189370.23      13057.351     -176312.88      1.4400755      19683               2142 
    972000   2008.1606      172538.31     -189122.88      12815.909     -176306.97      1.4400755      19683               2142 
    972500   2013.088       160446.27     -189206.74      12847.355     -176359.39      1.4400755      19683               2142 
    973000   1987.371       163625.77     -189178.31      12683.232     -176495.08      1.4400755      19683               2142 
    973500   1982.871       166376.92     -189395.9       12654.513     -176741.38      1.4400755      19683               2142 
    974000   2008.0625      154922.47     -189815.34      12815.283     -177000.06      1.4400755      19683               2142 
    974500   1977.8117      165898.43     -189766.67      12622.225     -177144.44      1.4400755      19683               2142 
    975000   1965.4592      155493.85     -189663.22      12543.392     -177119.83      1.4400755      19683               2142 
    975500   1963.707       163722.94     -189510.33      12532.21      -176978.12      1.4400755      19683               2142 
    976000   1990.7579      155600.34     -189478.5       12704.846     -176773.66      1.4400755      19683               2142 
    976500   1996.2859      169833.03     -189353.23      12740.126     -176613.11      1.4400755      19683               2142 
    977000   2017.6026      166896.91     -189400.73      12876.167     -176524.57      1.4400755      19683               2142 
    977500   2057.5681      157799.95     -189637.74      13131.223     -176506.52      1.4400755      19683               2142 
    978000   2027.4562      159576.1      -189466.91      12939.052     -176527.86      1.4400755      19683               2142 
    978500   1993.289       160164.95     -189282.92      12721         -176561.92      1.4400755      19683               2142 
    979000   1988.1424      162792.46     -189273.52      12688.155     -176585.36      1.4400755      19683               2142 
    979500   1946.9169      163490.38     -189023.05      12425.057     -176598         1.4400755      19683               2142 
    980000   1987.5502      155772.2      -189346.4       12684.375     -176662.02      1.4400755      19683               2142 
    980500   2016.6564      165840.57     -189710.54      12870.128     -176840.41      1.4400755      19683               2142 
    981000   1978.5294      159821.31     -189741.57      12626.805     -177114.77      1.4400755      19683               2142 
    981500   1961.126       166329.96     -189741.2       12515.738     -177225.46      1.4400755      19683               2142 
    982000   1922.0388      170979.14     -189455.11      12266.287     -177188.83      1.4400755      19683               2142 
    982500   1947.5239      168757.44     -189414.15      12428.931     -176985.21      1.4400755      19683               2142 
    983000   2016.3603      166227.59     -189570.65      12868.239     -176702.41      1.4400755      19683               2142 
    983500   2007.199       163519.83     -189304.72      12809.772     -176494.95      1.4400755      19683               2142 
    984000   1998.6905      153249.57     -189188.92      12755.471     -176433.45      1.4400755      19683               2142 
    984500   2043.4249      169550.09     -189458.13      13040.963     -176417.16      1.4400755      19683               2142 
    985000   1998.7728      168953.68     -189192.7       12755.997     -176436.71      1.4400755      19683               2142 
    985500   2015.5863      160219.7      -189362.66      12863.299     -176499.36      1.4400755      19683               2142 
    986000   2036.3893      166337.41     -189575         12996.062     -176578.94      1.4400755      19683               2142 
    986500   1947.3958      162497.33     -189200.71      12428.113     -176772.6       1.4400755      19683               2142 
    987000   1975.1469      165479.96     -189601.37      12605.218     -176996.15      1.4400755      19683               2142 
    987500   1930.2254      160009.45     -189453.66      12318.533     -177135.12      1.4400755      19683               2142 
    988000   1932.0189      156835.43     -189498.49      12329.979     -177168.51      1.4400755      19683               2142 
    988500   1980.582       156274.99     -189630.32      12639.905     -176990.41      1.4400755      19683               2142 
    989000   2026.0648      158283.58     -189519.77      12930.172     -176589.6       1.4400755      19683               2142 
    989500   1996.302       162300.38     -189086.03      12740.228     -176345.8       1.4400755      19683               2142 
    990000   2034.2469      162794.73     -189240.07      12982.389     -176257.68      1.4400755      19683               2142 
    990500   1983.9728      174510.92     -188949.89      12661.545     -176288.34      1.4400755      19683               2142 
    991000   2022.0954      166315.62     -189269.73      12904.84      -176364.89      1.4400755      19683               2142 
    991500   1995.3276      151621.54     -189285.21      12734.01      -176551.2       1.4400755      19683               2142 
    992000   1978.8264      182347.22     -189400.7       12628.701     -176772         1.4400755      19683               2142 
    992500   1987.6436      165173.37     -189580.18      12684.971     -176895.21      1.4400755      19683               2142 
    993000   1956.052       157131.47     -189354.92      12483.356     -176871.57      1.4400755      19683               2142 
    993500   1949.8582      160438.6      -189263.06      12443.828     -176819.23      1.4400755      19683               2142 
    994000   1996.3107      174065.86     -189415.39      12740.284     -176675.1       1.4400755      19683               2142 
    994500   1994.561       160782.06     -189238.95      12729.117     -176509.83      1.4400755      19683               2142 
    995000   2015.7463      169852.39     -189294.05      12864.32      -176429.73      1.4400755      19683               2142 
    995500   2008.7511      173090.09     -189216.81      12819.677     -176397.13      1.4400755      19683               2142 
    996000   1971.7682      160447.09     -188988.64      12583.656     -176404.99      1.4400755      19683               2142 
    996500   1994.591       161066.22     -189129.11      12729.309     -176399.8       1.4400755      19683               2142 
    997000   2007.6801      158347.33     -189234.95      12812.842     -176422.1       1.4400755      19683               2142 
    997500   1980.8402      155238.92     -189175.35      12641.552     -176533.79      1.4400755      19683               2142 
    998000   1977.5104      164682.79     -189283.09      12620.302     -176662.79      1.4400755      19683               2142 
    998500   1982.5861      156270.47     -189471.79      12652.695     -176819.1       1.4400755      19683               2142 
    999000   1957.0171      168354.12     -189411.26      12489.515     -176921.75      1.4400755      19683               2142 
    999500   1976.3019      164348.02     -189599         12612.589     -176986.41      1.4400755      19683               2142 
   1000000   1967.2656      160493.87     -189522.97      12554.921     -176968.05      1.4400755      19683               2142 
   1000500   2003.3137      163882.08     -189604.71      12784.977     -176819.73      1.4400755      19683               2142 
   1001000   2000.1701      181104.23     -189297.96      12764.914     -176533.05      1.4400755      19683               2142 
   1001500   2021.7526      161042.42     -189183.39      12902.652     -176280.74      1.4400755      19683               2142 
   1002000   2059.2705      164911.55     -189316.62      13142.088     -176174.53      1.4400755      19683               2142 
   1002500   2011.0359      163473.68     -189018.59      12834.259     -176184.33      1.4400755      19683               2142 
   1003000   1987.3504      177035.33     -188920.01      12683.1       -176236.91      1.4400755      19683               2142 
   1003500   2023.5498      162492.93     -189295.05      12914.122     -176380.93      1.4400755      19683               2142 
   1004000   1990.11        162048.33     -189325.44      12700.711     -176624.73      1.4400755      19683               2142 
   1004500   1971.9976      153545.21     -189496.75      12585.119     -176911.63      1.4400755      19683               2142 
   1005000   1957.6751      171157.83     -189526.47      12493.715     -177032.76      1.4400755      19683               2142 
   1005500   1939.6022      158302.47     -189413.53      12378.375     -177035.15      1.4400755      19683               2142 
   1006000   1934.5456      157346.93     -189252.7       12346.104     -176906.6       1.4400755      19683               2142 
   1006500   2015.3619      158765.7      -189608.2       12861.867     -176746.33      1.4400755      19683               2142 
   1007000   1975.0026      156469.99     -189187.86      12604.297     -176583.56      1.4400755      19683               2142 
   1007500   1992.6821      157736.89     -189165.33      12717.127     -176448.21      1.4400755      19683               2142 
   1008000   1987.5947      167159.2      -189059.85      12684.659     -176375.19      1.4400755      19683               2142 
   1008500   2020.9348      169323.42     -189262.81      12897.433     -176365.38      1.4400755      19683               2142 
   1009000   2018.517       162283        -189288.69      12882.002     -176406.69      1.4400755      19683               2142 
   1009500   2017.6937      156274.92     -189376.53      12876.748     -176499.79      1.4400755      19683               2142 
   1010000   2006.239       159028.69     -189575.94      12803.645     -176772.3       1.4400755      19683               2142 
   1010500   1934.0323      155460.26     -189416.03      12342.828     -177073.2       1.4400755      19683               2142 
   1011000   1965.8156      164430.36     -189684.96      12545.667     -177139.29      1.4400755      19683               2142 
   1011500   1991           161793.73     -189762.07      12706.392     -177055.67      1.4400755      19683               2142 
   1012000   1983.8128      159975.12     -189498.91      12660.523     -176838.39      1.4400755      19683               2142 
   1012500   1971.0989      173282.09     -189178.3       12579.384     -176598.91      1.4400755      19683               2142 
   1013000   2020.4919      165937.29     -189328.08      12894.606     -176433.47      1.4400755      19683               2142 
   1013500   1972.7667      168691.62     -188940.29      12590.028     -176350.27      1.4400755      19683               2142 
   1014000   2023.7716      161387.57     -189279.22      12915.537     -176363.68      1.4400755      19683               2142 
   1014500   1988.1678      166315.81     -189123.77      12688.317     -176435.45      1.4400755      19683               2142 
   1015000   2002.7851      152630.85     -189301.25      12781.603     -176519.64      1.4400755      19683               2142 
   1015500   1988.3379      164344.92     -189219.56      12689.402     -176530.15      1.4400755      19683               2142 
   1016000   2032.0487      165205.36     -189492.17      12968.361     -176523.81      1.4400755      19683               2142 
   1016500   2010.6586      168013.5      -189268.06      12831.851     -176436.21      1.4400755      19683               2142 
   1017000   2049.1981      160530.62     -189339.62      13077.807     -176261.81      1.4400755      19683               2142 
   1017500   2042.316       160234.29     -189122.91      13033.886     -176089.03      1.4400755      19683               2142 
   1018000   2094.5928      163069.33     -189373.89      13367.512     -176006.38      1.4400755      19683               2142 
   1018500   2042.5843      164856.51     -189103.57      13035.598     -176067.98      1.4400755      19683               2142 
   1019000   1993.315       160724.28     -188969.31      12721.165     -176248.15      1.4400755      19683               2142 
   1019500   1979.9698      165163.3      -189123.58      12635.997     -176487.58      1.4400755      19683               2142 
   1020000   2040.4823      160820.47     -189679.15      13022.183     -176656.97      1.4400755      19683               2142 
   1020500   2018.0478      156811.86     -189623.86      12879.008     -176744.85      1.4400755      19683               2142 
   1021000   1966.0772      164751.91     -189345.99      12547.336     -176798.65      1.4400755      19683               2142 
   1021500   1977.1075      155953.91     -189428.81      12617.73      -176811.08      1.4400755      19683               2142 
   1022000   1996.7554      156562.36     -189500.69      12743.122     -176757.56      1.4400755      19683               2142 
   1022500   1985.2462      161516.74     -189362.35      12669.671     -176692.68      1.4400755      19683               2142 
   1023000   1995.0413      164364.1      -189345.06      12732.183     -176612.88      1.4400755      19683               2142 
   1023500   2014.4439      157027.23     -189283.91      12856.008     -176427.91      1.4400755      19683               2142 
   1024000   2003.7648      169218.94     -188767.22      12787.855     -175979.37      1.4400755      19683               2142 
   1024500   2056.9259      170179.45     -188739.54      13127.125     -175612.41      1.4400755      19683               2142 
   1025000   2076.3823      172957.06     -188840.52      13251.294     -175589.22      1.4400755      19683               2142 
   1025500   2019.2701      165453.69     -188634.73      12886.809     -175747.92      1.4400755      19683               2142 
   1026000   1971.6285      170032.56     -188597.74      12582.764     -176014.98      1.4400755      19683               2142 
   1026500   1984.9982      166599.93     -188921.59      12668.088     -176253.51      1.4400755      19683               2142 
   1027000   1984.5604      170070.88     -189063.8       12665.294     -176398.51      1.4400755      19683               2142 
   1027500   1995.1376      159085.75     -189248.33      12732.797     -176515.53      1.4400755      19683               2142 
   1028000   2006.0894      164305.98     -189433.39      12802.691     -176630.7       1.4400755      19683               2142 
   1028500   1952.6752      151798.02     -189161.34      12461.806     -176699.54      1.4400755      19683               2142 
   1029000   1995.3115      156206.4      -189390.05      12733.907     -176656.14      1.4400755      19683               2142 
   1029500   2068.2725      154387        -189657.34      13199.538     -176457.8       1.4400755      19683               2142 
   1030000   2019.0887      159289.42     -189042.2       12885.651     -176156.55      1.4400755      19683               2142 
   1030500   2035.4433      158561.41     -188910.17      12990.025     -175920.14      1.4400755      19683               2142 
   1031000   2115.394       156825.46     -189316.57      13500.263     -175816.31      1.4400755      19683               2142 
   1031500   2071.8662      160431.07     -189121.7       13222.472     -175899.23      1.4400755      19683               2142 
   1032000   2051.852       176473.35     -189166.13      13094.743     -176071.38      1.4400755      19683               2142 
   1032500   2016.8504      173477.66     -189093.41      12871.366     -176222.05      1.4400755      19683               2142 
   1033000   1991.8187      172372.35     -189024.29      12711.616     -176312.68      1.4400755      19683               2142 
   1033500   1994.7976      164390.49     -189123.84      12730.627     -176393.21      1.4400755      19683               2142 
   1034000   2033.1079      161323.53     -189470.76      12975.12      -176495.64      1.4400755      19683               2142 
   1034500   1995.006       168132.69     -189337.83      12731.958     -176605.87      1.4400755      19683               2142 
   1035000   1974.7595      166720.65     -189293.39      12602.746     -176690.64      1.4400755      19683               2142 
   1035500   1982.6637      155010.61     -189421.47      12653.19      -176768.28      1.4400755      19683               2142 
   1036000   1963.8905      174476.91     -189381.31      12533.381     -176847.93      1.4400755      19683               2142 
   1036500   1948.1213      170856.07     -189303.37      12432.743     -176870.63      1.4400755      19683               2142 
   1037000   1971.356       161718.53     -189394.22      12581.025     -176813.2       1.4400755      19683               2142 
   1037500   1946.9954      158802.97     -189020.38      12425.558     -176594.82      1.4400755      19683               2142 
   1038000   1997.5443      163991.45     -189030.11      12748.156     -176281.95      1.4400755      19683               2142 
   1038500   2044.3018      168979.84     -189103.63      13046.559     -176057.07      1.4400755      19683               2142 
   1039000   2018.2975      166293.34     -188808.29      12880.601     -175927.69      1.4400755      19683               2142 
   1039500   2033.1398      161041        -188948.02      12975.324     -175972.7       1.4400755      19683               2142 
   1040000   2005.0557      178371.21     -188976.59      12796.094     -176180.5       1.4400755      19683               2142 
   1040500   1997.0932      157787.29     -189142.73      12745.278     -176397.45      1.4400755      19683               2142 
   1041000   1963.6027      159688.18     -189100.75      12531.544     -176569.21      1.4400755      19683               2142 
   1041500   1921.2582      161707.55     -188841.44      12261.305     -176580.14      1.4400755      19683               2142 
   1042000   2003.1611      162900.41     -189318.44      12784.002     -176534.44      1.4400755      19683               2142 
   1042500   1976.543       167224.5      -189109.79      12614.128     -176495.66      1.4400755      19683               2142 
   1043000   2026.8596      158744.73     -189361.95      12935.244     -176426.7       1.4400755      19683               2142 
   1043500   1970.8476      164825.8      -188971.73      12577.78      -176393.95      1.4400755      19683               2142 
   1044000   1960.6247      167272.79     -188834.47      12512.539     -176321.93      1.4400755      19683               2142 
   1044500   2010.6481      163508.35     -188952.3       12831.784     -176120.52      1.4400755      19683               2142 
   1045000   2109.7159      165075.07     -189256.73      13464.026     -175792.7       1.4400755      19683               2142 
   1045500   2041.7724      164025.87     -188603.92      13030.417     -175573.5       1.4400755      19683               2142 
   1046000   2061.3374      169640.3      -188779.09      13155.279     -175623.81      1.4400755      19683               2142 
   1046500   2019.9031      170277.99     -188765.52      12890.848     -175874.67      1.4400755      19683               2142 
   1047000   2021.6899      159062.38     -189026.04      12902.252     -176123.79      1.4400755      19683               2142 
   1047500   2040.985       164485.31     -189275.26      13025.391     -176249.87      1.4400755      19683               2142 
   1048000   1987.4726      172462.47     -189015.1       12683.88      -176331.22      1.4400755      19683               2142 
   1048500   1978.7652      162951.13     -188997.89      12628.31      -176369.58      1.4400755      19683               2142 
   1049000   1970.0725      165782.46     -188960.19      12572.834     -176387.35      1.4400755      19683               2142 
   1049500   1986.5556      161314.81     -189035.93      12678.028     -176357.91      1.4400755      19683               2142 
   1050000   2018.921       162006.06     -189253.27      12884.581     -176368.69      1.4400755      19683               2142 
   1050500   2003.558       166122.2      -189228.28      12786.536     -176441.74      1.4400755      19683               2142 
   1051000   2025.7123      158227.47     -189494.46      12927.922     -176566.54      1.4400755      19683               2142 
   1051500   1983.8116      163442.84     -189434.79      12660.516     -176774.27      1.4400755      19683               2142 
   1052000   1987.5043      150117.31     -189643.09      12684.082     -176959         1.4400755      19683               2142 
   1052500   1936.3738      169348.04     -189407.62      12357.771     -177049.85      1.4400755      19683               2142 
   1053000   1968.2139      159549.65     -189573.85      12560.973     -177012.88      1.4400755      19683               2142 
   1053500   1997.7008      164933.42     -189550.76      12749.155     -176801.6       1.4400755      19683               2142 
   1054000   2011.5566      160885.17     -189282.61      12837.582     -176445.02      1.4400755      19683               2142 
   1054500   2055.9665      161684.6      -189393.31      13121.002     -176272.3       1.4400755      19683               2142 
   1055000   1993.8911      178668.04     -188991.75      12724.842     -176266.91      1.4400755      19683               2142 
   1055500   2009.9028      156314.4      -189135.91      12827.028     -176308.88      1.4400755      19683               2142 
   1056000   2014.1857      164355.35     -189255.38      12854.36      -176401.02      1.4400755      19683               2142 
   1056500   1989.374       162061.36     -189206.44      12696.014     -176510.42      1.4400755      19683               2142 
   1057000   1973.1361      161397.14     -189216.19      12592.385     -176623.81      1.4400755      19683               2142 
   1057500   1975.6211      163217.67     -189329.41      12608.245     -176721.16      1.4400755      19683               2142 
   1058000   1966.7065      170866.02     -189403.64      12551.352     -176852.29      1.4400755      19683               2142 
   1058500   1950.2953      169692.01     -189449.89      12446.617     -177003.28      1.4400755      19683               2142 
   1059000   1955.39        158563.8      -189648.34      12479.131     -177169.21      1.4400755      19683               2142 
   1059500   1938.2988      159511.87     -189580.87      12370.057     -177210.81      1.4400755      19683               2142 
   1060000   1974.0675      154582.58     -189680.22      12598.33      -177081.89      1.4400755      19683               2142 
   1060500   2018.5535      168132.9      -189632.32      12882.235     -176750.08      1.4400755      19683               2142 
   1061000   2024.0699      165590.28     -189397.32      12917.441     -176479.88      1.4400755      19683               2142 
   1061500   2008.6269      163752.6      -189181.56      12818.885     -176362.68      1.4400755      19683               2142 
   1062000   2014.598       166975.14     -189149.95      12856.992     -176292.96      1.4400755      19683               2142 
   1062500   1978.315       168819.17     -188928.66      12625.437     -176303.22      1.4400755      19683               2142 
   1063000   2021.0903      155677.09     -189271.39      12898.425     -176372.97      1.4400755      19683               2142 
   1063500   2070.4654      156158.26     -189755.99      13213.533     -176542.46      1.4400755      19683               2142 
   1064000   1988.5646      160338.81     -189486.51      12690.849     -176795.66      1.4400755      19683               2142 
   1064500   1961.4824      169156.72     -189517.18      12518.013     -176999.17      1.4400755      19683               2142 
   1065000   1955.9002      161466.53     -189516.76      12482.388     -177034.38      1.4400755      19683               2142 
   1065500   1977.7429      165358.58     -189580.47      12621.786     -176958.68      1.4400755      19683               2142 
   1066000   1968.0291      174704.58     -189387.01      12559.793     -176827.22      1.4400755      19683               2142 
   1066500   2040.3087      153350.16     -189767.7       13021.075     -176746.62      1.4400755      19683               2142 
   1067000   1989.1549      158226.15     -189373.64      12694.616     -176679.02      1.4400755      19683               2142 
   1067500   1980.4035      168076.62     -189252.28      12638.765     -176613.51      1.4400755      19683               2142 
   1068000   2018.8749      156210        -189447.97      12884.287     -176563.68      1.4400755      19683               2142 
   1068500   2033.6526      165529.84     -189503.19      12978.597     -176524.6       1.4400755      19683               2142 
   1069000   2008.9728      158132.38     -189413.97      12821.093     -176592.88      1.4400755      19683               2142 
   1069500   2004.4158      156219.76     -189533.26      12792.01      -176741.25      1.4400755      19683               2142 
   1070000   2000.2394      165255.94     -189731.54      12765.357     -176966.18      1.4400755      19683               2142 
   1070500   1930.817       155755.38     -189444.69      12322.308     -177122.38      1.4400755      19683               2142 
   1071000   1907.4274      160560.6      -189365.25      12173.038     -177192.21      1.4400755      19683               2142 
   1071500   1949.6018      157965.6      -189542.38      12442.192     -177100.19      1.4400755      19683               2142 
   1072000   1960.0484      170585.12     -189325.48      12508.861     -176816.62      1.4400755      19683               2142 
   1072500   2006.0485      164870.14     -189321.02      12802.429     -176518.59      1.4400755      19683               2142 
   1073000   2041.6755      167442.53     -189421.19      13029.798     -176391.39      1.4400755      19683               2142 
   1073500   2036.2546      168209.69     -189351.59      12995.202     -176356.39      1.4400755      19683               2142 
   1074000   2018.8559      161972.18     -189207.48      12884.165     -176323.31      1.4400755      19683               2142 
   1074500   2012.2633      170902.91     -189214.51      12842.092     -176372.41      1.4400755      19683               2142 
   1075000   1999.3299      170372.26     -189227.77      12759.552     -176468.22      1.4400755      19683               2142 
   1075500   2009.8347      172525.52     -189493.87      12826.593     -176667.28      1.4400755      19683               2142 
   1076000   2032.2103      155630.97     -189871.17      12969.392     -176901.78      1.4400755      19683               2142 
   1076500   1942.0892      160332.05     -189476.18      12394.247     -177081.93      1.4400755      19683               2142 
   1077000   1944.4895      157708.03     -189476.06      12409.565     -177066.49      1.4400755      19683               2142 
   1077500   1950.1747      157157.79     -189418.05      12445.848     -176972.21      1.4400755      19683               2142 
   1078000   1981.1063      161749.49     -189473.86      12643.25      -176830.61      1.4400755      19683               2142 
   1078500   2003.7004      155112.72     -189529.22      12787.444     -176741.78      1.4400755      19683               2142 
   1079000   1979.7481      161972.4      -189313.75      12634.583     -176679.16      1.4400755      19683               2142 
   1079500   1997.1743      168543.24     -189381.13      12745.795     -176635.33      1.4400755      19683               2142 
   1080000   2011.8738      160461.75     -189429.84      12839.606     -176590.23      1.4400755      19683               2142 
   1080500   2003.6975      168719.92     -189285.99      12787.426     -176498.56      1.4400755      19683               2142 
   1081000   2025.9666      166463.13     -189350.92      12929.545     -176421.37      1.4400755      19683               2142 
   1081500   2036.626       171400.79     -189371.98      12997.572     -176374.41      1.4400755      19683               2142 
   1082000   2002.2994      168203.72     -189186.44      12778.503     -176407.94      1.4400755      19683               2142 
   1082500   1966.6248      166487.98     -189171.41      12550.831     -176620.58      1.4400755      19683               2142 
   1083000   1984.5814      154487.79     -189539.91      12665.428     -176874.48      1.4400755      19683               2142 
   1083500   1971.8178      172413.28     -189593.59      12583.972     -177009.62      1.4400755      19683               2142 
   1084000   1969.699       159504.49     -189589.99      12570.45      -177019.53      1.4400755      19683               2142 
   1084500   1990.5847      157762.67     -189602.57      12703.741     -176898.83      1.4400755      19683               2142 
   1085000   1989.5052      162362.62     -189397.21      12696.851     -176700.36      1.4400755      19683               2142 
   1085500   2000.6551      159686.74     -189226.57      12768.01      -176458.56      1.4400755      19683               2142 
   1086000   2051.0683      158624.59     -189377.72      13089.742     -176287.98      1.4400755      19683               2142 
   1086500   2072.0607      162180.93     -189504.81      13223.714     -176281.1       1.4400755      19683               2142 
   1087000   2052.106       169739.93     -189461.13      13096.365     -176364.77      1.4400755      19683               2142 
   1087500   2015.9168      160300.66     -189313.78      12865.408     -176448.37      1.4400755      19683               2142 
   1088000   1998.6797      160653.38     -189232.53      12755.402     -176477.13      1.4400755      19683               2142 
   1088500   2047.346       164369.58     -189620.6       13065.986     -176554.61      1.4400755      19683               2142 
   1089000   1959.2599      167975.24     -189155.48      12503.829     -176651.66      1.4400755      19683               2142 
   1089500   1974.2811      159890.89     -189330.54      12599.693     -176730.84      1.4400755      19683               2142 
   1090000   2038.8369      155428.98     -189772.53      13011.682     -176760.85      1.4400755      19683               2142 
   1090500   1994.0241      167936.99     -189532.74      12725.691     -176807.05      1.4400755      19683               2142 
   1091000   1995.4718      162544.49     -189555.69      12734.93      -176820.76      1.4400755      19683               2142 
   1091500   1997.9873      164324.83     -189596.58      12750.984     -176845.59      1.4400755      19683               2142 
   1092000   1985.4345      173260.8      -189562.88      12670.873     -176892         1.4400755      19683               2142 
   1092500   1989.8328      161841.75     -189622.88      12698.942     -176923.94      1.4400755      19683               2142 
   1093000   1991.6651      164980.48     -189617.24      12710.636     -176906.6       1.4400755      19683               2142 
   1093500   1992.096       165947.36     -189582.01      12713.386     -176868.62      1.4400755      19683               2142 
   1094000   2026.3819      160999.86     -189704.41      12932.196     -176772.21      1.4400755      19683               2142 
   1094500   2035.145       168416.52     -189637.95      12988.121     -176649.83      1.4400755      19683               2142 
   1095000   2017.2457      158877.48     -189393.87      12873.889     -176519.98      1.4400755      19683               2142 
   1095500   2040.0301      169111.39     -189372.09      13019.297     -176352.8       1.4400755      19683               2142 
   1096000   2048.37        176121.92     -189344.87      13072.522     -176272.35      1.4400755      19683               2142 
   1096500   2039.6723      154803.16     -189351.03      13017.014     -176334.02      1.4400755      19683               2142 
   1097000   2018.9468      164898.42     -189505.22      12884.746     -176620.48      1.4400755      19683               2142 
   1097500   1983.4673      164166.77     -189563.08      12658.318     -176904.76      1.4400755      19683               2142 
   1098000   1973.8569      159694.97     -189662.44      12596.986     -177065.45      1.4400755      19683               2142 
   1098500   2042.0605      155051.73     -190117.7       13032.255     -177085.44      1.4400755      19683               2142 
   1099000   1970.7924      164409.81     -189647.18      12577.428     -177069.75      1.4400755      19683               2142 
   1099500   1998.0427      158814.75     -189729.2       12751.338     -176977.86      1.4400755      19683               2142 
   1100000   1995.4467      168933.9      -189526.26      12734.77      -176791.49      1.4400755      19683               2142 
   1100500   2017.5998      167810.71     -189449.17      12876.149     -176573.02      1.4400755      19683               2142 
   1101000   2043.4552      162509.84     -189367.54      13041.156     -176326.38      1.4400755      19683               2142 
   1101500   2022.7327      168832.07     -189049.22      12908.907     -176140.31      1.4400755      19683               2142 
   1102000   2023.3512      160609.9      -188961.61      12912.854     -176048.76      1.4400755      19683               2142 
   1102500   2060.044       162143.52     -189061.65      13147.024     -175914.63      1.4400755      19683               2142 
   1103000   2055.7773      178907.41     -188921.92      13119.795     -175802.12      1.4400755      19683               2142 
   1103500   2009.6594      168593.48     -188677.3       12825.474     -175851.83      1.4400755      19683               2142 
   1104000   2047.842       163902.79     -189156.59      13069.152     -176087.44      1.4400755      19683               2142 
   1104500   2088.373       161045.2      -189700.86      13327.817     -176373.04      1.4400755      19683               2142 
   1105000   1992.5825      164755.76     -189341.14      12716.491     -176624.65      1.4400755      19683               2142 
   1105500   1996.8152      162892.18     -189558.01      12743.503     -176814.51      1.4400755      19683               2142 
   1106000   1997.2602      163191.6      -189640.95      12746.343     -176894.61      1.4400755      19683               2142 
   1106500   1979.5167      160780.51     -189533.88      12633.106     -176900.78      1.4400755      19683               2142 
   1107000   1957.8709      164569.77     -189308.31      12494.964     -176813.35      1.4400755      19683               2142 
   1107500   2001.349       161793.4      -189422.04      12772.438     -176649.6       1.4400755      19683               2142 
   1108000   1985.344       179624.24     -189108.35      12670.295     -176438.05      1.4400755      19683               2142 
   1108500   2012.3026      164767.11     -189099.86      12842.343     -176257.51      1.4400755      19683               2142 
   1109000   2040.7872      161947.81     -189164.52      13024.129     -176140.39      1.4400755      19683               2142 
   1109500   2011.8443      156672.94     -188989.18      12839.418     -176149.76      1.4400755      19683               2142 
   1110000   1996.9175      176460.89     -189138.34      12744.156     -176394.19      1.4400755      19683               2142 
   1110500   2005.2341      161486.03     -189564.41      12797.232     -176767.18      1.4400755      19683               2142 
   1111000   1985.7941      172086.67     -189670.01      12673.168     -176996.85      1.4400755      19683               2142 
   1111500   1992.1219      160802.7      -189819.3       12713.551     -177105.75      1.4400755      19683               2142 
   1112000   1953.5198      162044.23     -189575.05      12467.196     -177107.86      1.4400755      19683               2142 
   1112500   1933.4332      160607.22     -189359.46      12339.005     -177020.45      1.4400755      19683               2142 
   1113000   2017.1741      160655.47     -189776.1       12873.432     -176902.67      1.4400755      19683               2142 
   1113500   2027.9346      160969.35     -189651.46      12942.105     -176709.35      1.4400755      19683               2142 
   1114000   2058.8152      173730.38     -189616.74      13139.183     -176477.55      1.4400755      19683               2142 
   1114500   1994.4687      170015.79     -189053.38      12728.529     -176324.85      1.4400755      19683               2142 
   1115000   2071.7526      161441.49     -189553.77      13221.748     -176332.02      1.4400755      19683               2142 
   1115500   1991.3709      165788.21     -189292.48      12708.759     -176583.72      1.4400755      19683               2142 
   1116000   1977.5439      172328.05     -189613.32      12620.516     -176992.8       1.4400755      19683               2142 
   1116500   1995.9781      152093.52     -189875.68      12738.161     -177137.52      1.4400755      19683               2142 
   1117000   1950.3714      157832.69     -189576.34      12447.103     -177129.24      1.4400755      19683               2142 
   1117500   1980.9631      159322.77     -189707.81      12642.337     -177065.48      1.4400755      19683               2142 
   1118000   1969.9373      162698.87     -189500.79      12571.971     -176928.82      1.4400755      19683               2142 
   1118500   1975.8868      171684.68     -189374.38      12609.94      -176764.44      1.4400755      19683               2142 
   1119000   2029.7454      148394.98     -189573.22      12953.661     -176619.56      1.4400755      19683               2142 
   1119500   2007.0688      165779.47     -189328.09      12808.941     -176519.15      1.4400755      19683               2142 
   1120000   2086.065       159008.96     -189696.42      13313.088     -176383.33      1.4400755      19683               2142 
   1120500   2028.6191      162475.47     -189266.35      12946.473     -176319.88      1.4400755      19683               2142 
   1121000   2058.7952      168576.89     -189498.84      13139.055     -176359.79      1.4400755      19683               2142 
   1121500   2013.5704      162168.7      -189406.86      12850.434     -176556.42      1.4400755      19683               2142 
   1122000   2015.7329      160816.99     -189674.27      12864.234     -176810.04      1.4400755      19683               2142 
   1122500   1977.6234      161711.68     -189610.92      12621.023     -176989.9       1.4400755      19683               2142 
   1123000   1960.5578      155889.57     -189576.23      12512.112     -177064.12      1.4400755      19683               2142 
   1123500   1965.9814      158162.14     -189595.11      12546.725     -177048.38      1.4400755      19683               2142 
   1124000   2018.2548      154550.13     -189806.77      12880.329     -176926.44      1.4400755      19683               2142 
   1124500   1994.5067      166675.73     -189413.56      12728.771     -176684.79      1.4400755      19683               2142 
   1125000   2060.8906      170098        -189549.26      13152.427     -176396.83      1.4400755      19683               2142 
   1125500   2006.7175      162566.28     -189088.36      12806.699     -176281.66      1.4400755      19683               2142 
   1126000   2057.4515      171418.36     -189440.39      13130.479     -176309.91      1.4400755      19683               2142 
   1126500   2043.0889      158337        -189445.61      13038.818     -176406.79      1.4400755      19683               2142 
   1127000   2018.458       160895.2      -189416.34      12881.626     -176534.71      1.4400755      19683               2142 
   1127500   2001.5311      158297.92     -189418.54      12773.6       -176644.94      1.4400755      19683               2142 
   1128000   2009.7331      157675.6      -189588.27      12825.945     -176762.33      1.4400755      19683               2142 
   1128500   1982.9723      160138.67     -189466.63      12655.159     -176811.47      1.4400755      19683               2142 
   1129000   1998.9319      170853.8      -189574.52      12757.012     -176817.51      1.4400755      19683               2142 
   1129500   1994.4418      157858.9      -189528.1       12728.357     -176799.74      1.4400755      19683               2142 
   1130000   1999.2083      159884.52     -189503.1       12758.776     -176744.32      1.4400755      19683               2142 
   1130500   1953.454       166689.96     -189045.12      12466.776     -176578.35      1.4400755      19683               2142 
   1131000   2054.4932      151242.98     -189342.46      13111.6       -176230.86      1.4400755      19683               2142 
   1131500   2007.5181      168184.02     -188814.25      12811.809     -176002.44      1.4400755      19683               2142 
   1132000   2043.9526      172780.51     -189025.06      13044.33      -175980.73      1.4400755      19683               2142 
   1132500   2046.9039      162502.99     -189166.55      13063.165     -176103.38      1.4400755      19683               2142 
   1133000   2021.2203      167321.07     -189263.48      12899.255     -176364.23      1.4400755      19683               2142 
   1133500   2026.0345      171284.19     -189505.51      12929.979     -176575.53      1.4400755      19683               2142 
   1134000   1986.5194      169163.82     -189321.37      12677.797     -176643.58      1.4400755      19683               2142 
   1134500   2041.3095      169776.25     -189696.86      13027.462     -176669.39      1.4400755      19683               2142 
   1135000   1976.6116      164363.29     -189376.15      12614.566     -176761.58      1.4400755      19683               2142 
   1135500   2007.5653      147632.9      -189703.56      12812.11      -176891.45      1.4400755      19683               2142 
   1136000   1964.8294      159779.13     -189603.46      12539.373     -177064.09      1.4400755      19683               2142 
   1136500   1954.1894      143870.98     -189640.44      12471.469     -177168.97      1.4400755      19683               2142 
   1137000   1952.5236      153278.02     -189579.4       12460.839     -177118.56      1.4400755      19683               2142 
   1137500   1956.432       159248.63     -189400.74      12485.781     -176914.96      1.4400755      19683               2142 
   1138000   2041.4918      160807.12     -189568.02      13028.626     -176539.4       1.4400755      19683               2142 
   1138500   2020.4         169919.37     -189201.42      12894.02      -176307.4       1.4400755      19683               2142 
   1139000   2027.8202      172449.45     -189214.75      12941.375     -176273.38      1.4400755      19683               2142 
   1139500   2052.6137      162493.27     -189404.57      13099.605     -176304.97      1.4400755      19683               2142 
   1140000   1990.6747      176625.84     -189130.98      12704.315     -176426.66      1.4400755      19683               2142 
   1140500   2034.2506      160811.1      -189566.58      12982.413     -176584.17      1.4400755      19683               2142 
   1141000   1981.0902      160986.84     -189402.34      12643.148     -176759.2       1.4400755      19683               2142 
   1141500   2025.2636      161410.52     -189804.97      12925.059     -176879.91      1.4400755      19683               2142 
   1142000   1975.5506      163364.67     -189571.01      12607.795     -176963.22      1.4400755      19683               2142 
   1142500   1953.1389      160256.75     -189465.14      12464.765     -177000.37      1.4400755      19683               2142 
   1143000   2002.426       159260.99     -189752.4       12779.311     -176973.09      1.4400755      19683               2142 
   1143500   1991.6586      161307.78     -189561.33      12710.595     -176850.74      1.4400755      19683               2142 
   1144000   2021.5972      167700.14     -189483.51      12901.66      -176581.85      1.4400755      19683               2142 
   1144500   2046.6709      162507.33     -189397.03      13061.678     -176335.35      1.4400755      19683               2142 
   1145000   2011.253       170418.43     -189039.59      12835.645     -176203.95      1.4400755      19683               2142 
   1145500   2059.1028      170160.85     -189325.36      13141.018     -176184.35      1.4400755      19683               2142 
   1146000   2080.0159      159285.96     -189640.98      13274.483     -176366.5       1.4400755      19683               2142 
   1146500   1966.6355      162402.39     -189222.36      12550.899     -176671.46      1.4400755      19683               2142 
   1147000   1998.8095      161561.88     -189622.4       12756.231     -176866.17      1.4400755      19683               2142 
   1147500   2018.4538      167892.17     -189782.31      12881.599     -176900.71      1.4400755      19683               2142 
   1148000   1963.172       159884.52     -189414.67      12528.795     -176885.87      1.4400755      19683               2142 
   1148500   2007.434       160973.94     -189675.89      12811.272     -176864.62      1.4400755      19683               2142 
   1149000   1972.4808      153697.04     -189446.15      12588.203     -176857.95      1.4400755      19683               2142 
   1149500   1963.5266      170978.34     -189321.37      12531.059     -176790.31      1.4400755      19683               2142 
   1150000   1999.7907      166797.88     -189386.55      12762.493     -176624.06      1.4400755      19683               2142 
   1150500   2045.9198      174758.75     -189428.41      13056.885     -176371.53      1.4400755      19683               2142 
   1151000   2047.5573      158061.98     -189270.87      13067.335     -176203.53      1.4400755      19683               2142 
   1151500   2037.4064      165709.32     -189190.96      13002.553     -176188.41      1.4400755      19683               2142 
   1152000   2070.2555      173705.37     -189572.8       13212.193     -176360.61      1.4400755      19683               2142 
   1152500   2005.9079      165413.89     -189537.68      12801.532     -176736.15      1.4400755      19683               2142 
   1153000   1983.7885      163550.66     -189587.72      12660.368     -176927.35      1.4400755      19683               2142 
   1153500   1955.5395      166785        -189477.41      12480.085     -176997.32      1.4400755      19683               2142 
   1154000   1987.1151      159503.63     -189665.27      12681.598     -176983.67      1.4400755      19683               2142 
   1154500   2010.3178      165371.02     -189765.54      12829.676     -176935.87      1.4400755      19683               2142 
   1155000   2014.9845      167406.4      -189743.25      12859.459     -176883.79      1.4400755      19683               2142 
   1155500   2029.0137      160215.7      -189780.91      12948.992     -176831.91      1.4400755      19683               2142 
   1156000   1996.2528      155248.33     -189539.05      12739.915     -176799.14      1.4400755      19683               2142 
   1156500   2048.3197      157435.92     -189805.16      13072.201     -176732.96      1.4400755      19683               2142 
   1157000   2016.3963      170442.52     -189520.77      12868.469     -176652.3       1.4400755      19683               2142 
   1157500   2050.0457      160497.93     -189604.33      13083.216     -176521.11      1.4400755      19683               2142 
   1158000   2018.0371      165767.38     -189307.12      12878.94      -176428.18      1.4400755      19683               2142 
   1158500   2038.7814      158845.5      -189423.85      13011.328     -176412.52      1.4400755      19683               2142 
   1159000   2003.0715      157511.8      -189337.45      12783.431     -176554.02      1.4400755      19683               2142 
   1159500   2027.876       167175.68     -189685.78      12941.731     -176744.05      1.4400755      19683               2142 
   1160000   1966.7857      167397.21     -189492.73      12551.858     -176940.87      1.4400755      19683               2142 
   1160500   1971.7987      154540.99     -189632.71      12583.85      -177048.86      1.4400755      19683               2142 
   1161000   1934.8627      156790.19     -189403.78      12348.128     -177055.66      1.4400755      19683               2142 
   1161500   2007.5391      157350.65     -189725.3       12811.942     -176913.36      1.4400755      19683               2142 
   1162000   2024.655       171473.58     -189504.14      12921.175     -176582.97      1.4400755      19683               2142 
   1162500   2059.6145      166018.88     -189356.83      13144.284     -176212.55      1.4400755      19683               2142 
   1163000   2006.4771      162793.49     -188952.04      12805.165     -176146.87      1.4400755      19683               2142 
   1163500   2024.7816      165724.07     -189104.97      12921.983     -176182.98      1.4400755      19683               2142 
   1164000   2009.2082      166551.99     -189165.1       12822.595     -176342.5       1.4400755      19683               2142 
   1164500   1950.3474      160211.51     -188961.73      12446.95      -176514.78      1.4400755      19683               2142 
   1165000   2004.4547      160517.31     -189432.56      12792.258     -176640.3       1.4400755      19683               2142 
   1165500   2022.1463      164892.91     -189627.47      12905.165     -176722.3       1.4400755      19683               2142 
   1166000   1946.2762      168034.95     -189206.08      12420.968     -176785.11      1.4400755      19683               2142 
   1166500   1991.8827      166059.68     -189476.65      12712.025     -176764.63      1.4400755      19683               2142 
   1167000   1997.1616      162802.03     -189417.49      12745.714     -176671.78      1.4400755      19683               2142 
   1167500   2012.1482      169972.46     -189371.74      12841.357     -176530.38      1.4400755      19683               2142 
   1168000   1997.6326      160871.69     -189080.34      12748.72      -176331.62      1.4400755      19683               2142 
   1168500   2040.0709      160337.28     -189192.08      13019.558     -176172.52      1.4400755      19683               2142 
   1169000   2000.3685      168078.65     -188883.77      12766.18      -176117.59      1.4400755      19683               2142 
   1169500   2025.5658      165426.94     -189119.87      12926.987     -176192.88      1.4400755      19683               2142 
   1170000   2032.0914      164359.39     -189396.14      12968.633     -176427.51      1.4400755      19683               2142 
   1170500   1998.287       150983.95     -189419.17      12752.896     -176666.27      1.4400755      19683               2142 
   1171000   2016.0495      158532.26     -189685.19      12866.255     -176818.94      1.4400755      19683               2142 
   1171500   2010.7136      159819.73     -189685.47      12832.202     -176853.27      1.4400755      19683               2142 
   1172000   2009.5555      157526.7      -189706.96      12824.811     -176882.15      1.4400755      19683               2142 
   1172500   1973.2754      168483.74     -189451.85      12593.274     -176858.57      1.4400755      19683               2142 
   1173000   2003.382       153207.25     -189582.1       12785.412     -176796.69      1.4400755      19683               2142 
   1173500   2026.9085      158538.79     -189571.67      12935.557     -176636.11      1.4400755      19683               2142 
   1174000   2042.9595      168447.94     -189317.67      13037.993     -176279.68      1.4400755      19683               2142 
   1174500   2102.4125      165838.34     -189353.51      13417.416     -175936.09      1.4400755      19683               2142 
   1175000   2060.6766      167249.73     -189057.96      13151.061     -175906.9       1.4400755      19683               2142 
   1175500   2023.73        166811.52     -188977.07      12915.272     -176061.8       1.4400755      19683               2142 
   1176000   2063.3419      167327.61     -189415.65      13168.071     -176247.58      1.4400755      19683               2142 
   1176500   2036.4581      168356.28     -189439.27      12996.501     -176442.77      1.4400755      19683               2142 
   1177000   2012.6123      163357.57     -189483.17      12844.32      -176638.85      1.4400755      19683               2142 
   1177500   2018.8289      161995.01     -189632.01      12883.993     -176748.02      1.4400755      19683               2142 
   1178000   1991.8741      168454.6      -189566.47      12711.97      -176854.5       1.4400755      19683               2142 
   1178500   1972.4881      166796.6      -189502.46      12588.25      -176914.21      1.4400755      19683               2142 
   1179000   1959.1391      164046.61     -189408.36      12503.058     -176905.31      1.4400755      19683               2142 
   1179500   1996.0593      158295.28     -189561.88      12738.679     -176823.2       1.4400755      19683               2142 
   1180000   2016.4947      153380.26     -189545.08      12869.096     -176675.98      1.4400755      19683               2142 
   1180500   2014.5386      164424.38     -189314.53      12856.612     -176457.92      1.4400755      19683               2142 
   1181000   2043.9955      160815.67     -189286.09      13044.604     -176241.48      1.4400755      19683               2142 
   1181500   2048.0608      179068.02     -189110.78      13070.549     -176040.23      1.4400755      19683               2142 
   1182000   2064.2938      159674.95     -189141.32      13174.146     -175967.18      1.4400755      19683               2142 
   1182500   2056.226       167183.96     -189203.22      13122.658     -176080.57      1.4400755      19683               2142 
   1183000   2046.117       166041.14     -189526.21      13058.143     -176468.06      1.4400755      19683               2142 
   1183500   1963.4857      165841.47     -189289.21      12530.798     -176758.42      1.4400755      19683               2142 
   1184000   1994.1149      158589.09     -189566.88      12726.27      -176840.61      1.4400755      19683               2142 
   1184500   1957.7222      162183.62     -189370.4       12494.016     -176876.39      1.4400755      19683               2142 
   1185000   1971.8391      160575.32     -189450.39      12584.108     -176866.28      1.4400755      19683               2142 
   1185500   1962.7293      156703.78     -189348.57      12525.97      -176822.6       1.4400755      19683               2142 
   1186000   2020.2879      163845.12     -189608.61      12893.305     -176715.31      1.4400755      19683               2142 
   1186500   2014.263       164575.6      -189453.89      12854.854     -176599.04      1.4400755      19683               2142 
   1187000   2014.6149      164630.75     -189339.27      12857.099     -176482.17      1.4400755      19683               2142 
   1187500   2063.3134      168700.41     -189543.82      13167.889     -176375.93      1.4400755      19683               2142 
   1188000   2034.9472      168392.86     -189400.91      12986.858     -176414.05      1.4400755      19683               2142 
   1188500   2031.6989      162708.15     -189528.51      12966.128     -176562.38      1.4400755      19683               2142 
   1189000   1950.8965      160347.09     -189302.58      12450.454     -176852.12      1.4400755      19683               2142 
   1189500   1975.4505      164047.9      -189657.36      12607.156     -177050.2       1.4400755      19683               2142 
   1190000   1994.2123      168425.07     -189854.85      12726.892     -177127.96      1.4400755      19683               2142 
   1190500   1993.6011      160342.58     -189828.3       12722.992     -177105.31      1.4400755      19683               2142 
   1191000   1966.7467      162037.33     -189543.02      12551.609     -176991.41      1.4400755      19683               2142 
   1191500   1966.372       163170.93     -189346.82      12549.218     -176797.6       1.4400755      19683               2142 
   1192000   1990.0035      171638.61     -189185.83      12700.032     -176485.8       1.4400755      19683               2142 
   1192500   2053.4233      163365.55     -189413.76      13104.771     -176308.99      1.4400755      19683               2142 
   1193000   2071.9896      161586.98     -189526.69      13223.26      -176303.43      1.4400755      19683               2142 
   1193500   2048.6846      173443.79     -189449.05      13074.53      -176374.52      1.4400755      19683               2142 
   1194000   2010.0259      174054.03     -189337.29      12827.813     -176509.48      1.4400755      19683               2142 
   1194500   2026.7705      161458.58     -189604.49      12934.676     -176669.81      1.4400755      19683               2142 
   1195000   1997.4744      164029.09     -189552.99      12747.71      -176805.28      1.4400755      19683               2142 
   1195500   1995.9982      165450.91     -189679.9       12738.289     -176941.61      1.4400755      19683               2142 
   1196000   2019.0683      170661.23     -189904.87      12885.521     -177019.35      1.4400755      19683               2142 
   1196500   1930.1352      171548.98     -189363.03      12317.957     -177045.08      1.4400755      19683               2142 
   1197000   2006.2189      160257.42     -189798.8       12803.517     -176995.28      1.4400755      19683               2142 
   1197500   1993.3867      166199.75     -189492.4       12721.623     -176770.78      1.4400755      19683               2142 
   1198000   2084.0763      168737.98     -189631.57      13300.396     -176331.18      1.4400755      19683               2142 
   1198500   2061.5656      163189.65     -189306.74      13156.735     -176150.01      1.4400755      19683               2142 
   1199000   2014.7717      169800.38     -189040.63      12858.1       -176182.53      1.4400755      19683               2142 
   1199500   2046.0789      170742.2      -189394.11      13057.9       -176336.2       1.4400755      19683               2142 
   1200000   2016.4187      162219.03     -189410.8       12868.611     -176542.19      1.4400755      19683               2142 
   1200500   1996.5675      159596.21     -189486.88      12741.923     -176744.96      1.4400755      19683               2142 
   1201000   1992.6183      164331.03     -189562.96      12716.719     -176846.24      1.4400755      19683               2142 
   1201500   1961.3714      166955.58     -189407.55      12517.304     -176890.24      1.4400755      19683               2142 
   1202000   1964.0946      159853.68     -189385.12      12534.684     -176850.44      1.4400755      19683               2142 
   1202500   1998.6592      155842.73     -189471.49      12755.272     -176716.22      1.4400755      19683               2142 
   1203000   1994.031       168579.65     -189296.04      12725.735     -176570.31      1.4400755      19683               2142 
   1203500   2033.8604      167158.04     -189397.28      12979.923     -176417.36      1.4400755      19683               2142 
   1204000   2028.0388      160591.66     -189209.67      12942.77      -176266.9       1.4400755      19683               2142 
   1204500   2053.4882      174354.14     -189196.48      13105.185     -176091.3       1.4400755      19683               2142 
   1205000   2096.159       174977.99     -189314.13      13377.507     -175936.62      1.4400755      19683               2142 
   1205500   2061.8479      170471.72     -189130.07      13158.537     -175971.53      1.4400755      19683               2142 
   1206000   2016.0891      171323        -189104.42      12866.508     -176237.91      1.4400755      19683               2142 
   1206500   2022.4742      162350.31     -189426.03      12907.257     -176518.77      1.4400755      19683               2142 
   1207000   2020.4492      162554.61     -189614         12894.334     -176719.66      1.4400755      19683               2142 
   1207500   1932.65        164659.34     -189213.82      12334.007     -176879.81      1.4400755      19683               2142 
   1208000   1971.8242      161153.62     -189537.36      12584.013     -176953.35      1.4400755      19683               2142 
   1208500   1981.9681      155577.65     -189592.54      12648.751     -176943.79      1.4400755      19683               2142 
   1209000   1995.209       160617.6      -189610.91      12733.253     -176877.65      1.4400755      19683               2142 
   1209500   1987.3141      161040.55     -189412.51      12682.869     -176729.64      1.4400755      19683               2142 
   1210000   1984.8123      166683.14     -189142.82      12666.902     -176475.92      1.4400755      19683               2142 
   1210500   2019.0384      178496.32     -189104.27      12885.33      -176218.94      1.4400755      19683               2142 
   1211000   1999.0453      157557.08     -188808.59      12757.736     -176050.86      1.4400755      19683               2142 
   1211500   2040.3666      167096.74     -189046.8       13021.445     -176025.36      1.4400755      19683               2142 
   1212000   2026.5039      164518.91     -189073.75      12932.974     -176140.78      1.4400755      19683               2142 
   1212500   2062.6391      160263.18     -189619.6       13163.586     -176456.02      1.4400755      19683               2142 
   1213000   2015.4782      170420.62     -189614.25      12862.609     -176751.64      1.4400755      19683               2142 
   1213500   1978.7791      167831.77     -189417.64      12628.398     -176789.24      1.4400755      19683               2142 
   1214000   2015.2121      170693.38     -189653.44      12860.911     -176792.53      1.4400755      19683               2142 
   1214500   2012.4152      153866.94     -189590.66      12843.061     -176747.59      1.4400755      19683               2142 
   1215000   2041.575       160747.04     -189722.95      13029.157     -176693.79      1.4400755      19683               2142 
   1215500   1988.6619      172317.75     -189380.96      12691.47      -176689.49      1.4400755      19683               2142 
   1216000   2044.74        172568.66     -189793.04      13049.356     -176743.68      1.4400755      19683               2142 
   1216500   2012.3252      160983.24     -189719.18      12842.487     -176876.69      1.4400755      19683               2142 
   1217000   1967.8412      161426.67     -189587.95      12558.594     -177029.35      1.4400755      19683               2142 
   1217500   2017.8958      159721.34     -190078.41      12878.038     -177200.37      1.4400755      19683               2142 
   1218000   1934.4849      155289.62     -189711.09      12345.717     -177365.37      1.4400755      19683               2142 
   1218500   1937.6135      162971.06     -189756.81      12365.683     -177391.12      1.4400755      19683               2142 
   1219000   1985.0451      163687.89     -189910.83      12668.388     -177242.44      1.4400755      19683               2142 
   1219500   1973.161       171732.63     -189483.02      12592.545     -176890.47      1.4400755      19683               2142 
   1220000   2047.4131      157740.79     -189692.09      13066.415     -176625.67      1.4400755      19683               2142 
   1220500   2021.3334      162022.22     -189470.82      12899.977     -176570.85      1.4400755      19683               2142 
   1221000   2021.8648      169184.07     -189478.11      12903.368     -176574.74      1.4400755      19683               2142 
   1221500   2021.2746      156490.71     -189547.71      12899.601     -176648.11      1.4400755      19683               2142 
   1222000   1985.5515      172055.12     -189484.18      12671.619     -176812.56      1.4400755      19683               2142 
   1222500   2007.7466      164099.75     -189804.95      12813.267     -176991.68      1.4400755      19683               2142 
   1223000   1959.6658      164457.93     -189669.71      12506.419     -177163.29      1.4400755      19683               2142 
   1223500   1971.7404      162356.21     -189847.33      12583.478     -177263.86      1.4400755      19683               2142 
   1224000   2007.0981      155764.7      -190077.76      12809.128     -177268.63      1.4400755      19683               2142 
   1224500   1981.7159      156997.64     -189835.14      12647.141     -177187.99      1.4400755      19683               2142 
   1225000   2023.1949      156530.55     -189927.9       12911.857     -177016.04      1.4400755      19683               2142 
   1225500   1995.6423      168265.62     -189329.9       12736.018     -176593.88      1.4400755      19683               2142 
   1226000   2062.2779      168751.62     -189462.18      13161.281     -176300.9       1.4400755      19683               2142 
   1226500   2050.7328      156318.51     -189397.92      13087.601     -176310.32      1.4400755      19683               2142 
   1227000   2005.8804      166094.35     -189257.82      12801.357     -176456.46      1.4400755      19683               2142 
   1227500   2018.4323      160113.06     -189524.08      12881.462     -176642.62      1.4400755      19683               2142 
   1228000   1959.3238      164672.51     -189327.82      12504.237     -176823.59      1.4400755      19683               2142 
   1228500   1998.9212      158487.73     -189720.49      12756.944     -176963.55      1.4400755      19683               2142 
   1229000   1975.8322      159552.15     -189681.15      12609.592     -177071.56      1.4400755      19683               2142 
   1229500   1965.4955      171889.47     -189648.47      12543.624     -177104.85      1.4400755      19683               2142 
   1230000   1990.6481      172183.74     -189772.96      12704.145     -177068.81      1.4400755      19683               2142 
   1230500   2000.0833      162986.23     -189776.6       12764.36      -177012.24      1.4400755      19683               2142 
   1231000   2032.4626      174012.86     -189884.28      12971.002     -176913.28      1.4400755      19683               2142 
   1231500   1995.647       164586        -189441.36      12736.048     -176705.31      1.4400755      19683               2142 
   1232000   2103.5044      156470.53     -189742.46      13424.385     -176318.07      1.4400755      19683               2142 
   1232500   2069.3007      163321.02     -189302.72      13206.1       -176096.62      1.4400755      19683               2142 
   1233000   2071.0705      166352.72     -189331.55      13217.394     -176114.15      1.4400755      19683               2142 
   1233500   2050.4695      168655.08     -189397.12      13085.921     -176311.2       1.4400755      19683               2142 
   1234000   2053.7912      174569.61     -189658.41      13107.12      -176551.29      1.4400755      19683               2142 
   1234500   2012.2122      170731.22     -189544.52      12841.766     -176702.75      1.4400755      19683               2142 
   1235000   2034.5339      162047.83     -189802.69      12984.221     -176818.47      1.4400755      19683               2142 
   1235500   2000.9402      162040.68     -189756.21      12769.829     -176986.38      1.4400755      19683               2142 
   1236000   1979.0459      163968        -189745.65      12630.101     -177115.54      1.4400755      19683               2142 
   1236500   1936.4023      161913.32     -189542.5       12357.953     -177184.55      1.4400755      19683               2142 
   1237000   1953.7395      161239.45     -189683.59      12468.598     -177214.99      1.4400755      19683               2142 
   1237500   2022.6497      157574.49     -190055.77      12908.377     -177147.39      1.4400755      19683               2142 
   1238000   2006.4862      159521.17     -189714.76      12805.223     -176909.54      1.4400755      19683               2142 
   1238500   2070.9841      169507.08     -189787.9       13216.843     -176571.05      1.4400755      19683               2142 
   1239000   2036.1251      162669.13     -189378.97      12994.376     -176384.6       1.4400755      19683               2142 
   1239500   2063.4959      176712.05     -189521.07      13169.054     -176352.02      1.4400755      19683               2142 
   1240000   2026.6429      165537.17     -189418.91      12933.861     -176485.05      1.4400755      19683               2142 
   1240500   2029.8775      163200.82     -189622.29      12954.504     -176667.79      1.4400755      19683               2142 
   1241000   1983.6237      161908.81     -189454.47      12659.317     -176795.15      1.4400755      19683               2142 
   1241500   1988.3538      168012.24     -189545.67      12689.503     -176856.16      1.4400755      19683               2142 
   1242000   2004.4302      167025.96     -189685.85      12792.102     -176893.74      1.4400755      19683               2142 
   1242500   1973.6134      170357.54     -189504.44      12595.431     -176909.01      1.4400755      19683               2142 
   1243000   2001.7056      159431.19     -189679.15      12774.713     -176904.43      1.4400755      19683               2142 
   1243500   1985.3339      161010.8      -189570.1       12670.231     -176899.87      1.4400755      19683               2142 
   1244000   1967.5338      161701.39     -189442.07      12556.632     -176885.43      1.4400755      19683               2142 
   1244500   1952.1387      177488.78     -189261.46      12458.382     -176803.08      1.4400755      19683               2142 
   1245000   1975.7657      164044.98     -189246.91      12609.167     -176637.74      1.4400755      19683               2142 
   1245500   2026.3901      160592.16     -189424.7       12932.248     -176492.45      1.4400755      19683               2142 
   1246000   2013.4821      174252.32     -189247.51      12849.87      -176397.64      1.4400755      19683               2142 
   1246500   2063.76        165113.25     -189565.39      13170.74      -176394.65      1.4400755      19683               2142 
   1247000   2011.2436      154297.64     -189374.04      12835.584     -176538.46      1.4400755      19683               2142 
   1247500   2000.6859      162698.98     -189567.39      12768.206     -176799.18      1.4400755      19683               2142 
   1248000   1978.8563      157337.09     -189656.69      12628.891     -177027.79      1.4400755      19683               2142 
   1248500   1940.8986      169097.74     -189517.13      12386.648     -177130.48      1.4400755      19683               2142 
   1249000   1993.7178      167806.58     -189814.94      12723.736     -177091.2       1.4400755      19683               2142 
   1249500   1933.921       159191.89     -189312.15      12342.118     -176970.03      1.4400755      19683               2142 
   1250000   2047.4136      170843.19     -189865.74      13066.418     -176799.33      1.4400755      19683               2142 
   1250500   2049.8196      159709.58     -189764.77      13081.773     -176683         1.4400755      19683               2142 
   1251000   2032.8225      171179.08     -189608.47      12973.299     -176635.17      1.4400755      19683               2142 
   1251500   2038.1016      170282.05     -189640.02      13006.99      -176633.03      1.4400755      19683               2142 
   1252000   2003.2778      167150.52     -189457.93      12784.747     -176673.18      1.4400755      19683               2142 
   1252500   2003.783       166910.74     -189517.62      12787.971     -176729.65      1.4400755      19683               2142 
   1253000   2030.1313      172214.96     -189752.62      12956.124     -176796.49      1.4400755      19683               2142 
   1253500   1973.4432      162500.71     -189440.26      12594.345     -176845.92      1.4400755      19683               2142 
   1254000   2016.8266      164783.03     -189745.39      12871.215     -176874.18      1.4400755      19683               2142 
   1254500   1991.6622      159856.53     -189615.8       12710.617     -176905.18      1.4400755      19683               2142 
   1255000   1999.1744      160368.94     -189672.2       12758.559     -176913.64      1.4400755      19683               2142 
   1255500   1974.3806      174081.43     -189543.59      12600.328     -176943.26      1.4400755      19683               2142 
   1256000   1973.2338      167154.92     -189578.2       12593.009     -176985.19      1.4400755      19683               2142 
   1256500   1969.4117      157651.79     -189663.43      12568.617     -177094.82      1.4400755      19683               2142 
   1257000   1968.1825      150546.39     -189793.82      12560.772     -177233.05      1.4400755      19683               2142 
   1257500   2031.045       156788.47     -190234.58      12961.955     -177272.63      1.4400755      19683               2142 
   1258000   1969.3693      161259.76     -189774.9       12568.346     -177206.55      1.4400755      19683               2142 
   1258500   1986.0657      157942.34     -189725.17      12674.901     -177050.27      1.4400755      19683               2142 
   1259000   1960.5198      160407.63     -189348.73      12511.87      -176836.86      1.4400755      19683               2142 
   1259500   2057.7349      158956.07     -189774.55      13132.288     -176642.26      1.4400755      19683               2142 
   1260000   2053.2304      165515.38     -189585.82      13103.541     -176482.28      1.4400755      19683               2142 
   1260500   2024.0645      175230.53     -189326.31      12917.406     -176408.91      1.4400755      19683               2142 
   1261000   1986.3382      172282.5      -189176.72      12676.64      -176500.08      1.4400755      19683               2142 
   1261500   1993.4254      161489.57     -189394.26      12721.87      -176672.39      1.4400755      19683               2142 
   1262000   1969.2027      155652.73     -189519.03      12567.283     -176951.75      1.4400755      19683               2142 
   1262500   1962.8869      158862.18     -189676.68      12526.976     -177149.71      1.4400755      19683               2142 
   1263000   1960.6124      164314.88     -189702.43      12512.461     -177189.97      1.4400755      19683               2142 
   1263500   2000.9673      168546.47     -189926.94      12770.002     -177156.94      1.4400755      19683               2142 
   1264000   1952.1168      160785.29     -189545.32      12458.242     -177087.08      1.4400755      19683               2142 
   1264500   2016.1852      160793.94     -189897.73      12867.121     -177030.61      1.4400755      19683               2142 
   1265000   2032.5949      174678.39     -189948.73      12971.847     -176976.88      1.4400755      19683               2142 
   1265500   2047.9808      158037.68     -190077.04      13070.038     -177007         1.4400755      19683               2142 
   1266000   1958.3943      166756.84     -189627.95      12498.304     -177129.65      1.4400755      19683               2142 
   1266500   2001.6642      156522.1      -190042.72      12774.45      -177268.27      1.4400755      19683               2142 
   1267000   1974.4065      152222.49     -190014.97      12600.493     -177414.48      1.4400755      19683               2142 
   1267500   1897.0876      151620.05     -189622.68      12107.05      -177515.63      1.4400755      19683               2142 
   1268000   1944.0284      159102.35     -189819.56      12406.622     -177412.94      1.4400755      19683               2142 
   1268500   1982.0393      159895.94     -189724.55      12649.205     -177075.35      1.4400755      19683               2142 
   1269000   2005.7424      159608.87     -189573.9       12800.476     -176773.42      1.4400755      19683               2142 
   1269500   1983.0799      169524.23     -189311.31      12655.846     -176655.46      1.4400755      19683               2142 
   1270000   2012.5193      154828.18     -189452.87      12843.725     -176609.15      1.4400755      19683               2142 
   1270500   1998.5437      180088.71     -189387.19      12754.534     -176632.66      1.4400755      19683               2142 
   1271000   1989.9336      163317.01     -189428.67      12699.586     -176729.09      1.4400755      19683               2142 
   1271500   2017.7421      165558.75     -189753.43      12877.057     -176876.38      1.4400755      19683               2142 
   1272000   2016.1493      156023.65     -189973.14      12866.892     -177106.25      1.4400755      19683               2142 
   1272500   1983.3419      166464.42     -190048.57      12657.518     -177391.05      1.4400755      19683               2142 
   1273000   1954.3987      170175.01     -190023.38      12472.805     -177550.58      1.4400755      19683               2142 
   1273500   1948.1401      163160.47     -189986.7       12432.863     -177553.84      1.4400755      19683               2142 
   1274000   1931.1406      170733.45     -189795.32      12324.374     -177470.95      1.4400755      19683               2142 
   1274500   1959.0573      154838.31     -189860.13      12502.536     -177357.59      1.4400755      19683               2142 
   1275000   1958.6896      168026.4      -189723.37      12500.189     -177223.18      1.4400755      19683               2142 
   1275500   1989.246       159857.17     -189741.3       12695.198     -177046.1       1.4400755      19683               2142 
   1276000   1978.6435      158809.87     -189503.25      12627.533     -176875.72      1.4400755      19683               2142 
   1276500   1964.4013      166327.98     -189283.06      12536.641     -176746.42      1.4400755      19683               2142 
   1277000   2034.771       162397.08     -189654.31      12985.734     -176668.58      1.4400755      19683               2142 
   1277500   1994.0534      169069.84     -189371.16      12725.878     -176645.29      1.4400755      19683               2142 
   1278000   1979.4546      154864.82     -189325.78      12632.709     -176693.07      1.4400755      19683               2142 
   1278500   2064.9854      164680.05     -189960.17      13178.56      -176781.61      1.4400755      19683               2142 
   1279000   1940.8654      167902.97     -189510.67      12386.437     -177124.23      1.4400755      19683               2142 
   1279500   1964.2679      157485.93     -189955.77      12535.789     -177419.98      1.4400755      19683               2142 
   1280000   1958.253       166221.49     -189967.89      12497.403     -177470.49      1.4400755      19683               2142 
   1280500   1946.8805      168762.93     -189850.15      12424.824     -177425.32      1.4400755      19683               2142 
   1281000   1935.8314      169960.12     -189640.48      12354.31      -177286.17      1.4400755      19683               2142 
   1281500   2016.4096      155589.88     -189912.83      12868.553     -177044.28      1.4400755      19683               2142 
   1282000   1992.9431      170953.71     -189566.21      12718.792     -176847.41      1.4400755      19683               2142 
   1282500   2019.6778      160537.87     -189644.91      12889.41      -176755.5       1.4400755      19683               2142 
   1283000   1991.62        163069.3      -189447.2       12710.348     -176736.86      1.4400755      19683               2142 
   1283500   2003.7648      169970.73     -189524.87      12787.855     -176737.01      1.4400755      19683               2142 
   1284000   1951.3755      170099.6      -189205.55      12453.511     -176752.04      1.4400755      19683               2142 
   1284500   1957.2041      166286.98     -189251.41      12490.709     -176760.71      1.4400755      19683               2142 
   1285000   1944.7435      161516.64     -189200.66      12411.186     -176789.47      1.4400755      19683               2142 
   1285500   2018.9339      171669.12     -189701.49      12884.663     -176816.83      1.4400755      19683               2142 
   1286000   2013.5973      162827.82     -189834.95      12850.605     -176984.35      1.4400755      19683               2142 
   1286500   2003.6285      159923.57     -190040.14      12786.985     -177253.15      1.4400755      19683               2142 
   1287000   1911.094       160806.77     -189588.74      12196.438     -177392.3       1.4400755      19683               2142 
   1287500   1978.2553      173074.86     -190003.93      12625.056     -177378.88      1.4400755      19683               2142 
   1288000   1979.0308      161277.14     -189879.32      12630.005     -177249.31      1.4400755      19683               2142 
   1288500   1978.3934      165139.8      -189656.02      12625.937     -177030.08      1.4400755      19683               2142 
   1289000   1977.2281      171569.58     -189398.73      12618.5       -176780.23      1.4400755      19683               2142 
   1289500   2012.1477      168216.46     -189447.45      12841.355     -176606.1       1.4400755      19683               2142 
   1290000   1982.5803      166727.01     -189208.03      12652.658     -176555.37      1.4400755      19683               2142 
   1290500   2011.7214      166460.56     -189406.72      12838.633     -176568.09      1.4400755      19683               2142 
   1291000   1960.9654      166862.27     -189140.48      12514.713     -176625.77      1.4400755      19683               2142 
   1291500   1998.9818      159775.58     -189469.43      12757.331     -176712.1       1.4400755      19683               2142 
   1292000   2024.0363      159999.11     -189724.45      12917.226     -176807.23      1.4400755      19683               2142 
   1292500   1977.7739      165021.63     -189623.97      12621.983     -177001.98      1.4400755      19683               2142 
   1293000   1957.7719      165121.01     -189909.55      12494.332     -177415.22      1.4400755      19683               2142 
   1293500   1943.2389      164258.34     -190037.42      12401.584     -177635.84      1.4400755      19683               2142 
   1294000   1933.3065      161328.21     -189954.13      12338.197     -177615.94      1.4400755      19683               2142 
   1294500   1974.4748      165066.33     -190110.78      12600.929     -177509.85      1.4400755      19683               2142 
   1295000   1951.4354      159296.36     -189747.57      12453.894     -177293.68      1.4400755      19683               2142 
   1295500   2038.2609      166007.47     -190047.2       13008.006     -177039.19      1.4400755      19683               2142 
   1296000   2032.69        165429.71     -189846.71      12972.453     -176874.26      1.4400755      19683               2142 
   1296500   2068.5327      164480.88     -189969.42      13201.199     -176768.23      1.4400755      19683               2142 
   1297000   2025.6618      160668.32     -189702.63      12927.6       -176775.03      1.4400755      19683               2142 
   1297500   1995.5301      165192.65     -189569.36      12735.302     -176834.06      1.4400755      19683               2142 
   1298000   1980.6535      153135.41     -189552.72      12640.361     -176912.35      1.4400755      19683               2142 
   1298500   1979.6662      167053.18     -189652.17      12634.06      -177018.11      1.4400755      19683               2142 
   1299000   1964.1331      163466.74     -189751.84      12534.929     -177216.91      1.4400755      19683               2142 
   1299500   1928.0644      165209.37     -189775.07      12304.742     -177470.33      1.4400755      19683               2142 
   1300000   1925.0487      155225.71     -189911.82      12285.496     -177626.33      1.4400755      19683               2142 
   1300500   1904.5357      160327.38     -189729.42      12154.584     -177574.83      1.4400755      19683               2142 
   1301000   1996.4737      159370.22     -190034.63      12741.324     -177293.3       1.4400755      19683               2142 
   1301500   1990.6503      159389.57     -189686         12704.16      -176981.84      1.4400755      19683               2142 
   1302000   2007.0813      159088.18     -189681.18      12809.021     -176872.16      1.4400755      19683               2142 
   1302500   2028.3531      154570.49     -189750.8       12944.776     -176806.02      1.4400755      19683               2142 
   1303000   2020.2119      159756.94     -189659.02      12892.819     -176766.21      1.4400755      19683               2142 
   1303500   2053.4947      169575.97     -189853.1       13105.227     -176747.87      1.4400755      19683               2142 
   1304000   2028.8166      163196.53     -189697.75      12947.734     -176750.01      1.4400755      19683               2142 
   1304500   2021.7182      152442.36     -189722.2       12902.432     -176819.76      1.4400755      19683               2142 
   1305000   1967.5446      165128.7      -189555.81      12556.701     -176999.11      1.4400755      19683               2142 
   1305500   1991.8453      156189.61     -189913.79      12711.786     -177202.01      1.4400755      19683               2142 
   1306000   1951.0177      163689.43     -189811.24      12451.228     -177360.02      1.4400755      19683               2142 
   1306500   1962.2304      158647.52     -189897.54      12522.786     -177374.76      1.4400755      19683               2142 
   1307000   1944.8007      164578.94     -189611.88      12411.552     -177200.33      1.4400755      19683               2142 
   1307500   2038.7636      156098.13     -189805.34      13011.214     -176794.12      1.4400755      19683               2142 
   1308000   2005.4264      157787.64     -189345.69      12798.459     -176547.23      1.4400755      19683               2142 
   1308500   2020.4725      169732.11     -189377.89      12894.482     -176483.41      1.4400755      19683               2142 
   1309000   1971.6849      176909.75     -189069.29      12583.124     -176486.17      1.4400755      19683               2142 
   1309500   2014.1256      167156.47     -189424.88      12853.977     -176570.91      1.4400755      19683               2142 
   1310000   1959.6789      170447.14     -189193.76      12506.503     -176687.25      1.4400755      19683               2142 
   1310500   1972.5585      158004.22     -189439.31      12588.699     -176850.61      1.4400755      19683               2142 
   1311000   1978.7927      151619.02     -189677.94      12628.485     -177049.46      1.4400755      19683               2142 
   1311500   1943.1672      158650.76     -189581.72      12401.127     -177180.6       1.4400755      19683               2142 
   1312000   1938.1575      160486.73     -189553.95      12369.155     -177184.79      1.4400755      19683               2142 
   1312500   2018.306       161225.64     -189951.87      12880.656     -177071.21      1.4400755      19683               2142 
   1313000   2028.1969      157429.37     -189852         12943.779     -176908.22      1.4400755      19683               2142 
   1313500   2008.4512      164618.48     -189517.3       12817.763     -176699.54      1.4400755      19683               2142 
   1314000   2040.0984      159763.77     -189453.71      13019.733     -176433.98      1.4400755      19683               2142 
   1314500   2091.476       169402.6      -189267.55      13347.621     -175919.93      1.4400755      19683               2142 
   1315000   2132.5547      162642.18     -189319.43      13609.781     -175709.65      1.4400755      19683               2142 
   1315500   2071.6421      173057.65     -189047.04      13221.043     -175826         1.4400755      19683               2142 
   1316000   2035.1747      176227.81     -189039         12988.311     -176050.69      1.4400755      19683               2142 
   1316500   2060.5473      169988.69     -189464.5       13150.236     -176314.27      1.4400755      19683               2142 
   1317000   2031.417       162733.96     -189529.01      12964.329     -176564.68      1.4400755      19683               2142 
   1317500   1983.5018      167578.97     -189409.77      12658.539     -176751.23      1.4400755      19683               2142 
   1318000   2022.2414      159809.03     -189848.9       12905.771     -176943.13      1.4400755      19683               2142 
   1318500   2029.9385      162917.39     -190010.52      12954.894     -177055.63      1.4400755      19683               2142 
   1319000   2004.1168      172044.53     -189936.6       12790.102     -177146.49      1.4400755      19683               2142 
   1319500   2000.5781      161971.93     -189908.21      12767.518     -177140.69      1.4400755      19683               2142 
   1320000   2009.9879      161669.06     -189913.91      12827.57      -177086.34      1.4400755      19683               2142 
   1320500   2021.822       159482.38     -189851.7       12903.095     -176948.6       1.4400755      19683               2142 
   1321000   2051.5824      165263.48     -189831.99      13093.023     -176738.96      1.4400755      19683               2142 
   1321500   2012.3042      177650.77     -189330.13      12842.353     -176487.78      1.4400755      19683               2142 
   1322000   2062.4559      168594.08     -189472.31      13162.417     -176309.89      1.4400755      19683               2142 
   1322500   2057.7782      154827.18     -189444.83      13132.564     -176312.27      1.4400755      19683               2142 
   1323000   2029.3909      164095.78     -189477.46      12951.399     -176526.06      1.4400755      19683               2142 
   1323500   2017.0178      164070.48     -189724.94      12872.435     -176852.51      1.4400755      19683               2142 
   1324000   1981.6368      161112.11     -189671.77      12646.636     -177025.14      1.4400755      19683               2142 
   1324500   1988.3002      167748.8      -189749.73      12689.162     -177060.56      1.4400755      19683               2142 
   1325000   1984.329       157697.68     -189666.37      12663.818     -177002.55      1.4400755      19683               2142 
   1325500   2007.9047      159686.13     -189716.01      12814.276     -176901.74      1.4400755      19683               2142 
   1326000   2016.8313      164208.95     -189615.57      12871.245     -176744.33      1.4400755      19683               2142 
   1326500   2011.8017      162813.82     -189432.87      12839.146     -176593.73      1.4400755      19683               2142 
   1327000   2018.5163      158776.53     -189361.5       12881.998     -176479.51      1.4400755      19683               2142 
   1327500   2041.0486      161635.12     -189468.19      13025.797     -176442.39      1.4400755      19683               2142 
   1328000   2013.4249      160217.94     -189423.4       12849.505     -176573.89      1.4400755      19683               2142 
   1328500   2009.3914      163346.88     -189752.89      12823.764     -176929.13      1.4400755      19683               2142 
   1329000   1949.2956      159553.18     -189620.42      12440.237     -177180.18      1.4400755      19683               2142 
   1329500   1966.7915      160497.19     -189779.96      12551.895     -177228.07      1.4400755      19683               2142 
   1330000   1993.9605      151701.56     -189873.44      12725.285     -177148.16      1.4400755      19683               2142 
   1330063   2011.9585      166105.09     -189973.65      12840.147     -177133.5       1.4400755      19683               2142 
Loop time of 18892.5 on 48 procs for 400000 steps with 2142 atoms

Performance: 0.183 ns/day, 131.198 hours/ns, 21.172 timesteps/s, 45.351 katom-step/s
99.4% CPU use with 12 MPI tasks x 4 OpenMP threads

MPI task timing breakdown:
Section |  min time  |  avg time  |  max time  |%varavg| %total
---------------------------------------------------------------
Pair    | 15526      | 15820      | 16043      | 125.7 | 83.74
Neigh   | 146.68     | 147.34     | 148.9      |   6.2 |  0.78
Comm    | 239.44     | 462.59     | 755.73     | 734.5 |  2.45
Output  | 0.098925   | 0.11565    | 0.13961    |   3.1 |  0.00
Modify  | 2451.8     | 2454.1     | 2455.7     |   2.6 | 12.99
Other   |            | 8.547      |            |       |  0.05

Nlocal:          178.5 ave         192 max         172 min
Histogram: 3 2 1 2 1 1 0 0 1 1
Nghost:        4853.58 ave        4917 max        4794 min
Histogram: 1 0 1 4 1 0 3 0 1 1
Neighs:         126399 ave      136032 max      122367 min
Histogram: 5 1 1 2 1 0 0 1 0 1

Total # of neighbors = 1516787
Ave neighs/atom = 708.11718
Neighbor list builds = 4737
Dangerous builds = 0
write_restart   out/restart.solgel_pH${pH}.stage3
write_restart   out/restart.solgel_pH6.0.stage3
System init for write_restart ...

print           "--- Condensation Stage 4/4 ---"
--- Condensation Stage 4/4 ---
run             400000
Per MPI rank memory allocation (min/avg/max) = 349.6 | 354.7 | 359.2 Mbytes
   Step          Temp          Press          PotEng         KinEng         TotEng        Density         Volume        Atoms   
   1330063   2011.9585      166105.29     -189973.65      12840.147     -177133.5       1.4400755      19683               2142 
   1330500   2010.6464      154967.33     -189818.28      12831.773     -176986.51      1.4400755      19683               2142 
   1331000   2015.5637      155609.79     -189644.14      12863.155     -176780.98      1.4400755      19683               2142 
   1331500   2018.6515      160093.6      -189520.3       12882.861     -176637.44      1.4400755      19683               2142 
   1332000   2029.2736      165322.95     -189503.97      12950.65      -176553.32      1.4400755      19683               2142 
   1332500   2026.4         172674.13     -189459.1       12932.311     -176526.79      1.4400755      19683               2142 
   1333000   2043.4962      166400.27     -189681.22      13041.418     -176639.81      1.4400755      19683               2142 
   1333500   1965.6514      163683.8      -189606.25      12544.619     -177061.63      1.4400755      19683               2142 
   1334000   1947.0675      158243.37     -189762.27      12426.018     -177336.25      1.4400755      19683               2142 
   1334500   1976.2356      159060.9      -189951.2       12612.166     -177339.03      1.4400755      19683               2142 
   1335000   1952.1953      154378.55     -189685.26      12458.743     -177226.52      1.4400755      19683               2142 
   1335500   2004.5253      167969.39     -189867.92      12792.709     -177075.21      1.4400755      19683               2142 
   1336000   2015.9158      165349.58     -189714.17      12865.402     -176848.77      1.4400755      19683               2142 
   1336500   2008.4099      169821.95     -189491.75      12817.5       -176674.25      1.4400755      19683               2142 
   1337000   2044.7705      162830.33     -189663         13049.55      -176613.45      1.4400755      19683               2142 
   1337500   2016.6648      180837.31     -189591.56      12870.182     -176721.38      1.4400755      19683               2142 
   1338000   1988.6416      158122.02     -189624.07      12691.34      -176932.73      1.4400755      19683               2142 
   1338500   1980.5654      168527.7      -189798.98      12639.799     -177159.18      1.4400755      19683               2142 
   1339000   1958.2551      164377.29     -189807.17      12497.416     -177309.75      1.4400755      19683               2142 
   1339500   1993.5553      152755.63     -190048.33      12722.699     -177325.63      1.4400755      19683               2142 
   1340000   1970.2579      167099.7      -189874.54      12574.017     -177300.52      1.4400755      19683               2142 
   1340500   1985.8551      163036.81     -189911.81      12673.557     -177238.25      1.4400755      19683               2142 
   1341000   1982.3169      170274.33     -189805.66      12650.977     -177154.68      1.4400755      19683               2142 
   1341500   1963.0477      179725.29     -189585.78      12528.002     -177057.78      1.4400755      19683               2142 
   1342000   2022.5231      172650.24     -189838.87      12907.569     -176931.3       1.4400755      19683               2142 
   1342500   1971.2728      161719.62     -189370.14      12580.494     -176789.65      1.4400755      19683               2142 
   1343000   2045.6913      159214.47     -189650.04      13055.427     -176594.61      1.4400755      19683               2142 
   1343500   2024.6971      170680.98     -189337.49      12921.443     -176416.04      1.4400755      19683               2142 
   1344000   2074.932       172140.15     -189625.46      13242.038     -176383.42      1.4400755      19683               2142 
   1344500   2012.2379      167512.96     -189399.34      12841.93      -176557.41      1.4400755      19683               2142 
   1345000   1968.8557      170190.41     -189539.32      12565.068     -176974.25      1.4400755      19683               2142 
   1345500   1993.9003      175231.96     -189895.28      12724.901     -177170.38      1.4400755      19683               2142 
   1346000   1982.4501      161535.73     -189856.92      12651.827     -177205.09      1.4400755      19683               2142 
   1346500   1999.956       164715.49     -189927.75      12763.548     -177164.2       1.4400755      19683               2142 
   1347000   2019.2711      159520.34     -189934.49      12886.815     -177047.68      1.4400755      19683               2142 
   1347500   1995.3613      169345.51     -189645.39      12734.225     -176911.17      1.4400755      19683               2142 
   1348000   1977.0855      166064.18     -189395.98      12617.59      -176778.39      1.4400755      19683               2142 
   1348500   2053.8364      164980.8      -189740.2       13107.408     -176632.79      1.4400755      19683               2142 
   1349000   2046.5934      159610.73     -189555.03      13061.184     -176493.85      1.4400755      19683               2142 
   1349500   2034.5481      174573.01     -189393.62      12984.312     -176409.31      1.4400755      19683               2142 
   1350000   2066.0644      161837.75     -189614.72      13185.446     -176429.28      1.4400755      19683               2142 
   1350500   1989.5308      168194.82     -189317.4       12697.015     -176620.38      1.4400755      19683               2142 
   1351000   2006.6009      156147.24     -189690.51      12805.955     -176884.56      1.4400755      19683               2142 
   1351500   1966.4681      160708.79     -189607.25      12549.831     -177057.42      1.4400755      19683               2142 
   1352000   2023.1143      164740.83     -190030.13      12911.342     -177118.79      1.4400755      19683               2142 
   1352500   1974.847       167338.79     -189737.13      12603.304     -177133.82      1.4400755      19683               2142 
   1353000   1964.813       167102.88     -189581.58      12539.268     -177042.32      1.4400755      19683               2142 
   1353500   1974.1522      165809.93     -189444.95      12598.87      -176846.08      1.4400755      19683               2142 
   1354000   2058.4676      164222.39     -189725.67      13136.964     -176588.71      1.4400755      19683               2142 
   1354500   2056.8415      170528.57     -189482.42      13126.586     -176355.83      1.4400755      19683               2142 
   1355000   2036.7807      160213.15     -189280.73      12998.56      -176282.17      1.4400755      19683               2142 
   1355500   2033.9131      164750.64     -189418.58      12980.259     -176438.32      1.4400755      19683               2142 
   1356000   1995.1077      176533.89     -189638.37      12732.606     -176905.76      1.4400755      19683               2142 
   1356500   2013.0321      176736.81     -189963.2       12846.999     -177116.2       1.4400755      19683               2142 
   1357000   1984.0848      160653.07     -189790.94      12662.259     -177128.68      1.4400755      19683               2142 
   1357500   1980.6821      155629.05     -189749.77      12640.544     -177109.22      1.4400755      19683               2142 
   1358000   1971.4009      165476.52     -189583.89      12581.312     -177002.57      1.4400755      19683               2142 
   1358500   1938.956       158227.65     -189208.38      12374.251     -176834.12      1.4400755      19683               2142 
   1359000   2013.5155      167017.46     -189501.21      12850.083     -176651.13      1.4400755      19683               2142 
   1359500   2017.6457      169480.88     -189471.96      12876.442     -176595.52      1.4400755      19683               2142 
   1360000   2048.254       163789.92     -189730.32      13071.781     -176658.54      1.4400755      19683               2142 
   1360500   2048.4863      168578.95     -189890.51      13073.264     -176817.25      1.4400755      19683               2142 
   1361000   1969.0874      160300.63     -189707.88      12566.547     -177141.33      1.4400755      19683               2142 
   1361500   1921.5566      166917.88     -189635.59      12263.21      -177372.38      1.4400755      19683               2142 
   1362000   1991.4267      163271.38     -190077.9       12709.115     -177368.78      1.4400755      19683               2142 
   1362500   1921.9326      173061.82     -189568.87      12265.609     -177303.26      1.4400755      19683               2142 
   1363000   1941.3233      174099.75     -189517.09      12389.359     -177127.73      1.4400755      19683               2142 
   1363500   2014.8092      153262.14     -189764.44      12858.339     -176906.1       1.4400755      19683               2142 
   1364000   1985.1067      168692.02     -189476.4       12668.781     -176807.62      1.4400755      19683               2142 
   1364500   2069.0405      166830.38     -189931.34      13204.439     -176726.9       1.4400755      19683               2142 
   1365000   2009.5199      169682.83     -189550.03      12824.584     -176725.45      1.4400755      19683               2142 
   1365500   1983.3971      174461.42     -189460.47      12657.871     -176802.6       1.4400755      19683               2142 
   1366000   2005.6897      171065.41     -189663.56      12800.14      -176863.42      1.4400755      19683               2142 
   1366500   2025.8831      156700.79     -189796.78      12929.013     -176867.77      1.4400755      19683               2142 
   1367000   2000.0177      174501.05     -189633.13      12763.942     -176869.18      1.4400755      19683               2142 
   1367500   1969.0696      165477.68     -189444.54      12566.433     -176878.1       1.4400755      19683               2142 
   1368000   2034.2134      163903.1      -189915.57      12982.176     -176933.39      1.4400755      19683               2142 
   1368500   1969.8799      164727.57     -189580.53      12571.605     -177008.92      1.4400755      19683               2142 
   1369000   1993.4138      164174.5      -189788.02      12721.796     -177066.23      1.4400755      19683               2142 
   1369500   1974.0068      166561.74     -189685.08      12597.942     -177087.14      1.4400755      19683               2142 
   1370000   1963.4678      160594.79     -189576.27      12530.683     -177045.59      1.4400755      19683               2142 
   1370500   1996.0822      162993.6      -189723.36      12738.826     -176984.54      1.4400755      19683               2142 
   1371000   1994.5289      157362.59     -189647.05      12728.913     -176918.14      1.4400755      19683               2142 
   1371500   1998.7231      165474.42     -189626.83      12755.679     -176871.15      1.4400755      19683               2142 
   1372000   2043.4862      158824.32     -189829.74      13041.354     -176788.39      1.4400755      19683               2142 
   1372500   2017.906       180405.55     -189596.06      12878.103     -176717.96      1.4400755      19683               2142 
   1373000   2029.8617      163954.14     -189675.36      12954.404     -176720.95      1.4400755      19683               2142 
   1373500   2017.5008      173863.3      -189683.97      12875.517     -176808.45      1.4400755      19683               2142 
   1374000   1972.6775      166214.05     -189580.4       12589.459     -176990.94      1.4400755      19683               2142 
   1374500   1982.2272      177251.85     -189834.45      12650.404     -177184.05      1.4400755      19683               2142 
   1375000   1959.3921      162280.07     -189792.59      12504.672     -177287.92      1.4400755      19683               2142 
   1375500   1960.3637      173299.71     -189781.37      12510.873     -177270.5       1.4400755      19683               2142 
   1376000   2005.6035      158954.54     -189898.84      12799.59      -177099.25      1.4400755      19683               2142 
   1376500   1995.7838      168890.33     -189540.5       12736.921     -176803.58      1.4400755      19683               2142 
   1377000   2026.8744      183580.11     -189456.56      12935.339     -176521.22      1.4400755      19683               2142 
   1377500   2082.2143      155816.29     -189701.33      13288.513     -176412.82      1.4400755      19683               2142 
   1378000   2009.0461      166340.95     -189256.57      12821.56      -176435.01      1.4400755      19683               2142 
   1378500   2057.9065      160844.86     -189620.66      13133.383     -176487.28      1.4400755      19683               2142 
   1379000   2042.8325      165748.23     -189622.97      13037.182     -176585.79      1.4400755      19683               2142 
   1379500   2003.8776      163509.22     -189519.55      12788.575     -176730.97      1.4400755      19683               2142 
   1380000   2068.9724      170233.21     -190055.28      13204.005     -176851.28      1.4400755      19683               2142 
   1380500   1966.2425      165287.68     -189517.32      12548.391     -176968.93      1.4400755      19683               2142 
   1381000   1961.0605      172606.28     -189501.04      12515.32      -176985.72      1.4400755      19683               2142 
   1381500   1993.8545      163367.14     -189656.85      12724.609     -176932.24      1.4400755      19683               2142 
   1382000   2027.201       156762.76     -189808.24      12937.423     -176870.82      1.4400755      19683               2142 
   1382500   1963.882       160799.23     -189366.54      12533.327     -176833.21      1.4400755      19683               2142 
   1383000   2003.7188      166106.46     -189540.33      12787.562     -176752.77      1.4400755      19683               2142 
   1383500   2000.6238      161016.5      -189474.12      12767.809     -176706.31      1.4400755      19683               2142 
   1384000   2009.4134      160364.89     -189511.55      12823.904     -176687.65      1.4400755      19683               2142 
   1384500   1996.9009      160497.84     -189444.68      12744.05      -176700.63      1.4400755      19683               2142 
   1385000   2021.1917      159688.02     -189643.32      12899.072     -176744.24      1.4400755      19683               2142 
   1385500   1936.671       158659.96     -189298.12      12359.668     -176938.45      1.4400755      19683               2142 
   1386000   1962.7827      154994.29     -189728.13      12526.311     -177201.82      1.4400755      19683               2142 
   1386500   1924.4671      163878.63     -189640.33      12281.784     -177358.55      1.4400755      19683               2142 
   1387000   1984.9442      152513.23     -190041.21      12667.744     -177373.47      1.4400755      19683               2142 
   1387500   1949.0196      169294.49     -189713.31      12438.476     -177274.84      1.4400755      19683               2142 
   1388000   1992.0923      162686.57     -189753.73      12713.362     -177040.37      1.4400755      19683               2142 
   1388500   1995.2145      156631.48     -189483.29      12733.288     -176750.01      1.4400755      19683               2142 
   1389000   1990.2461      169652.26     -189298.68      12701.58      -176597.1       1.4400755      19683               2142 
   1389500   2051.679       152795.37     -189659.84      13093.64      -176566.2       1.4400755      19683               2142 
   1390000   2027.6823      160220.61     -189569.03      12940.494     -176628.54      1.4400755      19683               2142 
   1390500   2079.8272      147098.51     -190021.64      13273.279     -176748.36      1.4400755      19683               2142 
   1391000   2024.9785      159119.27     -189846.55      12923.239     -176923.31      1.4400755      19683               2142 
   1391500   1999.1057      170311.03     -189775.4       12758.121     -177017.28      1.4400755      19683               2142 
   1392000   1982.8875      160875.13     -189681.3       12654.618     -177026.68      1.4400755      19683               2142 
   1392500   1974.9048      165524.2      -189637.08      12603.673     -177033.41      1.4400755      19683               2142 
   1393000   2022.3834      157048.72     -189881.67      12906.678     -176974.99      1.4400755      19683               2142 
   1393500   1994.6635      153301.42     -189610.79      12729.771     -176881.02      1.4400755      19683               2142 
   1394000   1999.9681      167493.57     -189486.56      12763.625     -176722.93      1.4400755      19683               2142 
   1394500   2090.3241      156070.18     -189830.3       13340.269     -176490.04      1.4400755      19683               2142 
   1395000   2074.0602      162275.02     -189541.75      13236.474     -176305.28      1.4400755      19683               2142 
   1395500   2036.7049      164622.98     -189226.57      12998.076     -176228.49      1.4400755      19683               2142 
   1396000   2067.4382      161329.49     -189489.95      13194.213     -176295.74      1.4400755      19683               2142 
   1396500   2012.3108      154540.72     -189480.48      12842.395     -176638.08      1.4400755      19683               2142 
   1397000   2013.4946      161608.97     -189765.27      12849.95      -176915.32      1.4400755      19683               2142 
   1397500   1944.6006      157583.42     -189420.35      12410.275     -177010.07      1.4400755      19683               2142 
   1398000   1995.4179      151119.98     -189741.25      12734.586     -177006.67      1.4400755      19683               2142 
   1398500   1963.3714      162095.28     -189507.02      12530.068     -176976.96      1.4400755      19683               2142 
   1399000   2005.0094      165041.44     -189706.15      12795.798     -176910.35      1.4400755      19683               2142 
   1399500   2042.2208      165172.97     -189869.58      13033.278     -176836.31      1.4400755      19683               2142 
   1400000   2062.3888      156187.38     -189922.44      13161.989     -176760.46      1.4400755      19683               2142 
   1400500   2004.9403      157983.45     -189488.5       12795.357     -176693.14      1.4400755      19683               2142 
   1401000   2029.1882      167564.93     -189585.75      12950.105     -176635.64      1.4400755      19683               2142 
   1401500   2004.0265      163845.71     -189468.91      12789.526     -176679.39      1.4400755      19683               2142 
   1402000   2029.1296      159183.79     -189781.68      12949.731     -176831.95      1.4400755      19683               2142 
   1402500   1997.452       160511.25     -189775.17      12747.567     -177027.6       1.4400755      19683               2142 
   1403000   1975.3203      152459.3      -189805.38      12606.325     -177199.06      1.4400755      19683               2142 
   1403500   1970.0453      157608.18     -189892.73      12572.66      -177320.07      1.4400755      19683               2142 
   1404000   1938.1821      153446.13     -189673.27      12369.312     -177303.96      1.4400755      19683               2142 
   1404500   2011.7628      167423.56     -189974.2       12838.898     -177135.3       1.4400755      19683               2142 
   1405000   1990.6736      163379.32     -189521.01      12704.308     -176816.7       1.4400755      19683               2142 
   1405500   2090.6313      159160.68     -189871.71      13342.23      -176529.48      1.4400755      19683               2142 
   1406000   2045.9201      156293.48     -189520.43      13056.887     -176463.54      1.4400755      19683               2142 
   1406500   2029.7563      169124.88     -189454.1       12953.731     -176500.37      1.4400755      19683               2142 
   1407000   2022.6897      158201.78     -189504.73      12908.632     -176596.09      1.4400755      19683               2142 
   1407500   1991.3363      173979.42     -189437.6       12708.538     -176729.06      1.4400755      19683               2142 
   1408000   2024.9956      158724.72     -189808.99      12923.348     -176885.64      1.4400755      19683               2142 
   1408500   1994.1443      160359.44     -189696.61      12726.458     -176970.15      1.4400755      19683               2142 
   1409000   1979.3051      157925.13     -189632.49      12631.755     -177000.74      1.4400755      19683               2142 
   1409500   1975.3052      162545.42     -189549.03      12606.229     -176942.8       1.4400755      19683               2142 
   1410000   2031.8763      162719.07     -189801.19      12967.26      -176833.93      1.4400755      19683               2142 
   1410500   2022.2089      175988.01     -189509.07      12905.564     -176603.5       1.4400755      19683               2142 
   1411000   2040.1314      161386.08     -189256.1       13019.944     -176236.16      1.4400755      19683               2142 
   1411500   2057.3725      176609.06     -189111.54      13129.975     -175981.56      1.4400755      19683               2142 
   1412000   2038.7551      177409.15     -188975.96      13011.16      -175964.8       1.4400755      19683               2142 
   1412500   2077.8543      162413.11     -189346.73      13260.688     -176086.04      1.4400755      19683               2142 
   1413000   1992.9617      171943.69     -189001.3       12718.911     -176282.39      1.4400755      19683               2142 
   1413500   2031.4317      165222.79     -189402.77      12964.423     -176438.35      1.4400755      19683               2142 
   1414000   2026.6694      166054.17     -189505.33      12934.03      -176571.3       1.4400755      19683               2142 
   1414500   2043.8404      167128.51     -189740.38      13043.614     -176696.77      1.4400755      19683               2142 
   1415000   1984.7328      159124.15     -189481.64      12666.395     -176815.24      1.4400755      19683               2142 
   1415500   1953.1797      165300.97     -189359.9       12465.026     -176894.88      1.4400755      19683               2142 
   1416000   1981.23        157574.28     -189552.19      12644.04      -176908.15      1.4400755      19683               2142 
   1416500   1940.0363      161189.95     -189296.39      12381.145     -176915.25      1.4400755      19683               2142 
   1417000   1971.7773      159345.66     -189469.1       12583.714     -176885.39      1.4400755      19683               2142 
   1417500   1973.0715      160799.1      -189304.45      12591.973     -176712.47      1.4400755      19683               2142 
   1418000   2039.0763      155250.49     -189472.79      13013.21      -176459.58      1.4400755      19683               2142 
   1418500   2073.2369      166037.67     -189501.76      13231.22      -176270.54      1.4400755      19683               2142 
   1419000   2099.0399      163996.02     -189617.85      13395.893     -176221.96      1.4400755      19683               2142 
   1419500   2018.9286      170273.07     -189250.16      12884.629     -176365.53      1.4400755      19683               2142 
   1420000   2059.8632      158669.1      -189817.4       13145.87      -176671.53      1.4400755      19683               2142 
   1420500   1951.4584      172251.02     -189336         12454.04      -176881.96      1.4400755      19683               2142 
   1421000   1980.1102      172029.59     -189574.27      12636.893     -176937.38      1.4400755      19683               2142 
   1421500   1985.4162      163191.07     -189607.96      12670.756     -176937.21      1.4400755      19683               2142 
   1422000   1995.042       160992.83     -189596.23      12732.187     -176864.05      1.4400755      19683               2142 
   1422500   2017.433       158459.66     -189662.12      12875.085     -176787.03      1.4400755      19683               2142 
   1423000   2041.5655      166366.77     -189694.53      13029.096     -176665.43      1.4400755      19683               2142 
   1423500   2033.0757      168916.54     -189459.59      12974.915     -176484.68      1.4400755      19683               2142 
   1424000   2050.4111      156559.16     -189349.18      13085.548     -176263.63      1.4400755      19683               2142 
   1424500   2075.6339      174719.7      -189305.74      13246.517     -176059.23      1.4400755      19683               2142 
   1425000   2095.003       163995.47     -189401.35      13370.13      -176031.22      1.4400755      19683               2142 
   1425500   2035.1805      171188.91     -189259.65      12988.348     -176271.3       1.4400755      19683               2142 
   1426000   2010.2428      171440.09     -189478.79      12829.197     -176649.59      1.4400755      19683               2142 
   1426500   1998.9461      164854.28     -189598.23      12757.103     -176841.12      1.4400755      19683               2142 
   1427000   1988.1163      164190.4      -189640.36      12687.988     -176952.37      1.4400755      19683               2142 
   1427500   1995.6412      169650.41     -189769.18      12736.011     -177033.17      1.4400755      19683               2142 
   1428000   1987.915       156352.35     -189727.68      12686.703     -177040.97      1.4400755      19683               2142 
   1428500   1979.4323      164118.51     -189635.29      12632.568     -177002.72      1.4400755      19683               2142 
   1429000   2022.1072      157391.36     -189830.95      12904.915     -176926.04      1.4400755      19683               2142 
   1429500   2024.7516      172346.56     -189709.35      12921.791     -176787.56      1.4400755      19683               2142 
   1430000   2018.0173      165777.69     -189430.12      12878.813     -176551.31      1.4400755      19683               2142 
   1430500   2068.7393      171573.67     -189529.23      13202.517     -176326.71      1.4400755      19683               2142 
   1431000   2034.5533      164776.51     -189279.73      12984.345     -176295.39      1.4400755      19683               2142 
   1431500   2020.641       163415.3      -189350.95      12895.558     -176455.4       1.4400755      19683               2142 
   1432000   1975.0347      182010.81     -189369.42      12604.502     -176764.92      1.4400755      19683               2142 
   1432500   1974.6836      160202.55     -189523.18      12602.262     -176920.92      1.4400755      19683               2142 
   1433000   1970.2089      164779.93     -189521.14      12573.705     -176947.43      1.4400755      19683               2142 
   1433500   1967.0857      160251.48     -189481.48      12553.772     -176927.7       1.4400755      19683               2142 
   1434000   2007.9148      158952.04     -189674.75      12814.34      -176860.41      1.4400755      19683               2142 
   1434500   1993.1555      164689.71     -189486.17      12720.148     -176766.02      1.4400755      19683               2142 
   1435000   1980.0092      171871.25     -189268.14      12636.249     -176631.89      1.4400755      19683               2142 
   1435500   2082.0431      157411.64     -189757.66      13287.421     -176470.24      1.4400755      19683               2142 
   1436000   2044.7458      164154.35     -189365.44      13049.392     -176316.04      1.4400755      19683               2142 
   1436500   2076.6648      155898        -189453.33      13253.097     -176200.23      1.4400755      19683               2142 
   1437000   2060.224       164027.28     -189330.53      13148.173     -176182.36      1.4400755      19683               2142 
   1437500   2031.9257      158810.3      -189350.71      12967.576     -176383.13      1.4400755      19683               2142 
   1438000   2017.7         159130.13     -189579.57      12876.789     -176702.78      1.4400755      19683               2142 
   1438500   2029.7591      160198.02     -189906.67      12953.749     -176952.92      1.4400755      19683               2142 
   1439000   1987.2362      159370.83     -189756.51      12682.371     -177074.14      1.4400755      19683               2142 
   1439500   1993.4019      164771.05     -189848.19      12721.72      -177126.47      1.4400755      19683               2142 
   1440000   1995.1642      156893.25     -189908.06      12732.967     -177175.09      1.4400755      19683               2142 
   1440500   1996.8936      154912.52     -190002.22      12744.004     -177258.22      1.4400755      19683               2142 
   1441000   1954.3113      165146.46     -189763.78      12472.247     -177291.53      1.4400755      19683               2142 
   1441500   1996.5937      159136.49     -189984.18      12742.09      -177242.09      1.4400755      19683               2142 
   1442000   1990.6323      165151.12     -189761.68      12704.045     -177057.63      1.4400755      19683               2142 
   1442500   2011.7081      164808.05     -189610.01      12838.549     -176771.46      1.4400755      19683               2142 
   1443000   2050.6067      160332.75     -189614.22      13086.796     -176527.42      1.4400755      19683               2142 
   1443500   2049.9809      170509.96     -189561.55      13082.802     -176478.74      1.4400755      19683               2142 
   1444000   2025.543       167578.39     -189501.67      12926.842     -176574.83      1.4400755      19683               2142 
   1444500   2025.9462      167464.7      -189701.92      12929.415     -176772.51      1.4400755      19683               2142 
   1445000   1977.2332      162961.68     -189605.74      12618.533     -176987.21      1.4400755      19683               2142 
   1445500   1975.4729      158797.6      -189713.43      12607.299     -177106.13      1.4400755      19683               2142 
   1446000   2012.562       164637.97     -189958.82      12843.998     -177114.83      1.4400755      19683               2142 
   1446500   1980.7191      172383.32     -189761.6       12640.78      -177120.82      1.4400755      19683               2142 
   1447000   2001.4086      160974.85     -189848.03      12772.818     -177075.21      1.4400755      19683               2142 
   1447500   2015.0738      163320.76     -189871.46      12860.028     -177011.44      1.4400755      19683               2142 
   1448000   2031.1172      168976.69     -189897.82      12962.416     -176935.4       1.4400755      19683               2142 
   1448500   1971.8931      167809.5      -189457.3       12584.453     -176872.84      1.4400755      19683               2142 
   1449000   2032.1106      169748.68     -189815.59      12968.756     -176846.84      1.4400755      19683               2142 
   1449500   2012.4327      163356.93     -189824.19      12843.173     -176981.02      1.4400755      19683               2142 
   1450000   1980.2295      164713.6      -189856.58      12637.655     -177218.93      1.4400755      19683               2142 
   1450500   1979.4681      163825.7      -190042.45      12632.796     -177409.65      1.4400755      19683               2142 
   1451000   1986.6489      154772.32     -190169.47      12678.623     -177490.85      1.4400755      19683               2142 
   1451500   1986.4652      170931.98     -190118.29      12677.451     -177440.84      1.4400755      19683               2142 
   1452000   2010.7318      162535.56     -190119.77      12832.318     -177287.45      1.4400755      19683               2142 
   1452500   2010.0371      166856.29     -189868.85      12827.884     -177040.97      1.4400755      19683               2142 
   1453000   2043.3393      160096.2      -189825.92      13040.416     -176785.5       1.4400755      19683               2142 
   1453500   2076.9583      170782.7      -189899.99      13254.97      -176645.02      1.4400755      19683               2142 
   1454000   2000.6862      152186.06     -189400.67      12768.208     -176632.46      1.4400755      19683               2142 
   1454500   1989.2088      162649.09     -189369.79      12694.96      -176674.83      1.4400755      19683               2142 
   1455000   2023.0126      170310.43     -189639.39      12910.693     -176728.7       1.4400755      19683               2142 
   1455500   2002.9268      171032.15     -189573.43      12782.507     -176790.93      1.4400755      19683               2142 
   1456000   2006.3556      168183.96     -189657.19      12804.389     -176852.8       1.4400755      19683               2142 
   1456500   2024.8949      167182.07     -189824.68      12922.706     -176901.98      1.4400755      19683               2142 
   1457000   2007.8978      155531.34     -189816.9       12814.232     -177002.67      1.4400755      19683               2142 
   1457500   1956.7264      163942.48     -189628.31      12487.66      -177140.65      1.4400755      19683               2142 
   1458000   1962.8193      161113.97     -189796.73      12526.545     -177270.19      1.4400755      19683               2142 
   1458500   1947.7519      156549.75     -189884.31      12430.385     -177453.93      1.4400755      19683               2142 
   1459000   1983.4569      149993.38     -190338.85      12658.252     -177680.59      1.4400755      19683               2142 
   1459500   1951.8971      161054.6      -190358.4       12456.84      -177901.56      1.4400755      19683               2142 
   1460000   1928.5098      154221.41     -190264.48      12307.584     -177956.9       1.4400755      19683               2142 
   1460500   1943.7498      163267.14     -190213.53      12404.845     -177808.69      1.4400755      19683               2142 
   1461000   2002.6474      161582.54     -190173.81      12780.724     -177393.08      1.4400755      19683               2142 
   1461500   1991.2309      165753.8      -189827.98      12707.865     -177120.11      1.4400755      19683               2142 
   1462000   2043.2522      167106.95     -190035.12      13039.86      -176995.26      1.4400755      19683               2142 
   1462500   1981.7114      153859.47     -189591.77      12647.112     -176944.66      1.4400755      19683               2142 
   1463000   1986.6888      159336.51     -189596.82      12678.878     -176917.95      1.4400755      19683               2142 
   1463500   2039.4793      161068.35     -189935.73      13015.782     -176919.94      1.4400755      19683               2142 
   1464000   2029.6434      163292.26     -189947.67      12953.01      -176994.66      1.4400755      19683               2142 
   1464500   2007.8599      162249.88     -189982.68      12813.99      -177168.69      1.4400755      19683               2142 
   1465000   1952.839       155051.1      -189871.75      12462.851     -177408.9       1.4400755      19683               2142 
   1465500   1960.6617      152820.51     -190025.14      12512.775     -177512.37      1.4400755      19683               2142 
   1466000   1981.6921      153752.26     -190147.39      12646.989     -177500.4       1.4400755      19683               2142 
   1466500   1996.2045      159537.29     -190118.23      12739.606     -177378.62      1.4400755      19683               2142 
   1467000   2018.9831      161163.47     -189912         12884.977     -177027.02      1.4400755      19683               2142 
   1467500   1996.2         168610.11     -189436.04      12739.577     -176696.46      1.4400755      19683               2142 
   1468000   2056.6623      163226.24     -189718.2       13125.443     -176592.76      1.4400755      19683               2142 
   1468500   2073.404       154475.73     -189869.35      13232.287     -176637.07      1.4400755      19683               2142 
   1469000   1985.9886      173035.34     -189405.44      12674.409     -176731.03      1.4400755      19683               2142 
   1469500   2009.4173      157560.41     -189649.15      12823.929     -176825.22      1.4400755      19683               2142 
   1470000   2024.5943      156792.65     -189871.69      12920.787     -176950.9       1.4400755      19683               2142 
   1470500   1965.9017      165984.61     -189660.5       12546.216     -177114.29      1.4400755      19683               2142 
   1471000   1989.8016      157366.92     -189924.92      12698.743     -177226.18      1.4400755      19683               2142 
   1471500   1975.0604      159686.83     -189925.58      12604.666     -177320.92      1.4400755      19683               2142 
   1472000   1957.8409      160520.84     -189881.76      12494.773     -177386.99      1.4400755      19683               2142 
   1472500   1974.5631      167323.7      -190034.53      12601.492     -177433.03      1.4400755      19683               2142 
   1473000   1949.4714      166075.52     -189816.74      12441.36      -177375.38      1.4400755      19683               2142 
   1473500   1998.2708      162218.05     -189927.35      12752.793     -177174.55      1.4400755      19683               2142 
   1474000   1974.1088      167121        -189565.07      12598.594     -176966.48      1.4400755      19683               2142 
   1474500   2013.6214      177428.37     -189638.42      12850.759     -176787.66      1.4400755      19683               2142 
   1475000   2044.5838      165363.11     -189712.22      13048.359     -176663.87      1.4400755      19683               2142 
   1475500   1999.7204      178671.71     -189363.88      12762.044     -176601.84      1.4400755      19683               2142 
   1476000   2039.2367      157370.13     -189681.85      13014.234     -176667.62      1.4400755      19683               2142 
   1476500   1962.7935      173481.01     -189389.28      12526.38      -176862.9       1.4400755      19683               2142 
   1477000   1987.0913      161055.99     -189802.92      12681.446     -177121.47      1.4400755      19683               2142 
   1477500   1974.6174      162039.26     -189878.4       12601.839     -177276.57      1.4400755      19683               2142 
   1478000   1986.7152      163177.82     -190028.01      12679.046     -177348.97      1.4400755      19683               2142 
   1478500   1989.2088      158589.18     -190017.39      12694.96      -177322.43      1.4400755      19683               2142 
   1479000   2004.3031      158800.38     -190014.9       12791.291     -177223.61      1.4400755      19683               2142 
   1479500   1994.1405      163930.62     -189797.82      12726.434     -177071.39      1.4400755      19683               2142 
   1480000   2038.7485      169560.25     -189816.76      13011.118     -176805.64      1.4400755      19683               2142 
   1480500   2041.7813      171654.34     -189493.53      13030.473     -176463.06      1.4400755      19683               2142 
   1481000   2030.3038      168786.9      -189154.5       12957.225     -176197.27      1.4400755      19683               2142 
   1481500   2033.2893      166191.42     -189120.78      12976.278     -176144.5       1.4400755      19683               2142 
   1482000   2079.7774      165925.69     -189480.63      13272.961     -176207.67      1.4400755      19683               2142 
   1482500   2004.6265      168271.96     -189104.7       12793.355     -176311.34      1.4400755      19683               2142 
   1483000   2022.8447      172413.22     -189426.5       12909.621     -176516.88      1.4400755      19683               2142 
   1483500   1997.5037      157671.52     -189499.74      12747.897     -176751.84      1.4400755      19683               2142 
   1484000   2049.8099      155898.92     -190048.59      13081.711     -176966.88      1.4400755      19683               2142 
   1484500   1986.3875      168694        -189864.76      12676.955     -177187.81      1.4400755      19683               2142 
   1485000   1974.1607      166750.32     -189904.21      12598.925     -177305.28      1.4400755      19683               2142 
   1485500   2013.6975      168297.14     -190172.15      12851.245     -177320.91      1.4400755      19683               2142 
   1486000   1976.7881      175108.7      -189871.9       12615.692     -177256.21      1.4400755      19683               2142 
   1486500   1989.4447      161278.81     -189734.98      12696.465     -177038.52      1.4400755      19683               2142 
   1487000   1996.4744      164354.11     -189509.19      12741.328     -176767.86      1.4400755      19683               2142 
   1487500   2035.5957      173440.78     -189625.74      12990.997     -176634.74      1.4400755      19683               2142 
   1488000   2031.7993      160553.08     -189568.39      12966.769     -176601.62      1.4400755      19683               2142 
   1488500   2005.5609      164563.05     -189441.32      12799.318     -176642         1.4400755      19683               2142 
   1489000   1999.3724      172702.62     -189477.68      12759.823     -176717.86      1.4400755      19683               2142 
   1489500   2002.1572      165739.12     -189546.18      12777.596     -176768.59      1.4400755      19683               2142 
   1490000   2061.4129      161149.55     -189965.01      13155.76      -176809.25      1.4400755      19683               2142 
   1490500   1970.8007      172288.74     -189590.31      12577.481     -177012.83      1.4400755      19683               2142 
   1491000   1963.907       164828.46     -189982.74      12533.486     -177449.26      1.4400755      19683               2142 
   1491500   1988.4683      165511.57     -190327.16      12690.234     -177636.92      1.4400755      19683               2142 
   1492000   1946.4008      159933.82     -190022.07      12421.763     -177600.3       1.4400755      19683               2142 
   1492500   1915.2348      158212.81     -189680.06      12222.864     -177457.19      1.4400755      19683               2142 
   1493000   1939.848       159830.16     -189551.35      12379.943     -177171.41      1.4400755      19683               2142 
   1493500   2015.5829      157856.85     -189779.41      12863.278     -176916.14      1.4400755      19683               2142 
   1494000   2021.6646      175425.3      -189649.79      12902.09      -176747.7       1.4400755      19683               2142 
   1494500   2044.6838      163923.14     -189770.42      13048.997     -176721.42      1.4400755      19683               2142 
   1495000   1999.0133      156831.03     -189540.04      12757.532     -176782.5       1.4400755      19683               2142 
   1495500   2012.371       169378        -189695.4       12842.78      -176852.62      1.4400755      19683               2142 
   1496000   1980.9688      166297.56     -189628.15      12642.373     -176985.77      1.4400755      19683               2142 
   1496500   1933.7774      162901.18     -189502.65      12341.202     -177161.45      1.4400755      19683               2142 
   1497000   2000.9342      158092.82     -190110.49      12769.791     -177340.7       1.4400755      19683               2142 
   1497500   1927.5547      165440.83     -189773.32      12301.489     -177471.83      1.4400755      19683               2142 
   1498000   1938.1527      157212.97     -189844.39      12369.125     -177475.26      1.4400755      19683               2142 
   1498500   1960.8635      159857.57     -189827.22      12514.063     -177313.16      1.4400755      19683               2142 
   1499000   1994.0666      166330.72     -189708.39      12725.962     -176982.43      1.4400755      19683               2142 
   1499500   2022.785       167415.92     -189612.51      12909.24      -176703.27      1.4400755      19683               2142 
   1500000   2025.4661      156847.77     -189534.77      12926.351     -176608.42      1.4400755      19683               2142 
   1500500   2038.3582      162995.21     -189663.79      13008.627     -176655.16      1.4400755      19683               2142 
   1501000   2009.5497      169557.18     -189650.65      12824.774     -176825.87      1.4400755      19683               2142 
   1501500   1993.2373      170940.62     -189721.33      12720.67      -177000.66      1.4400755      19683               2142 
   1502000   1967.2221      164244.16     -189655.76      12554.643     -177101.12      1.4400755      19683               2142 
   1502500   1974.9212      155720.01     -189787.08      12603.778     -177183.3       1.4400755      19683               2142 
   1503000   1980.3528      165364.66     -189885.07      12638.442     -177246.63      1.4400755      19683               2142 
   1503500   1924.6513      161737.4      -189613.22      12282.96      -177330.26      1.4400755      19683               2142 
   1504000   2015.5295      161927.11     -190221.88      12862.937     -177358.94      1.4400755      19683               2142 
   1504500   1966.9344      168563.95     -189809.28      12552.807     -177256.47      1.4400755      19683               2142 
   1505000   2008.8798      173466.53     -189851.47      12820.499     -177030.97      1.4400755      19683               2142 
   1505500   1995.1737      168609.42     -189557.37      12733.027     -176824.34      1.4400755      19683               2142 
   1506000   2088.3642      164827.21     -189936.43      13327.762     -176608.66      1.4400755      19683               2142 
   1506500   2025.3074      164537.24     -189453.93      12925.339     -176528.59      1.4400755      19683               2142 
   1507000   2083.3957      169714.54     -189843.02      13296.053     -176546.97      1.4400755      19683               2142 
   1507500   2025.9984      170670        -189618.59      12929.748     -176688.84      1.4400755      19683               2142 
   1508000   2015.785       163891.93     -189805.27      12864.567     -176940.7       1.4400755      19683               2142 
   1508500   1996.152       149796.95     -189927.62      12739.271     -177188.35      1.4400755      19683               2142 
   1509000   1939.8006      158906.83     -189643.97      12379.641     -177264.32      1.4400755      19683               2142 
   1509500   1960.6306      164820.03     -189713.32      12512.577     -177200.74      1.4400755      19683               2142 
   1510000   1948.9821      157927.77     -189508.72      12438.237     -177070.49      1.4400755      19683               2142 
   1510500   1988.8493      171202.13     -189598.48      12692.666     -176905.81      1.4400755      19683               2142 
   1511000   2006.504       162024.36     -189569.94      12805.337     -176764.61      1.4400755      19683               2142 
   1511500   2016.855       167002.56     -189550.4       12871.396     -176679         1.4400755      19683               2142 
   1512000   2016.1728      164658.18     -189507.55      12867.042     -176640.5       1.4400755      19683               2142 
   1512500   2047.7153      173278.74     -189663.15      13068.343     -176594.81      1.4400755      19683               2142 
   1513000   2014.5582      163909.82     -189487.36      12856.738     -176630.62      1.4400755      19683               2142 
   1513500   1978.1045      171357.45     -189366.49      12624.093     -176742.4       1.4400755      19683               2142 
   1514000   1978.0761      173842.7      -189741.93      12623.912     -177118.02      1.4400755      19683               2142 
   1514500   1958.1231      170526.35     -189942.06      12496.574     -177445.48      1.4400755      19683               2142 
   1515000   1926.8806      149863.13     -189782.31      12297.187     -177485.12      1.4400755      19683               2142 
   1515500   1956.5273      161715.2      -189865.44      12486.389     -177379.05      1.4400755      19683               2142 
   1516000   2010.4177      159175.28     -190011.44      12830.314     -177181.13      1.4400755      19683               2142 
   1516500   2027.8428      164406.59     -189922.45      12941.519     -176980.93      1.4400755      19683               2142 
   1517000   1956.3677      167420.36     -189342.58      12485.371     -176857.21      1.4400755      19683               2142 
   1517500   1983.9882      165864.27     -189410.96      12661.642     -176749.32      1.4400755      19683               2142 
   1518000   2062.8023      160878.74     -189867.6       13164.628     -176702.97      1.4400755      19683               2142 
   1518500   1995.8425      169799.35     -189508         12737.296     -176770.7       1.4400755      19683               2142 
   1519000   1957.8159      164956.82     -189357.45      12494.613     -176862.84      1.4400755      19683               2142 
   1519500   1965.5562      162577.64     -189538.17      12544.011     -176994.16      1.4400755      19683               2142 
   1520000   1985.3517      161757.13     -189986.91      12670.344     -177316.57      1.4400755      19683               2142 
   1520500   1958.0735      158484.66     -190180.96      12496.257     -177684.7       1.4400755      19683               2142 
   1521000   1949.0197      152816.88     -190171.5       12438.477     -177733.02      1.4400755      19683               2142 
   1521500   1941.6249      162080.11     -189940.76      12391.284     -177549.47      1.4400755      19683               2142 
   1522000   1935.0166      166317.68     -189652.34      12349.11      -177303.23      1.4400755      19683               2142 
   1522500   1966.3919      170009.38     -189626.96      12549.345     -177077.62      1.4400755      19683               2142 
   1523000   2013.9179      165556.16     -189722.54      12852.651     -176869.89      1.4400755      19683               2142 
   1523500   1999.4333      157604.15     -189496.77      12760.212     -176736.56      1.4400755      19683               2142 
   1524000   2018.6529      166319.26     -189503.87      12882.87      -176621         1.4400755      19683               2142 
   1524500   2015.757       165037.98     -189448.91      12864.388     -176584.53      1.4400755      19683               2142 
   1525000   2019.8513      167712.33     -189470.69      12890.518     -176580.17      1.4400755      19683               2142 
   1525500   2025.293       162153.85     -189585.71      12925.246     -176660.46      1.4400755      19683               2142 
   1526000   1999.5897      148904.67     -189666.39      12761.21      -176905.18      1.4400755      19683               2142 
   1526500   1986.6338      163345.36     -189900.49      12678.526     -177221.97      1.4400755      19683               2142 
   1527000   1962.5775      162596.85     -189862.74      12525.002     -177337.73      1.4400755      19683               2142 
   1527500   1983.2321      166382.68     -189942.44      12656.817     -177285.62      1.4400755      19683               2142 
   1528000   1959.2107      166307.26     -189628.39      12503.515     -177124.88      1.4400755      19683               2142 
   1528500   2044.91        165896.8      -190008.25      13050.44      -176957.81      1.4400755      19683               2142 
   1529000   1979.9191      164883.51     -189467.78      12635.674     -176832.11      1.4400755      19683               2142 
   1529500   1997.0756      165857.59     -189472.81      12745.165     -176727.64      1.4400755      19683               2142 
   1530000   2058.6784      167910.83     -189826.46      13138.309     -176688.15      1.4400755      19683               2142 
   1530500   2012.6482      155857.07     -189554.12      12844.548     -176709.57      1.4400755      19683               2142 
   1531000   1970.0953      161551.34     -189333.06      12572.98      -176760.08      1.4400755      19683               2142 
   1531500   2022.5668      169600.36     -189690.49      12907.848     -176782.65      1.4400755      19683               2142 
   1532000   1986.3118      167480.54     -189497.61      12676.472     -176821.14      1.4400755      19683               2142 
   1532500   1962.8635      157332.08     -189370.47      12526.826     -176843.64      1.4400755      19683               2142 
   1533000   2019.8273      157889.66     -189757.24      12890.365     -176866.87      1.4400755      19683               2142 
   1533500   1999.3847      171647.43     -189679.81      12759.902     -176919.91      1.4400755      19683               2142 
   1534000   2058.5398      158378.56     -190078.89      13137.424     -176941.46      1.4400755      19683               2142 
   1534500   2002.1943      160878.69     -189742.62      12777.832     -176964.79      1.4400755      19683               2142 
   1535000   2048.6575      167771.73     -190030.72      13074.357     -176956.37      1.4400755      19683               2142 
   1535500   1957.7723      178271.34     -189439.59      12494.335     -176945.26      1.4400755      19683               2142 
   1536000   2000.6262      157789.15     -189659.12      12767.825     -176891.3       1.4400755      19683               2142 
   1536500   1987.4987      164812.51     -189525.25      12684.047     -176841.21      1.4400755      19683               2142 
   1537000   1991.3856      170687.02     -189526.06      12708.852     -176817.21      1.4400755      19683               2142 
   1537500   2015.5565      156733.32     -189667.52      12863.109     -176804.41      1.4400755      19683               2142 
   1538000   2024.6736      164000.29     -189745.32      12921.294     -176824.03      1.4400755      19683               2142 
   1538500   1992.1745      164025.21     -189558.48      12713.887     -176844.59      1.4400755      19683               2142 
   1539000   1977.1739      161587.21     -189492.6       12618.155     -176874.45      1.4400755      19683               2142 
   1539500   2019.9576      157452.71     -189846.37      12891.196     -176955.17      1.4400755      19683               2142 
   1540000   2019.7189      160707.87     -189946.54      12889.673     -177056.87      1.4400755      19683               2142 
   1540500   1969.7589      160722.33     -189724.28      12570.833     -177153.45      1.4400755      19683               2142 
   1541000   1944.5556      165030.18     -189670.63      12409.987     -177260.64      1.4400755      19683               2142 
   1541500   1987.2752      160450.13     -189986.84      12682.62      -177304.22      1.4400755      19683               2142 
   1542000   2016.5896      157649.46     -190123.62      12869.702     -177253.92      1.4400755      19683               2142 
   1542500   1995.6338      162622.37     -189806.89      12735.964     -177070.92      1.4400755      19683               2142 
   1543000   2012.8478      169094.11     -189639.29      12845.822     -176793.47      1.4400755      19683               2142 
   1543500   2038.8309      168987.48     -189577.59      13011.644     -176565.95      1.4400755      19683               2142 
   1544000   2117.2089      155363.63     -189962.39      13511.846     -176450.54      1.4400755      19683               2142 
   1544500   2062.84        159721.96     -189690.66      13164.868     -176525.79      1.4400755      19683               2142 
   1545000   2006.3568      167750.65     -189491.81      12804.397     -176687.41      1.4400755      19683               2142 
   1545500   2025.4787      158235.72     -189833.55      12926.431     -176907.12      1.4400755      19683               2142 
   1546000   1987.2992      164216.79     -189762.34      12682.773     -177079.57      1.4400755      19683               2142 
   1546500   1988.2588      159054.88     -189797.52      12688.897     -177108.63      1.4400755      19683               2142 
   1547000   1986.6876      171014.8      -189779.84      12678.87      -177100.97      1.4400755      19683               2142 
   1547500   1981.775       166980.94     -189705.89      12647.518     -177058.37      1.4400755      19683               2142 
   1548000   1992.5469      155197.3      -189720.38      12716.264     -177004.12      1.4400755      19683               2142 
   1548500   2025.9673      167141.21     -189882.62      12929.55      -176953.07      1.4400755      19683               2142 
   1549000   2028.2702      167269.39     -189876.83      12944.247     -176932.59      1.4400755      19683               2142 
   1549500   1987.388       168467.52     -189592.72      12683.34      -176909.38      1.4400755      19683               2142 
   1550000   2009.6521      176332.58     -189704.1       12825.427     -176878.68      1.4400755      19683               2142 
   1550500   2048.973       164397.52     -189940.11      13076.37      -176863.74      1.4400755      19683               2142 
   1551000   2044.3833      163796.97     -189951.73      13047.079     -176904.66      1.4400755      19683               2142 
   1551500   2013.9243      165784.13     -189825.1       12852.692     -176972.41      1.4400755      19683               2142 
   1552000   2013.9355      163560.54     -189931.41      12852.764     -177078.65      1.4400755      19683               2142 
   1552500   1992.1714      160396.81     -189956.52      12713.867     -177242.65      1.4400755      19683               2142 
   1553000   1993.1555      161872.23     -190122.02      12720.148     -177401.87      1.4400755      19683               2142 
   1553500   1970.0762      156063.62     -190089.89      12572.858     -177517.03      1.4400755      19683               2142 
   1554000   1974.9795      156632.19     -190130.14      12604.15      -177525.99      1.4400755      19683               2142 
   1554500   1988.8644      157311.42     -190071.91      12692.763     -177379.14      1.4400755      19683               2142 
   1555000   1974.6677      162976.61     -189648.52      12602.16      -177046.36      1.4400755      19683               2142 
   1555500   2039.3695      159653.06     -189753.98      13015.081     -176738.9       1.4400755      19683               2142 
   1556000   2053.0142      160965.54     -189733.59      13102.16      -176631.43      1.4400755      19683               2142 
   1556500   2077.5001      166997.21     -189900.82      13258.428     -176642.39      1.4400755      19683               2142 
   1557000   2042.2244      171348.38     -189788.51      13033.301     -176755.21      1.4400755      19683               2142 
   1557500   2006.2355      165255.91     -189746.91      12803.623     -176943.29      1.4400755      19683               2142 
   1558000   1991.1442      171608.62     -189833.13      12707.312     -177125.81      1.4400755      19683               2142 
   1558500   1924.5872      159221.93     -189494.56      12282.551     -177212.01      1.4400755      19683               2142 
   1559000   1988.1667      163838.62     -189882.95      12688.31      -177194.64      1.4400755      19683               2142 
   1559500   2016.0395      158172.91     -190035.19      12866.191     -177168.99      1.4400755      19683               2142 
   1560000   2027.6138      156201.53     -190052.69      12940.057     -177112.63      1.4400755      19683               2142 
   1560500   1990.7342      159659.33     -189762.12      12704.695     -177057.42      1.4400755      19683               2142 
   1561000   1993.2988      163241        -189701.81      12721.062     -176980.75      1.4400755      19683               2142 
   1561500   2009.4176      176081.45     -189753.96      12823.931     -176930.03      1.4400755      19683               2142 
   1562000   2025.262       164593.93     -189916.53      12925.049     -176991.48      1.4400755      19683               2142 
   1562500   1956.1923      165393.46     -189729.59      12484.252     -177245.34      1.4400755      19683               2142 
   1563000   1954.8076      163523.34     -189947.69      12475.415     -177472.28      1.4400755      19683               2142 
   1563500   1939.5658      161880.94     -189942.11      12378.143     -177563.96      1.4400755      19683               2142 
   1564000   1988.0841      165045.71     -190208.66      12687.783     -177520.88      1.4400755      19683               2142 
   1564500   1969.916       160231.98     -189852         12571.835     -177280.16      1.4400755      19683               2142 
   1565000   1982.088       164556.49     -189651.84      12649.516     -177002.32      1.4400755      19683               2142 
   1565500   1989.259       172320.64     -189487.57      12695.281     -176792.29      1.4400755      19683               2142 
   1566000   2017.6014      158778.32     -189576.06      12876.159     -176699.91      1.4400755      19683               2142 
   1566500   1997.3118      159739.39     -189432.85      12746.673     -176686.18      1.4400755      19683               2142 
   1567000   1997.5866      160829.92     -189496.59      12748.426     -176748.16      1.4400755      19683               2142 
   1567500   2019.2234      168100.8      -189813.78      12886.511     -176927.27      1.4400755      19683               2142 
   1568000   1939.0182      159888.01     -189563.81      12374.648     -177189.16      1.4400755      19683               2142 
   1568500   1940.0313      158161.69     -189718.44      12381.113     -177337.32      1.4400755      19683               2142 
   1569000   1945.5649      151701.06     -189737.09      12416.428     -177320.66      1.4400755      19683               2142 
   1569500   1974.0326      152517.8      -189863.51      12598.107     -177265.4       1.4400755      19683               2142 
   1570000   2018.6311      157333.95     -190106.68      12882.731     -177223.95      1.4400755      19683               2142 
   1570500   1947.344       164484.99     -189616.5       12427.782     -177188.72      1.4400755      19683               2142 
   1571000   2012.592       172175.05     -189990.03      12844.19      -177145.84      1.4400755      19683               2142 
   1571500   2011.2883      158820.94     -189929.15      12835.869     -177093.28      1.4400755      19683               2142 
   1572000   1989.3591      164833.7      -189707.19      12695.919     -177011.27      1.4400755      19683               2142 
   1572500   1999.8018      165143.59     -189646.21      12762.563     -176883.65      1.4400755      19683               2142 
   1573000   2013.4554      165699.6      -189477.04      12849.7       -176627.34      1.4400755      19683               2142 
   1573500   2047.7767      172091.01     -189455.85      13068.735     -176387.11      1.4400755      19683               2142 
   1574000   2042.7321      171925.93     -189323.56      13036.541     -176287.02      1.4400755      19683               2142 
   1574500   2066.1498      166561.42     -189563.09      13185.991     -176377.1       1.4400755      19683               2142 
   1575000   2021.9535      166483.76     -189572.27      12903.934     -176668.33      1.4400755      19683               2142 
   1575500   2027.8425      165231.25     -189858.59      12941.517     -176917.07      1.4400755      19683               2142 
   1576000   1982.1493      165093.68     -189676.87      12649.907     -177026.97      1.4400755      19683               2142 
   1576500   1983.9508      165363.9      -189721.26      12661.404     -177059.85      1.4400755      19683               2142 
   1577000   2009.3593      164050.23     -189869.43      12823.559     -177045.87      1.4400755      19683               2142 
   1577500   2028.9313      154971.48     -190009.05      12948.466     -177060.59      1.4400755      19683               2142 
   1578000   1955.6354      162635.69     -189586.08      12480.698     -177105.38      1.4400755      19683               2142 
   1578500   2021.5994      173376.29     -190028.06      12901.674     -177126.38      1.4400755      19683               2142 
   1579000   2022.2842      166169.15     -190048.78      12906.044     -177142.73      1.4400755      19683               2142 
   1579500   1985.7537      168541.81     -189856.06      12672.91      -177183.15      1.4400755      19683               2142 
   1580000   1952.232       163127.3      -189682.18      12458.978     -177223.2       1.4400755      19683               2142 
   1580500   2015.4514      163199.87     -190084.55      12862.438     -177222.11      1.4400755      19683               2142 
   1581000   1975.5704      160330.92     -189812.32      12607.921     -177204.4       1.4400755      19683               2142 
   1581500   2046.9649      174504.79     -190207.06      13063.554     -177143.5       1.4400755      19683               2142 
   1582000   1980.9133      165270.64     -189685.33      12642.019     -177043.31      1.4400755      19683               2142 
   1582500   2033.9517      162543.11     -189848.41      12980.506     -176867.9       1.4400755      19683               2142 
   1583000   2077.5833      158558.85     -189969.27      13258.959     -176710.31      1.4400755      19683               2142 
   1583500   2027.0007      169139.79     -189560.04      12936.145     -176623.89      1.4400755      19683               2142 
   1584000   2036.4354      162037.53     -189576.51      12996.356     -176580.16      1.4400755      19683               2142 
   1584500   2071.492       155654.84     -189828.46      13220.084     -176608.37      1.4400755      19683               2142 
   1585000   2007.7518      159424.22     -189673.2       12813.3       -176859.9       1.4400755      19683               2142 
   1585500   2015.054       147776.71     -190020.95      12859.902     -177161.04      1.4400755      19683               2142 
   1586000   1989.307       161060.58     -189998.31      12695.587     -177302.72      1.4400755      19683               2142 
   1586500   1968.4882      160376.84     -189907.17      12562.723     -177344.44      1.4400755      19683               2142 
   1587000   1949.8947      162738.18     -189697.43      12444.061     -177253.37      1.4400755      19683               2142 
   1587500   1960.9384      153894.7      -189548.08      12514.541     -177033.54      1.4400755      19683               2142 
   1588000   2024.1444      161881.1      -189739.58      12917.916     -176821.67      1.4400755      19683               2142 
   1588500   2003.2287      169303.54     -189483.74      12784.434     -176699.3       1.4400755      19683               2142 
   1589000   2028.1595      153665.61     -189581.51      12943.54      -176637.97      1.4400755      19683               2142 
   1589500   2047.3752      161788.49     -189728.25      13066.173     -176662.07      1.4400755      19683               2142 
   1590000   2011.0501      158676.19     -189570.46      12834.349     -176736.11      1.4400755      19683               2142 
   1590500   2024.0658      162277.86     -189743.04      12917.415     -176825.63      1.4400755      19683               2142 
   1591000   1991.0998      152611.41     -189585.57      12707.028     -176878.54      1.4400755      19683               2142 
   1591500   1991.3387      160924.31     -189630.2       12708.553     -176921.65      1.4400755      19683               2142 
   1592000   2021.065       163714.57     -189829.2       12898.264     -176930.94      1.4400755      19683               2142 
   1592500   1957.6536      162308.11     -189420.96      12493.577     -176927.38      1.4400755      19683               2142 
   1593000   2000.4119      162344.42     -189671.99      12766.457     -176905.53      1.4400755      19683               2142 
   1593500   1950.3401      172656.17     -189238.51      12446.903     -176791.61      1.4400755      19683               2142 
   1594000   2012.7809      166271.45     -189407.19      12845.395     -176561.79      1.4400755      19683               2142 
   1594500   2051.2054      175342.52     -189461.88      13090.617     -176371.26      1.4400755      19683               2142 
   1595000   2032.2871      166286.95     -189319.91      12969.882     -176350.03      1.4400755      19683               2142 
   1595500   2075.345       161828.05     -189726.2       13244.674     -176481.53      1.4400755      19683               2142 
   1596000   2010.3178      165853.6      -189556.05      12829.676     -176726.38      1.4400755      19683               2142 
   1596500   2019.5244      170914.26     -189814.68      12888.432     -176926.25      1.4400755      19683               2142 
   1597000   1962.9227      166878.98     -189564.99      12527.204     -177037.78      1.4400755      19683               2142 
   1597500   1971.3027      170894.39     -189596.22      12580.685     -177015.53      1.4400755      19683               2142 
   1598000   1972.7326      158131.29     -189483.35      12589.811     -176893.54      1.4400755      19683               2142 
   1598500   2062.3103      157779.87     -189925.41      13161.488     -176763.92      1.4400755      19683               2142 
   1599000   2016.4959      149743.7      -189554.63      12869.104     -176685.52      1.4400755      19683               2142 
   1599500   2056.9999      155768.78     -189695.06      13127.597     -176567.47      1.4400755      19683               2142 
   1600000   2076.4437      156783.59     -189619.24      13251.686     -176367.55      1.4400755      19683               2142 
   1600500   2077.4257      176656.29     -189464.95      13257.953     -176207         1.4400755      19683               2142 
   1601000   2028.1875      165187.26     -189181.54      12943.719     -176237.82      1.4400755      19683               2142 
   1601500   2042.1914      175335.88     -189509.3       13033.091     -176476.21      1.4400755      19683               2142 
   1602000   1981.4623      166943.89     -189401.31      12645.523     -176755.79      1.4400755      19683               2142 
   1602500   2000.0238      164419.54     -189648.33      12763.981     -176884.35      1.4400755      19683               2142 
   1603000   2029.472       167892.92     -189922.05      12951.916     -176970.14      1.4400755      19683               2142 
   1603500   1972.591       166887.11     -189608.3       12588.907     -177019.39      1.4400755      19683               2142 
   1604000   1977.582       167576.14     -189637.18      12620.759     -177016.42      1.4400755      19683               2142 
   1604500   2036.9444      170255.69     -189973.29      12999.605     -176973.68      1.4400755      19683               2142 
   1605000   2009.94        168958.24     -189741.36      12827.265     -176914.1       1.4400755      19683               2142 
   1605500   2032.4118      162024.25     -189833.41      12970.678     -176862.73      1.4400755      19683               2142 
   1606000   2045.7641      168429.24     -189909.84      13055.891     -176853.95      1.4400755      19683               2142 
   1606500   1985.0236      163813.57     -189593.57      12668.251     -176925.32      1.4400755      19683               2142 
   1607000   1982.2459      178008.49     -189717.71      12650.523     -177067.19      1.4400755      19683               2142 
   1607500   2007.1583      163480.59     -190047.42      12809.512     -177237.91      1.4400755      19683               2142 
   1608000   1944.656       168685.43     -189795.85      12410.628     -177385.22      1.4400755      19683               2142 
   1608500   1964.3233      159915.06     -189945.3       12536.143     -177409.16      1.4400755      19683               2142 
   1609000   1963.3255      156372.72     -189830.96      12529.775     -177301.18      1.4400755      19683               2142 
   1609500   1999.2132      163848.61     -189829.54      12758.807     -177070.73      1.4400755      19683               2142 
   1610000   2045.1567      168293.62     -189807.62      13052.015     -176755.61      1.4400755      19683               2142 
   1610500   2079.1148      162667.55     -189851.2       13268.733     -176582.47      1.4400755      19683               2142 
   1611000   2009.3627      169260.32     -189402.07      12823.581     -176578.49      1.4400755      19683               2142 
   1611500   2022.4771      163630.32     -189546.1       12907.276     -176638.83      1.4400755      19683               2142 
   1612000   2058.4827      172487        -189908.1       13137.06      -176771.04      1.4400755      19683               2142 
   1612500   2010.8512      160942.13     -189773.29      12833.08      -176940.21      1.4400755      19683               2142 
   1613000   2027.5786      155541.01     -190033.33      12939.833     -177093.5       1.4400755      19683               2142 
   1613500   2021.6783      166153.56     -190120.51      12902.178     -177218.33      1.4400755      19683               2142 
   1614000   1980.0643      153039.45     -189928.42      12636.601     -177291.82      1.4400755      19683               2142 
   1614500   1974.3416      172044.8      -189873.47      12600.079     -177273.4       1.4400755      19683               2142 
   1615000   1979.4697      159967.06     -189837.95      12632.806     -177205.15      1.4400755      19683               2142 
   1615500   2012.7237      168954.42     -189892.58      12845.03      -177047.55      1.4400755      19683               2142 
   1616000   2009.167       165047.94     -189644.4       12822.332     -176822.07      1.4400755      19683               2142 
   1616500   2072.2168      169027.18     -189735.17      13224.71      -176510.46      1.4400755      19683               2142 
   1617000   2066.4012      175160.79     -189514.23      13187.596     -176326.63      1.4400755      19683               2142 
   1617500   2028.7804      173293.98     -189331.8       12947.503     -176384.29      1.4400755      19683               2142 
   1618000   2012.6064      166546.9      -189455.83      12844.281     -176611.54      1.4400755      19683               2142 
   1618500   2031.4262      161525.92     -189797.9       12964.388     -176833.51      1.4400755      19683               2142 
   1619000   1969.3337      169441.64     -189477.76      12568.119     -176909.64      1.4400755      19683               2142 
   1619500   2026.1722      165995.46     -189875.32      12930.857     -176944.46      1.4400755      19683               2142 
   1620000   1986.2194      170803.56     -189659.46      12675.882     -176983.58      1.4400755      19683               2142 
   1620500   2031.1392      162896.55     -189957.09      12962.556     -176994.53      1.4400755      19683               2142 
   1621000   1974.804       158394.64     -189653.02      12603.03      -177049.99      1.4400755      19683               2142 
   1621500   1980.3282      165252.61     -189720.19      12638.285     -177081.91      1.4400755      19683               2142 
   1622000   2019.8649      161908.2      -189970.45      12890.605     -177079.85      1.4400755      19683               2142 
   1622500   2008.3271      151811.32     -189887.96      12816.972     -177070.99      1.4400755      19683               2142 
   1623000   1993.0362      167903.74     -189770.76      12719.387     -177051.38      1.4400755      19683               2142 
   1623500   2018.4871      163678.88     -189898.33      12881.812     -177016.51      1.4400755      19683               2142 
   1624000   2012.3583      164341.73     -189697.63      12842.698     -176854.93      1.4400755      19683               2142 
   1624500   2037.1913      174142.05     -189673.87      13001.18      -176672.68      1.4400755      19683               2142 
   1625000   2043.7925      160905.5      -189593.34      13043.309     -176550.03      1.4400755      19683               2142 
   1625500   2043.0521      170115.88     -189587.85      13038.583     -176549.27      1.4400755      19683               2142 
   1626000   2040.7515      163596.7      -189740.8       13023.901     -176716.9       1.4400755      19683               2142 
   1626500   2035.8962      168690.74     -190003.76      12992.915     -177010.84      1.4400755      19683               2142 
   1627000   1967.3032      167391.95     -189745.07      12555.161     -177189.91      1.4400755      19683               2142 
   1627500   1961.893       165986.2      -189762.01      12520.633     -177241.38      1.4400755      19683               2142 
   1628000   2005.5656      168445.48     -189984.42      12799.348     -177185.08      1.4400755      19683               2142 
   1628500   1990.4281      168641.71     -189808.4       12702.741     -177105.65      1.4400755      19683               2142 
   1629000   1979.555       165383.18     -189664.77      12633.35      -177031.42      1.4400755      19683               2142 
   1629500   2042.911       167128.23     -189999.61      13037.683     -176961.93      1.4400755      19683               2142 
   1630000   1949.2406      174652.44     -189341.34      12439.886     -176901.45      1.4400755      19683               2142 
   1630500   2015.042       161568.94     -189556.49      12859.825     -176696.67      1.4400755      19683               2142 
   1631000   2029.9449      179007.42     -189416.87      12954.934     -176461.94      1.4400755      19683               2142 
   1631500   2078.6535      170149.69     -189602.68      13265.789     -176336.89      1.4400755      19683               2142 
   1632000   2029.2749      164633.76     -189395.33      12950.659     -176444.67      1.4400755      19683               2142 
   1632500   2013.3663      158246.68     -189548.63      12849.131     -176699.5       1.4400755      19683               2142 
   1633000   1975.8067      168515.16     -189596.8       12609.429     -176987.37      1.4400755      19683               2142 
   1633500   1978.2453      166045.2      -189765.97      12624.992     -177140.98      1.4400755      19683               2142 
   1634000   1949.9069      164924.76     -189649.75      12444.139     -177205.61      1.4400755      19683               2142 
   1634500   1977.7067      164600.13     -189805.1       12621.555     -177183.54      1.4400755      19683               2142 
   1635000   1976.961       165721.62     -189737.91      12616.795     -177121.12      1.4400755      19683               2142 
   1635500   1964.8111      168409.8      -189607.15      12539.256     -177067.9       1.4400755      19683               2142 
   1636000   2034.9922      166193.73     -189990.69      12987.146     -177003.54      1.4400755      19683               2142 
   1636500   1999.3937      159302.07     -189641.19      12759.959     -176881.23      1.4400755      19683               2142 
   1637000   2074.0082      156977.96     -189930.58      13236.143     -176694.44      1.4400755      19683               2142 
   1637500   2041.2105      178227.44     -189530.46      13026.831     -176503.63      1.4400755      19683               2142 
   1638000   2037.4789      169432.81     -189384.78      13003.016     -176381.76      1.4400755      19683               2142 
   1638500   2013.7092      165677.67     -189226.86      12851.319     -176375.54      1.4400755      19683               2142 
   1639000   1995.4928      174317.24     -189272.36      12735.064     -176537.29      1.4400755      19683               2142 
   1639500   2016.1483      159437.77     -189778.08      12866.886     -176911.19      1.4400755      19683               2142 
   1640000   1992.2853      173815.68     -189864.1       12714.594     -177149.5       1.4400755      19683               2142 
   1640500   1982.4044      157361.77     -189910.64      12651.535     -177259.1       1.4400755      19683               2142 
   1641000   2023.5688      158921.07     -190205.08      12914.242     -177290.84      1.4400755      19683               2142 
   1641500   1986.3855      160899.44     -189951.73      12676.942     -177274.79      1.4400755      19683               2142 
   1642000   1977.0873      164260.86     -189823.66      12617.602     -177206.06      1.4400755      19683               2142 
   1642500   2037.6973      171171.86     -190128.68      13004.41      -177124.27      1.4400755      19683               2142 
   1643000   1983.7838      163314.69     -189734.16      12660.338     -177073.83      1.4400755      19683               2142 
   1643500   2022.3591      162602.01     -189875.79      12906.522     -176969.27      1.4400755      19683               2142 
   1644000   2030.9089      161879.75     -189810.73      12961.086     -176849.64      1.4400755      19683               2142 
   1644500   2050.1753      168331.03     -189944.47      13084.043     -176860.43      1.4400755      19683               2142 
   1645000   2020.0871      165053.74     -189970.5       12892.023     -177078.48      1.4400755      19683               2142 
   1645500   1966.7668      158796.3      -189901.07      12551.737     -177349.34      1.4400755      19683               2142 
   1646000   1960.2388      172944.59     -190006.5       12510.076     -177496.43      1.4400755      19683               2142 
   1646500   2022.5565      156985.38     -190463.55      12907.782     -177555.76      1.4400755      19683               2142 
   1647000   1996.7887      161561.45     -190303.19      12743.334     -177559.86      1.4400755      19683               2142 
   1647500   1945.9855      166789.32     -189952.95      12419.113     -177533.84      1.4400755      19683               2142 
   1648000   1994.2853      163461.23     -190144.88      12727.358     -177417.52      1.4400755      19683               2142 
   1648500   1992.8084      161184.48     -189873.92      12717.933     -177155.99      1.4400755      19683               2142 
   1649000   2070.7603      167346.43     -189978.36      13215.415     -176762.95      1.4400755      19683               2142 
   1649500   2088.4098      162577.81     -189949.6       13328.053     -176621.54      1.4400755      19683               2142 
   1650000   2051.8058      158068.96     -189731.91      13094.449     -176637.46      1.4400755      19683               2142 
   1650500   2041.5827      165265.75     -189822.53      13029.206     -176793.32      1.4400755      19683               2142 
   1651000   1963.9044      174981.5      -189548.61      12533.47      -177015.14      1.4400755      19683               2142 
   1651500   2010.5726      166396.44     -189978.97      12831.302     -177147.67      1.4400755      19683               2142 
   1652000   2038.1697      164668.34     -190200.41      13007.425     -177192.98      1.4400755      19683               2142 
   1652500   1940.5078      162836.2      -189594.66      12384.154     -177210.51      1.4400755      19683               2142 
   1653000   2028.3754      162014.51     -190181.48      12944.918     -177236.56      1.4400755      19683               2142 
   1653500   1982.6815      173120.78     -189899.6       12653.304     -177246.3       1.4400755      19683               2142 
   1654000   2017.773       179506.37     -190120.61      12877.255     -177243.36      1.4400755      19683               2142 
   1654500   2007.3547      157589.87     -190090.6       12810.766     -177279.84      1.4400755      19683               2142 
   1655000   1914.2383      169912.24     -189634.44      12216.505     -177417.94      1.4400755      19683               2142 
   1655500   1978.0262      162798.63     -190115.33      12623.594     -177491.73      1.4400755      19683               2142 
   1656000   1974.4804      174213.64     -190135.65      12600.965     -177534.69      1.4400755      19683               2142 
   1656500   1979.1695      156565.16     -190177.14      12630.89      -177546.25      1.4400755      19683               2142 
   1657000   1995.2901      158491.77     -190202.76      12733.771     -177468.99      1.4400755      19683               2142 
   1657500   2008.5442      169329.34     -190126.09      12818.357     -177307.73      1.4400755      19683               2142 
   1658000   2069.5746      164806.37     -190304.75      13207.847     -177096.9       1.4400755      19683               2142 
   1658500   2006.2264      166323.94     -189739.53      12803.565     -176935.97      1.4400755      19683               2142 
   1659000   2042.2751      154533.52     -189828.43      13033.625     -176794.81      1.4400755      19683               2142 
   1659500   2014.0363      163676.12     -189615.07      12853.407     -176761.66      1.4400755      19683               2142 
   1660000   2006.1501      160682.75     -189630.23      12803.078     -176827.15      1.4400755      19683               2142 
   1660500   1945.3391      163444.61     -189558.47      12414.988     -177143.49      1.4400755      19683               2142 
   1661000   1960.1066      158993.97     -189923.85      12509.233     -177414.62      1.4400755      19683               2142 
   1661500   1979.6091      168778.74     -190154.92      12633.696     -177521.23      1.4400755      19683               2142 
   1662000   1967.0794      167234.39     -190080.24      12553.732     -177526.51      1.4400755      19683               2142 
   1662500   2008.2207      160206.06     -190259.79      12816.292     -177443.49      1.4400755      19683               2142 
   1663000   2040.5994      164294.7      -190280.02      13022.931     -177257.09      1.4400755      19683               2142 
   1663500   2003.7141      161728.25     -189835.26      12787.532     -177047.73      1.4400755      19683               2142 
   1664000   2026.0809      163890.47     -189738.86      12930.275     -176808.58      1.4400755      19683               2142 
   1664500   2075.6229      159527.17     -189930.32      13246.447     -176683.88      1.4400755      19683               2142 
   1665000   2016.2639      168160.18     -189584.89      12867.623     -176717.27      1.4400755      19683               2142 
   1665500   2046.4768      166439.45     -189849.37      13060.439     -176788.93      1.4400755      19683               2142 
   1666000   2037.8358      176141.46     -189898.81      13005.293     -176893.51      1.4400755      19683               2142 
   1666500   1965.8163      175212.29     -189556.1       12545.671     -177010.43      1.4400755      19683               2142 
   1667000   2015.5753      163501.22     -190014.93      12863.229     -177151.7       1.4400755      19683               2142 
   1667500   1983.8235      160420.28     -189930.55      12660.591     -177269.96      1.4400755      19683               2142 
   1668000   2009.082       165600.87     -190149.54      12821.789     -177327.75      1.4400755      19683               2142 
   1668500   1944.168       165140.49     -189789.86      12407.513     -177382.35      1.4400755      19683               2142 
   1669000   2016.2052      152355.15     -190274.85      12867.249     -177407.6       1.4400755      19683               2142 
   1669500   1957.5898      157536.08     -189890.65      12493.17      -177397.48      1.4400755      19683               2142 
   1670000   1939.7185      175037.29     -189687.32      12379.117     -177308.2       1.4400755      19683               2142 
   1670500   2019.6619      165302.88     -189985.79      12889.309     -177096.48      1.4400755      19683               2142 
   1671000   2042.8898      168636.76     -189920.99      13037.548     -176883.44      1.4400755      19683               2142 
   1671500   2008.3908      170134.71     -189604.08      12817.378     -176786.71      1.4400755      19683               2142 
   1672000   2106.2657      161174.96     -190234.8       13442.007     -176792.8       1.4400755      19683               2142 
   1672500   2016.2493      158157.67     -189815.13      12867.53      -176947.6       1.4400755      19683               2142 
   1673000   1974.3859      159218.47     -189838.06      12600.362     -177237.69      1.4400755      19683               2142 
   1673500   1965.6267      161296.85     -189979.11      12544.461     -177434.65      1.4400755      19683               2142 
   1674000   1996.8288      163719.37     -190245.44      12743.59      -177501.85      1.4400755      19683               2142 
   1674500   1966.5081      166837.64     -190004.09      12550.086     -177454.01      1.4400755      19683               2142 
   1675000   1980.2845      168578.55     -189986.56      12638.006     -177348.55      1.4400755      19683               2142 
   1675500   2013.441       159472.4      -190071.55      12849.608     -177221.95      1.4400755      19683               2142 
   1676000   2018.0066      166833.26     -190018.27      12878.745     -177139.53      1.4400755      19683               2142 
   1676500   2053.1088      160690.66     -190164.1       13102.764     -177061.33      1.4400755      19683               2142 
   1677000   1988.2483      166163.39     -189764.65      12688.83      -177075.82      1.4400755      19683               2142 
   1677500   1994.1178      165964.28     -189818.91      12726.289     -177092.62      1.4400755      19683               2142 
   1678000   1985.3925      169499.68     -189767.04      12670.605     -177096.44      1.4400755      19683               2142 
   1678500   1987.4623      175507.74     -189750.38      12683.814     -177066.56      1.4400755      19683               2142 
   1679000   2004.6166      166909.24     -189874.5       12793.291     -177081.21      1.4400755      19683               2142 
   1679500   2081.7034      169500.9      -190383.33      13285.253     -177098.07      1.4400755      19683               2142 
   1680000   1988.3583      154832.84     -189841.74      12689.533     -177152.2       1.4400755      19683               2142 
   1680500   1974.4587      167782.78     -189799.18      12600.826     -177198.36      1.4400755      19683               2142 
   1681000   1982.4305      155870.28     -189863.05      12651.702     -177211.35      1.4400755      19683               2142 
   1681500   1980.4829      173913.89     -189830.54      12639.272     -177191.27      1.4400755      19683               2142 
   1682000   2029.952       168170.8      -190147.27      12954.98      -177192.29      1.4400755      19683               2142 
   1682500   2000.703       160742.1      -189969.14      12768.315     -177200.83      1.4400755      19683               2142 
   1683000   1957.4254      168079.75     -189696.14      12492.121     -177204.02      1.4400755      19683               2142 
   1683500   1933.3031      164535.45     -189568.47      12338.174     -177230.3       1.4400755      19683               2142 
   1684000   2024.7002      171577.48     -190148.84      12921.463     -177227.38      1.4400755      19683               2142 
   1684500   1951.496       164600.78     -189729.01      12454.28      -177274.73      1.4400755      19683               2142 
   1685000   2004.3109      161811.52     -190086.92      12791.34      -177295.58      1.4400755      19683               2142 
   1685500   1994.9608      166065.02     -190046.03      12731.669     -177314.36      1.4400755      19683               2142 
   1686000   1989.6265      172483.35     -189990.95      12697.626     -177293.32      1.4400755      19683               2142 
   1686500   2007.2876      169069.15     -190074.31      12810.337     -177263.97      1.4400755      19683               2142 
   1687000   2027.4597      159144.94     -190172.24      12939.074     -177233.17      1.4400755      19683               2142 
   1687500   2042.3296      178374.46     -190237.91      13033.973     -177203.94      1.4400755      19683               2142 
   1688000   1952.3751      181873.44     -189685.06      12459.891     -177225.17      1.4400755      19683               2142 
   1688500   2005.9619      167292.83     -190051.86      12801.877     -177249.98      1.4400755      19683               2142 
   1689000   2010.2187      165510.06     -190103.28      12829.043     -177274.24      1.4400755      19683               2142 
   1689500   1989.7152      163509.74     -190035.83      12698.192     -177337.64      1.4400755      19683               2142 
   1690000   1990.5978      160518.26     -190127.79      12703.825     -177423.96      1.4400755      19683               2142 
   1690500   1966.6977      170328.07     -190009.58      12551.296     -177458.29      1.4400755      19683               2142 
   1691000   1955.8541      163906.48     -189934.39      12482.093     -177452.3       1.4400755      19683               2142 
   1691500   1984.0946      168346.53     -190055.54      12662.322     -177393.22      1.4400755      19683               2142 
   1692000   1964.9832      165191.34     -189765.34      12540.354     -177224.99      1.4400755      19683               2142 
   1692500   2015.1549      160061.11     -189816.61      12860.546     -176956.06      1.4400755      19683               2142 
   1693000   2005.2906      171907.83     -189531.18      12797.592     -176733.59      1.4400755      19683               2142 
   1693500   2103.5421      151709.17     -190020.46      13424.626     -176595.83      1.4400755      19683               2142 
   1694000   1998.8795      165773.68     -189420.72      12756.678     -176664.04      1.4400755      19683               2142 
   1694500   2073.0993      173420.65     -190081.8       13230.342     -176851.46      1.4400755      19683               2142 
   1695000   2022.0016      161468.51     -189993.52      12904.241     -177089.27      1.4400755      19683               2142 
   1695500   1994.7521      163136.01     -189910.05      12730.337     -177179.72      1.4400755      19683               2142 
   1696000   2000.4643      165996.81     -189977.66      12766.792     -177210.87      1.4400755      19683               2142 
   1696500   1971.2613      177740.06     -189803.91      12580.421     -177223.49      1.4400755      19683               2142 
   1697000   1971.4891      169855.41     -189789.92      12581.874     -177208.05      1.4400755      19683               2142 
   1697500   1973.9536      161394.42     -189811.37      12597.603     -177213.77      1.4400755      19683               2142 
   1698000   1987.1099      165269.85     -189867.43      12681.565     -177185.86      1.4400755      19683               2142 
   1698500   2008.2005      173066.39     -189890.23      12816.164     -177074.06      1.4400755      19683               2142 
   1699000   1986.0473      173771.47     -189609.86      12674.784     -176935.08      1.4400755      19683               2142 
   1699500   2007.1903      180806.72     -189523.83      12809.717     -176714.11      1.4400755      19683               2142 
   1700000   2060.7799      175110.53     -189682.94      13151.721     -176531.22      1.4400755      19683               2142 
   1700500   2024.5283      175449.03     -189399.4       12920.366     -176479.04      1.4400755      19683               2142 
   1701000   2019.5335      167788.18     -189463.1       12888.49      -176574.61      1.4400755      19683               2142 
   1701500   2046.2319      155854.9      -189950.58      13058.877     -176891.71      1.4400755      19683               2142 
   1702000   2029.3609      167457.16     -190097.69      12951.207     -177146.48      1.4400755      19683               2142 
   1702500   1987.084       161220.58     -189947.43      12681.4       -177266.03      1.4400755      19683               2142 
   1703000   1995.4208      166448.01     -190035.62      12734.604     -177301.02      1.4400755      19683               2142 
   1703500   2001.832       164597.21     -190088.77      12775.52      -177313.25      1.4400755      19683               2142 
   1704000   2019.9496      168759.9      -190199.06      12891.146     -177307.91      1.4400755      19683               2142 
   1704500   1941.2922      164758.73     -189707.62      12389.161     -177318.46      1.4400755      19683               2142 
   1705000   1992.4532      170900.92     -189995.95      12715.666     -177280.28      1.4400755      19683               2142 
   1705500   1989.7097      172232.75     -189908.08      12698.157     -177209.93      1.4400755      19683               2142 
   1706000   2056.3641      165876.04     -190158.13      13123.539     -177034.59      1.4400755      19683               2142 
   1706500   2041.6835      168203.65     -189884.77      13029.849     -176854.92      1.4400755      19683               2142 
   1707000   2004.9097      168593.05     -189595.38      12795.162     -176800.21      1.4400755      19683               2142 
   1707500   2011.713       175081.67     -189668.47      12838.58      -176829.89      1.4400755      19683               2142 
   1708000   2044.1757      163890.47     -190032.03      13045.754     -176986.27      1.4400755      19683               2142 
   1708500   2015.8106      162999.84     -190124.74      12864.731     -177260.01      1.4400755      19683               2142 
   1709000   1943.7911      167904.93     -189828.22      12405.108     -177423.12      1.4400755      19683               2142 
   1709500   1952.3051      163228.81     -189923.68      12459.444     -177464.24      1.4400755      19683               2142 
   1710000   1960.0908      158172.29     -189913.8       12509.131     -177404.67      1.4400755      19683               2142 
   1710500   2006.7643      157864.87     -190075.14      12806.998     -177268.14      1.4400755      19683               2142 
   1711000   1989.5069      160255.84     -189803.94      12696.863     -177107.08      1.4400755      19683               2142 
   1711500   2022.9893      157880.87     -189923.43      12910.545     -177012.89      1.4400755      19683               2142 
   1712000   2033.4242      158261.38     -189925.87      12977.139     -176948.73      1.4400755      19683               2142 
   1712500   2024.4738      163525.34     -189865.88      12920.018     -176945.86      1.4400755      19683               2142 
   1713000   2016.4873      158537.66     -189850.64      12869.049     -176981.59      1.4400755      19683               2142 
   1713500   2034.7181      155405.23     -190009.36      12985.397     -177023.96      1.4400755      19683               2142 
   1714000   2005.0251      169748.4      -189882.74      12795.898     -177086.85      1.4400755      19683               2142 
   1714500   2032.7433      176533.4      -190094.59      12972.793     -177121.79      1.4400755      19683               2142 
   1715000   2010.3553      167460.42     -189952.26      12829.915     -177122.34      1.4400755      19683               2142 
   1715500   1981.1311      176161.74     -189812.54      12643.409     -177169.13      1.4400755      19683               2142 
   1716000   1968.6371      163909.11     -189809.48      12563.674     -177245.8       1.4400755      19683               2142 
   1716500   1961.4724      167465.12     -189853.87      12517.948     -177335.92      1.4400755      19683               2142 
   1717000   1941.0489      160500.16     -189780.26      12387.608     -177392.65      1.4400755      19683               2142 
   1717500   2038.6902      154590.84     -190392.02      13010.746     -177381.28      1.4400755      19683               2142 
   1718000   1989.0459      157585.51     -189991.74      12693.92      -177297.82      1.4400755      19683               2142 
   1718500   2005.2258      162928.67     -189880.13      12797.179     -177082.95      1.4400755      19683               2142 
   1719000   2069.7918      159152.2      -190047.21      13209.234     -176837.97      1.4400755      19683               2142 
   1719500   2074.7491      158108.95     -189913.09      13240.871     -176672.22      1.4400755      19683               2142 
   1720000   2047.9545      166115.26     -189790.57      13069.87      -176720.7       1.4400755      19683               2142 
   1720500   2027.6222      180575.33     -189817.62      12940.111     -176877.51      1.4400755      19683               2142 
   1721000   2026.1413      167145.2      -190000.76      12930.66      -177070.1       1.4400755      19683               2142 
   1721500   1973.7383      174400.92     -189785.22      12596.229     -177189         1.4400755      19683               2142 
   1722000   1949.5862      170277.1      -189664.21      12442.092     -177222.12      1.4400755      19683               2142 
   1722500   1979.6731      165194.61     -189844.36      12634.104     -177210.26      1.4400755      19683               2142 
   1723000   2007.1331      159027.96     -189988.45      12809.351     -177179.1       1.4400755      19683               2142 
   1723500   2032.5977      158225.75     -190122.34      12971.864     -177150.48      1.4400755      19683               2142 
   1724000   2029.3871      164152.27     -190130.83      12951.374     -177179.45      1.4400755      19683               2142 
   1724500   2025.5121      165783.8      -190174.32      12926.645     -177247.67      1.4400755      19683               2142 
   1725000   2014.9014      165352.6      -190213.53      12858.928     -177354.6       1.4400755      19683               2142 
   1725500   1970.2352      162801.12     -190069.09      12573.872     -177495.22      1.4400755      19683               2142 
   1726000   1987.6884      164314.47     -190358.71      12685.257     -177673.45      1.4400755      19683               2142 
   1726500   1948.1697      155468.31     -190240.04      12433.052     -177806.99      1.4400755      19683               2142 
   1727000   1967.2752      156322.51     -190366.17      12554.982     -177811.19      1.4400755      19683               2142 
   1727500   1934.6127      165432.34     -189966.26      12346.532     -177619.72      1.4400755      19683               2142 
   1728000   1983.1731      162745.14     -189901.82      12656.441     -177245.38      1.4400755      19683               2142 
   1728500   2011.6193      169175.74     -189815.84      12837.982     -176977.86      1.4400755      19683               2142 
   1729000   2020.7029      163289.1      -189713.17      12895.952     -176817.22      1.4400755      19683               2142 
   1729500   2060.7441      170305.82     -189933.97      13151.492     -176782.48      1.4400755      19683               2142 
   1730000   1999.4041      163476.56     -189632.89      12760.026     -176872.86      1.4400755      19683               2142 
   1730063   2015.6375      158836.1      -189755.88      12863.626     -176892.25      1.4400755      19683               2142 
Loop time of 18967.5 on 48 procs for 400000 steps with 2142 atoms

Performance: 0.182 ns/day, 131.719 hours/ns, 21.089 timesteps/s, 45.172 katom-step/s
99.4% CPU use with 12 MPI tasks x 4 OpenMP threads

MPI task timing breakdown:
Section |  min time  |  avg time  |  max time  |%varavg| %total
---------------------------------------------------------------
Pair    | 15595      | 15851      | 16105      | 106.6 | 83.57
Neigh   | 146.66     | 147.47     | 148.97     |   6.7 |  0.78
Comm    | 220.84     | 474.59     | 730.03     | 615.1 |  2.50
Output  | 0.099017   | 0.11578    | 0.14008    |   3.1 |  0.00
Modify  | 2483.1     | 2485.5     | 2487.1     |   2.7 | 13.10
Other   |            | 8.563      |            |       |  0.05

Nlocal:          178.5 ave         193 max         169 min
Histogram: 2 1 1 3 1 1 2 0 0 1
Nghost:        4903.42 ave        4936 max        4874 min
Histogram: 2 0 0 2 2 4 0 0 0 2
Neighs:         126475 ave      136542 max      119767 min
Histogram: 2 1 1 2 3 0 2 0 0 1

Total # of neighbors = 1517696
Ave neighs/atom = 708.54155
Neighbor list builds = 4740
Dangerous builds = 0
write_restart   out/restart.solgel_pH${pH}.stage4
write_restart   out/restart.solgel_pH6.0.stage4
System init for write_restart ...

unfix           nvt_condense

# ── Phase 5: Cooling ───────────────────────────────────────────────────────
print           "=== Phase 5: Cooling ${T_hi} -> ${T_low} K ==="
=== Phase 5: Cooling 2000 -> 300 K ===
fix             nvt_cool all nvt temp ${T_hi} ${T_low} 100.0
fix             nvt_cool all nvt temp 2000 ${T_low} 100.0
fix             nvt_cool all nvt temp 2000 300 100.0
run             80000    # 8 ps cooling
Per MPI rank memory allocation (min/avg/max) = 349.4 | 354.7 | 359.3 Mbytes
   Step          Temp          Press          PotEng         KinEng         TotEng        Density         Volume        Atoms   
   1730063   2015.6375      158835.91     -189755.88      12863.626     -176892.25      1.4400755      19683               2142 
   1730500   1999.2501      160451.97     -189646.67      12759.043     -176887.63      1.4400755      19683               2142 
   1731000   1967.7639      166238.31     -189531.7       12558.1       -176973.6       1.4400755      19683               2142 
   1731500   1982.5154      163461.86     -189840.85      12652.244     -177188.6       1.4400755      19683               2142 
   1732000   1951.6568      174550.7      -189961.9       12455.307     -177506.6       1.4400755      19683               2142 
   1732500   1940.8147      164106.87     -190061.91      12386.113     -177675.8       1.4400755      19683               2142 
   1733000   1957.7523      156376.15     -190262.59      12494.207     -177768.39      1.4400755      19683               2142 
   1733500   1959.6546      163604.97     -190347.46      12506.348     -177841.11      1.4400755      19683               2142 
   1734000   1932.7774      161397.78     -190282.41      12334.82      -177947.59      1.4400755      19683               2142 
   1734500   1910.3555      155515.04     -190267.14      12191.725     -178075.41      1.4400755      19683               2142 
   1735000   1945.2747      153358.51     -190659.17      12414.576     -178244.59      1.4400755      19683               2142 
   1735500   1921.6229      149842.45     -190704.18      12263.633     -178440.54      1.4400755      19683               2142 
   1736000   1880.8316      160763.83     -190630.3       12003.306     -178626.99      1.4400755      19683               2142 
   1736500   1863.7123      167400.74     -190634.7       11894.052     -178740.65      1.4400755      19683               2142 
   1737000   1888.3328      149961.45     -190845.77      12051.178     -178794.59      1.4400755      19683               2142 
   1737500   1859.8287      148568.15     -190750.26      11869.267     -178881         1.4400755      19683               2142 
   1738000   1820.9698      156671.65     -190641.85      11621.273     -179020.58      1.4400755      19683               2142 
   1738500   1825.3411      147881.21     -190870.97      11649.17      -179221.8       1.4400755      19683               2142 
   1739000   1827.3526      148994.53     -191043.04      11662.008     -179381.03      1.4400755      19683               2142 
   1739500   1826.9846      151955.38     -191160.09      11659.659     -179500.43      1.4400755      19683               2142 
   1740000   1815.3865      145159.74     -191185.31      11585.641     -179599.66      1.4400755      19683               2142 
   1740500   1814.9093      153259.81     -191276.5       11582.596     -179693.91      1.4400755      19683               2142 
   1741000   1777.5658      148040.28     -191168.29      11344.273     -179824.02      1.4400755      19683               2142 
   1741500   1750.1566      150322.82     -191159.27      11169.349     -179989.92      1.4400755      19683               2142 
   1742000   1759.319       152086.59     -191346.96      11227.823     -180119.13      1.4400755      19683               2142 
   1742500   1749.7606      148506.54     -191414.91      11166.822     -180248.09      1.4400755      19683               2142 
   1743000   1777.0629      147343.8      -191694.75      11341.063     -180353.68      1.4400755      19683               2142 
   1743500   1705.5783      143372.65     -191354.47      10884.855     -180469.61      1.4400755      19683               2142 
   1744000   1725.5687      156250.49     -191603.68      11012.432     -180591.24      1.4400755      19683               2142 
   1744500   1677.5311      148041.45     -191439.77      10705.859     -180733.91      1.4400755      19683               2142 
   1745000   1701.9942      146884.28     -191710.45      10861.981     -180848.47      1.4400755      19683               2142 
   1745500   1699.4441      141394.49     -191802.81      10845.707     -180957.1       1.4400755      19683               2142 
   1746000   1697.607       148231.06     -191921.21      10833.983     -181087.23      1.4400755      19683               2142 
   1746500   1668.7014      148097.77     -191860.54      10649.51      -181211.03      1.4400755      19683               2142 
   1747000   1655.7934      140474.89     -191904.98      10567.131     -181337.84      1.4400755      19683               2142 
   1747500   1631.3328      141176.01     -191893.43      10411.026     -181482.4       1.4400755      19683               2142 
   1748000   1619.6723      139504.46     -191966.46      10336.61      -181629.85      1.4400755      19683               2142 
   1748500   1665.4868      141278.2      -192341.58      10628.994     -181712.59      1.4400755      19683               2142 
   1749000   1618.4139      143462.05     -192150.04      10328.579     -181821.46      1.4400755      19683               2142 
   1749500   1635.8359      141464.39     -192421.02      10439.764     -181981.25      1.4400755      19683               2142 
   1750000   1604.1217      136561.42     -192370.12      10237.367     -182132.75      1.4400755      19683               2142 
   1750500   1587.621       134340.2      -192406.92      10132.061     -182274.86      1.4400755      19683               2142 
   1751000   1573.7478      137900.93     -192438.44      10043.524     -182394.92      1.4400755      19683               2142 
   1751500   1573.2753      124759.01     -192564.95      10040.508     -182524.45      1.4400755      19683               2142 
   1752000   1558.6645      133978.39     -192593.15      9947.2631     -182645.89      1.4400755      19683               2142 
   1752500   1586.4111      134454.7      -192917.52      10124.34      -182793.18      1.4400755      19683               2142 
   1753000   1546.8371      146636.39     -192822.12      9871.7816     -182950.34      1.4400755      19683               2142 
   1753500   1499.2066      133325.89     -192671.35      9567.8081     -183103.54      1.4400755      19683               2142 
   1754000   1523.641       133492.87     -192968.4       9723.7463     -183244.65      1.4400755      19683               2142 
   1754500   1488.6181      121570.94     -192898.44      9500.2329     -183398.21      1.4400755      19683               2142 
   1755000   1484.7023      123742.53     -193023.29      9475.2429     -183548.04      1.4400755      19683               2142 
   1755500   1480.8657      119619.98     -193131.26      9450.7583     -183680.5       1.4400755      19683               2142 
   1756000   1491.8984      136262.26     -193316.19      9521.1679     -183795.02      1.4400755      19683               2142 
   1756500   1452.9198      126326.87     -193210.56      9272.4094     -183938.15      1.4400755      19683               2142 
   1757000   1459.4552      121945.98     -193350.27      9314.118      -184036.15      1.4400755      19683               2142 
   1757500   1434.3605      129901.25     -193354.16      9153.9659     -184200.19      1.4400755      19683               2142 
   1758000   1423.179       127314.02     -193432.82      9082.6065     -184350.21      1.4400755      19683               2142 
   1758500   1401.5265      120207.21     -193425.71      8944.4223     -184481.29      1.4400755      19683               2142 
   1759000   1432.2904      123734.19     -193741.55      9140.7548     -184600.8       1.4400755      19683               2142 
   1759500   1384.502       117713.66     -193559.47      8835.7731     -184723.7       1.4400755      19683               2142 
   1760000   1384.7751      121984.93     -193713.65      8837.5163     -184876.13      1.4400755      19683               2142 
   1760500   1386.996       136019.38     -193898.2       8851.6898     -185046.51      1.4400755      19683               2142 
   1761000   1370.9661      126169.1      -193953.02      8749.3883     -185203.63      1.4400755      19683               2142 
   1761500   1356.9983      120482.54     -194013.38      8660.2468     -185353.14      1.4400755      19683               2142 
   1762000   1352.7942      113698.34     -194122.42      8633.4167     -185489         1.4400755      19683               2142 
   1762500   1343.856       121219.99     -194231.08      8576.3737     -185654.7       1.4400755      19683               2142 
   1763000   1354.572       109541        -194441.84      8644.7624     -185797.08      1.4400755      19683               2142 
   1763500   1340.1492      115739.5      -194506.96      8552.7171     -185954.24      1.4400755      19683               2142 
   1764000   1320.7496      114611.32     -194523.68      8428.9109     -186094.77      1.4400755      19683               2142 
   1764500   1283.4384      119559.35     -194463.63      8190.7939     -186272.83      1.4400755      19683               2142 
   1765000   1277.9542      111431.12     -194586.39      8155.7943     -186430.6       1.4400755      19683               2142 
   1765500   1262.0343      108716.71     -194629.45      8054.1945     -186575.26      1.4400755      19683               2142 
   1766000   1264.3234      107276.01     -194771.29      8068.8035     -186702.48      1.4400755      19683               2142 
   1766500   1263.6003      115749.26     -194922.28      8064.1887     -186858.1       1.4400755      19683               2142 
   1767000   1249.1117      114222.13     -194993.55      7971.7238     -187021.82      1.4400755      19683               2142 
   1767500   1210.3508      113359.74     -194871.84      7724.3548     -187147.48      1.4400755      19683               2142 
   1768000   1216.2994      111089.07     -195039.96      7762.3187     -187277.64      1.4400755      19683               2142 
   1768500   1185.9354      108434.5      -194969.95      7568.5382     -187401.41      1.4400755      19683               2142 
   1769000   1170.0143      112668.41     -194977.08      7466.9313     -187510.15      1.4400755      19683               2142 
   1769500   1182.4815      113481.32     -195187.29      7546.4954     -187640.79      1.4400755      19683               2142 
   1770000   1147.4107      102526.29     -195094.21      7322.6768     -187771.54      1.4400755      19683               2142 
   1770500   1147.8088      102842.37     -195225.47      7325.2172     -187900.25      1.4400755      19683               2142 
   1771000   1150.6999      103424.42     -195363.33      7343.6679     -188019.66      1.4400755      19683               2142 
   1771500   1157.0584      98369.654     -195516.09      7384.2475     -188131.84      1.4400755      19683               2142 
   1772000   1123.3561      97227.295     -195454.02      7169.1625     -188284.86      1.4400755      19683               2142 
   1772500   1141.5144      102312.44     -195693.02      7285.0468     -188407.97      1.4400755      19683               2142 
   1773000   1110.5831      98157.86      -195617.11      7087.6465     -188529.46      1.4400755      19683               2142 
   1773500   1098.2297      101769.67     -195685.66      7008.8078     -188676.85      1.4400755      19683               2142 
   1774000   1073.7173      97822.116     -195649.32      6852.3718     -188796.95      1.4400755      19683               2142 
   1774500   1087.6164      99115.129     -195846.21      6941.0747     -188905.13      1.4400755      19683               2142 
   1775000   1067.6013      93609.72      -195873.32      6813.3398     -189059.98      1.4400755      19683               2142 
   1775500   1074.1215      96587.926     -196052.03      6854.9516     -189197.08      1.4400755      19683               2142 
   1776000   1040.9999      93089.72      -195959.6       6643.572      -189316.02      1.4400755      19683               2142 
   1776500   1051.0678      97534.291     -196151.58      6707.8246     -189443.76      1.4400755      19683               2142 
   1777000   1027.2854      91115.469     -196125.21      6556.0472     -189569.16      1.4400755      19683               2142 
   1777500   1027.3355      90633.456     -196256.57      6556.3669     -189700.21      1.4400755      19683               2142 
   1778000   1002.6377      86775.025     -196222.02      6398.7479     -189823.27      1.4400755      19683               2142 
   1778500   990.55447      83892.594     -196280.64      6321.6338     -189959         1.4400755      19683               2142 
   1779000   979.61848      92987.935     -196353.04      6251.8412     -190101.2       1.4400755      19683               2142 
   1779500   977.77535      91282.399     -196476.57      6240.0785     -190236.49      1.4400755      19683               2142 
   1780000   961.43466      88916.675     -196508.73      6135.7936     -190372.93      1.4400755      19683               2142 
   1780500   944.31291      86295.075     -196550.55      6026.5241     -190524.03      1.4400755      19683               2142 
   1781000   939.29456      91943.045     -196671.35      5994.4974     -190676.85      1.4400755      19683               2142 
   1781500   906.95904      92225.45      -196589.18      5788.1349     -190801.05      1.4400755      19683               2142 
   1782000   915.15235      85577.028     -196768.05      5840.4239     -190927.63      1.4400755      19683               2142 
   1782500   906.31841      86145.654     -196844.39      5784.0464     -191060.35      1.4400755      19683               2142 
   1783000   901.74331      79611.223     -196965.78      5754.8485     -191210.93      1.4400755      19683               2142 
   1783500   887.95721      81129.346     -197000.71      5666.8669     -191333.84      1.4400755      19683               2142 
   1784000   890.70989      73562.302     -197135.11      5684.4342     -191450.68      1.4400755      19683               2142 
   1784500   875.69425      81619.056     -197160.74      5588.6057     -191572.14      1.4400755      19683               2142 
   1785000   878.81144      76085.29      -197328.29      5608.4993     -191719.8       1.4400755      19683               2142 
   1785500   848.65817      76549.197     -197300.59      5416.0638     -191884.52      1.4400755      19683               2142 
   1786000   835.05979      76444.684     -197364         5329.28       -192034.72      1.4400755      19683               2142 
   1786500   840.84276      71870.915     -197540.74      5366.1865     -192174.55      1.4400755      19683               2142 
   1787000   816.5696       68342.562     -197535.62      5211.2772     -192324.35      1.4400755      19683               2142 
   1787500   808.58754      67556.562     -197641.57      5160.3364     -192481.24      1.4400755      19683               2142 
   1788000   812.85742      67198.672     -197825.67      5187.5864     -192638.08      1.4400755      19683               2142 
   1788500   787.98672      67858.884     -197793.69      5028.8638     -192764.83      1.4400755      19683               2142 
   1789000   774.95512      67328.637     -197829.35      4945.6972     -192883.66      1.4400755      19683               2142 
   1789500   756.89177      69970.695     -197855.22      4830.4184     -193024.8       1.4400755      19683               2142 
   1790000   750.29925      62337.455     -197955.53      4788.3455     -193167.19      1.4400755      19683               2142 
   1790500   739.56097      74438.253     -198022.82      4719.8147     -193303         1.4400755      19683               2142 
   1791000   738.57272      68986.66      -198153.9       4713.5078     -193440.39      1.4400755      19683               2142 
   1791500   710.84012      61506.957     -198101.4       4536.5207     -193564.88      1.4400755      19683               2142 
   1792000   701.86414      59998.828     -198161.27      4479.2368     -193682.04      1.4400755      19683               2142 
   1792500   698.08564      59977.304     -198257.04      4455.1227     -193801.92      1.4400755      19683               2142 
   1793000   696.85456      61989.632     -198385.57      4447.2661     -193938.3       1.4400755      19683               2142 
   1793500   681.04312      56488.023     -198419.62      4346.3588     -194073.26      1.4400755      19683               2142 
   1794000   682.09151      59261.817     -198574.26      4353.0496     -194221.21      1.4400755      19683               2142 
   1794500   653.35284      59790.13      -198515.91      4169.6418     -194346.27      1.4400755      19683               2142 
   1795000   653.49166      58161.928     -198656.15      4170.5278     -194485.62      1.4400755      19683               2142 
   1795500   647.15155      57385.728     -198775.01      4130.0657     -194644.95      1.4400755      19683               2142 
   1796000   632.21126      56634.172     -198790.9       4034.7181     -194756.18      1.4400755      19683               2142 
   1796500   610.51453      54811.086     -198772.79      3896.2514     -194876.54      1.4400755      19683               2142 
   1797000   592.31801      53887.743     -198798.86      3780.1228     -195018.74      1.4400755      19683               2142 
   1797500   588.58383      47895.626     -198900.66      3756.2915     -195144.36      1.4400755      19683               2142 
   1798000   602.60005      50849.952     -199123.01      3845.7419     -195277.27      1.4400755      19683               2142 
   1798500   564.29264      54185.933     -199000.98      3601.2673     -195399.72      1.4400755      19683               2142 
   1799000   567.28016      50327.511     -199161.17      3620.3334     -195540.84      1.4400755      19683               2142 
   1799500   553.24986      50159.204     -199208.18      3530.7932     -195677.39      1.4400755      19683               2142 
   1800000   552.1581       47582.723     -199340.41      3523.8257     -195816.58      1.4400755      19683               2142 
   1800500   536.3959       50178.301     -199394.71      3423.2327     -195971.48      1.4400755      19683               2142 
   1801000   522.81606      48779.032     -199434.34      3336.5673     -196097.77      1.4400755      19683               2142 
   1801500   517.55967      44910.536     -199539.01      3303.0215     -196235.99      1.4400755      19683               2142 
   1802000   502.57691      44517.322     -199574.58      3207.4028     -196367.17      1.4400755      19683               2142 
   1802500   497.77103      42760.274     -199675.66      3176.7321     -196498.93      1.4400755      19683               2142 
   1803000   488.5161       41235.459     -199750.4       3117.6679     -196632.73      1.4400755      19683               2142 
   1803500   471.39862      44747.412     -199791.75      3008.4256     -196783.33      1.4400755      19683               2142 
   1804000   467.6128       46656.825     -199902.22      2984.2648     -196917.95      1.4400755      19683               2142 
   1804500   458.98104      41114.26      -199991.77      2929.1777     -197062.59      1.4400755      19683               2142 
   1805000   449.72324      39980.541     -200077.83      2870.0952     -197207.74      1.4400755      19683               2142 
   1805500   428.94988      32245.257     -200097.6       2737.5214     -197360.07      1.4400755      19683               2142 
   1806000   411.20315      37589.808     -200124.8       2624.2633     -197500.54      1.4400755      19683               2142 
   1806500   403.23087      37684.457     -200224.34      2573.3848     -197650.95      1.4400755      19683               2142 
   1807000   403.92844      32938.658     -200357.27      2577.8367     -197779.44      1.4400755      19683               2142 
   1807500   397.98864      31380.594     -200448.57      2539.9294     -197908.64      1.4400755      19683               2142 
   1808000   379.34337      33623.881     -200476.71      2420.9369     -198055.78      1.4400755      19683               2142 
   1808500   367.12862      36020.016     -200535.61      2342.9834     -198192.62      1.4400755      19683               2142 
   1809000   364.0552       26331.658     -200664.84      2323.3691     -198341.48      1.4400755      19683               2142 
   1809500   347.46247      26947.891     -200692.88      2217.4757     -198475.4       1.4400755      19683               2142 
   1810000   334.18533      29521.039     -200751.21      2132.7422     -198618.47      1.4400755      19683               2142 
   1810063   337.63286      28826.284     -200789.31      2154.744      -198634.57      1.4400755      19683               2142 
Loop time of 3736.55 on 48 procs for 80000 steps with 2142 atoms

Performance: 0.185 ns/day, 129.741 hours/ns, 21.410 timesteps/s, 45.861 katom-step/s
99.4% CPU use with 12 MPI tasks x 4 OpenMP threads

MPI task timing breakdown:
Section |  min time  |  avg time  |  max time  |%varavg| %total
---------------------------------------------------------------
Pair    | 3087       | 3143.2     | 3181.8     |  51.1 | 84.12
Neigh   | 18.364     | 18.501     | 18.676     |   2.5 |  0.50
Comm    | 45.053     | 83.845     | 139.92     | 312.4 |  2.24
Output  | 0.020626   | 0.023996   | 0.028833   |   1.4 |  0.00
Modify  | 488.94     | 489.31     | 489.72     |   1.1 | 13.10
Other   |            | 1.684      |            |       |  0.05

Nlocal:          178.5 ave         188 max         172 min
Histogram: 1 3 0 2 3 1 0 0 1 1
Nghost:        4883.42 ave        4918 max        4854 min
Histogram: 3 0 2 0 1 2 1 0 2 1
Neighs:         126436 ave      132618 max      121305 min
Histogram: 1 1 2 0 5 1 0 0 1 1

Total # of neighbors = 1517232
Ave neighs/atom = 708.32493
Neighbor list builds = 596
Dangerous builds = 0
unfix           nvt_cool

# ── Phase 6: Final Equilibration ───────────────────────────────────────────
print           "=== Phase 6: Final Equilibration at ${T_low} K ==="
=== Phase 6: Final Equilibration at 300 K ===
fix             nvt_final all nvt temp ${T_low} ${T_low} 100.0
fix             nvt_final all nvt temp 300 ${T_low} 100.0
fix             nvt_final all nvt temp 300 300 100.0
run             20000    # 2 ps
Per MPI rank memory allocation (min/avg/max) = 349.6 | 354.7 | 359.3 Mbytes
   Step          Temp          Press          PotEng         KinEng         TotEng        Density         Volume        Atoms   
   1810063   337.63286      28825.962     -200789.31      2154.744      -198634.57      1.4400755      19683               2142 
   1810500   337.16233      26245.839     -200812.31      2151.7411     -198660.57      1.4400755      19683               2142 
   1811000   330.9947       30405.455     -200853.4       2112.3798     -198741.02      1.4400755      19683               2142 
   1811500   319.52174      25358.703     -200859.8       2039.1603     -198820.64      1.4400755      19683               2142 
   1812000   321.67849      26642.95      -200946.35      2052.9246     -198893.43      1.4400755      19683               2142 
   1812500   315.87381      23265.723     -200971.87      2015.8796     -198955.99      1.4400755      19683               2142 
   1813000   317.4151       25443.744     -201048.08      2025.716      -199022.36      1.4400755      19683               2142 
   1813500   307.46897      25539.674     -201045.19      1962.2406     -199082.95      1.4400755      19683               2142 
   1814000   300.42932      25082.809     -201047.23      1917.3142     -199129.92      1.4400755      19683               2142 
   1814500   303.34421      18243.117     -201098.98      1935.9167     -199163.06      1.4400755      19683               2142 
   1815000   302.88682      22603.018     -201120.22      1932.9977     -199187.23      1.4400755      19683               2142 
   1815500   293.81392      23380.033     -201072.4       1875.0952     -199197.3       1.4400755      19683               2142 
   1816000   304.97262      25330.101     -201151.72      1946.3092     -199205.41      1.4400755      19683               2142 
   1816500   296.70365      18544.453     -201096.71      1893.5372     -199203.18      1.4400755      19683               2142 
   1817000   295.44354      22130.941     -201085.74      1885.4953     -199200.24      1.4400755      19683               2142 
   1817500   296.24875      24604.691     -201075.69      1890.6341     -199185.06      1.4400755      19683               2142 
   1818000   304.22071      24246.637     -201107.53      1941.5105     -199166.02      1.4400755      19683               2142 
   1818500   301.40819      22827.301     -201073.46      1923.5612     -199149.9       1.4400755      19683               2142 
   1819000   299.69379      26917.523     -201047.86      1912.6201     -199135.24      1.4400755      19683               2142 
   1819500   309.2555       21126.216     -201118.54      1973.6421     -199144.9       1.4400755      19683               2142 
   1820000   308.40342      21804.736     -201115.01      1968.2042     -199146.8       1.4400755      19683               2142 
   1820500   301.802        21533.084     -201079.05      1926.0745     -199152.97      1.4400755      19683               2142 
   1821000   304.85422      23342.46      -201121.03      1945.5535     -199175.47      1.4400755      19683               2142 
   1821500   304.92893      22715.818     -201143.28      1946.0303     -199197.25      1.4400755      19683               2142 
   1822000   300.10539      25997.473     -201108.66      1915.2469     -199193.41      1.4400755      19683               2142 
   1822500   294.17079      24497.41      -201078.42      1877.3728     -199201.05      1.4400755      19683               2142 
   1823000   289.30683      23783.678     -201031.05      1846.3314     -199184.72      1.4400755      19683               2142 
   1823500   298.3311       21381.64      -201080.09      1903.9235     -199176.17      1.4400755      19683               2142 
   1824000   298.8598       23191.146     -201076.45      1907.2976     -199169.15      1.4400755      19683               2142 
   1824500   302.80276      24752.17      -201100.19      1932.4613     -199167.72      1.4400755      19683               2142 
   1825000   301.3629       23620.378     -201093.59      1923.2722     -199170.32      1.4400755      19683               2142 
   1825500   301.31546      22737.843     -201090.08      1922.9694     -199167.11      1.4400755      19683               2142 
   1826000   296.43244      23040.131     -201062.76      1891.8064     -199170.96      1.4400755      19683               2142 
   1826500   305.41014      23702.356     -201104.04      1949.1014     -199154.93      1.4400755      19683               2142 
   1827000   307.06987      23143.317     -201121.16      1959.6936     -199161.46      1.4400755      19683               2142 
   1827500   302.84194      26548.836     -201067.29      1932.7113     -199134.57      1.4400755      19683               2142 
   1828000   297.63946      21283.958     -201035.39      1899.5096     -199135.88      1.4400755      19683               2142 
   1828500   304.14548      23438.19      -201078.68      1941.0304     -199137.65      1.4400755      19683               2142 
   1829000   298.68156      22062.312     -201048.39      1906.1601     -199142.23      1.4400755      19683               2142 
   1829500   307.8599       22510.357     -201099.92      1964.7355     -199135.19      1.4400755      19683               2142 
   1830000   304.03502      20473.746     -201062.47      1940.3255     -199122.14      1.4400755      19683               2142 
   1830063   305.65138      21433.906     -201072.07      1950.6409     -199121.43      1.4400755      19683               2142 
Loop time of 917.97 on 48 procs for 20000 steps with 2142 atoms

Performance: 0.188 ns/day, 127.496 hours/ns, 21.787 timesteps/s, 46.668 katom-step/s
99.4% CPU use with 12 MPI tasks x 4 OpenMP threads

MPI task timing breakdown:
Section |  min time  |  avg time  |  max time  |%varavg| %total
---------------------------------------------------------------
Pair    | 758.95     | 775.85     | 787.26     |  29.6 | 84.52
Neigh   | 1.0632     | 1.0778     | 1.0962     |   0.9 |  0.12
Comm    | 8.9581     | 20.372     | 37.275     | 182.9 |  2.22
Output  | 0.0049104  | 0.0057211  | 0.0069288  |   0.7 |  0.00
Modify  | 120.16     | 120.25     | 120.31     |   0.4 | 13.10
Other   |            | 0.4139     |            |       |  0.05

Nlocal:          178.5 ave         188 max         172 min
Histogram: 3 0 1 2 1 2 1 1 0 1
Nghost:        4881.58 ave        4918 max        4848 min
Histogram: 2 0 0 1 3 2 2 0 1 1
Neighs:         126439 ave      133248 max      122345 min
Histogram: 3 1 1 2 1 1 2 0 0 1

Total # of neighbors = 1517267
Ave neighs/atom = 708.34127
Neighbor list builds = 35
Dangerous builds = 0
unfix           nvt_final

# ── Output Final Structure ──────────────────────────────────────────────────
write_data      out/data.solgel_pH${pH}.final
write_data      out/data.solgel_pH6.0.final
System init for write_data ...
write_restart   out/restart.solgel_pH${pH}.final
write_restart   out/restart.solgel_pH6.0.final
System init for write_restart ...

print           "=== Sol-Gel Simulation Complete for pH ${pH} ==="
=== Sol-Gel Simulation Complete for pH 6.0 ===
Total wall time: 23:49:19
