
# ── Phase 1: Energy Minimization ────────────────────────────────────────────
print           "=== Phase 1: Energy Minimization ==="
=== Phase 1: Energy Minimization ===
minimize        1.0e-4 1.0e-6 1000 10000

CITE-CITE-CITE-CITE-CITE-CITE-CITE-CITE-CITE-CITE-CITE-CITE-CITE

Your simulation uses code contributions which should be cited:

- Type Label Framework: https://doi.org/10.1021/acs.jpcb.3c08419

@Article{Gissinger24,
 author = {Jacob R. Gissinger, Ilia Nikiforov, Yaser Afshar, Brendon Waters, Moon-ki Choi, Daniel S. Karls, Alexander Stukowski, Wonpil Im, Hendrik Heinz, Axel Kohlmeyer, and Ellad B. Tadmor},
 title = {Type Label Framework for Bonded Force Fields in LAMMPS},
 journal = {J. Phys. Chem. B},
 year =    2024,
 volume =  128,
 number =  13,
 pages =   {3282–-3297}
}

- pair reaxff command: doi:10.1016/j.parco.2011.08.005

@Article{Aktulga12,
 author = {H. M. Aktulga and J. C. Fogarty and S. A. Pandit and A. Y. Grama},
 title = {Parallel Reactive Molecular Dynamics: {N}umerical Methods and Algorithmic Techniques},
 journal = {Parallel Computing},
 year =    2012,
 volume =  38,
 number =  {4--5},
 pages =   {245--259}
}

- fix qeq/reaxff command: doi:10.1016/j.parco.2011.08.005

@Article{Aktulga12,
 author = {H. M. Aktulga and J. C. Fogarty and S. A. Pandit and A. Y. Grama},
 title = {Parallel Reactive Molecular Dynamics: {N}umerical Methods and Algorithmic Techniques},
 journal = {Parallel Computing},
 year =    2012,
 volume =  38,
 pages =   {245--259}
}

CITE-CITE-CITE-CITE-CITE-CITE-CITE-CITE-CITE-CITE-CITE-CITE-CITE

Neighbor list info ...
  update: every = 1 steps, delay = 0 steps, check = yes
  max neighbors/atom: 2000, page size: 100000
  master list distance cutoff = 12
  ghost atom cutoff = 12
  binsize = 6, bins = 7 7 7
  2 neighbor lists, perpetual/occasional/extra = 2 0 0
  (1) pair reaxff, perpetual
      attributes: half, newton off, ghost
      pair build: half/bin/ghost/newtoff
      stencil: full/ghost/bin/3d
      bin: standard
  (2) fix qeq/reaxff, perpetual, copy from (1)
      attributes: half, newton off
      pair build: copy
      stencil: none
      bin: none
Per MPI rank memory allocation (min/avg/max) = 352.3 | 357.2 | 360.9 Mbytes
   Step          Temp          Press          PotEng         KinEng         TotEng        Density         Volume        Atoms   
         0   0              159105.73     -139385.09      0             -139385.09      0.57870579     53115.42            2382 
        42   0             -2774.0028     -195964.76      0             -195964.76      0.57870579     53115.42            2382 
Loop time of 0.958803 on 48 procs for 42 steps with 2382 atoms

99.4% CPU use with 12 MPI tasks x 4 OpenMP threads

Minimization stats:
  Stopping criterion = energy tolerance
  Energy initial, next-to-last, final = 
     -139385.094177583  -195960.217358347  -195964.759769657
  Force two-norm initial, final = 9777.6834 568.78095
  Force max component initial, final = 1085.1406 171.51121
  Final line search alpha, max atom move = 0.00031606156 0.054208101
  Iterations, force evaluations = 42 56

MPI task timing breakdown:
Section |  min time  |  avg time  |  max time  |%varavg| %total
---------------------------------------------------------------
Pair    | 0.66274    | 0.68574    | 0.70437    |   1.5 | 71.52
Neigh   | 0.0064495  | 0.0065805  | 0.0067668  |   0.1 |  0.69
Comm    | 0.012403   | 0.03114    | 0.054111   |   6.9 |  3.25
Output  | 0          | 0          | 0          |   0.0 |  0.00
Modify  | 0.23291    | 0.23311    | 0.23332    |   0.0 | 24.31
Other   |            | 0.002236   |            |       |  0.23

Nlocal:          198.5 ave         221 max         179 min
Histogram: 2 2 0 0 2 1 1 2 1 1
Nghost:        2780.83 ave        2837 max        2730 min
Histogram: 1 1 2 2 1 1 1 1 1 1
Neighs:        53066.2 ave       60389 max       46631 min
Histogram: 2 0 2 2 0 2 1 0 2 1

Total # of neighbors = 636795
Ave neighs/atom = 267.33627
Neighbor list builds = 1
Dangerous builds = 0

# Trajectory dump
dump            traj all custom 2000 out/dump.solgel_pH${pH}.lammpstrj                 id type x y z q
dump            traj all custom 2000 out/dump.solgel_pH8.0.lammpstrj                 id type x y z q
dump_modify     traj sort id

# ── Phase 2: NVT Equilibration & Compression at 300 K ──────────────────────
print           "=== Phase 2: Compression to Liquid Density at ${T_low} K ==="
=== Phase 2: Compression to Liquid Density at 300 K ===
velocity        all create ${T_low} ${seed} dist gaussian
velocity        all create 300 ${seed} dist gaussian
velocity        all create 300 12345 dist gaussian

# Compress box to target liquid density (~1.2 - 1.5 g/cm^3)
# To achieve this, we shrink the box length to about 27.0 Angstroms.
fix             nvt1 all nvt temp ${T_low} ${T_low} 100.0
fix             nvt1 all nvt temp 300 ${T_low} 100.0
fix             nvt1 all nvt temp 300 300 100.0
fix             deform1 all deform 1 x final 0.0 27.0 y final 0.0 27.0 z final 0.0 27.0 remap x
run             20000    # 2 ps compression
Per MPI rank memory allocation (min/avg/max) = 351.3 | 356.1 | 359.9 Mbytes
   Step          Temp          Press          PotEng         KinEng         TotEng        Density         Volume        Atoms   
        42   300           -941.52393     -195964.76      2129.1926     -193835.57      0.57870579     53115.42            2382 
       500   321.70947      982.82699     -196083.19      2283.2714     -193799.92      0.59005248     52094.012           2382 
      1000   436.9025       1436.786      -197014.09      3100.8319     -193913.26      0.60278095     50993.982           2382 
      1500   491.16666      1541.8706     -197746.77      3485.9614     -194260.8       0.61587817     49909.548           2382 
      2000   523.04881      463.42616     -198476.69      3712.2389     -194764.46      0.62935758     48840.598           2382 
      2500   527.39969      671.67502     -199104.87      3743.1184     -195361.75      0.64323324     47787.021           2382 
      3000   505.95297      610.51398     -199585.88      3590.9044     -195994.97      0.65751981     46748.706           2382 
      3500   498.48695      1795.4618     -200166.99      3537.9158     -196629.08      0.67223262     45725.542           2382 
      4000   485.32783      1732.678      -200716.32      3444.5214     -197271.8       0.68738768     44717.416           2382 
      4500   447.53478      1046.0177     -201027.28      3176.2925     -197850.99      0.70300173     43724.218           2382 
      5000   419.32029      175.72219     -201380.16      2976.0456     -198404.11      0.71909228     42745.836           2382 
      5500   439.96002      877.3159      -202071.23      3122.5321     -198948.7       0.73567765     41782.159           2382 
      6000   405.12048      96.478375     -202317.89      2875.2651     -199442.63      0.75277701     40833.076           2382 
      6500   392.73631      3298.4881     -202687.42      2787.3708     -199900.05      0.77041042     39898.475           2382 
      7000   368.39556      1429.2308     -202938.27      2614.617      -200323.65      0.7885989      38978.244           2382 
      7500   371.02695      173.53447     -203332.14      2633.2928     -200698.84      0.80736446     38072.274           2382 
      8000   344.26064      1764.7355     -203483.17      2443.324      -201039.84      0.82673017     37180.451           2382 
      8500   331.29793      1374.2491     -203678.86      2351.3237     -201327.53      0.84672021     36302.666           2382 
      9000   320.84561      1527.4675     -203855.32      2277.1404     -201578.18      0.86735995     35438.806           2382 
      9500   307.39363      661.32323     -203989.73      2181.6675     -201808.07      0.888676       34588.76            2382 
     10000   304.05739      3311.6638     -204149.08      2157.9891     -201991.09      0.91069629     33752.417           2382 
     10500   302.27981      4348.8907     -204287.47      2145.3731     -202142.09      0.93345014     32929.665           2382 
     11000   294.11118      2703.55       -204329.97      2087.3978     -202242.58      0.95696837     32120.394           2382 
     11500   303.63779      3100.3715     -204497.56      2155.0111     -202342.55      0.98128332     31324.491           2382 
     12000   296.8695       5263.2919     -204525.75      2106.9745     -202418.78      1.006429       30541.846           2382 
     12500   303.79294      5669.9162     -204633.39      2156.1123     -202477.28      1.0324413      29772.347           2382 
     13000   291.68126      6937.8017     -204588.71      2070.1519     -202518.56      1.0593578      29015.882           2382 
     13500   301.43409      9682.6954     -204672.91      2139.3708     -202533.54      1.0872181      28272.342           2382 
     14000   312.20378      11940.892     -204754.75      2215.8066     -202538.95      1.1160639      27541.613           2382 
     14500   315.55567      13617.554     -204786.92      2239.596      -202547.32      1.1459393      26823.584           2382 
     15000   309.31903      15239.229     -204770.58      2195.3326     -202575.24      1.1768906      26118.146           2382 
     15500   316.31077      16968.128     -204870.55      2244.9552     -202625.6       1.2089667      25425.185           2382 
     16000   321.26752      20624.992     -204902.42      2280.1348     -202622.29      1.242219       24744.591           2382 
     16500   319.3416       26335.701     -204883.1       2266.4659     -202616.63      1.2767021      24076.252           2382 
     17000   326.91986      35424.602     -204869.99      2320.2512     -202549.74      1.3124733      23420.057           2382 
     17500   338.67351      47624.836     -204832.99      2403.6705     -202429.32      1.3495935      22775.895           2382 
     18000   357.70549      55809.645     -204788.77      2538.7463     -202250.02      1.3881268      22143.654           2382 
     18500   360.69635      77446.018     -204533.99      2559.9734     -201974.01      1.4281411      21523.224           2382 
     19000   363.6964       108947.4      -204080.51      2581.2657     -201499.24      1.4697083      20914.491           2382 
     19500   387.61593      144218.29     -203536.81      2751.0299     -200785.78      1.5129043      20317.346           2382 
     20000   391.60815      187835.29     -202599         2779.3639     -199819.64      1.5578098      19731.677           2382 
     20042   396.52854      193822.16     -202537.5       2814.2854     -199723.22      1.5616624      19683               2382 
Loop time of 587.583 on 48 procs for 20000 steps with 2382 atoms

Performance: 0.294 ns/day, 81.609 hours/ns, 34.038 timesteps/s, 81.078 katom-step/s
99.2% CPU use with 12 MPI tasks x 4 OpenMP threads

MPI task timing breakdown:
Section |  min time  |  avg time  |  max time  |%varavg| %total
---------------------------------------------------------------
Pair    | 477.42     | 485.11     | 493.09     |  20.4 | 82.56
Neigh   | 1.7625     | 1.7842     | 1.8141     |   1.0 |  0.30
Comm    | 10.902     | 18.901     | 26.548     | 103.3 |  3.22
Output  | 0.006785   | 0.0076695  | 0.008859   |   0.6 |  0.00
Modify  | 81.351     | 81.421     | 81.491     |   0.5 | 13.86
Other   |            | 0.3553     |            |       |  0.06

Nlocal:          198.5 ave         206 max         192 min
Histogram: 1 3 1 1 0 2 1 1 0 2
Nghost:         5399.5 ave        5420 max        5380 min
Histogram: 2 1 1 1 2 0 0 1 3 1
Neighs:         155255 ave      160514 max      150792 min
Histogram: 1 3 1 1 1 1 1 0 1 2

Total # of neighbors = 1863060
Ave neighs/atom = 782.14106
Neighbor list builds = 123
Dangerous builds = 0
unfix           deform1
run             10000    # 1 ps equilibration after compression
Per MPI rank memory allocation (min/avg/max) = 374.8 | 379.2 | 383.4 Mbytes
   Step          Temp          Press          PotEng         KinEng         TotEng        Density         Volume        Atoms   
     20042   396.52854      194093.37     -202534.33      2814.2854     -199720.04      1.5616624      19683               2382 
     20500   385.55226      172766.81     -202822.6       2736.3834     -200086.22      1.5616624      19683               2382 
     21000   365.20541      164379.82     -203049.44      2591.9756     -200457.46      1.5616624      19683               2382 
     21500   353.73114      155986.71     -203280.82      2510.5391     -200770.28      1.5616624      19683               2382 
     22000   344.85956      150075.67     -203538.19      2447.5747     -201090.61      1.5616624      19683               2382 
     22500   327.83007      142132.7      -203683.12      2326.7112     -201356.41      1.5616624      19683               2382 
     23000   317.17089      141259.02     -203810         2251.0597     -201558.94      1.5616624      19683               2382 
     23500   316.39998      144813.36     -204006.62      2245.5883     -201761.03      1.5616624      19683               2382 
     24000   306.85349      138968.65     -204123.7       2177.8339     -201945.86      1.5616624      19683               2382 
     24500   299.66796      132065.77     -204227.52      2126.836      -202100.69      1.5616624      19683               2382 
     25000   293.15311      130899.5      -204288.2       2080.5981     -202207.61      1.5616624      19683               2382 
     25500   297.78875      135578.93     -204407.21      2113.4987     -202293.71      1.5616624      19683               2382 
     26000   293.74204      129312.64     -204398.38      2084.7779     -202313.6       1.5616624      19683               2382 
     26500   286.14466      127689.38     -204350.46      2030.857      -202319.6       1.5616624      19683               2382 
     27000   293.50875      131049.44     -204366.03      2083.1222     -202282.91      1.5616624      19683               2382 
     27500   305.46093      128809.44     -204414.24      2167.9505     -202246.29      1.5616624      19683               2382 
     28000   305.5507       132928.86     -204365.54      2168.5877     -202196.96      1.5616624      19683               2382 
     28500   306.44321      129663.91     -204338.12      2174.9221     -202163.2       1.5616624      19683               2382 
     29000   304.99705      128702.14     -204313.24      2164.6582     -202148.59      1.5616624      19683               2382 
     29500   304.2552       125900.61     -204314.71      2159.3931     -202155.32      1.5616624      19683               2382 
     30000   307.79036      123157.02     -204373.45      2184.4832     -202188.97      1.5616624      19683               2382 
     30042   304.77831      128477.39     -204353.24      2163.1058     -202190.14      1.5616624      19683               2382 
Loop time of 576.902 on 48 procs for 10000 steps with 2382 atoms

Performance: 0.150 ns/day, 160.251 hours/ns, 17.334 timesteps/s, 41.289 katom-step/s
99.3% CPU use with 12 MPI tasks x 4 OpenMP threads

MPI task timing breakdown:
Section |  min time  |  avg time  |  max time  |%varavg| %total
---------------------------------------------------------------
Pair    | 483.67     | 493.46     | 499.95     |  24.5 | 85.54
Neigh   | 0.47564    | 0.47891    | 0.48351    |   0.4 |  0.08
Comm    | 5.1141     | 11.607     | 21.409     | 159.4 |  2.01
Output  | 0.0028902  | 0.0033092  | 0.0039188  |   0.5 |  0.00
Modify  | 71.085     | 71.104     | 71.137     |   0.2 | 12.33
Other   |            | 0.2497     |            |       |  0.04

Nlocal:          198.5 ave         207 max         190 min
Histogram: 1 2 0 0 4 1 0 2 0 2
Nghost:        5411.42 ave        5434 max        5378 min
Histogram: 2 0 0 1 3 0 1 0 2 3
Neighs:         156346 ave      162733 max      149970 min
Histogram: 1 2 0 2 2 1 0 2 0 2

Total # of neighbors = 1876148
Ave neighs/atom = 787.6356
Neighbor list builds = 14
Dangerous builds = 0
unfix           nvt1

# ── Phase 3: Heating to Condensation Temperature (NVT) ─────────────────────
print           "=== Phase 3: Heating ${T_low} -> ${T_hi} K ==="
=== Phase 3: Heating 300 -> 2000 K ===
fix             nvt_heat all nvt temp ${T_low} ${T_hi} 100.0
fix             nvt_heat all nvt temp 300 ${T_hi} 100.0
fix             nvt_heat all nvt temp 300 2000 100.0
run             100000    # 10 ps ramp
Per MPI rank memory allocation (min/avg/max) = 374.9 | 379.2 | 384.4 Mbytes
   Step          Temp          Press          PotEng         KinEng         TotEng        Density         Volume        Atoms   
     30042   304.77831      128477.15     -204353.24      2163.1058     -202190.14      1.5616624      19683               2382 
     30500   309.60021      124085.63     -204382.17      2197.3283     -202184.84      1.5616624      19683               2382 
     31000   314.02467      125842.94     -204425.35      2228.7301     -202196.62      1.5616624      19683               2382 
     31500   308.25185      129358.99     -204390.63      2187.7585     -202202.87      1.5616624      19683               2382 
     32000   314.52413      125117.74     -204397.27      2232.2749     -202164.99      1.5616624      19683               2382 
     32500   328.73084      124224.26     -204386.24      2333.1042     -202053.14      1.5616624      19683               2382 
     33000   331.86122      125653.03     -204338.77      2355.3215     -201983.45      1.5616624      19683               2382 
     33500   338.1245       131480.86     -204289.97      2399.774      -201890.2       1.5616624      19683               2382 
     34000   344.94508      130526.8      -204230.41      2448.1817     -201782.22      1.5616624      19683               2382 
     34500   347.41424      134154.18     -204152.4       2465.7061     -201686.69      1.5616624      19683               2382 
     35000   363.92236      133193.05     -204144.26      2582.8693     -201561.39      1.5616624      19683               2382 
     35500   370.78602      133389.36     -204071.05      2631.5829     -201439.46      1.5616624      19683               2382 
     36000   384.41673      132552.49     -204056.38      2728.3242     -201328.05      1.5616624      19683               2382 
     36500   388.80344      132645.75     -203953.76      2759.458      -201194.3       1.5616624      19683               2382 
     37000   395.183        134368.52     -203875.89      2804.7358     -201071.16      1.5616624      19683               2382 
     37500   414.81226      136679.05     -203899.24      2944.0506     -200955.19      1.5616624      19683               2382 
     38000   415.62629      138974.57     -203790.36      2949.8281     -200840.54      1.5616624      19683               2382 
     38500   438.86542      133049.4      -203825.13      3114.7634     -200710.37      1.5616624      19683               2382 
     39000   433.41768      137721.12     -203663.64      3076.099      -200587.55      1.5616624      19683               2382 
     39500   439.4857       132794.09     -203585.61      3119.1657     -200466.45      1.5616624      19683               2382 
     40000   456.95352      138233.01     -203571.36      3243.1402     -200328.22      1.5616624      19683               2382 
     40500   458.33766      134186.37     -203455.3       3252.9639     -200202.33      1.5616624      19683               2382 
     41000   468.42748      141755.79     -203410.96      3324.5745     -200086.39      1.5616624      19683               2382 
     41500   501.76245      140617.98     -203515.66      3561.163      -199954.5       1.5616624      19683               2382 
     42000   489.38715      142638.14     -203318.26      3473.3317     -199844.93      1.5616624      19683               2382 
     42500   510.27886      143198.92     -203367.54      3621.6066     -199745.94      1.5616624      19683               2382 
     43000   526.09266      143109.27     -203368.13      3733.842      -199634.28      1.5616624      19683               2382 
     43500   521.02279      140869.53     -203206.34      3697.8596     -199508.48      1.5616624      19683               2382 
     44000   523.34731      141889.2      -203109.62      3714.3574     -199395.27      1.5616624      19683               2382 
     44500   545.70425      139442.48     -203157.09      3873.0315     -199284.05      1.5616624      19683               2382 
     45000   547.89792      145023.09     -203077.82      3888.6007     -199189.22      1.5616624      19683               2382 
     45500   557.09891      138673.86     -203042.4       3953.9029     -199088.5       1.5616624      19683               2382 
     46000   566.61578      141592.19     -203017.5       4021.4471     -198996.05      1.5616624      19683               2382 
     46500   570.33999      145030.28     -202945.28      4047.879      -198897.4       1.5616624      19683               2382 
     47000   578.94238      142567.67     -202883.99      4108.9328     -198775.06      1.5616624      19683               2382 
     47500   592.94341      147953.88     -202871.27      4208.3024     -198662.97      1.5616624      19683               2382 
     48000   583.74153      145286.27     -202710.46      4142.9938     -198567.46      1.5616624      19683               2382 
     48500   603.83541      144985.2      -202716.01      4285.6064     -198430.4       1.5616624      19683               2382 
     49000   617.31008      145874.22     -202689.7       4381.2402     -198308.46      1.5616624      19683               2382 
     49500   622.39034      147441.55     -202609.35      4417.2964     -198192.06      1.5616624      19683               2382 
     50000   621.92622      150039.35     -202501.49      4414.0024     -198087.49      1.5616624      19683               2382 
     50500   645.18079      150608.18     -202545.4       4579.0472     -197966.35      1.5616624      19683               2382 
     51000   654.68098      154033.82     -202502.18      4646.473      -197855.71      1.5616624      19683               2382 
     51500   670.9995       147265.66     -202530.69      4762.2906     -197768.4       1.5616624      19683               2382 
     52000   671.29165      155832.68     -202453.74      4764.3641     -197689.38      1.5616624      19683               2382 
     52500   689.0892       154466.61     -202509.04      4890.6788     -197618.36      1.5616624      19683               2382 
     53000   698.42527      149688.69     -202483.89      4956.9397     -197526.95      1.5616624      19683               2382 
     53500   685.87095      159196.37     -202299.45      4867.8379     -197431.61      1.5616624      19683               2382 
     54000   704.04492      156903.81     -202327.98      4996.8242     -197331.16      1.5616624      19683               2382 
     54500   711.32426      162384.92     -202291.4       5048.4879     -197242.91      1.5616624      19683               2382 
     55000   717.9733       162500.9      -202250.61      5095.6781     -197154.93      1.5616624      19683               2382 
     55500   720.42476      156062.13     -202183.96      5113.0769     -197070.88      1.5616624      19683               2382 
     56000   740.2144       161050.93     -202258.15      5253.5301     -197004.62      1.5616624      19683               2382 
     56500   746.53707      161764.04     -202231.93      5298.4041     -196933.53      1.5616624      19683               2382 
     57000   749.2048       166786.79     -202192.76      5317.3378     -196875.42      1.5616624      19683               2382 
     57500   763.85758      164530.35     -202210.68      5421.3331     -196789.35      1.5616624      19683               2382 
     58000   777.44115      160337.9      -202252.69      5517.7399     -196734.95      1.5616624      19683               2382 
     58500   777.6192       167740.78     -202181.11      5519.0035     -196662.11      1.5616624      19683               2382 
     59000   783.26868      166531.62     -202131.74      5559.0996     -196572.64      1.5616624      19683               2382 
     59500   815.39888      167260.17     -202302.16      5787.1376     -196515.03      1.5616624      19683               2382 
     60000   793.01056      166474.19     -202109.64      5628.2407     -196481.4       1.5616624      19683               2382 
     60500   806.35578      163449.88     -202149.73      5722.9559     -196426.78      1.5616624      19683               2382 
     61000   811.32151      169813.87     -202091.41      5758.1992     -196333.21      1.5616624      19683               2382 
     61500   823.27162      168934.82     -202089.82      5843.0128     -196246.81      1.5616624      19683               2382 
     62000   832.33058      173409.03     -202051.15      5907.3071     -196143.84      1.5616624      19683               2382 
     62500   844.21725      173192.15     -202042.27      5991.6705     -196050.6       1.5616624      19683               2382 
     63000   884.9811       167936.76     -202299.15      6280.9841     -196018.16      1.5616624      19683               2382 
     63500   875.01511      175618.87     -202225.92      6210.2524     -196015.67      1.5616624      19683               2382 
     64000   857.71544      168921.61     -202113.2       6087.4713     -196025.73      1.5616624      19683               2382 
     64500   880.66598      167218.58     -202265.78      6250.3584     -196015.43      1.5616624      19683               2382 
     65000   879.41293      177155.95     -202247.22      6241.465      -196005.75      1.5616624      19683               2382 
     65500   882.56624      181249.24     -202191.26      6263.845      -195927.41      1.5616624      19683               2382 
     66000   932.61964      182510.63     -202324.23      6619.0895     -195705.14      1.5616624      19683               2382 
     66500   944.82038      184845.07     -202268.68      6705.6819     -195563         1.5616624      19683               2382 
     67000   941.25124      177546.21     -202229.24      6680.3506     -195548.89      1.5616624      19683               2382 
     67500   952.21483      189271.07     -202332.34      6758.1626     -195574.18      1.5616624      19683               2382 
     68000   948.95398      178868.88     -202388.22      6735.0193     -195653.2       1.5616624      19683               2382 
     68500   954.27735      180005.46     -202515.3       6772.8009     -195742.5       1.5616624      19683               2382 
     69000   951.6808       181319.88     -202537.11      6754.3725     -195782.74      1.5616624      19683               2382 
     69500   958.91843      178754.59     -202570.51      6805.7402     -195764.77      1.5616624      19683               2382 
     70000   963.52603      178486.96     -202564.14      6838.4417     -195725.7       1.5616624      19683               2382 
     70500   955.09503      177788.06     -202427.63      6778.6043     -195649.03      1.5616624      19683               2382 
     71000   981.52319      185348.13     -202494.87      6966.1731     -195528.7       1.5616624      19683               2382 
     71500   992.48182      181725.37     -202483.18      7043.9499     -195439.23      1.5616624      19683               2382 
     72000   978.20166      193779.2      -202302.06      6942.5992     -195359.46      1.5616624      19683               2382 
     72500   1012.8629      183066.96     -202443.76      7188.6007     -195255.16      1.5616624      19683               2382 
     73000   1028.0605      186507.76     -202413.49      7296.4627     -195117.03      1.5616624      19683               2382 
     73500   1042.4944      192379.53     -202378.79      7398.9043     -194979.89      1.5616624      19683               2382 
     74000   1062.9072      187697.06     -202423.88      7543.7807     -194880.09      1.5616624      19683               2382 
     74500   1084.5272      193488.06     -202513.09      7697.2247     -194815.86      1.5616624      19683               2382 
     75000   1053.2186      187359.59     -202244.81      7475.0176     -194769.79      1.5616624      19683               2382 
     75500   1077.9983      196684.82     -202378.14      7650.887      -194727.25      1.5616624      19683               2382 
     76000   1088.7414      188519.9      -202426.77      7727.1338     -194699.63      1.5616624      19683               2382 
     76500   1102.1684      192269.5      -202568.05      7822.4292     -194745.62      1.5616624      19683               2382 
     77000   1083.2758      185407.73     -202516.97      7688.3427     -194828.63      1.5616624      19683               2382 
     77500   1085.1157      195783.91     -202642.1       7701.4011     -194940.7       1.5616624      19683               2382 
     78000   1079.2496      197673.61     -202649.96      7659.7675     -194990.19      1.5616624      19683               2382 
     78500   1100.9683      194529.03     -202738.28      7813.9118     -194924.37      1.5616624      19683               2382 
     79000   1118.7864      198712.94     -202702.73      7940.3725     -194762.36      1.5616624      19683               2382 
     79500   1132.0483      190682.35     -202620.1       8034.4961     -194585.61      1.5616624      19683               2382 
     80000   1116.0146      208668.09     -202375.67      7920.7        -194454.97      1.5616624      19683               2382 
     80500   1145.8163      204892.21     -202475.25      8132.2119     -194343.04      1.5616624      19683               2382 
     81000   1134.3262      200382.82     -202273.82      8050.6634     -194223.15      1.5616624      19683               2382 
     81500   1175.0973      191748.84     -202441.97      8340.0281     -194101.94      1.5616624      19683               2382 
     82000   1173.7521      198434.32     -202291.16      8330.4812     -193960.68      1.5616624      19683               2382 
     82500   1173.4355      204700.68     -202146.39      8328.2338     -193818.16      1.5616624      19683               2382 
     83000   1201.861       208629.68     -202228.46      8529.9786     -193698.48      1.5616624      19683               2382 
     83500   1207.7103      206530.95     -202211.53      8571.4925     -193640.03      1.5616624      19683               2382 
     84000   1226.5738      203259.56     -202284.04      8705.3732     -193578.66      1.5616624      19683               2382 
     84500   1223.5181      206930.52     -202149.42      8683.6857     -193465.74      1.5616624      19683               2382 
     85000   1211.8226      204471.03     -201939.87      8600.6791     -193339.19      1.5616624      19683               2382 
     85500   1250.7201      209381.73     -202071.19      8876.747      -193194.45      1.5616624      19683               2382 
     86000   1246.5679      200220.04     -201911.49      8847.2775     -193064.22      1.5616624      19683               2382 
     86500   1268.7187      206456.13     -201985.89      9004.488      -192981.4       1.5616624      19683               2382 
     87000   1288.0437      209718.18     -202090.88      9141.6438     -192949.24      1.5616624      19683               2382 
     87500   1263.0177      209380.12     -201891.56      8964.0265     -192927.53      1.5616624      19683               2382 
     88000   1291.5044      209929.12     -202049.64      9166.2058     -192883.43      1.5616624      19683               2382 
     88500   1290.8946      212218.53     -201972.68      9161.8775     -192810.8       1.5616624      19683               2382 
     89000   1297.6658      215893.89     -201865.58      9209.9351     -192655.64      1.5616624      19683               2382 
     89500   1305.338       212470.78     -201742.61      9264.3871     -192478.23      1.5616624      19683               2382 
     90000   1336.6516      215152.9      -201827         9486.6288     -192340.37      1.5616624      19683               2382 
     90500   1323.3044      213698.38     -201644.4       9391.8999     -192252.5       1.5616624      19683               2382 
     91000   1352.726       208474.91     -201823.43      9600.7142     -192222.72      1.5616624      19683               2382 
     91500   1330.3314      220991.72     -201661.52      9441.7728     -192219.75      1.5616624      19683               2382 
     92000   1336.0338      220200.2      -201711.61      9482.2441     -192229.37      1.5616624      19683               2382 
     92500   1365.5562      219603.5      -201929.18      9691.7739     -192237.4       1.5616624      19683               2382 
     93000   1360.9084      224427.26     -201864.43      9658.7872     -192205.64      1.5616624      19683               2382 
     93500   1376.8716      217118.52     -201819.02      9772.0825     -192046.94      1.5616624      19683               2382 
     94000   1407.8469      212276.46     -201677.28      9991.924      -191685.35      1.5616624      19683               2382 
     94500   1407.7835      232353.76     -201504.14      9991.4742     -191512.67      1.5616624      19683               2382 
     95000   1428.6674      219611.11     -201615.04      10139.694     -191475.34      1.5616624      19683               2382 
     95500   1448.1613      220934.46     -201793.93      10278.048     -191515.89      1.5616624      19683               2382 
     96000   1409.0927      223176.11     -201608.37      10000.766     -191607.61      1.5616624      19683               2382 
     96500   1411.6956      221546.47     -201712.38      10019.24      -191693.14      1.5616624      19683               2382 
     97000   1406.8911      211845.88     -201711.9       9985.1405     -191726.76      1.5616624      19683               2382 
     97500   1420.0294      222728.94     -201794.52      10078.387     -191716.13      1.5616624      19683               2382 
     98000   1415.3647      230553.26     -201570.83      10045.281     -191525.55      1.5616624      19683               2382 
     98500   1483.8985      225182.48     -201753.83      10531.686     -191222.14      1.5616624      19683               2382 
     99000   1483.6166      238023.51     -201579.92      10529.685     -191050.23      1.5616624      19683               2382 
     99500   1485.6924      223803.07     -201475.53      10544.418     -190931.11      1.5616624      19683               2382 
    100000   1472.3862      224286.66     -201308.28      10449.98      -190858.3       1.5616624      19683               2382 
    100500   1505.0959      231833.15     -201454.78      10682.13      -190772.65      1.5616624      19683               2382 
    101000   1482.0373      239716.9      -201197.66      10518.476     -190679.19      1.5616624      19683               2382 
    101500   1504.1008      237893.32     -201218.5       10675.068     -190543.43      1.5616624      19683               2382 
    102000   1534.2571      229833.95     -201267.79      10889.096     -190378.69      1.5616624      19683               2382 
    102500   1503.6781      241772.38     -200897.78      10672.067     -190225.72      1.5616624      19683               2382 
    103000   1552.8533      231113.65     -201019.69      11021.08      -189998.61      1.5616624      19683               2382 
    103500   1593.1766      247418.37     -201081.91      11307.266     -189774.64      1.5616624      19683               2382 
    104000   1593.9744      237814.9      -200987.92      11312.928     -189674.99      1.5616624      19683               2382 
    104500   1577.9503      240982.8      -200910.79      11199.2       -189711.59      1.5616624      19683               2382 
    105000   1597.7667      244246.89     -201318.28      11339.844     -189978.44      1.5616624      19683               2382 
    105500   1568.9542      238776.69     -201445.16      11135.352     -190309.81      1.5616624      19683               2382 
    106000   1546.8943      227400.33     -201373.47      10978.786     -190394.69      1.5616624      19683               2382 
    106500   1579.5707      239014.58     -201522.92      11210.701     -190312.22      1.5616624      19683               2382 
    107000   1606.625       235008.6      -201514.31      11402.714     -190111.6       1.5616624      19683               2382 
    107500   1603.0601      230392.92     -201243.28      11377.413     -189865.87      1.5616624      19683               2382 
    108000   1638.8317      235310.5      -201294.6       11631.294     -189663.31      1.5616624      19683               2382 
    108500   1617.3506      232590.63     -200973.18      11478.837     -189494.34      1.5616624      19683               2382 
    109000   1676.827       245123.22     -201264.94      11900.959     -189363.98      1.5616624      19683               2382 
    109500   1649.1077      237581.6      -200947.73      11704.227     -189243.5       1.5616624      19683               2382 
    110000   1664.8304      247545.37     -200937.58      11815.815     -189121.76      1.5616624      19683               2382 
    110500   1645.3283      242934.76     -200662.81      11677.403     -188985.41      1.5616624      19683               2382 
    111000   1661.3159      246431.3      -200622.18      11790.872     -188831.31      1.5616624      19683               2382 
    111500   1707.2855      247799.18     -200741.63      12117.132     -188624.5       1.5616624      19683               2382 
    112000   1707.0286      245746.75     -200548.55      12115.309     -188433.25      1.5616624      19683               2382 
    112500   1743.7312      253796.13     -200622.21      12375.798     -188246.41      1.5616624      19683               2382 
    113000   1764.8707      254500.31     -200666.26      12525.832     -188140.43      1.5616624      19683               2382 
    113500   1719.0214      261581.87     -200291.74      12200.426     -188091.32      1.5616624      19683               2382 
    114000   1763.8056      256071.51     -200643.86      12518.273     -188125.59      1.5616624      19683               2382 
    114500   1713.1307      258644.46     -200442.01      12158.617     -188283.39      1.5616624      19683               2382 
    115000   1718.855       239195.12     -200640.43      12199.245     -188441.19      1.5616624      19683               2382 
    115500   1702.3241      251868.48     -200643.45      12081.92      -188561.53      1.5616624      19683               2382 
    116000   1701.978       246965.22     -200620.36      12079.463     -188540.9       1.5616624      19683               2382 
    116500   1725.227       250460.1      -200636.58      12244.469     -188392.11      1.5616624      19683               2382 
    117000   1775.9524      248124.15     -200710.57      12604.482     -188106.09      1.5616624      19683               2382 
    117500   1804.2887      254353.17     -200705.65      12805.594     -187900.06      1.5616624      19683               2382 
    118000   1784.7043      256977.9      -200385.41      12666.597     -187718.82      1.5616624      19683               2382 
    118500   1853.0105      267602.47     -200758.35      13151.387     -187606.96      1.5616624      19683               2382 
    119000   1784.2326      245988.71     -200210.83      12663.25      -187547.58      1.5616624      19683               2382 
    119500   1832.9862      265711.74     -200451.37      13009.269     -187442.1       1.5616624      19683               2382 
    120000   1823.3527      269672.33     -200307.71      12940.897     -187366.82      1.5616624      19683               2382 
    120500   1848.2345      266676.1      -200396.34      13117.491     -187278.85      1.5616624      19683               2382 
    121000   1831.8417      258516.98     -200121.05      13001.146     -187119.9       1.5616624      19683               2382 
    121500   1889.3157      255138.63     -200292.79      13409.057     -186883.74      1.5616624      19683               2382 
    122000   1932.0984      271346.14     -200414.49      13712.699     -186701.79      1.5616624      19683               2382 
    122500   1920.1011      261027.15     -200285.18      13627.55      -186657.63      1.5616624      19683               2382 
    123000   1873.5001      265972.38     -200020.29      13296.809     -186723.48      1.5616624      19683               2382 
    123500   1900.5416      262951.18     -200354.01      13488.73      -186865.28      1.5616624      19683               2382 
    124000   1841.7976      268568.26     -200148.63      13071.806     -187076.83      1.5616624      19683               2382 
    124500   1821.1512      264385.65     -200145.84      12925.272     -187220.57      1.5616624      19683               2382 
    125000   1890.9968      269080.85     -200630.43      13420.988     -187209.44      1.5616624      19683               2382 
    125500   1883.0365      270404.43     -200312.07      13364.492     -186947.58      1.5616624      19683               2382 
    126000   1938.8362      266240.19     -200249.47      13760.519     -186488.95      1.5616624      19683               2382 
    126500   1926.687       263465.15     -199948.88      13674.292     -186274.59      1.5616624      19683               2382 
    127000   1928.7107      267258.37     -199818.88      13688.655     -186130.22      1.5616624      19683               2382 
    127500   1956.1148      268837.42     -199834.17      13883.151     -185951.02      1.5616624      19683               2382 
    128000   1948.472       273906.12     -199628.93      13828.907     -185800.02      1.5616624      19683               2382 
    128500   1962.0068      271004.25     -199587.24      13924.968     -185662.27      1.5616624      19683               2382 
    129000   2009.8218      271944.06     -199790.14      14264.326     -185525.81      1.5616624      19683               2382 
    129500   2004.5438      267201.56     -199642.57      14226.866     -185415.71      1.5616624      19683               2382 
    130000   2043.0196      276037.66     -199788.07      14499.941     -185288.13      1.5616624      19683               2382 
    130042   2004.5435      278683.21     -199500.87      14226.864     -185274.01      1.5616624      19683               2382 
Loop time of 5659.56 on 48 procs for 100000 steps with 2382 atoms

Performance: 0.153 ns/day, 157.210 hours/ns, 17.669 timesteps/s, 42.088 katom-step/s
99.3% CPU use with 12 MPI tasks x 4 OpenMP threads

MPI task timing breakdown:
Section |  min time  |  avg time  |  max time  |%varavg| %total
---------------------------------------------------------------
Pair    | 4695.3     | 4804.9     | 4881.1     |  64.0 | 84.90
Neigh   | 17.319     | 17.495     | 17.698     |   2.6 |  0.31
Comm    | 37.674     | 113.95     | 223.55     | 415.7 |  2.01
Output  | 0.027835   | 0.032305   | 0.038626   |   1.6 |  0.00
Modify  | 720.47     | 720.71     | 720.99     |   0.6 | 12.73
Other   |            | 2.484      |            |       |  0.04

Nlocal:          198.5 ave         212 max         194 min
Histogram: 3 3 4 0 0 1 0 0 0 1
Nghost:        5436.75 ave        5462 max        5411 min
Histogram: 3 0 0 2 1 2 0 1 0 3
Neighs:         156319 ave      166554 max      152587 min
Histogram: 3 3 2 2 0 1 0 0 0 1

Total # of neighbors = 1875824
Ave neighs/atom = 787.49958
Neighbor list builds = 506
Dangerous builds = 0
unfix           nvt_heat

# ── Phase 4: NVT Condensation at High Temperature ──────────────────────────
print           "=== Phase 4: NVT Condensation at ${T_hi} K ==="
=== Phase 4: NVT Condensation at 2000 K ===
fix             nvt_condense all nvt temp ${T_hi} ${T_hi} 100.0
fix             nvt_condense all nvt temp 2000 ${T_hi} 100.0
fix             nvt_condense all nvt temp 2000 2000 100.0

# Run condensation in stages (40 ps each, total 160 ps)
print           "--- Condensation Stage 1/4 ---"
--- Condensation Stage 1/4 ---
run             400000
Per MPI rank memory allocation (min/avg/max) = 373.9 | 379.2 | 385 Mbytes
   Step          Temp          Press          PotEng         KinEng         TotEng        Density         Volume        Atoms   
    130042   2004.5435      278682.86     -199500.87      14226.864     -185274.01      1.5616624      19683               2382 
    130500   2006.8998      274345.99     -199513.05      14243.588     -185269.46      1.5616624      19683               2382 
    131000   2042.346       270407.53     -199820.58      14495.16      -185325.42      1.5616624      19683               2382 
    131500   2033.5884      272636.33     -199925.96      14433.005     -185492.95      1.5616624      19683               2382 
    132000   1990.9897      263666.01     -199959.73      14130.669     -185829.06      1.5616624      19683               2382 
    132500   1986.422       272937.74     -200136.2       14098.25      -186037.95      1.5616624      19683               2382 
    133000   1981.0577      262178.49     -200112.11      14060.178     -186051.93      1.5616624      19683               2382 
    133500   1976.7199      266000.43     -199989.61      14029.391     -185960.22      1.5616624      19683               2382 
    134000   1970.6432      278076.39     -199812.71      13986.263     -185826.45      1.5616624      19683               2382 
    134500   1992.1996      282938.96     -199801.15      14139.256     -185661.9       1.5616624      19683               2382 
    135000   2006.6522      282597.83     -199754.23      14241.83      -185512.4       1.5616624      19683               2382 
    135500   2025.7832      276439.91     -199829.14      14377.609     -185451.53      1.5616624      19683               2382 
    136000   2074.4059      279615.48     -200113.27      14722.699     -185390.57      1.5616624      19683               2382 
    136500   1966.9755      276007.95     -199380.32      13960.233     -185420.09      1.5616624      19683               2382 
    137000   2000.3584      287556.37     -199591.39      14197.161     -185394.23      1.5616624      19683               2382 
    137500   2068.3205      266414.48     -200082.27      14679.509     -185402.76      1.5616624      19683               2382 
    138000   2000.5465      275804.75     -199679.69      14198.496     -185481.2       1.5616624      19683               2382 
    138500   1999.0045      277619.66     -199718.67      14187.552     -185531.12      1.5616624      19683               2382 
    139000   2049.5704      276729        -200111.42      14546.434     -185564.99      1.5616624      19683               2382 
    139500   2012.829       272585.6      -199924.2       14285.669     -185638.53      1.5616624      19683               2382 
    140000   1986.1866      280692.74     -199864.53      14096.579     -185767.95      1.5616624      19683               2382 
    140500   1978.0302      267109.91     -199975.95      14038.691     -185937.26      1.5616624      19683               2382 
    141000   1976.2377      266153.2      -200364.15      14025.969     -186338.18      1.5616624      19683               2382 
    141500   1898.6287      265911.45     -200267.95      13475.154     -186792.8       1.5616624      19683               2382 
    142000   1932.2559      276121.54     -200504.04      13713.816     -186790.22      1.5616624      19683               2382 
    142500   1950.4396      259929        -200486.17      13842.872     -186643.3       1.5616624      19683               2382 
    143000   1966.6237      267850.31     -200302.16      13957.736     -186344.42      1.5616624      19683               2382 
    143500   1963.9246      277913.49     -200017.05      13938.579     -186078.47      1.5616624      19683               2382 
    144000   1980.2213      270105.06     -199912.03      14054.242     -185857.79      1.5616624      19683               2382 
    144500   2000.5571      262343.5      -199918.12      14198.571     -185719.55      1.5616624      19683               2382 
    145000   1998.7588      268096.2      -199850.02      14185.808     -185664.21      1.5616624      19683               2382 
    145500   2046.4073      274252.81     -200194.35      14523.984     -185670.36      1.5616624      19683               2382 
    146000   1992.4551      271025.39     -199884.67      14141.069     -185743.61      1.5616624      19683               2382 
    146500   2028.998       265688.6      -200355.56      14400.425     -185955.13      1.5616624      19683               2382 
    147000   1955.4675      272356.15     -200151.61      13878.557     -186273.06      1.5616624      19683               2382 
    147500   1997.8975      264091.35     -200621.29      14179.696     -186441.6       1.5616624      19683               2382 
    148000   1948.7314      279372.85     -200282.36      13830.749     -186451.61      1.5616624      19683               2382 
    148500   2013.695       264869.94     -200679.68      14291.815     -186387.86      1.5616624      19683               2382 
    149000   1967.8419      266357.08     -200236.72      13966.381     -186270.34      1.5616624      19683               2382 
    149500   1978.4499      278329.62     -200138.98      14041.67      -186097.31      1.5616624      19683               2382 
    150000   1997.537       275872.94     -200088.9       14177.137     -185911.76      1.5616624      19683               2382 
    150500   2054.487       282693.99     -200158.48      14581.328     -185577.15      1.5616624      19683               2382 
    151000   2099.0427      275644.66     -200044.51      14897.554     -185146.95      1.5616624      19683               2382 
    151500   2092.4735      284193.46     -199877.11      14850.931     -185026.18      1.5616624      19683               2382 
    152000   2087.1068      268894.17     -200010.1       14812.842     -185197.26      1.5616624      19683               2382 
    152500   2082.2453      266833.49     -200276.25      14778.338     -185497.91      1.5616624      19683               2382 
    153000   1982.6211      276818.81     -199758.32      14071.274     -185687.04      1.5616624      19683               2382 
    153500   2009.4772      279738.14     -200106.74      14261.88      -185844.86      1.5616624      19683               2382 
    154000   2051.2136      278437.7      -200544.57      14558.096     -185986.47      1.5616624      19683               2382 
    154500   2001.2716      270748.54     -200343.89      14203.643     -186140.25      1.5616624      19683               2382 
    155000   1980.3685      281459.37     -200315.95      14055.286     -186260.66      1.5616624      19683               2382 
    155500   1967.316       277515.77     -200293.91      13962.649     -186331.26      1.5616624      19683               2382 
    156000   1993.5172      270243.44     -200509.85      14148.607     -186361.24      1.5616624      19683               2382 
    156500   2010.733       262478.42     -200650.23      14270.793     -186379.44      1.5616624      19683               2382 
    157000   1991.008       275234.68     -200424.42      14130.798     -186293.62      1.5616624      19683               2382 
    157500   2032.2337      277509.35     -200558.05      14423.39      -186134.66      1.5616624      19683               2382 
    158000   2025.0345      284628.39     -200368.59      14372.295     -185996.29      1.5616624      19683               2382 
    158500   2018.2897      270203.36     -200256.07      14324.425     -185931.64      1.5616624      19683               2382 
    159000   2043.6165      272494.48     -200485.69      14504.177     -185981.52      1.5616624      19683               2382 
    159500   2051.2327      281986.68     -200742.58      14558.232     -186184.35      1.5616624      19683               2382 
    160000   2009.3274      261049.27     -200735.25      14260.817     -186474.43      1.5616624      19683               2382 
    160500   1960.5384      282322.96     -200597.33      13914.546     -186682.78      1.5616624      19683               2382 
    161000   1955.3918      277419.37     -200601.49      13878.019     -186723.47      1.5616624      19683               2382 
    161500   2007.1675      275096.3      -200927.92      14245.488     -186682.44      1.5616624      19683               2382 
    162000   2029.1436      281900.84     -201000.8       14401.458     -186599.35      1.5616624      19683               2382 
    162500   2035.7899      273403.45     -200914.23      14448.63      -186465.6       1.5616624      19683               2382 
    163000   2001.5722      272384.68     -200537.34      14205.776     -186331.57      1.5616624      19683               2382 
    163500   1995.6092      276090.22     -200314.91      14163.454     -186151.46      1.5616624      19683               2382 
    164000   2064.9661      278408.16     -200505.4       14655.702     -185849.7       1.5616624      19683               2382 
    164500   2097.292       269920.17     -200457.49      14885.129     -185572.36      1.5616624      19683               2382 
    165000   2081.2781      272299.88     -200262.19      14771.473     -185490.72      1.5616624      19683               2382 
    165500   2052.7474      286000.75     -200295.11      14568.982     -185726.13      1.5616624      19683               2382 
    166000   2009.3453      269730.32     -200385.36      14260.944     -186124.41      1.5616624      19683               2382 
    166500   2036.6052      272805.28     -200753.23      14454.416     -186298.82      1.5616624      19683               2382 
    167000   2035.0893      280410.75     -200875.13      14443.657     -186431.47      1.5616624      19683               2382 
    167500   2000.3768      281281.96     -200737.5       14197.292     -186540.21      1.5616624      19683               2382 
    168000   2012.1766      277655.45     -200910.76      14281.039     -186629.72      1.5616624      19683               2382 
    168500   1976.3843      275391.64     -200750.87      14027.01      -186723.86      1.5616624      19683               2382 
    169000   1996.1071      272111.01     -200896.53      14166.988     -186729.55      1.5616624      19683               2382 
    169500   1995.516       267753.42     -200790.07      14162.793     -186627.28      1.5616624      19683               2382 
    170000   2022.2326      273261.77     -200781.37      14352.409     -186428.96      1.5616624      19683               2382 
    170500   2006.1848      285390.38     -200392.77      14238.513     -186154.26      1.5616624      19683               2382 
    171000   2065.6063      272096.95     -200609.4       14660.246     -185949.16      1.5616624      19683               2382 
    171500   2054.5334      266873.8      -200468.79      14581.658     -185887.13      1.5616624      19683               2382 
    172000   2042.1593      275739.74     -200528.54      14493.835     -186034.7       1.5616624      19683               2382 
    172500   2010.1512      266557.33     -200687.45      14266.663     -186420.78      1.5616624      19683               2382 
    173000   1995.0285      276932        -200811.29      14159.333     -186651.96      1.5616624      19683               2382 
    173500   2030.4557      264981.79     -201153.42      14410.771     -186742.65      1.5616624      19683               2382 
    174000   1968.2768      272367.04     -200757.45      13969.468     -186787.98      1.5616624      19683               2382 
    174500   1998.13        272353.3      -200979.9       14181.346     -186798.56      1.5616624      19683               2382 
    175000   1979.5362      278412.1      -200806.85      14049.38      -186757.47      1.5616624      19683               2382 
    175500   2007.0362      268217.02     -200868.15      14244.555     -186623.59      1.5616624      19683               2382 
    176000   1999.933       280403.24     -200636.4       14194.142     -186442.26      1.5616624      19683               2382 
    176500   2007.2792      288274.79     -200596.31      14246.28      -186350.03      1.5616624      19683               2382 
    177000   2070.3996      274903.5      -201027.26      14694.265     -186332.99      1.5616624      19683               2382 
    177500   2016.6524      271302.07     -200713.07      14312.804     -186400.26      1.5616624      19683               2382 
    178000   1998.7462      272287.11     -200801.61      14185.719     -186615.89      1.5616624      19683               2382 
    178500   1977.3941      272488.61     -200911.74      14034.176     -186877.56      1.5616624      19683               2382 
    179000   1952.8176      267556.8      -200908.82      13859.75      -187049.07      1.5616624      19683               2382 
    179500   1993.4846      274120.96     -201243.37      14148.376     -187094.99      1.5616624      19683               2382 
    180000   1998.9125      273854.38     -201214.84      14186.899     -187027.94      1.5616624      19683               2382 
    180500   1995.0222      275110.45     -201009.59      14159.289     -186850.3       1.5616624      19683               2382 
    181000   2021.1929      267990.75     -200880.14      14345.03      -186535.11      1.5616624      19683               2382 
    181500   2018.8186      275633.25     -200655.09      14328.179     -186326.91      1.5616624      19683               2382 
    182000   2061.3749      263640.81     -200894.39      14630.214     -186264.17      1.5616624      19683               2382 
    182500   2061.392       275676.06     -200933.06      14630.335     -186302.72      1.5616624      19683               2382 
    183000   2012.59        278081.13     -200691.73      14283.973     -186407.76      1.5616624      19683               2382 
    183500   2051.8716      267394.85     -201133.92      14562.766     -186571.15      1.5616624      19683               2382 
    184000   2001.9179      275958.2      -200970.99      14208.23      -186762.76      1.5616624      19683               2382 
    184500   1977.5056      260384.22     -200942.11      14034.968     -186907.15      1.5616624      19683               2382 
    185000   1975.458       273299.94     -200984.96      14020.435     -186964.52      1.5616624      19683               2382 
    185500   2024.262       281674.18     -201310.57      14366.812     -186943.76      1.5616624      19683               2382 
    186000   2024.563       275196.21     -201286.07      14368.948     -186917.12      1.5616624      19683               2382 
    186500   1998.5681      273213.01     -201159.17      14184.455     -186974.72      1.5616624      19683               2382 
    187000   1984.0998      268816.94     -201162.02      14081.768     -187080.25      1.5616624      19683               2382 
    187500   1947.5605      260814        -201121.08      13822.438     -187298.64      1.5616624      19683               2382 
    188000   1956.3022      274932.96     -201364.41      13884.481     -187479.93      1.5616624      19683               2382 
    188500   1952.4018      263079.42     -201372.52      13856.798     -187515.73      1.5616624      19683               2382 
    189000   1958.1033      269110.01     -201209.84      13897.264     -187312.57      1.5616624      19683               2382 
    189500   2010.887       264971.92     -201267.73      14271.886     -186995.85      1.5616624      19683               2382 
    190000   2007.9622      276230.96     -201004         14251.128     -186752.87      1.5616624      19683               2382 
    190500   2002.107       271815.18     -200891.37      14209.572     -186681.8       1.5616624      19683               2382 
    191000   2021.9756      270747.16     -201004.86      14350.585     -186654.28      1.5616624      19683               2382 
    191500   1997.6916      268740.08     -200852.17      14178.234     -186673.94      1.5616624      19683               2382 
    192000   1991.3505      279889.36     -200862.6       14133.23      -186729.37      1.5616624      19683               2382 
    192500   2022.96        266721.96     -201240.8       14357.571     -186883.23      1.5616624      19683               2382 
    193000   1964.3615      275225.19     -201112.08      13941.68      -187170.4       1.5616624      19683               2382 
    193500   1997.4774      282578.07     -201642.02      14176.714     -187465.31      1.5616624      19683               2382 
    194000   1966.2066      268378.91     -201597.24      13954.776     -187642.46      1.5616624      19683               2382 
    194500   1991.1803      265162.36     -201804.58      14132.021     -187672.56      1.5616624      19683               2382 
    195000   2022.607       259561.77     -201937.84      14355.067     -187582.77      1.5616624      19683               2382 
    195500   1991.3864      272230.68     -201585.02      14133.484     -187451.53      1.5616624      19683               2382 
    196000   1921.4546      284195.18     -200961.5       13637.156     -187324.34      1.5616624      19683               2382 
    196500   2028.2583      272097.38     -201628.38      14395.176     -187233.2       1.5616624      19683               2382 
    197000   2017.3584      270552.82     -201469.25      14317.815     -187151.43      1.5616624      19683               2382 
    197500   2028.206       268786.79     -201541.87      14394.804     -187147.06      1.5616624      19683               2382 
    198000   1992.4081      277399.01     -201306.73      14140.736     -187166         1.5616624      19683               2382 
    198500   2009.8445      274386.05     -201452.72      14264.487     -187188.23      1.5616624      19683               2382 
    199000   2021.6046      274907.59     -201557.8       14347.952     -187209.85      1.5616624      19683               2382 
    199500   1989.9835      278254.46     -201395.53      14123.527     -187272         1.5616624      19683               2382 
    200000   1949.7252      269673.09     -201182.06      13837.802     -187344.26      1.5616624      19683               2382 
    200500   2026.3319      275181.03     -201746.33      14381.503     -187364.83      1.5616624      19683               2382 
    201000   2000.0643      270884.86     -201554.92      14195.074     -187359.85      1.5616624      19683               2382 
    201500   2013.5902      273286.93     -201556.73      14291.071     -187265.66      1.5616624      19683               2382 
    202000   1996.5741      280054.74     -201267.27      14170.303     -187096.97      1.5616624      19683               2382 
    202500   2023.9279      272054.11     -201233.63      14364.441     -186869.19      1.5616624      19683               2382 
    203000   2033.4795      265257.88     -201144.75      14432.232     -186712.52      1.5616624      19683               2382 
    203500   2032.9386      268806.73     -201060.4       14428.393     -186632.01      1.5616624      19683               2382 
    204000   2024.8761      273788.81     -200994.57      14371.17      -186623.4       1.5616624      19683               2382 
    204500   2018.2772      271834.83     -201081.19      14324.336     -186756.85      1.5616624      19683               2382 
    205000   1983.0875      264897.95     -201178.08      14074.584     -187103.5       1.5616624      19683               2382 
    205500   1985.9596      268363.58     -201457.34      14094.968     -187362.37      1.5616624      19683               2382 
    206000   1965.6434      263885.49     -201390.32      13950.778     -187439.54      1.5616624      19683               2382 
    206500   2001.7901      269111.96     -201587.8       14207.323     -187380.48      1.5616624      19683               2382 
    207000   1982.5114      269894.01     -201303.67      14070.496     -187233.17      1.5616624      19683               2382 
    207500   1982.7214      275035.75     -201135.74      14071.986     -187063.75      1.5616624      19683               2382 
    208000   2033           280445.09     -201299.34      14428.829     -186870.51      1.5616624      19683               2382 
    208500   2040.5907      266178.35     -201190.55      14482.702     -186707.84      1.5616624      19683               2382 
    209000   2044.4487      267161.51     -201026.94      14510.084     -186516.86      1.5616624      19683               2382 
    209500   2024.3574      279845.5      -200636.84      14367.489     -186269.35      1.5616624      19683               2382 
    210000   2047.2587      293628.35     -200413.84      14530.027     -185883.81      1.5616624      19683               2382 
    210500   2063.8961      287154.4      -200371.3       14648.108     -185723.19      1.5616624      19683               2382 
    211000   2074.8752      282942.65     -200622.88      14726.03      -185896.85      1.5616624      19683               2382 
    211500   2085.6786      284016.52     -201066.98      14802.705     -186264.28      1.5616624      19683               2382 
    212000   2033.7334      269448.9      -200942.78      14434.034     -186508.75      1.5616624      19683               2382 
    212500   2019.0159      275701.77     -201036.42      14329.579     -186706.84      1.5616624      19683               2382 
    213000   2010.9425      279867.01     -201219.24      14272.28      -186946.96      1.5616624      19683               2382 
    213500   2024.6988      281711.72     -201521.23      14369.913     -187151.31      1.5616624      19683               2382 
    214000   1953.4567      275659.08     -201186.21      13864.285     -187321.92      1.5616624      19683               2382 
    214500   1978.8324      275049.74     -201479.91      14044.384     -187435.52      1.5616624      19683               2382 
    215000   2016.645       266496.29     -201832.03      14312.752     -187519.28      1.5616624      19683               2382 
    215500   1917.1486      274165.08     -201124.34      13606.595     -187517.75      1.5616624      19683               2382 
    216000   1976.1185      274599.85     -201426.55      14025.123     -187401.43      1.5616624      19683               2382 
    216500   2018.8219      269653.11     -201480.55      14328.202     -187152.35      1.5616624      19683               2382 
    217000   2026.5295      268191.65     -201206.81      14382.905     -186823.91      1.5616624      19683               2382 
    217500   2020.1421      277605.86     -201003.87      14337.572     -186666.3       1.5616624      19683               2382 
    218000   2044.7064      268579.69     -201136.94      14511.913     -186625.03      1.5616624      19683               2382 
    218500   2020.2968      275304.27     -201039.09      14338.67      -186700.42      1.5616624      19683               2382 
    219000   2031.6239      275252.59     -201259.83      14419.062     -186840.77      1.5616624      19683               2382 
    219500   2020.074       275591.34     -201327.86      14337.089     -186990.78      1.5616624      19683               2382 
    220000   1993.0679      279123.08     -201234.15      14145.419     -187088.73      1.5616624      19683               2382 
    220500   1983.8837      265584.13     -201230.07      14080.235     -187149.83      1.5616624      19683               2382 
    221000   2018.4552      274303.1      -201535.79      14325.6       -187210.19      1.5616624      19683               2382 
    221500   1990.9919      270539.25     -201388.91      14130.684     -187258.23      1.5616624      19683               2382 
    222000   2019.4397      269820.08     -201609.91      14332.587     -187277.32      1.5616624      19683               2382 
    222500   1989.1169      268177.78     -201326.91      14117.377     -187209.53      1.5616624      19683               2382 
    223000   1964.2787      286818.61     -200977.53      13941.093     -187036.44      1.5616624      19683               2382 
    223500   2024.1992      281280.17     -201111.23      14366.367     -186744.86      1.5616624      19683               2382 
    224000   2030.3047      267082.49     -200897.06      14409.699     -186487.36      1.5616624      19683               2382 
    224500   2043.3849      271576.5      -200901.89      14502.533     -186399.36      1.5616624      19683               2382 
    225000   2033.9893      279435.61     -200873.59      14435.85      -186437.74      1.5616624      19683               2382 
    225500   2032.5262      276893.94     -201029.19      14425.466     -186603.72      1.5616624      19683               2382 
    226000   1957.2574      269091.39     -200810.84      13891.26      -186919.58      1.5616624      19683               2382 
    226500   1981.049       277760.38     -201205.52      14060.116     -187145.4       1.5616624      19683               2382 
    227000   1972.9399      270606.15     -201208.83      14002.564     -187206.27      1.5616624      19683               2382 
    227500   2000.0712      272102.2      -201369.5       14195.123     -187174.38      1.5616624      19683               2382 
    228000   1978.6577      278965.65     -201135.92      14043.145     -187092.78      1.5616624      19683               2382 
    228500   2028.6764      271900.1      -201382.03      14398.143     -186983.88      1.5616624      19683               2382 
    229000   1993.5818      278131.55     -200987.21      14149.065     -186838.14      1.5616624      19683               2382 
    229500   1997.6622      274297.38     -200839.26      14178.025     -186661.23      1.5616624      19683               2382 
    230000   2044.1746      273225.23     -200949.46      14508.138     -186441.32      1.5616624      19683               2382 
    230500   2040.5416      271898.7      -200741.32      14482.354     -186258.96      1.5616624      19683               2382 
    231000   2066.0867      290868.67     -200822.95      14663.655     -186159.3       1.5616624      19683               2382 
    231500   2057.4556      273409.32     -200913.01      14602.398     -186310.61      1.5616624      19683               2382 
    232000   2100.076       269184.61     -201619.52      14904.888     -186714.63      1.5616624      19683               2382 
    232500   2006.5204      261303.37     -201287.64      14240.894     -187046.75      1.5616624      19683               2382 
    233000   1976.1418      280424.71     -201247.09      14025.288     -187221.8       1.5616624      19683               2382 
    233500   2019.3603      271375        -201668.11      14332.024     -187336.09      1.5616624      19683               2382 
    234000   2027.4017      267620.86     -201844.38      14389.096     -187455.28      1.5616624      19683               2382 
    234500   1971.9736      261385.4      -201525.31      13995.705     -187529.61      1.5616624      19683               2382 
    235000   2000.9934      268585.34     -201782.64      14201.668     -187580.98      1.5616624      19683               2382 
    235500   1992.8729      268470.84     -201676.83      14144.035     -187532.8       1.5616624      19683               2382 
    236000   1981.241       274226.16     -201449.16      14061.479     -187387.68      1.5616624      19683               2382 
    236500   1985.1835      280393.49     -201191.3       14089.46      -187101.84      1.5616624      19683               2382 
    237000   2047.812       274917.27     -201407.4       14533.954     -186873.44      1.5616624      19683               2382 
    237500   2073.6086      279509.35     -201515.77      14717.04      -186798.73      1.5616624      19683               2382 
    238000   2035.8859      271016.71     -201307.14      14449.311     -186857.83      1.5616624      19683               2382 
    238500   2032.4686      271320.46     -201419.44      14425.057     -186994.39      1.5616624      19683               2382 
    239000   1990.4492      270540.31     -201294.11      14126.832     -187167.27      1.5616624      19683               2382 
    239500   1999.8601      262651.37     -201486.42      14193.624     -187292.8       1.5616624      19683               2382 
    240000   1940.1672      266895.65     -201157.69      13769.966     -187387.72      1.5616624      19683               2382 
    240500   1982.5475      269460.74     -201495.91      14070.752     -187425.16      1.5616624      19683               2382 
    241000   1950.4256      267697.92     -201305.43      13842.773     -187462.66      1.5616624      19683               2382 
    241500   1976.1733      273434.09     -201565.85      14025.512     -187540.33      1.5616624      19683               2382 
    242000   1969.4346      274330.83     -201538.96      13977.685     -187561.28      1.5616624      19683               2382 
    242500   2007.1063      265256.42     -201766.87      14245.053     -187521.82      1.5616624      19683               2382 
    243000   1961.8406      274529.41     -201393.21      13923.788     -187469.42      1.5616624      19683               2382 
    243500   2028.2754      264091.17     -201747.81      14395.297     -187352.51      1.5616624      19683               2382 
    244000   2022.4806      272589.82     -201619.33      14354.169     -187265.16      1.5616624      19683               2382 
    244500   2038.054       273587.66     -201657.07      14464.698     -187192.38      1.5616624      19683               2382 
    245000   2017.4061      269297.02     -201457.83      14318.154     -187139.68      1.5616624      19683               2382 
    245500   2017.0171      275050.35     -201428.73      14315.393     -187113.34      1.5616624      19683               2382 
    246000   1994.5454      274092.66     -201317.34      14155.905     -187161.44      1.5616624      19683               2382 
    246500   1982.0124      282325.27     -201412.28      14066.954     -187345.33      1.5616624      19683               2382 
    247000   1996.1227      281011.22     -201733.03      14167.099     -187565.93      1.5616624      19683               2382 
    247500   1965.6849      274955.25     -201734.02      13951.073     -187782.95      1.5616624      19683               2382 
    248000   1977.4145      263521.21     -201945.67      14034.321     -187911.35      1.5616624      19683               2382 
    248500   2017.1077      267489.99     -202223.73      14316.036     -187907.7       1.5616624      19683               2382 
    249000   1915.9619      270294.49     -201442.44      13598.173     -187844.26      1.5616624      19683               2382 
    249500   1977.1095      270478.86     -201696.31      14032.156     -187664.15      1.5616624      19683               2382 
    250000   1995.1654      271216.07     -201533.41      14160.305     -187373.1       1.5616624      19683               2382 
    250500   2024.8333      267136.09     -201536.79      14370.867     -187165.92      1.5616624      19683               2382 
    251000   2006.4227      272855.88     -201322.87      14240.201     -187082.67      1.5616624      19683               2382 
    251500   1967.0934      286469.39     -201065.15      13961.069     -187104.08      1.5616624      19683               2382 
    252000   2025.3556      273546.65     -201477.66      14374.574     -187103.09      1.5616624      19683               2382 
    252500   2037.8674      267119.43     -201629.74      14463.374     -187166.36      1.5616624      19683               2382 
    253000   2008.0837      265092.25     -201577.85      14251.99      -187325.86      1.5616624      19683               2382 
    253500   1952.7407      268414.06     -201328         13859.204     -187468.8       1.5616624      19683               2382 
    254000   1997.5674      283582.43     -201752.38      14177.353     -187575.03      1.5616624      19683               2382 
    254500   1991.5487      271742.52     -201837.65      14134.636     -187703.02      1.5616624      19683               2382 
    255000   1969.9327      268562.06     -201799.47      13981.221     -187818.25      1.5616624      19683               2382 
    255500   1962.6117      271073.82     -201863.77      13929.261     -187934.51      1.5616624      19683               2382 
    256000   1989.1467      260822.11     -202215.43      14117.588     -188097.85      1.5616624      19683               2382 
    256500   1936.9499      263952.3      -202023.68      13747.132     -188276.55      1.5616624      19683               2382 
    257000   1956.7209      255688.47     -202265.25      13887.452     -188377.79      1.5616624      19683               2382 
    257500   1900.9398      275316.03     -201785.45      13491.556     -188293.89      1.5616624      19683               2382 
    258000   1920.2188      273333.04     -201608.27      13628.385     -187979.89      1.5616624      19683               2382 
    258500   2019.6847      271271.85     -201965.22      14334.326     -187630.89      1.5616624      19683               2382 
    259000   2015.9274      279077.34     -201783.12      14307.659     -187475.46      1.5616624      19683               2382 
    259500   2036.2296      272732.35     -201905.44      14451.75      -187453.69      1.5616624      19683               2382 
    260000   1970.5271      275664.9      -201446.3       13985.439     -187460.86      1.5616624      19683               2382 
    260500   2028.6807      270332.37     -201887.58      14398.173     -187489.4       1.5616624      19683               2382 
    261000   2005.6037      279882.52     -201841.78      14234.389     -187607.39      1.5616624      19683               2382 
    261500   1984.7637      280179.99     -201953.91      14086.48      -187867.43      1.5616624      19683               2382 
    262000   1968.956       266990.38     -202102.16      13974.289     -188127.87      1.5616624      19683               2382 
    262500   1981.8901      256300.93     -202233.92      14066.086     -188167.83      1.5616624      19683               2382 
    263000   1953.9448      269261.83     -201933.58      13867.749     -188065.83      1.5616624      19683               2382 
    263500   2013.7264      259698.38     -202116.14      14292.038     -187824.1       1.5616624      19683               2382 
    264000   2019.4787      266183.47     -201974.19      14332.864     -187641.33      1.5616624      19683               2382 
    264500   1945.7585      279559.73     -201342.82      13809.648     -187533.17      1.5616624      19683               2382 
    265000   2019.5561      270539.62     -201779.29      14333.413     -187445.88      1.5616624      19683               2382 
    265500   1980.6318      276345.43     -201414.53      14057.155     -187357.37      1.5616624      19683               2382 
    266000   2011.4819      283707.14     -201573.38      14276.108     -187297.27      1.5616624      19683               2382 
    266500   2013.0293      277348.92     -201519.61      14287.091     -187232.52      1.5616624      19683               2382 
    267000   2052.4068      264533.26     -201756.53      14566.565     -187189.97      1.5616624      19683               2382 
    267500   2040.4836      279518.52     -201702.09      14481.942     -187220.15      1.5616624      19683               2382 
    268000   2016.9036      267765.83     -201719.04      14314.588     -187404.45      1.5616624      19683               2382 
    268500   1983.0338      272915.49     -201760.92      14074.203     -187686.71      1.5616624      19683               2382 
    269000   1979.6372      267320.1      -201931.14      14050.096     -187881.04      1.5616624      19683               2382 
    269500   1946.3108      273295.03     -201749.52      13813.569     -187935.95      1.5616624      19683               2382 
    270000   1934.2637      283851.18     -201636.37      13728.066     -187908.31      1.5616624      19683               2382 
    270500   2001.1569      265796.62     -201947.3       14202.828     -187744.47      1.5616624      19683               2382 
    271000   1975.4976      266110.72     -201524.36      14020.717     -187503.64      1.5616624      19683               2382 
    271500   2037.1998      285231.27     -201709.22      14458.636     -187250.59      1.5616624      19683               2382 
    272000   2001.8805      284944.59     -201372.2       14207.964     -187164.23      1.5616624      19683               2382 
    272500   2000.8033      284505.38     -201368.31      14200.318     -187167.99      1.5616624      19683               2382 
    273000   1994.545       286854.77     -201359.35      14155.902     -187203.45      1.5616624      19683               2382 
    273500   2014.4848      278537.75     -201623.17      14297.421     -187325.75      1.5616624      19683               2382 
    274000   2002.4068      292837.07     -201655.79      14211.699     -187444.09      1.5616624      19683               2382 
    274500   2048.1103      270497.78     -202120.61      14536.071     -187584.54      1.5616624      19683               2382 
    275000   1990.7141      272429.79     -201867.37      14128.712     -187738.66      1.5616624      19683               2382 
    275500   1965.8473      268428.32     -201817.12      13952.225     -187864.89      1.5616624      19683               2382 
    276000   2007.652       274995.61     -202133.51      14248.926     -187884.58      1.5616624      19683               2382 
    276500   1971.6503      271045.66     -201796.68      13993.411     -187803.27      1.5616624      19683               2382 
    277000   2008.4618      269717.92     -201700.59      14254.674     -187445.92      1.5616624      19683               2382 
    277500   2080.4557      282767.77     -201800.86      14765.637     -187035.22      1.5616624      19683               2382 
    278000   2055.5392      290855.16     -201500.37      14588.797     -186911.58      1.5616624      19683               2382 
    278500   2057.6835      275684.63     -201570.04      14604.015     -186966.03      1.5616624      19683               2382 
    279000   2012.8928      272343.98     -201475.94      14286.121     -187189.82      1.5616624      19683               2382 
    279500   2007.601       271981.78     -201659.35      14248.564     -187410.78      1.5616624      19683               2382 
    280000   1976.4875      281131.61     -201614.91      14027.742     -187587.17      1.5616624      19683               2382 
    280500   1943.1252      271751.4      -201454.39      13790.959     -187663.43      1.5616624      19683               2382 
    281000   2007.334       276552.63     -201904.01      14246.669     -187657.34      1.5616624      19683               2382 
    281500   1967.2272      267186.73     -201549.73      13962.019     -187587.71      1.5616624      19683               2382 
    282000   2011.9755      278209.91     -201695.76      14279.611     -187416.15      1.5616624      19683               2382 
    282500   1985.0065      268608.82     -201150.22      14088.204     -187062.01      1.5616624      19683               2382 
    283000   2044.0291      279619.33     -201261.72      14507.106     -186754.62      1.5616624      19683               2382 
    283500   2086.3039      276311.38     -201476.55      14807.143     -186669.41      1.5616624      19683               2382 
    284000   2081.4532      278500.05     -201548.6       14772.716     -186775.88      1.5616624      19683               2382 
    284500   2097.4299      266685.6      -201833.7       14886.108     -186947.6       1.5616624      19683               2382 
    285000   2040.4459      266236.66     -201614.67      14481.675     -187132.99      1.5616624      19683               2382 
    285500   2054.3924      273043.01     -201906.31      14580.657     -187325.65      1.5616624      19683               2382 
    286000   2003.0172      280519.54     -201795.68      14216.031     -187579.65      1.5616624      19683               2382 
    286500   1978.1675      267971.99     -201846.35      14039.665     -187806.68      1.5616624      19683               2382 
    287000   1985.121       287961.34     -202003.03      14089.017     -187914.01      1.5616624      19683               2382 
    287500   1977.1941      272018.49     -201981.98      14032.757     -187949.22      1.5616624      19683               2382 
    288000   1990.518       265972.5      -202106.8       14127.321     -187979.48      1.5616624      19683               2382 
    288500   2006.2666      275042.78     -202248.96      14239.093     -188009.86      1.5616624      19683               2382 
    289000   1999.8303      269976.54     -202247.4       14193.413     -188053.99      1.5616624      19683               2382 
    289500   1962.5812      275076.47     -202055.07      13929.045     -188126.03      1.5616624      19683               2382 
    290000   2023.4185      273337.21     -202561.25      14360.826     -188200.43      1.5616624      19683               2382 
    290500   2002.6931      277315.64     -202432.21      14213.731     -188218.48      1.5616624      19683               2382 
    291000   1982.2708      277824.85     -202199.13      14068.788     -188130.34      1.5616624      19683               2382 
    291500   1934.04        279483.83     -201597.64      13726.479     -187871.16      1.5616624      19683               2382 
    292000   2016.4431      267654.32     -201867.41      14311.319     -187556.09      1.5616624      19683               2382 
    292500   2069.1066      274814.73     -202061.5       14685.088     -187376.41      1.5616624      19683               2382 
    293000   2029.6466      276706.08     -201757.85      14405.029     -187352.82      1.5616624      19683               2382 
    293500   2009.4392      272589.99     -201697.32      14261.61      -187435.71      1.5616624      19683               2382 
    294000   2038.495       277023.72     -202046.85      14467.829     -187579.02      1.5616624      19683               2382 
    294500   1998.9487      274471.07     -201927.97      14187.156     -187740.81      1.5616624      19683               2382 
    295000   2010.7466      268601.86     -202238.03      14270.889     -187967.15      1.5616624      19683               2382 
    295500   1991.21        272492.19     -202268.86      14132.232     -188136.63      1.5616624      19683               2382 
    296000   1976.8572      266392.06     -202213.99      14030.366     -188183.62      1.5616624      19683               2382 
    296500   1977.7594      283145.59     -202114.28      14036.769     -188077.51      1.5616624      19683               2382 
    297000   2048.6955      273287.98     -202113.41      14540.224     -187573.19      1.5616624      19683               2382 
    297500   2041.467       278173.93     -201686.31      14488.922     -187197.39      1.5616624      19683               2382 
    298000   2081.7433      277298.93     -201941.61      14774.775     -187166.83      1.5616624      19683               2382 
    298500   2031.7068      277535.91     -201720.14      14419.65      -187300.49      1.5616624      19683               2382 
    299000   2022.5114      282653.79     -201873.75      14354.388     -187519.36      1.5616624      19683               2382 
    299500   2015.5228      275401.13     -202049.21      14304.787     -187744.43      1.5616624      19683               2382 
    300000   1976.5279      287898.65     -201919.34      14028.029     -187891.31      1.5616624      19683               2382 
    300500   2000.1776      259866.91     -202120.04      14195.878     -187924.16      1.5616624      19683               2382 
    301000   1962.6764      278627.89     -201863.03      13929.72      -187933.31      1.5616624      19683               2382 
    301500   1988.5106      279532.45     -201964.86      14113.074     -187851.79      1.5616624      19683               2382 
    302000   1996.0621      283532.1      -201831.49      14166.669     -187664.82      1.5616624      19683               2382 
    302500   1969.3993      293966.7      -201355.71      13977.435     -187378.28      1.5616624      19683               2382 
    303000   2033.4002      280760.88     -201567.78      14431.669     -187136.11      1.5616624      19683               2382 
    303500   2037.0581      268064.67     -201512.02      14457.63      -187054.39      1.5616624      19683               2382 
    304000   2038.2747      275977.58     -201591.48      14466.265     -187125.21      1.5616624      19683               2382 
    304500   2000.327       274210.58     -201581.26      14196.938     -187384.33      1.5616624      19683               2382 
    305000   2005.4674      266772.07     -201915.51      14233.421     -187682.09      1.5616624      19683               2382 
    305500   1974.2196      279245.78     -201821.36      14011.646     -187809.71      1.5616624      19683               2382 
    306000   1987.4623      276572.85     -201901.01      14105.634     -187795.38      1.5616624      19683               2382 
    306500   1992.5139      256050.65     -201920.73      14141.487     -187779.25      1.5616624      19683               2382 
    307000   2020.2983      274966.47     -202062.82      14338.68      -187724.14      1.5616624      19683               2382 
    307500   1992.1975      273602.51     -201839.97      14139.241     -187700.73      1.5616624      19683               2382 
    308000   1984.3548      283184.29     -201770.43      14083.578     -187686.85      1.5616624      19683               2382 
    308500   2039.0348      280580.58     -202162.59      14471.66      -187690.93      1.5616624      19683               2382 
    309000   1942.7335      287581.35     -201498.69      13788.179     -187710.51      1.5616624      19683               2382 
    309500   2003.7176      274601.98     -201924.75      14221.002     -187703.75      1.5616624      19683               2382 
    310000   2022.9297      276380.87     -202042.6       14357.357     -187685.24      1.5616624      19683               2382 
    310500   2020.3833      282150.82     -202044.71      14339.284     -187705.43      1.5616624      19683               2382 
    311000   2002.501       273776.98     -201976.8       14212.368     -187764.44      1.5616624      19683               2382 
    311500   1975.8842      268799.43     -201920.19      14023.46      -187896.73      1.5616624      19683               2382 
    312000   1997.4502      280510.55     -202238.87      14176.521     -188062.34      1.5616624      19683               2382 
    312500   1965.3561      275629.53     -202141.41      13948.739     -188192.67      1.5616624      19683               2382 
    313000   1983.3846      273575.53     -202288.53      14076.693     -188211.84      1.5616624      19683               2382 
    313500   1964.0185      283553.36     -201995.13      13939.245     -188055.88      1.5616624      19683               2382 
    314000   1956.0772      280578.36     -201592.22      13882.884     -187709.34      1.5616624      19683               2382 
    314500   2030.4969      282572.69     -201809.11      14411.064     -187398.04      1.5616624      19683               2382 
    315000   2039.1423      277975.75     -201769.91      14472.422     -187297.48      1.5616624      19683               2382 
    315500   2036.6432      277895.04     -201765.94      14454.686     -187311.26      1.5616624      19683               2382 
    316000   2000.5227      280911.07     -201599.4       14198.327     -187401.07      1.5616624      19683               2382 
    316500   2004.6548      283245.19     -201743.82      14227.654     -187516.16      1.5616624      19683               2382 
    317000   2030.1038      268161.97     -202101.64      14408.274     -187693.37      1.5616624      19683               2382 
    317500   2008.4247      268065.2      -202160.58      14254.41      -187906.17      1.5616624      19683               2382 
    318000   1948.7281      274133.92     -201903.34      13830.725     -188072.61      1.5616624      19683               2382 
    318500   1990.3408      268312.54     -202272.33      14126.063     -188146.27      1.5616624      19683               2382 
    319000   1992.2965      270785.81     -202320.58      14139.943     -188180.64      1.5616624      19683               2382 
    319500   1988.1559      275645.01     -202207.38      14110.556     -188096.83      1.5616624      19683               2382 
    320000   1998.1466      280406.09     -201956.47      14181.463     -187775.01      1.5616624      19683               2382 
    320500   2024.6169      269569.32     -201803.15      14369.331     -187433.82      1.5616624      19683               2382 
    321000   2020.7207      282035.14     -201616.5       14341.679     -187274.82      1.5616624      19683               2382 
    321500   2002.8629      287227.23     -201423.13      14214.936     -187208.19      1.5616624      19683               2382 
    322000   2021.7828      281852.66     -201581.8       14349.217     -187232.58      1.5616624      19683               2382 
    322500   2015.4201      262710.18     -201683.12      14304.059     -187379.06      1.5616624      19683               2382 
    323000   2009.5383      271595.38     -201854.25      14262.314     -187591.93      1.5616624      19683               2382 
    323500   2001.3504      278011.4      -201971.14      14204.202     -187766.94      1.5616624      19683               2382 
    324000   2012.4596      280307.4      -202202.72      14283.047     -187919.67      1.5616624      19683               2382 
    324500   1962.8131      276155.4      -201976.17      13930.691     -188045.48      1.5616624      19683               2382 
    325000   1984.4904      274555.18     -202220.37      14084.541     -188135.83      1.5616624      19683               2382 
    325500   1940.8267      266082.11     -201980.31      13774.646     -188205.66      1.5616624      19683               2382 
    326000   1952.301       282350.64     -202067.32      13856.083     -188211.24      1.5616624      19683               2382 
    326500   1966.5132      290716.73     -202008.25      13956.952     -188051.3       1.5616624      19683               2382 
    327000   1979.6121      271010.16     -201882.13      14049.918     -187832.21      1.5616624      19683               2382 
    327500   2016.2602      275771.52     -201954.13      14310.021     -187644.11      1.5616624      19683               2382 
    328000   2018.7834      266808.82     -201818.97      14327.929     -187491.04      1.5616624      19683               2382 
    328500   2003.8944      283394.28     -201620.94      14222.257     -187398.69      1.5616624      19683               2382 
    329000   2006.4638      268701.43     -201638.9       14240.493     -187398.4       1.5616624      19683               2382 
    329500   2003.2338      281174.22     -201792.32      14217.569     -187574.75      1.5616624      19683               2382 
    330000   2034.2473      267487.81     -202315.78      14437.681     -187878.1       1.5616624      19683               2382 
    330500   1961.0015      275649.44     -202019.94      13917.833     -188102.11      1.5616624      19683               2382 
    331000   1972.837       282929.14     -202172.5       14001.833     -188170.67      1.5616624      19683               2382 
    331500   2013.2617      288522.74     -202420.71      14288.74      -188131.97      1.5616624      19683               2382 
    332000   1940.7915      273653.16     -201850.63      13774.396     -188076.24      1.5616624      19683               2382 
    332500   1991.1063      280563.51     -202139.93      14131.496     -188008.44      1.5616624      19683               2382 
    333000   2040.1313      277406.29     -202312.25      14479.442     -187832.8       1.5616624      19683               2382 
    333500   2002.4121      272729.94     -201797.43      14211.737     -187585.7       1.5616624      19683               2382 
    334000   2065.5692      274779.74     -201937.53      14659.982     -187277.55      1.5616624      19683               2382 
    334500   2037.8588      285502.59     -201521.07      14463.313     -187057.76      1.5616624      19683               2382 
    335000   2094.5038      275704.6      -201895.28      14865.34      -187029.94      1.5616624      19683               2382 
    335500   2007.8644      279594.16     -201709.93      14250.433     -187459.5       1.5616624      19683               2382 
    336000   1988.5537      280343.35     -201914.21      14113.38      -187800.83      1.5616624      19683               2382 
    336500   2010.8337      271738.34     -202188.93      14271.507     -187917.42      1.5616624      19683               2382 
    337000   2011.123       266413.14     -202240.64      14273.561     -187967.07      1.5616624      19683               2382 
    337500   2000.5056      279202.25     -202227.84      14198.206     -188029.63      1.5616624      19683               2382 
    338000   1982.1707      273945.04     -202113.9       14068.077     -188045.82      1.5616624      19683               2382 
    338500   1954.0956      268895.53     -201885.4       13868.82      -188016.58      1.5616624      19683               2382 
    339000   1982.9213      271893.36     -201990.98      14073.405     -187917.57      1.5616624      19683               2382 
    339500   2033.3033      283739.47     -202180.03      14430.981     -187749.05      1.5616624      19683               2382 
    340000   1998.5217      272999.86     -201705.55      14184.126     -187521.42      1.5616624      19683               2382 
    340500   2024.5957      283365.84     -201663.91      14369.181     -187294.73      1.5616624      19683               2382 
    341000   2047.5995      280664.13     -201712.12      14532.446     -187179.68      1.5616624      19683               2382 
    341500   2034.8386      278696.67     -201647.45      14441.878     -187205.57      1.5616624      19683               2382 
    342000   2045.6778      281718.49     -201990.59      14518.807     -187471.78      1.5616624      19683               2382 
    342500   1986.3194      292869.55     -201996.39      14097.522     -187898.87      1.5616624      19683               2382 
    343000   1981.9899      281444.05     -202136.43      14066.794     -188069.63      1.5616624      19683               2382 
    343500   2005.0449      279097.38     -202319.23      14230.423     -188088.81      1.5616624      19683               2382 
    344000   1981.3576      271163.54     -202137.06      14062.306     -188074.75      1.5616624      19683               2382 
    344500   1989.3691      274624.8      -202092.24      14119.166     -187973.07      1.5616624      19683               2382 
    345000   1982.4584      283608.13     -201867.03      14070.12      -187796.91      1.5616624      19683               2382 
    345500   1985.2621      270627.81     -201643.9       14090.018     -187553.88      1.5616624      19683               2382 
    346000   2058.5518      278303.58     -201954.28      14610.178     -187344.1       1.5616624      19683               2382 
    346500   2031.4945      277163.6      -201724.67      14418.144     -187306.53      1.5616624      19683               2382 
    347000   2056.5486      274253.19     -202030.24      14595.96      -187434.28      1.5616624      19683               2382 
    347500   2019.0677      281200.61     -202008.18      14329.947     -187678.24      1.5616624      19683               2382 
    348000   2028.8766      275418.65     -202260.59      14399.564     -187861.03      1.5616624      19683               2382 
    348500   2000.0585      283014.36     -202093.28      14195.033     -187898.25      1.5616624      19683               2382 
    349000   1978.5562      283134.65     -201981.44      14042.424     -187939.01      1.5616624      19683               2382 
    349500   1991.0273      266317.62     -202003.73      14130.936     -187872.79      1.5616624      19683               2382 
    350000   2016.3582      274963.67     -202102.99      14310.717     -187792.27      1.5616624      19683               2382 
    350500   1971.9201      274820.35     -201719.49      13995.325     -187724.17      1.5616624      19683               2382 
    351000   2017.525       274119.7      -201970.87      14318.998     -187651.88      1.5616624      19683               2382 
    351500   1999.1347      279733.63     -201807.24      14188.476     -187618.77      1.5616624      19683               2382 
    352000   2022.9112      283991.96     -201976.75      14357.225     -187619.53      1.5616624      19683               2382 
    352500   2013.6445      279379.81     -201985.07      14291.457     -187693.61      1.5616624      19683               2382 
    353000   1977.0356      272210.91     -201965.62      14031.632     -187933.99      1.5616624      19683               2382 
    353500   1986.5848      279438.04     -202258.05      14099.406     -188158.64      1.5616624      19683               2382 
    354000   1943.031       275738.7      -202095.93      13790.291     -188305.64      1.5616624      19683               2382 
    354500   2000.2024      277009.16     -202517.14      14196.054     -188321.09      1.5616624      19683               2382 
    355000   1965.9914      270668.56     -202215.28      13953.248     -188262.03      1.5616624      19683               2382 
    355500   2003.9336      281300.5      -202234.48      14222.535     -188011.95      1.5616624      19683               2382 
    356000   2015.4041      274997.36     -201993.24      14303.945     -187689.3       1.5616624      19683               2382 
    356500   2032.2296      267393.08     -201897.02      14423.361     -187473.66      1.5616624      19683               2382 
    357000   2109.6061      278677.5      -202371.95      14972.526     -187399.43      1.5616624      19683               2382 
    357500   1975.0843      277057.8      -201486.24      14017.783     -187468.46      1.5616624      19683               2382 
    358000   2041.451       275770.24     -202048.44      14488.808     -187559.64      1.5616624      19683               2382 
    358500   2030.1155      281006.65     -202092.33      14408.356     -187683.97      1.5616624      19683               2382 
    359000   1990.0392      271569.65     -201985.07      14123.922     -187861.14      1.5616624      19683               2382 
    359500   1927.1987      282141.28     -201627.87      13677.924     -187949.94      1.5616624      19683               2382 
    360000   2021.8263      272161.73     -202384.64      14349.526     -188035.11      1.5616624      19683               2382 
    360500   2015.3771      279627.58     -202423.45      14303.753     -188119.69      1.5616624      19683               2382 
    361000   2017.4863      284535.5      -202487.85      14318.723     -188169.13      1.5616624      19683               2382 
    361500   1932.5852      276621.65     -201910.85      13716.154     -188194.7       1.5616624      19683               2382 
    362000   1991.6481      279378.99     -202237.49      14135.341     -188102.15      1.5616624      19683               2382 
    362500   2051.4554      269837.04     -202358.98      14559.812     -187799.17      1.5616624      19683               2382 
    363000   2057.9481      273420.54     -202095.39      14605.893     -187489.49      1.5616624      19683               2382 
    363500   2050.3635      286020.17     -201937.12      14552.062     -187385.06      1.5616624      19683               2382 
    364000   2075.0691      287704.61     -202183.55      14727.406     -187456.15      1.5616624      19683               2382 
    364500   2019.877       272818.53     -201992.2       14335.69      -187656.51      1.5616624      19683               2382 
    365000   1976.8344      279038.07     -201942.91      14030.204     -187912.71      1.5616624      19683               2382 
    365500   1962.4589      259704.44     -201993.96      13928.176     -188065.79      1.5616624      19683               2382 
    366000   1969.4693      273262.39     -202055.16      13977.931     -188077.22      1.5616624      19683               2382 
    366500   1991.4834      271120.85     -202177.19      14134.173     -188043.02      1.5616624      19683               2382 
    367000   1949.8364      278061.21     -201840.02      13838.591     -188001.43      1.5616624      19683               2382 
    367500   2008.0746      275760.97     -202153.96      14251.925     -187902.03      1.5616624      19683               2382 
    368000   1972.7916      278987.17     -201804.55      14001.511     -187803.03      1.5616624      19683               2382 
    368500   1961.9907      276083.77     -201594.67      13924.854     -187669.82      1.5616624      19683               2382 
    369000   2044.1342      277822.73     -201939.85      14507.851     -187432         1.5616624      19683               2382 
    369500   2062.6775      280748.02     -201668.45      14639.459     -187028.99      1.5616624      19683               2382 
    370000   2109.7332      278825.42     -201782.56      14973.428     -186809.13      1.5616624      19683               2382 
    370500   2076.1504      287650.48     -201598.35      14735.08      -186863.27      1.5616624      19683               2382 
    371000   2019.4576      278776.68     -201475.57      14332.714     -187142.86      1.5616624      19683               2382 
    371500   1990.6405      278143.42     -201541.01      14128.19      -187412.82      1.5616624      19683               2382 
    372000   2028.3668      278628.34     -201971.82      14395.945     -187575.87      1.5616624      19683               2382 
    372500   2050.2724      266316.8      -202268.78      14551.416     -187717.36      1.5616624      19683               2382 
    373000   2026.9004      277195.46     -202214.43      14385.538     -187828.89      1.5616624      19683               2382 
    373500   1945.8131      270275.97     -201771.49      13810.036     -187961.46      1.5616624      19683               2382 
    374000   1978.9817      270270.61     -202103.9       14045.444     -188058.45      1.5616624      19683               2382 
    374500   2012.8895      272820.94     -202386.7       14286.098     -188100.6       1.5616624      19683               2382 
    375000   1953.3658      272069.31     -201970         13863.64      -188106.36      1.5616624      19683               2382 
    375500   2017.599       273328.39     -202293.65      14319.523     -187974.13      1.5616624      19683               2382 
    376000   2026.1436      270341.8      -202052.76      14380.167     -187672.6       1.5616624      19683               2382 
    376500   2085.1155      276939.65     -202186.01      14798.709     -187387.3       1.5616624      19683               2382 
    377000   2025.7413      280717.13     -201633.77      14377.312     -187256.46      1.5616624      19683               2382 
    377500   2088.5174      284451.2      -202137.82      14822.853     -187314.97      1.5616624      19683               2382 
    378000   1997.9814      284053.6      -201737.61      14180.291     -187557.32      1.5616624      19683               2382 
    378500   1992.1461      290211.11     -201927.08      14138.876     -187788.2       1.5616624      19683               2382 
    379000   1990.5183      275182.22     -202071         14127.323     -187943.68      1.5616624      19683               2382 
    379500   1995.4492      277776.07     -202155.08      14162.319     -187992.76      1.5616624      19683               2382 
    380000   1984.0786      281484.37     -202094.32      14081.618     -188012.7       1.5616624      19683               2382 
    380500   2020.7249      281479.19     -202311.39      14341.708     -187969.68      1.5616624      19683               2382 
    381000   1994.7525      278733.22     -202055.53      14157.374     -187898.16      1.5616624      19683               2382 
    381500   2027.3156      285809.03     -202134.09      14388.485     -187745.6       1.5616624      19683               2382 
    382000   2037.8408      283830.85     -202083.43      14463.185     -187620.24      1.5616624      19683               2382 
    382500   2032.1748      279835.7      -202009.97      14422.972     -187587         1.5616624      19683               2382 
    383000   2082.0237      275211.23     -202532.07      14776.765     -187755.3       1.5616624      19683               2382 
    383500   1975.1439      277156.47     -202111.37      14018.206     -188093.16      1.5616624      19683               2382 
    384000   1968.6292      266022.35     -202350.84      13971.969     -188378.87      1.5616624      19683               2382 
    384500   1971.7666      275864.56     -202516.42      13994.236     -188522.19      1.5616624      19683               2382 
    385000   1949.9943      273715.93     -202425.22      13839.712     -188585.51      1.5616624      19683               2382 
    385500   2005.6987      284694.33     -202796.54      14235.063     -188561.48      1.5616624      19683               2382 
    386000   1992.46        267440.68     -202581.8       14141.104     -188440.69      1.5616624      19683               2382 
    386500   1996.6049      270197.94     -202386.3       14170.521     -188215.78      1.5616624      19683               2382 
    387000   2059.6107      269369.26     -202544.4       14617.693     -187926.71      1.5616624      19683               2382 
    387500   2071.0951      273053.56     -202501.34      14699.202     -187802.14      1.5616624      19683               2382 
    388000   2045.4743      267915.33     -202345.46      14517.363     -187828.09      1.5616624      19683               2382 
    388500   2019.3009      275330.68     -202273.39      14331.602     -187941.79      1.5616624      19683               2382 
    389000   2000.1522      279702.74     -202295.67      14195.698     -188099.97      1.5616624      19683               2382 
    389500   1966.7186      280759.52     -202173.81      13958.409     -188215.4       1.5616624      19683               2382 
    390000   2031.0219      264746.12     -202650.19      14414.79      -188235.4       1.5616624      19683               2382 
    390500   1997.0023      279753.63     -202404.95      14173.342     -188231.61      1.5616624      19683               2382 
    391000   1986.4943      278197.67     -202291.27      14098.763     -188192.51      1.5616624      19683               2382 
    391500   2015.2726      277629.42     -202478.61      14303.012     -188175.6       1.5616624      19683               2382 
    392000   2011.4367      270583.44     -202511.44      14275.787     -188235.66      1.5616624      19683               2382 
    392500   1999.6681      271561.8      -202479.43      14192.262     -188287.17      1.5616624      19683               2382 
    393000   2005.366       279136.6      -202587.38      14232.702     -188354.68      1.5616624      19683               2382 
    393500   1986.3384      279952        -202452.64      14097.657     -188354.99      1.5616624      19683               2382 
    394000   2022.321       276449.99     -202616.33      14353.037     -188263.29      1.5616624      19683               2382 
    394500   2056.0232      276929.66     -202703.37      14592.232     -188111.14      1.5616624      19683               2382 
    395000   2035.5665      277109.27     -202350.92      14447.044     -187903.88      1.5616624      19683               2382 
    395500   2051.2888      278789.38     -202293.31      14558.63      -187734.68      1.5616624      19683               2382 
    396000   2022.3599      273348.41     -201992.93      14353.312     -187639.61      1.5616624      19683               2382 
    396500   2029.4789      277270.53     -202084.49      14403.838     -187680.65      1.5616624      19683               2382 
    397000   1995.4745      283938.87     -202048.67      14162.499     -187886.17      1.5616624      19683               2382 
    397500   1988.1732      285974.95     -202338.02      14110.679     -188227.34      1.5616624      19683               2382 
    398000   1970.3992      271785.28     -202427.57      13984.532     -188443.04      1.5616624      19683               2382 
    398500   1990.7724      261475.49     -202624.62      14129.126     -188495.49      1.5616624      19683               2382 
    399000   1990.3302      279557.91     -202594.86      14125.988     -188468.87      1.5616624      19683               2382 
    399500   2012.8419      265225.41     -202677.81      14285.761     -188392.05      1.5616624      19683               2382 
    400000   1989.3385      269607.7      -202404.85      14118.95      -188285.9       1.5616624      19683               2382 
    400500   1992.6504      274192.24     -202284.53      14142.455     -188142.07      1.5616624      19683               2382 
    401000   1998.6705      280675.09     -202123.82      14185.182     -187938.64      1.5616624      19683               2382 
    401500   2060.3892      290931.46     -202262.81      14623.218     -187639.59      1.5616624      19683               2382 
    402000   2064.7387      275501        -202053.12      14654.088     -187399.04      1.5616624      19683               2382 
    402500   2037.4248      291530.96     -201784.66      14460.233     -187324.43      1.5616624      19683               2382 
    403000   2029.1456      272174.28     -201837.62      14401.473     -187436.15      1.5616624      19683               2382 
    403500   1982.0333      283575.64     -201915.07      14067.102     -187847.97      1.5616624      19683               2382 
    404000   1978.3829      283051.08     -202207.82      14041.194     -188166.63      1.5616624      19683               2382 
    404500   1978.0858      268236.17     -202314.27      14039.086     -188275.19      1.5616624      19683               2382 
    405000   1986.0815      276632.14     -202456.35      14095.834     -188360.51      1.5616624      19683               2382 
    405500   1962.0186      272262.89     -202385.12      13925.052     -188460.07      1.5616624      19683               2382 
    406000   1960.7622      259362.96     -202436.48      13916.135     -188520.35      1.5616624      19683               2382 
    406500   1983.6903      268651.64     -202566.95      14078.863     -188488.09      1.5616624      19683               2382 
    407000   1972.3053      273913.48     -202333.03      13998.059     -188334.97      1.5616624      19683               2382 
    407500   2025.8908      273570.62     -202480.43      14378.372     -188102.06      1.5616624      19683               2382 
    408000   2030.5497      273080.58     -202322.32      14411.438     -187910.88      1.5616624      19683               2382 
    408500   2046.1145      282809.14     -202253.67      14521.906     -187731.77      1.5616624      19683               2382 
    409000   2049.9224      274474.89     -202129.71      14548.932     -187580.78      1.5616624      19683               2382 
    409500   2057.5339      272710.49     -202115.24      14602.954     -187512.29      1.5616624      19683               2382 
    410000   2033.0679      271415.36     -202144.8       14429.311     -187715.49      1.5616624      19683               2382 
    410500   2010.5222      288075.82     -202384.94      14269.297     -188115.64      1.5616624      19683               2382 
    411000   2006.1807      278750.38     -202588.27      14238.484     -188349.78      1.5616624      19683               2382 
    411500   2000.3447      267710.2      -202629.37      14197.064     -188432.31      1.5616624      19683               2382 
    412000   1957.3101      278634.36     -202310.57      13891.634     -188418.93      1.5616624      19683               2382 
    412500   1994.6243      266689.04     -202498.08      14156.465     -188341.62      1.5616624      19683               2382 
    413000   2001.4703      273678.81     -202385.17      14205.052     -188180.11      1.5616624      19683               2382 
    413500   2049.0056      273158.41     -202534.45      14542.425     -187992.02      1.5616624      19683               2382 
    414000   2064.0048      291751.78     -202446.26      14648.879     -187797.38      1.5616624      19683               2382 
    414500   2053.4085      271115.93     -202295.05      14573.674     -187721.38      1.5616624      19683               2382 
    415000   2050.8518      277536.51     -202351.02      14555.529     -187795.49      1.5616624      19683               2382 
    415500   1991.668       281012.47     -202286.11      14135.483     -188150.63      1.5616624      19683               2382 
    416000   1977.1737      276093.35     -202501.28      14032.612     -188468.66      1.5616624      19683               2382 
    416500   1981.8456      265727.28     -202650.3       14065.77      -188584.53      1.5616624      19683               2382 
    417000   2006.156       266891.42     -202869.64      14238.308     -188631.33      1.5616624      19683               2382 
    417500   1983.5692      273354.6      -202718.36      14078.003     -188640.36      1.5616624      19683               2382 
    418000   2012.777       275617        -202864.89      14285.3       -188579.59      1.5616624      19683               2382 
    418500   1958.2421      268719.55     -202367.69      13898.249     -188469.44      1.5616624      19683               2382 
    419000   2009.195       277152.94     -202507.05      14259.877     -188247.18      1.5616624      19683               2382 
    419500   2046.818       266907.23     -202467.87      14526.9       -187940.97      1.5616624      19683               2382 
    420000   2014.8173      280674.25     -202056.86      14299.781     -187757.08      1.5616624      19683               2382 
    420500   2050.0893      282297.9      -202256.22      14550.117     -187706.11      1.5616624      19683               2382 
    421000   2021.7547      272374.04     -202108.31      14349.017     -187759.29      1.5616624      19683               2382 
    421500   1999.2295      276199.06     -202076.54      14189.149     -187887.4       1.5616624      19683               2382 
    422000   1983.2867      272739.57     -202283.88      14075.998     -188207.88      1.5616624      19683               2382 
    422500   1988.6611      279724.57     -202653.75      14114.142     -188539.6       1.5616624      19683               2382 
    423000   1958.4133      285605.9      -202479.12      13899.464     -188579.66      1.5616624      19683               2382 
    423500   1963.1818      281183.01     -202445.07      13933.307     -188511.77      1.5616624      19683               2382 
    424000   1954.1367      271840.27     -202282.23      13869.112     -188413.11      1.5616624      19683               2382 
    424500   1984.3049      281594.05     -202379.03      14083.224     -188295.8       1.5616624      19683               2382 
    425000   2025.9513      278539.84     -202492.16      14378.802     -188113.36      1.5616624      19683               2382 
    425500   2063.0332      274083.58     -202616.95      14641.984     -187974.96      1.5616624      19683               2382 
    426000   1997.7792      277471.36     -202056.93      14178.856     -187878.08      1.5616624      19683               2382 
    426500   2022.2828      282416.21     -202167.03      14352.766     -187814.26      1.5616624      19683               2382 
    427000   2035.2059      281803.62     -202315.44      14444.485     -187870.95      1.5616624      19683               2382 
    427500   2046.1446      276303.43     -202610.77      14522.12      -188088.65      1.5616624      19683               2382 
    428000   1970.4863      282295.24     -202414.86      13985.15      -188429.71      1.5616624      19683               2382 
    428500   1954.484       270958.89     -202445.2       13871.576     -188573.62      1.5616624      19683               2382 
    429000   1971.472       269913.08     -202537.88      13992.145     -188545.73      1.5616624      19683               2382 
    429500   1959.3566      281528.82     -202305.9       13906.159     -188399.74      1.5616624      19683               2382 
    430000   2016.7281      273288.81     -202470.13      14313.342     -188156.79      1.5616624      19683               2382 
    430500   1999.8908      282589.7      -202132.24      14193.843     -187938.4       1.5616624      19683               2382 
    431000   2058.9358      281427.83     -202425.52      14612.903     -187812.61      1.5616624      19683               2382 
    431500   2011.7716      272316.95     -202104.64      14278.164     -187826.48      1.5616624      19683               2382 
    432000   1997.1252      269945.42     -202045.84      14174.214     -187871.62      1.5616624      19683               2382 
    432500   2029.6183      270791.15     -202334.76      14404.828     -187929.93      1.5616624      19683               2382 
    433000   2029.3219      280702.81     -202456.77      14402.724     -188054.04      1.5616624      19683               2382 
    433500   2020.7156      283131.58     -202533.47      14341.642     -188191.83      1.5616624      19683               2382 
    434000   2012.4625      282187.19     -202540.24      14283.067     -188257.18      1.5616624      19683               2382 
    434500   1990.4931      268628.43     -202452.58      14127.144     -188325.43      1.5616624      19683               2382 
    435000   1975.3433      270832.28     -202361.67      14019.621     -188342.05      1.5616624      19683               2382 
    435500   1992.488       276521.23     -202488.27      14141.302     -188346.97      1.5616624      19683               2382 
    436000   2000.9851      273509.42     -202599.23      14201.609     -188397.62      1.5616624      19683               2382 
    436500   2001.4675      270182.84     -202653.97      14205.033     -188448.93      1.5616624      19683               2382 
    437000   2034.1296      272370.19     -202965.6       14436.846     -188528.75      1.5616624      19683               2382 
    437500   2010.4383      274611.27     -203008.84      14268.701     -188740.14      1.5616624      19683               2382 
    438000   1943.6608      269576.93     -202753.91      13794.761     -188959.15      1.5616624      19683               2382 
    438500   1975.2044      261998.2      -203058.08      14018.636     -189039.45      1.5616624      19683               2382 
    439000   1999.5301      275832.57     -203137.36      14191.282     -188946.07      1.5616624      19683               2382 
    439500   1941.6637      277953.25     -202498.02      13780.587     -188717.44      1.5616624      19683               2382 
    440000   2002.79        268157.96     -202603.7       14214.419     -188389.28      1.5616624      19683               2382 
    440500   1988.9944      276054.13     -202279.8       14116.507     -188163.29      1.5616624      19683               2382 
    441000   2005.0743      282166.96     -202281.32      14230.631     -188050.68      1.5616624      19683               2382 
    441500   2001.8511      281917.68     -202211.06      14207.755     -188003.31      1.5616624      19683               2382 
    442000   2028.8178      284994.74     -202402.17      14399.147     -188003.03      1.5616624      19683               2382 
    442500   2000.834       275609.37     -202286.66      14200.537     -188086.12      1.5616624      19683               2382 
    443000   1983.9613      273098.23     -202271.7       14080.786     -188190.92      1.5616624      19683               2382 
    443500   2021.6501      277960.2      -202702.86      14348.275     -188354.58      1.5616624      19683               2382 
    444000   1961.6691      281553.66     -202441.89      13922.571     -188519.32      1.5616624      19683               2382 
    444500   1985.7048      275956.59     -202839.74      14093.16      -188746.58      1.5616624      19683               2382 
    445000   1921.307       269778.55     -202618.71      13636.109     -188982.6       1.5616624      19683               2382 
    445500   1903.3274      256714.8      -202583.49      13508.502     -189074.99      1.5616624      19683               2382 
    446000   1993.8232      270946.63     -203140.35      14150.779     -188989.57      1.5616624      19683               2382 
    446500   1954.7797      270967.8      -202570.63      13873.675     -188696.96      1.5616624      19683               2382 
    447000   1979.943       274270.13     -202322.65      14052.267     -188270.38      1.5616624      19683               2382 
    447500   2014.7284      276632.49     -202405.87      14299.15      -188106.72      1.5616624      19683               2382 
    448000   2010.272       285551.37     -202371.87      14267.521     -188104.35      1.5616624      19683               2382 
    448500   2046.0495      271862.23     -202674.7       14521.445     -188153.25      1.5616624      19683               2382 
    449000   2007.2173      271616.03     -202482.11      14245.841     -188236.27      1.5616624      19683               2382 
    449500   2023.2335      276317.72     -202709.82      14359.513     -188350.31      1.5616624      19683               2382 
    450000   1990.7672      274975.69     -202685.09      14129.09      -188556         1.5616624      19683               2382 
    450500   1974.011       280123.6      -202757.17      14010.165     -188747         1.5616624      19683               2382 
    451000   1927.5147      273708.94     -202519.78      13680.167     -188839.61      1.5616624      19683               2382 
    451500   1985.6018      283859.59     -202857.47      14092.429     -188765.04      1.5616624      19683               2382 
    452000   1996.2719      277573.23     -202720.47      14168.158     -188552.32      1.5616624      19683               2382 
    452500   2006.9195      284123.53     -202396.15      14243.727     -188152.42      1.5616624      19683               2382 
    453000   2018.3218      282886.24     -202213.19      14324.653     -187888.54      1.5616624      19683               2382 
    453500   2061.743       271026.16     -202466.24      14632.826     -187833.41      1.5616624      19683               2382 
    454000   2036.9102      278678.34     -202349.78      14456.58      -187893.2       1.5616624      19683               2382 
    454500   2014.083       271522.33     -202319.1       14294.569     -188024.54      1.5616624      19683               2382 
    455000   2004.8918      278053.64     -202411.95      14229.336     -188182.62      1.5616624      19683               2382 
    455500   2043.4752      281385.16     -202854.02      14503.174     -188350.85      1.5616624      19683               2382 
    456000   1993.5264      269140.39     -202642.02      14148.673     -188493.35      1.5616624      19683               2382 
    456500   1951.1267      280235.63     -202360.48      13847.748     -188512.74      1.5616624      19683               2382 
    457000   2032.7171      280610.06     -202904.05      14426.821     -188477.23      1.5616624      19683               2382 
    457500   2018.3775      277623.36     -202792.95      14325.048     -188467.9       1.5616624      19683               2382 
    458000   1995.6522      272210.2      -202622.11      14163.76      -188458.35      1.5616624      19683               2382 
    458500   2030.6083      274597.41     -202828.03      14411.854     -188416.18      1.5616624      19683               2382 
    459000   2008.2863      274490.09     -202613.64      14253.428     -188360.21      1.5616624      19683               2382 
    459500   2014.8628      277327.79     -202652.33      14300.103     -188352.22      1.5616624      19683               2382 
    460000   1979.5731      289803.31     -202381.32      14049.642     -188331.68      1.5616624      19683               2382 
    460500   2029.4499      282397.38     -202713.45      14403.633     -188309.82      1.5616624      19683               2382 
    461000   1974.9893      281174.37     -202326.21      14017.109     -188309.1       1.5616624      19683               2382 
    461500   2007.1946      271762.11     -202547.1       14245.68      -188301.42      1.5616624      19683               2382 
    462000   2008.8444      278101.87     -202528.84      14257.389     -188271.45      1.5616624      19683               2382 
    462500   1989.3395      278908.73     -202358.8       14118.957     -188239.84      1.5616624      19683               2382 
    463000   2044.3022      278308.9      -202651.71      14509.044     -188142.67      1.5616624      19683               2382 
    463500   1997.3952      293516.96     -202216.66      14176.13      -188040.53      1.5616624      19683               2382 
    464000   2022.4345      275862.09     -202273.18      14353.842     -187919.33      1.5616624      19683               2382 
    464500   2006.662       278696.74     -202088.12      14241.899     -187846.22      1.5616624      19683               2382 
    465000   2020.675       287058.2      -202163.69      14341.354     -187822.34      1.5616624      19683               2382 
    465500   1996.395       295960.36     -202064.28      14169.031     -187895.25      1.5616624      19683               2382 
    466000   1942.3965      288387.92     -201866.01      13785.788     -188080.22      1.5616624      19683               2382 
    466500   1977.6881      282780.24     -202328.92      14036.263     -188292.66      1.5616624      19683               2382 
    467000   2006.5287      282023.63     -202744.1       14240.953     -188503.15      1.5616624      19683               2382 
    467500   1968.1977      272976.1      -202568.66      13968.906     -188599.76      1.5616624      19683               2382 
    468000   1999.605       273378.06     -202786.3       14191.814     -188594.48      1.5616624      19683               2382 
    468500   2005.2818      275628.15     -202683.98      14232.104     -188451.87      1.5616624      19683               2382 
    469000   1996.5242      275573.78     -202460.88      14169.949     -188290.93      1.5616624      19683               2382 
    469500   2026.9955      284392.12     -202452.01      14386.213     -188065.79      1.5616624      19683               2382 
    470000   2035.1356      285981        -202234.45      14443.986     -187790.46      1.5616624      19683               2382 
    470500   2077.291       275899.02     -202155.66      14743.175     -187412.48      1.5616624      19683               2382 
    471000   2071.6762      294481.82     -201782.66      14703.325     -187079.33      1.5616624      19683               2382 
    471500   2110.9329      290650.42     -202070.04      14981.942     -187088.09      1.5616624      19683               2382 
    472000   2052.3086      278531.28     -201992.74      14565.868     -187426.87      1.5616624      19683               2382 
    472500   2030.1263      276876.58     -202081.26      14408.433     -187672.82      1.5616624      19683               2382 
    473000   2024.7346      279705.45     -202197.35      14370.167     -187827.18      1.5616624      19683               2382 
    473500   2017.4102      273001.06     -202339.82      14318.183     -188021.64      1.5616624      19683               2382 
    474000   2031.8178      277808.96     -202650.07      14420.438     -188229.63      1.5616624      19683               2382 
    474500   1993.4421      272125.4      -202578.76      14148.074     -188430.69      1.5616624      19683               2382 
    475000   1982.6359      275704.24     -202688.43      14071.379     -188617.05      1.5616624      19683               2382 
    475500   1957.1243      275177.88     -202641.57      13890.315     -188751.25      1.5616624      19683               2382 
    476000   1982.0193      274197.59     -202827.73      14067.003     -188760.72      1.5616624      19683               2382 
    476500   1963.2519      271527.38     -202581.91      13933.805     -188648.11      1.5616624      19683               2382 
    477000   1997.172       284405.06     -202598.82      14174.546     -188424.27      1.5616624      19683               2382 
    477500   2054.022       274185.14     -202740.39      14578.028     -188162.36      1.5616624      19683               2382 
    478000   2006.864       279625.72     -202240.29      14243.333     -187996.96      1.5616624      19683               2382 
    478500   2013.451       296969.63     -202224.09      14290.083     -187934.01      1.5616624      19683               2382 
    479000   2010.4714      274722.55     -202236.41      14268.936     -187967.47      1.5616624      19683               2382 
    479500   2047.5744      276838.47     -202629.58      14532.267     -188097.31      1.5616624      19683               2382 
    480000   2010.1653      280650.37     -202509.74      14266.764     -188242.97      1.5616624      19683               2382 
    480500   2005.8906      272770.16     -202588.19      14236.425     -188351.77      1.5616624      19683               2382 
    481000   2045.7304      265028.54     -202904.34      14519.18      -188385.16      1.5616624      19683               2382 
    481500   1995.8632      275040.4      -202584.5       14165.258     -188419.24      1.5616624      19683               2382 
    482000   1986.8391      274437.4      -202534.74      14101.21      -188433.52      1.5616624      19683               2382 
    482500   2008.4728      271469.25     -202692.66      14254.751     -188437.91      1.5616624      19683               2382 
    483000   2001.0414      283081.41     -202660.06      14202.008     -188458.05      1.5616624      19683               2382 
    483500   2008.5835      278064.58     -202798.62      14255.537     -188543.08      1.5616624      19683               2382 
    484000   1948.0239      271577.08     -202554.09      13825.727     -188728.36      1.5616624      19683               2382 
    484500   1965.3519      273895.99     -202848.87      13948.709     -188900.16      1.5616624      19683               2382 
    485000   2014.373       265004.57     -203292.05      14296.627     -188995.43      1.5616624      19683               2382 
    485500   2003.7079      283413.59     -203201.48      14220.933     -188980.55      1.5616624      19683               2382 
    486000   1983.7741      275423.51     -202887.99      14079.458     -188808.53      1.5616624      19683               2382 
    486500   2035.4063      274950.33     -202878.45      14445.907     -188432.54      1.5616624      19683               2382 
    487000   2024.1503      279205.29     -202529.52      14366.019     -188163.5       1.5616624      19683               2382 
    487500   2017.1351      272252.98     -202409.16      14316.23      -188092.93      1.5616624      19683               2382 
    488000   2011.2297      286830.63     -202390.39      14274.318     -188116.07      1.5616624      19683               2382 
    488500   2014.0951      280367.45     -202508.79      14294.654     -188214.13      1.5616624      19683               2382 
    489000   2035.8378      277609.55     -202873.15      14448.969     -188424.18      1.5616624      19683               2382 
    489500   1935.7687      284688.6      -202387.38      13738.748     -188648.63      1.5616624      19683               2382 
    490000   1949.6572      266154.25     -202581.92      13837.319     -188744.6       1.5616624      19683               2382 
    490500   2028.6908      270341.4      -203099.85      14398.245     -188701.61      1.5616624      19683               2382 
    491000   1997.0225      273478.66     -202837.93      14173.486     -188664.45      1.5616624      19683               2382 
    491500   1976.667       268552.13     -202616.89      14029.016     -188587.87      1.5616624      19683               2382 
    492000   2015.0825      281624.78     -202779.05      14301.663     -188477.39      1.5616624      19683               2382 
    492500   2005.1123      272349.92     -202619.64      14230.901     -188388.74      1.5616624      19683               2382 
    493000   2017.851       279912.37     -202695.05      14321.312     -188373.73      1.5616624      19683               2382 
    493500   1977.9504      282543.12     -202398.54      14038.124     -188360.41      1.5616624      19683               2382 
    494000   1990.6761      267713.04     -202564.62      14128.443     -188436.18      1.5616624      19683               2382 
    494500   1952.094       276781        -202600.44      13854.614     -188745.82      1.5616624      19683               2382 
    495000   1948.5233      276295.13     -202962.87      13829.272     -189133.6       1.5616624      19683               2382 
    495500   1939.8455      274879.43     -202988.5       13767.682     -189220.82      1.5616624      19683               2382 
    496000   1960.6903      265493.13     -203060.06      13915.625     -189144.44      1.5616624      19683               2382 
    496500   1968.8263      279749.2      -202984.42      13973.368     -189011.05      1.5616624      19683               2382 
    497000   1999.3713      274974.81     -202970.34      14190.156     -188780.18      1.5616624      19683               2382 
    497500   2012.9522      271546.63     -202849.09      14286.543     -188562.55      1.5616624      19683               2382 
    498000   1994.6524      277099.47     -202578.45      14156.664     -188421.79      1.5616624      19683               2382 
    498500   2040.685       274912.27     -202835.35      14483.372     -188351.98      1.5616624      19683               2382 
    499000   2026.5404      286952.24     -202760.76      14382.983     -188377.78      1.5616624      19683               2382 
    499500   2062.1715      276457.46     -203083.38      14635.868     -188447.52      1.5616624      19683               2382 
    500000   2008.2478      277335.57     -202784.85      14253.155     -188531.7       1.5616624      19683               2382 
    500500   2012.4224      282239.99     -202930.7       14282.783     -188647.91      1.5616624      19683               2382 
    501000   1991.3646      278687.53     -202825.13      14133.33      -188691.8       1.5616624      19683               2382 
    501500   2018.929       275715.13     -203011.23      14328.962     -188682.27      1.5616624      19683               2382 
    502000   1949.1297      271779        -202487.54      13833.575     -188653.97      1.5616624      19683               2382 
    502500   2026.527       278889.77     -202991.56      14382.888     -188608.68      1.5616624      19683               2382 
    503000   2012.9314      285097.49     -202797.6       14286.395     -188511.2       1.5616624      19683               2382 
    503500   1990.8697      283815.87     -202551.08      14129.817     -188421.27      1.5616624      19683               2382 
    504000   1977.0298      283379.54     -202395.62      14031.591     -188364.03      1.5616624      19683               2382 
    504500   2031.0827      278159.52     -202657.48      14415.221     -188242.26      1.5616624      19683               2382 
    505000   2033.2213      276065.5      -202562.92      14430.399     -188132.52      1.5616624      19683               2382 
    505500   2026.6229      276329.96     -202447.63      14383.568     -188064.07      1.5616624      19683               2382 
    506000   2007.9977      280726.22     -202409.71      14251.38      -188158.33      1.5616624      19683               2382 
    506500   2002.1755      287008.77     -202640.6       14210.058     -188430.54      1.5616624      19683               2382 
    507000   2001.2323      275391.85     -202891.97      14203.364     -188688.6       1.5616624      19683               2382 
    507500   2012.8086      274029.82     -203167.14      14285.524     -188881.62      1.5616624      19683               2382 
    508000   1984.1746      275533.45     -203030.62      14082.3       -188948.32      1.5616624      19683               2382 
    508500   1969.2132      263740.86     -202880.24      13976.114     -188904.12      1.5616624      19683               2382 
    509000   1961.4194      278951.25     -202687.85      13920.799     -188767.05      1.5616624      19683               2382 
    509500   2001.2453      282285.12     -202724.77      14203.456     -188521.31      1.5616624      19683               2382 
    510000   2035.8031      279083.13     -202725.26      14448.723     -188276.53      1.5616624      19683               2382 
    510500   1994.3565      281088.58     -202293.01      14154.564     -188138.45      1.5616624      19683               2382 
    511000   2051.621       282929.62     -202671.11      14560.988     -188110.12      1.5616624      19683               2382 
    511500   1989.9988      278555.73     -202356.7       14123.636     -188233.06      1.5616624      19683               2382 
    512000   1975.077       277219.27     -202411.17      14017.731     -188393.44      1.5616624      19683               2382 
    512500   2004.5807      283685.81     -202702.18      14227.128     -188475.05      1.5616624      19683               2382 
    513000   1994.0714      282871.93     -202674.48      14152.541     -188521.94      1.5616624      19683               2382 
    513500   2007.8843      281935.81     -202856.69      14250.575     -188606.11      1.5616624      19683               2382 
    514000   2001.7146      265160.46     -202959.19      14206.787     -188752.41      1.5616624      19683               2382 
    514500   2009.8216      281669        -203187.8       14264.325     -188923.48      1.5616624      19683               2382 
    515000   1972.9603      270130.97     -203048.91      14002.709     -189046.2       1.5616624      19683               2382 
    515500   1976.9346      278697.76     -203075.54      14030.915     -189044.62      1.5616624      19683               2382 
    516000   1976.7377      275033.54     -203013.44      14029.518     -188983.92      1.5616624      19683               2382 
    516500   1953.0746      284783.12     -202693.33      13861.574     -188831.76      1.5616624      19683               2382 
    517000   1968.0486      269845.08     -202429.13      13967.848     -188461.28      1.5616624      19683               2382 
    517500   2018.4652      277923.98     -202473.24      14325.671     -188147.57      1.5616624      19683               2382 
    518000   2014.6583      288450.77     -202321.53      14298.652     -188022.87      1.5616624      19683               2382 
    518500   2013.3239      295375.99     -202316.26      14289.182     -188027.08      1.5616624      19683               2382 
    519000   1995.4141      285455.27     -202290.75      14162.07      -188128.68      1.5616624      19683               2382 
    519500   2030.3669      285057.5      -202703.6       14410.141     -188293.46      1.5616624      19683               2382 
    520000   1978.6488      279260.87     -202517.77      14043.082     -188474.68      1.5616624      19683               2382 
    520500   1987.971       261971.6      -202725.41      14109.244     -188616.17      1.5616624      19683               2382 
    521000   1983.0786      283650.55     -202723.56      14074.521     -188649.04      1.5616624      19683               2382 
    521500   2010.4504      276248.56     -202870.71      14268.787     -188601.93      1.5616624      19683               2382 
    522000   1985.5284      282482.87     -202608.75      14091.908     -188516.84      1.5616624      19683               2382 
    522500   2034.9613      281709.39     -202798.38      14442.748     -188355.63      1.5616624      19683               2382 
    523000   2048.2316      267019.42     -202747.14      14536.932     -188210.21      1.5616624      19683               2382 
    523500   2040.2515      276888.59     -202642.15      14480.294     -188161.86      1.5616624      19683               2382 
    524000   2020.627       276912.36     -202557.27      14341.014     -188216.26      1.5616624      19683               2382 
    524500   2002.9354      277348.6      -202597.47      14215.451     -188382.02      1.5616624      19683               2382 
    525000   1976.5658      280181.36     -202638.55      14028.298     -188610.25      1.5616624      19683               2382 
    525500   2017.0311      276271.73     -203065.57      14315.492     -188750.08      1.5616624      19683               2382 
    526000   1994.4618      280965.23     -203000.03      14155.311     -188844.72      1.5616624      19683               2382 
    526500   2010.2196      272091.31     -203108.42      14267.149     -188841.27      1.5616624      19683               2382 
    527000   2005.7446      269016.78     -202964.32      14235.389     -188728.93      1.5616624      19683               2382 
    527500   2019.9871      270630.79     -202772.82      14336.472     -188436.35      1.5616624      19683               2382 
    528000   2096.694       277005.36     -202919.31      14880.885     -188038.43      1.5616624      19683               2382 
    528500   2045.7548      288797.07     -202456.25      14519.353     -187936.9       1.5616624      19683               2382 
    529000   2064.5346      278035.31     -202617.11      14652.639     -187964.47      1.5616624      19683               2382 
    529500   2045.1643      268431.91     -202602.52      14515.163     -188087.35      1.5616624      19683               2382 
    530000   2030.3415      274209.22     -202638.69      14409.96      -188228.73      1.5616624      19683               2382 
    530042   2029.3377      268793.37     -202641.89      14402.836     -188239.05      1.5616624      19683               2382 
Loop time of 22520.1 on 48 procs for 400000 steps with 2382 atoms

Performance: 0.153 ns/day, 156.390 hours/ns, 17.762 timesteps/s, 42.309 katom-step/s
99.3% CPU use with 12 MPI tasks x 4 OpenMP threads

MPI task timing breakdown:
Section |  min time  |  avg time  |  max time  |%varavg| %total
---------------------------------------------------------------
Pair    | 18903      | 19176      | 19343      |  81.9 | 85.15
Neigh   | 139.11     | 140.14     | 141.18     |   5.9 |  0.62
Comm    | 163.57     | 330.34     | 604.79     | 624.5 |  1.47
Output  | 0.10655    | 0.12287    | 0.14766    |   3.1 |  0.00
Modify  | 2861.1     | 2862.7     | 2864.5     |   1.8 | 12.71
Other   |            | 10.33      |            |       |  0.05

Nlocal:          198.5 ave         208 max         185 min
Histogram: 1 0 0 1 3 1 2 2 1 1
Nghost:        5442.33 ave        5473 max        5398 min
Histogram: 1 1 1 0 0 2 3 0 2 2
Neighs:         156270 ave      163594 max      146570 min
Histogram: 1 0 0 1 2 3 0 3 1 1

Total # of neighbors = 1875246
Ave neighs/atom = 787.25693
Neighbor list builds = 4045
Dangerous builds = 0
write_restart   out/restart.solgel_pH${pH}.stage1
write_restart   out/restart.solgel_pH8.0.stage1
System init for write_restart ...

print           "--- Condensation Stage 2/4 ---"
--- Condensation Stage 2/4 ---
run             400000
Per MPI rank memory allocation (min/avg/max) = 375.2 | 379.4 | 383.5 Mbytes
   Step          Temp          Press          PotEng         KinEng         TotEng        Density         Volume        Atoms   
    530042   2029.3377      268793.11     -202641.89      14402.836     -188239.05      1.5616624      19683               2382 
    530500   2033.4512      275177.9      -202824.95      14432.031     -188392.92      1.5616624      19683               2382 
    531000   2017.7377      283456.64     -202844.88      14320.507     -188524.37      1.5616624      19683               2382 
    531500   1983.5535      277894.81     -202685.21      14077.892     -188607.32      1.5616624      19683               2382 
    532000   1975.815       274422.08     -202678.33      14022.969     -188655.37      1.5616624      19683               2382 
    532500   1998.7704      270692.31     -202842.26      14185.891     -188656.37      1.5616624      19683               2382 
    533000   1990.3769      282161.53     -202773.71      14126.32      -188647.39      1.5616624      19683               2382 
    533500   2013.2785      279453.52     -202896.69      14288.859     -188607.83      1.5616624      19683               2382 
    534000   2021.0879      282953.75     -202942.75      14344.285     -188598.47      1.5616624      19683               2382 
    534500   1994.4653      288198.36     -202732.57      14155.336     -188577.23      1.5616624      19683               2382 
    535000   2022.1724      279495.63     -202939.57      14351.982     -188587.59      1.5616624      19683               2382 
    535500   2049.7279      278400.79     -203251.01      14547.552     -188703.46      1.5616624      19683               2382 
    536000   1966.3282      277169.65     -202881.51      13955.638     -188925.88      1.5616624      19683               2382 
    536500   1986.177       289880.32     -203193.7       14096.512     -189097.19      1.5616624      19683               2382 
    537000   1958.2509      273884.91     -203098.01      13898.312     -189199.7       1.5616624      19683               2382 
    537500   1988.1574      271933.36     -203339.3       14110.567     -189228.73      1.5616624      19683               2382 
    538000   2004.4766      271012.3      -203357.94      14226.389     -189131.56      1.5616624      19683               2382 
    538500   1984.0545      275905.53     -202998.44      14081.447     -188917         1.5616624      19683               2382 
    539000   1985.7944      281550.63     -202718.45      14093.796     -188624.66      1.5616624      19683               2382 
    539500   2019.6188      281870.48     -202821.33      14333.858     -188487.47      1.5616624      19683               2382 
    540000   2053.4618      288607.71     -203015.99      14574.053     -188441.94      1.5616624      19683               2382 
    540500   2022.1726      283900.52     -202870.33      14351.983     -188518.35      1.5616624      19683               2382 
    541000   2034.9722      284460.74     -203166.66      14442.826     -188723.84      1.5616624      19683               2382 
    541500   1993.4418      273030.96     -203045.64      14148.072     -188897.57      1.5616624      19683               2382 
    542000   1983.9629      285571.16     -203038.4       14080.797     -188957.61      1.5616624      19683               2382 
    542500   1992.3055      273944.98     -203141.45      14140.007     -189001.44      1.5616624      19683               2382 
    543000   1954.3424      281035.74     -202904.95      13870.571     -189034.38      1.5616624      19683               2382 
    543500   2047.4672      278566.03     -203551.33      14531.507     -189019.82      1.5616624      19683               2382 
    544000   1992.5348      291289.02     -203202.26      14141.635     -189060.63      1.5616624      19683               2382 
    544500   2018.5225      263882.99     -203452.62      14326.077     -189126.54      1.5616624      19683               2382 
    545000   1969.229       279386.65     -203186.95      13976.226     -189210.72      1.5616624      19683               2382 
    545500   1973.4977      286152.94     -203315.96      14006.522     -189309.44      1.5616624      19683               2382 
    546000   2007.7266      288774.51     -203642.01      14249.456     -189392.55      1.5616624      19683               2382 
    546500   1975.415       277627.39     -203476.63      14020.13      -189456.5       1.5616624      19683               2382 
    547000   1978.6905      276667.01     -203496.28      14043.377     -189452.9       1.5616624      19683               2382 
    547500   2004.1797      277240.14     -203606.18      14224.282     -189381.9       1.5616624      19683               2382 
    548000   1985.0692      278939.31     -203319.56      14088.649     -189230.91      1.5616624      19683               2382 
    548500   2007.2651      276511.17     -203242.57      14246.18      -188996.39      1.5616624      19683               2382 
    549000   2076.7329      281802.55     -203508.71      14739.215     -188769.5       1.5616624      19683               2382 
    549500   2045.7706      287696.58     -203168.88      14519.465     -188649.42      1.5616624      19683               2382 
    550000   2077.3638      290149.05     -203370.24      14743.692     -188626.55      1.5616624      19683               2382 
    550500   1991.9286      285310.39     -202979.66      14137.333     -188842.33      1.5616624      19683               2382 
    551000   1964.8666      276055.2      -203104.31      13945.265     -189159.05      1.5616624      19683               2382 
    551500   2006.0923      269044.05     -203561.12      14237.856     -189323.27      1.5616624      19683               2382 
    552000   1967.7416      268898.75     -203279.47      13965.67      -189313.8       1.5616624      19683               2382 
    552500   1954.0658      283992.94     -203091.96      13868.608     -189223.35      1.5616624      19683               2382 
    553000   2014.3396      271697.18     -203415.75      14296.39      -189119.36      1.5616624      19683               2382 
    553500   2014.5485      275754.82     -203345.11      14297.873     -189047.24      1.5616624      19683               2382 
    554000   2012.1883      267844.24     -203252.63      14281.121     -188971.51      1.5616624      19683               2382 
    554500   2012.4132      261854.47     -203180.9       14282.718     -188898.18      1.5616624      19683               2382 
    555000   2042.1497      268975.36     -203291.85      14493.767     -188798.09      1.5616624      19683               2382 
    555500   2025.6412      281687.26     -203041.19      14376.601     -188664.59      1.5616624      19683               2382 
    556000   2047.8878      282335.16     -203096.56      14534.492     -188562.07      1.5616624      19683               2382 
    556500   1975.1437      297973.4      -202588.93      14018.205     -188570.73      1.5616624      19683               2382 
    557000   2036.0821      284229.46     -203192.35      14450.704     -188741.64      1.5616624      19683               2382 
    557500   1991.0036      277947.65     -203126.68      14130.767     -188995.91      1.5616624      19683               2382 
    558000   1974.333       287371.58     -203213.87      14012.451     -189201.42      1.5616624      19683               2382 
    558500   1963.29        279011.28     -203268         13934.076     -189333.93      1.5616624      19683               2382 
    559000   1967.9777      275875.68     -203368.31      13967.345     -189400.97      1.5616624      19683               2382 
    559500   1955.7487      274176.7      -203273.34      13880.552     -189392.79      1.5616624      19683               2382 
    560000   2005.0026      275615.14     -203546.2       14230.123     -189316.08      1.5616624      19683               2382 
    560500   2028.6702      274442.16     -203511.86      14398.099     -189113.76      1.5616624      19683               2382 
    561000   2017.8987      281976.04     -203050.75      14321.65      -188729.1       1.5616624      19683               2382 
    561500   2039.2908      280945.39     -202917.25      14473.476     -188443.77      1.5616624      19683               2382 
    562000   2037.4566      278997.38     -202855.86      14460.458     -188395.4       1.5616624      19683               2382 
    562500   2014.1275      283519.36     -202741.39      14294.885     -188446.51      1.5616624      19683               2382 
    563000   2029.8678      278266.97     -202996.5       14406.598     -188589.91      1.5616624      19683               2382 
    563500   1993.2515      281718.98     -202896.9       14146.721     -188750.18      1.5616624      19683               2382 
    564000   1967.4782      273370.66     -202818.1       13963.8       -188854.3       1.5616624      19683               2382 
    564500   1991.0509      285625.15     -203084.33      14131.103     -188953.22      1.5616624      19683               2382 
    565000   1987.7378      278519.42     -203143.41      14107.589     -189035.82      1.5616624      19683               2382 
    565500   1995.061       286564.39     -203184.77      14159.564     -189025.21      1.5616624      19683               2382 
    566000   2008.1576      280303.21     -203269.84      14252.515     -189017.33      1.5616624      19683               2382 
    566500   1978.0675      288753.55     -203051.8       14038.956     -189012.84      1.5616624      19683               2382 
    567000   2021.1322      271914.93     -203364.87      14344.6       -189020.27      1.5616624      19683               2382 
    567500   1978.6763      282004.55     -203202.66      14043.276     -189159.38      1.5616624      19683               2382 
    568000   2008.6429      270481.3      -203633.12      14255.959     -189377.16      1.5616624      19683               2382 
    568500   1944.8842      276735.51     -203336.89      13803.444     -189533.45      1.5616624      19683               2382 
    569000   1965.457       274373.36     -203502.38      13949.455     -189552.92      1.5616624      19683               2382 
    569500   1955.5768      287895.98     -203302.2       13879.332     -189422.87      1.5616624      19683               2382 
    570000   2010.476       280486.25     -203423.17      14268.969     -189154.2       1.5616624      19683               2382 
    570500   1993.6835      276346.15     -203005.19      14149.788     -188855.4       1.5616624      19683               2382 
    571000   2018.7756      283523.82     -203008.25      14327.874     -188680.37      1.5616624      19683               2382 
    571500   2017.9128      285348.41     -202920.08      14321.75      -188598.33      1.5616624      19683               2382 
    572000   2025.9773      277519.36     -202955.28      14378.986     -188576.29      1.5616624      19683               2382 
    572500   2019.5371      293552.76     -202949.81      14333.278     -188616.53      1.5616624      19683               2382 
    573000   2011.9327      270412.05     -203009.45      14279.308     -188730.14      1.5616624      19683               2382 
    573500   2030.5108      287908.2      -203308.24      14411.162     -188897.08      1.5616624      19683               2382 
    574000   1970.1109      278554.38     -203205.12      13982.485     -189222.63      1.5616624      19683               2382 
    574500   1955.7623      272329.09     -203380.35      13880.649     -189499.7       1.5616624      19683               2382 
    575000   1960.4225      267569.02     -203464.86      13913.724     -189551.14      1.5616624      19683               2382 
    575500   1958.3823      272039.04     -203384.77      13899.244     -189485.52      1.5616624      19683               2382 
    576000   1952.6982      286546.62     -203231.64      13858.902     -189372.73      1.5616624      19683               2382 
    576500   1995.4098      278911.06     -203377.99      14162.039     -189215.95      1.5616624      19683               2382 
    577000   2038.3012      283762.1      -203521.28      14466.453     -189054.82      1.5616624      19683               2382 
    577500   1966.9932      286114.55     -202865.43      13960.358     -188905.07      1.5616624      19683               2382 
    578000   2000.9736      280725.09     -202970.19      14201.527     -188768.66      1.5616624      19683               2382 
    578500   2042.3616      278509.98     -203215.24      14495.271     -188719.97      1.5616624      19683               2382 
    579000   2032.9971      273746.91     -203173.29      14428.808     -188744.48      1.5616624      19683               2382 
    579500   2000.7072      284917.43     -203033.61      14199.636     -188833.98      1.5616624      19683               2382 
    580000   1979.6674      280051.06     -203173.03      14050.311     -189122.72      1.5616624      19683               2382 
    580500   1970.4111      280641.42     -203544.78      13984.616     -189560.16      1.5616624      19683               2382 
    581000   1923.8621      269871.47     -203337.72      13654.243     -189683.48      1.5616624      19683               2382 
    581500   1939.4321      276665.57     -203366.79      13764.749     -189602.04      1.5616624      19683               2382 
    582000   1965.2697      289239.29     -203339.88      13948.126     -189391.76      1.5616624      19683               2382 
    582500   2019.8798      284112.23     -203463.64      14335.711     -189127.93      1.5616624      19683               2382 
    583000   2022.6175      267598.05     -203316.45      14355.141     -188961.31      1.5616624      19683               2382 
    583500   2039.1962      275387.47     -203353.95      14472.805     -188881.15      1.5616624      19683               2382 
    584000   2007.2788      277257.92     -203110.37      14246.277     -188864.1       1.5616624      19683               2382 
    584500   1976.3341      288930.04     -202926.42      14026.654     -188899.77      1.5616624      19683               2382 
    585000   1994.0138      288577.91     -203201.36      14152.131     -189049.23      1.5616624      19683               2382 
    585500   1976.828       270205.01     -203383.63      14030.159     -189353.47      1.5616624      19683               2382 
    586000   2001.9586      265974.14     -203912.93      14208.518     -189704.41      1.5616624      19683               2382 
    586500   1972.619       285981.85     -203826.77      14000.286     -189826.49      1.5616624      19683               2382 
    587000   1952.7708      279451.15     -203622.35      13859.417     -189762.93      1.5616624      19683               2382 
    587500   1939.7114      272698.36     -203350.05      13766.731     -189583.32      1.5616624      19683               2382 
    588000   1979.3656      276174.57     -203411.71      14048.168     -189363.54      1.5616624      19683               2382 
    588500   1973.9364      279421.32     -203208.48      14009.636     -189198.84      1.5616624      19683               2382 
    589000   1984.6032      270882.24     -203207.01      14085.342     -189121.66      1.5616624      19683               2382 
    589500   2018.8616      281927.55     -203410.44      14328.484     -189081.96      1.5616624      19683               2382 
    590000   2010.564       272299.52     -203358.75      14269.594     -189089.16      1.5616624      19683               2382 
    590500   2004.6645      290420.92     -203349.89      14227.723     -189122.17      1.5616624      19683               2382 
    591000   2018.0126      281563.71     -203546.61      14322.459     -189224.15      1.5616624      19683               2382 
    591500   1978.3649      274728.25     -203412.41      14041.067     -189371.34      1.5616624      19683               2382 
    592000   1964.4249      264994.22     -203532.05      13942.13      -189589.92      1.5616624      19683               2382 
    592500   1937.3362      284401.9      -203466         13749.873     -189716.13      1.5616624      19683               2382 
    593000   1978.9284      279238.81     -203731.53      14045.066     -189686.46      1.5616624      19683               2382 
    593500   1954.4526      291171.94     -203374.2       13871.353     -189502.84      1.5616624      19683               2382 
    594000   2000.8422      281192.26     -203365.58      14200.595     -189164.99      1.5616624      19683               2382 
    594500   2047.1629      271502        -203467.17      14529.347     -188937.82      1.5616624      19683               2382 
    595000   2017.4836      284381.92     -203154.08      14318.704     -188835.38      1.5616624      19683               2382 
    595500   2021.0485      281306.65     -203162.01      14344.005     -188818         1.5616624      19683               2382 
    596000   1991.2682      288576.41     -203023.41      14132.645     -188890.77      1.5616624      19683               2382 
    596500   1987.2915      275623.08     -203142.21      14104.421     -189037.78      1.5616624      19683               2382 
    597000   2012.2014      283534.95     -203468.84      14281.215     -189187.62      1.5616624      19683               2382 
    597500   1997.0522      283039.93     -203517.48      14173.696     -189343.79      1.5616624      19683               2382 
    598000   2015.7361      274910.34     -203746.35      14306.301     -189440.05      1.5616624      19683               2382 
    598500   1971.944       276990.15     -203530.18      13995.495     -189534.69      1.5616624      19683               2382 
    599000   1942.7886      275902.65     -203492.69      13788.571     -189704.11      1.5616624      19683               2382 
    599500   1971.8675      263605.24     -203855.53      13994.953     -189860.58      1.5616624      19683               2382 
    600000   1983.4806      269926.79     -203979.83      14077.374     -189902.45      1.5616624      19683               2382 
    600500   1981.7152      271575.74     -203817.98      14064.845     -189753.13      1.5616624      19683               2382 
    601000   1980.6165      274771.67     -203536.17      14057.047     -189479.13      1.5616624      19683               2382 
    601500   1986.7476      273166.02     -203304.19      14100.561     -189203.63      1.5616624      19683               2382 
    602000   2027.0283      280989.36     -203375.44      14386.446     -188988.99      1.5616624      19683               2382 
    602500   2040.2958      277210.75     -203339.48      14480.609     -188858.87      1.5616624      19683               2382 
    603000   2004.244       277152.58     -203065.22      14224.738     -188840.48      1.5616624      19683               2382 
    603500   2010.4575      275619.61     -203162.56      14268.837     -188893.72      1.5616624      19683               2382 
    604000   2024.3929      267347.84     -203406.85      14367.742     -189039.1       1.5616624      19683               2382 
    604500   1911.6258      274929.34     -202814.16      13567.398     -189246.76      1.5616624      19683               2382 
    605000   1940.0732      275968.74     -203158.28      13769.299     -189388.98      1.5616624      19683               2382 
    605500   1928.9531      272351.13     -203137.45      13690.376     -189447.07      1.5616624      19683               2382 
    606000   1952.0652      275442.82     -203245.4       13854.41      -189390.99      1.5616624      19683               2382 
    606500   2008.8816      279480.07     -203415.77      14257.653     -189158.11      1.5616624      19683               2382 
    607000   2022.0652      278329.7      -203192.08      14351.221     -188840.86      1.5616624      19683               2382 
    607500   2014.3011      284924.7      -202917.43      14296.117     -188621.32      1.5616624      19683               2382 
    608000   2052.9767      276540.46     -203141.21      14570.61      -188570.6       1.5616624      19683               2382 
    608500   2053.9452      279920.95     -203241.99      14577.483     -188664.51      1.5616624      19683               2382 
    609000   2004.3862      278499.98     -203097.57      14225.748     -188871.82      1.5616624      19683               2382 
    609500   2020.7222      283667.79     -203469.42      14341.689     -189127.73      1.5616624      19683               2382 
    610000   2006.9825      284221.65     -203532.82      14244.175     -189288.64      1.5616624      19683               2382 
    610500   2008.9921      284902.26     -203569.27      14258.437     -189310.83      1.5616624      19683               2382 
    611000   1959.4218      279805.8      -203180.42      13906.621     -189273.8       1.5616624      19683               2382 
    611500   1966.7932      274773.6      -203163.49      13958.938     -189204.55      1.5616624      19683               2382 
    612000   1989.3379      277753.23     -203198.58      14118.945     -189079.63      1.5616624      19683               2382 
    612500   2004.4074      287500.43     -203223.99      14225.898     -188998.09      1.5616624      19683               2382 
    613000   2023.5017      270576.33     -203324.61      14361.416     -188963.19      1.5616624      19683               2382 
    613500   1975.5221      290056.22     -202943.35      14020.89      -188922.46      1.5616624      19683               2382 
    614000   2026.5978      275032.91     -203311.65      14383.39      -188928.26      1.5616624      19683               2382 
    614500   2044.7292      272261.08     -203584.34      14512.075     -189072.27      1.5616624      19683               2382 
    615000   1982.9736      276132.02     -203324.61      14073.776     -189250.84      1.5616624      19683               2382 
    615500   1978.682       289857.56     -203457.21      14043.317     -189413.89      1.5616624      19683               2382 
    616000   1972.4955      276631.12     -203516.04      13999.409     -189516.63      1.5616624      19683               2382 
    616500   1959.9451      268379.91     -203482.91      13910.335     -189572.57      1.5616624      19683               2382 
    617000   1989.7728      281971.84     -203679.91      14122.032     -189557.88      1.5616624      19683               2382 
    617500   2008.5058      266644.05     -203762.45      14254.986     -189507.47      1.5616624      19683               2382 
    618000   2036.0155      276595.89     -203810.54      14450.231     -189360.31      1.5616624      19683               2382 
    618500   1968.5859      288025.07     -203126.03      13971.662     -189154.37      1.5616624      19683               2382 
    619000   2012.4113      282456.11     -203178.56      14282.704     -188895.86      1.5616624      19683               2382 
    619500   1977.5419      281091.62     -202714.2       14035.225     -188678.97      1.5616624      19683               2382 
    620000   2024.5676      285633.25     -202964.7       14368.981     -188595.72      1.5616624      19683               2382 
    620500   2040.9001      288739.45     -203108.61      14484.898     -188623.71      1.5616624      19683               2382 
    621000   2007.1892      284016.91     -203158.68      14245.642     -188913.03      1.5616624      19683               2382 
    621500   2021.348       275331.55     -203639.01      14346.13      -189292.88      1.5616624      19683               2382 
    622000   1991.8894      268746.44     -203578.44      14137.054     -189441.39      1.5616624      19683               2382 
    622500   1984.9485      276717.33     -203607.54      14087.792     -189519.75      1.5616624      19683               2382 
    623000   1955.8295      283707.05     -203483.39      13881.126     -189602.27      1.5616624      19683               2382 
    623500   1971.4198      276990.04     -203612.19      13991.775     -189620.42      1.5616624      19683               2382 
    624000   2002.4964      271916.91     -203762.65      14212.335     -189550.31      1.5616624      19683               2382 
    624500   2008.2096      270382.99     -203677.23      14252.883     -189424.35      1.5616624      19683               2382 
    625000   1990.9269      277089.41     -203344.46      14130.223     -189214.23      1.5616624      19683               2382 
    625500   2043.6435      273869.41     -203478.29      14504.369     -188973.92      1.5616624      19683               2382 
    626000   2066.0369      280423.08     -203466.84      14663.302     -188803.53      1.5616624      19683               2382 
    626500   1946.6583      277677.27     -202633.56      13816.035     -188817.53      1.5616624      19683               2382 
    627000   2029.2729      286120.02     -203358.61      14402.376     -188956.23      1.5616624      19683               2382 
    627500   2003.0197      275158.14     -203503.12      14216.049     -189287.07      1.5616624      19683               2382 
    628000   1957.4638      283609.25     -203499.53      13892.725     -189606.81      1.5616624      19683               2382 
    628500   1916.2932      277590.86     -203258.4       13600.524     -189657.87      1.5616624      19683               2382 
    629000   1951.304       283966.34     -203411.86      13849.007     -189562.86      1.5616624      19683               2382 
    629500   2001.4348      278663.52     -203665.24      14204.801     -189460.44      1.5616624      19683               2382 
    630000   1989.3957      274238.08     -203433.37      14119.355     -189314.01      1.5616624      19683               2382 
    630500   1988.8452      279929.08     -203232.24      14115.449     -189116.8       1.5616624      19683               2382 
    631000   2026.1415      280524.54     -203304.37      14380.152     -188924.22      1.5616624      19683               2382 
    631500   2067.8205      275411.11     -203507.89      14675.96      -188831.93      1.5616624      19683               2382 
    632000   1986.0491      282313.07     -202945.38      14095.604     -188849.78      1.5616624      19683               2382 
    632500   2043.439       279934.07     -203560.82      14502.918     -189057.9       1.5616624      19683               2382 
    633000   1942.2932      286740.74     -203292.03      13785.055     -189506.97      1.5616624      19683               2382 
    633500   1927.2849      285881.04     -203407.54      13678.536     -189729         1.5616624      19683               2382 
    634000   1937.0364      283394.01     -203478.93      13747.745     -189731.19      1.5616624      19683               2382 
    634500   1947.4925      278019.48     -203424.45      13821.955     -189602.49      1.5616624      19683               2382 
    635000   2033.0348      269200.6      -203802.21      14429.076     -189373.13      1.5616624      19683               2382 
    635500   2006.2063      278611.99     -203390.47      14238.665     -189151.8       1.5616624      19683               2382 
    636000   2017.8761      276539.22     -203313.85      14321.489     -188992.36      1.5616624      19683               2382 
    636500   2012.8421      282225.65     -203185.99      14285.762     -188900.23      1.5616624      19683               2382 
    637000   1972.2355      285118.43     -202896.64      13997.564     -188899.07      1.5616624      19683               2382 
    637500   2011.7842      269791.21     -203226.82      14278.254     -188948.57      1.5616624      19683               2382 
    638000   1983.8988      264904.85     -203195.98      14080.342     -189115.64      1.5616624      19683               2382 
    638500   2025.2006      275154.59     -203834.04      14373.474     -189460.57      1.5616624      19683               2382 
    639000   1963.4471      269879.2      -203762.83      13935.19      -189827.64      1.5616624      19683               2382 
    639500   1967.043       279787.69     -203889.06      13960.711     -189928.35      1.5616624      19683               2382 
    640000   1969.611       280312.17     -203784.75      13978.937     -189805.82      1.5616624      19683               2382 
    640500   1972.3846      280747.39     -203610.1       13998.623     -189611.48      1.5616624      19683               2382 
    641000   1964.5593      267966.53     -203342.77      13943.084     -189399.69      1.5616624      19683               2382 
    641500   2001.1308      286580.15     -203381.8       14202.643     -189179.15      1.5616624      19683               2382 
    642000   1995.2555      283844.33     -203181.92      14160.944     -189020.97      1.5616624      19683               2382 
    642500   2016.1897      285890.65     -203270.49      14309.521     -188960.97      1.5616624      19683               2382 
    643000   2012.4902      289003.3      -203275.05      14283.264     -188991.79      1.5616624      19683               2382 
    643500   2015.4702      291113.21     -203414.44      14304.414     -189110.03      1.5616624      19683               2382 
    644000   2003.1745      273070.44     -203488.49      14217.148     -189271.35      1.5616624      19683               2382 
    644500   1968.2681      270840.31     -203501.21      13969.407     -189531.8       1.5616624      19683               2382 
    645000   1970.4498      269157.03     -203742.65      13984.891     -189757.75      1.5616624      19683               2382 
    645500   1908.5845      284878.57     -203331.07      13545.814     -189785.26      1.5616624      19683               2382 
    646000   1936.9348      262508.32     -203453.64      13747.025     -189706.61      1.5616624      19683               2382 
    646500   1958.4049      273545.14     -203509.25      13899.404     -189609.85      1.5616624      19683               2382 
    647000   1996.1927      267410.66     -203646.35      14167.596     -189478.75      1.5616624      19683               2382 
    647500   2047.3681      270763.59     -203846.52      14530.803     -189315.71      1.5616624      19683               2382 
    648000   2040.8413      277127.35     -203680.46      14484.481     -189195.98      1.5616624      19683               2382 
    648500   2045.5203      289334.17     -203658.19      14517.689     -189140.5       1.5616624      19683               2382 
    649000   2040.3999      282125.28     -203589.49      14481.348     -189108.14      1.5616624      19683               2382 
    649500   2005.9444      287083.09     -203447.31      14236.807     -189210.5       1.5616624      19683               2382 
    650000   1940.3406      277282.96     -203215.95      13771.196     -189444.76      1.5616624      19683               2382 
    650500   1926.0992      272746.56     -203342.64      13670.121     -189672.52      1.5616624      19683               2382 
    651000   1997.3238      267951.82     -203938.22      14175.623     -189762.6       1.5616624      19683               2382 
    651500   1997.4178      272458.9      -203920.1       14176.291     -189743.81      1.5616624      19683               2382 
    652000   1997.5865      282252.98     -203823.47      14177.488     -189645.98      1.5616624      19683               2382 
    652500   1993.2945      272553.59     -203437.36      14147.026     -189290.33      1.5616624      19683               2382 
    653000   1967.9893      293196.59     -202872.79      13967.427     -188905.36      1.5616624      19683               2382 
    653500   2055.0647      275338.04     -203385.18      14585.429     -188799.75      1.5616624      19683               2382 
    654000   2051.009       284126.77     -203427.74      14556.644     -188871.09      1.5616624      19683               2382 
    654500   1991.1328      286477.9      -203194.72      14131.684     -189063.04      1.5616624      19683               2382 
    655000   2004.29        280970.55     -203495.13      14225.065     -189270.06      1.5616624      19683               2382 
    655500   2002.154       285144.54     -203669.15      14209.905     -189459.24      1.5616624      19683               2382 
    656000   1973.0815      272046.94     -203569.08      14003.568     -189565.52      1.5616624      19683               2382 
    656500   1965.6598      276023.53     -203566.56      13950.895     -189615.67      1.5616624      19683               2382 
    657000   1991.8368      272666.04     -203763.23      14136.681     -189626.55      1.5616624      19683               2382 
    657500   2002.6562      276293.67     -203835.9       14213.47      -189622.43      1.5616624      19683               2382 
    658000   1970.4937      280474.01     -203546.52      13985.202     -189561.32      1.5616624      19683               2382 
    658500   1995.7814      274920.51     -203418.37      14164.677     -189253.7       1.5616624      19683               2382 
    659000   2040.2559      273357.82     -203356.68      14480.326     -188876.35      1.5616624      19683               2382 
    659500   2016.1565      291880.21     -203026.1       14309.285     -188716.82      1.5616624      19683               2382 
    660000   2044.3892      274666.69     -203227.16      14509.662     -188717.5       1.5616624      19683               2382 
    660500   1988.5571      294684.43     -202990.22      14113.404     -188876.81      1.5616624      19683               2382 
    661000   2036.2677      283583.74     -203525.25      14452.02      -189073.23      1.5616624      19683               2382 
    661500   2012.7078      295013.52     -203534.98      14284.809     -189250.17      1.5616624      19683               2382 
    662000   2006.7637      277825.87     -203599.93      14242.621     -189357.31      1.5616624      19683               2382 
    662500   1968.9698      273405.63     -203391.49      13974.387     -189417.11      1.5616624      19683               2382 
    663000   1966.549       269859.17     -203352.52      13957.205     -189395.31      1.5616624      19683               2382 
    663500   2027.1579      271988.32     -203734.22      14387.366     -189346.86      1.5616624      19683               2382 
    664000   2025.8756      282964.61     -203702.09      14378.264     -189323.82      1.5616624      19683               2382 
    664500   1996.9508      272100.84     -203528.16      14172.976     -189355.19      1.5616624      19683               2382 
    665000   2011.3545      284534.1      -203651.87      14275.204     -189376.67      1.5616624      19683               2382 
    665500   1978.3425      285867.71     -203394.48      14040.907     -189353.57      1.5616624      19683               2382 
    666000   2017.8058      286949.02     -203577.32      14320.991     -189256.33      1.5616624      19683               2382 
    666500   2045.0661      281912.51     -203529.31      14514.466     -189014.84      1.5616624      19683               2382 
    667000   2064.5447      276833.96     -203418.28      14652.711     -188765.57      1.5616624      19683               2382 
    667500   2016.1768      292272.34     -202944.31      14309.429     -188634.88      1.5616624      19683               2382 
    668000   2017.762       276728.03     -202970.07      14320.68      -188649.39      1.5616624      19683               2382 
    668500   2052.2876      284173.95     -203349.62      14565.719     -188783.9       1.5616624      19683               2382 
    669000   2040.0796      268713.61     -203472.66      14479.075     -188993.58      1.5616624      19683               2382 
    669500   2008.2445      276446.76     -203510.56      14253.131     -189257.43      1.5616624      19683               2382 
    670000   1992.3566      287232.72     -203575.35      14140.37      -189434.98      1.5616624      19683               2382 
    670500   1943.7983      283678.18     -203283.44      13795.737     -189487.7       1.5616624      19683               2382 
    671000   1987.2151      283908.13     -203563.5       14103.879     -189459.63      1.5616624      19683               2382 
    671500   2022.6321      277355.45     -203699.05      14355.244     -189343.8       1.5616624      19683               2382 
    672000   1999.6173      279022.38     -203364.56      14191.901     -189172.66      1.5616624      19683               2382 
    672500   2008.1851      273814.48     -203278.96      14252.709     -189026.25      1.5616624      19683               2382 
    673000   2003.5188      280794.29     -203126.04      14219.592     -188906.45      1.5616624      19683               2382 
    673500   2069.079       276875.77     -203533.08      14684.892     -188848.19      1.5616624      19683               2382 
    674000   2027.1298      284007.94     -203296.56      14387.166     -188909.39      1.5616624      19683               2382 
    674500   2003.1451      280097.83     -203513.2       14216.939     -189296.26      1.5616624      19683               2382 
    675000   1964.5894      282170.01     -203602.37      13943.298     -189659.08      1.5616624      19683               2382 
    675500   1990.1928      278668.12     -203932.21      14125.012     -189807.2       1.5616624      19683               2382 
    676000   1932.2569      278284.74     -203538.34      13713.823     -189824.52      1.5616624      19683               2382 
    676500   1932.5043      287320.51     -203463.06      13715.58      -189747.48      1.5616624      19683               2382 
    677000   1996.0893      282107.41     -203693.89      14166.862     -189527.02      1.5616624      19683               2382 
    677500   1990.5793      276600.62     -203381.19      14127.756     -189253.44      1.5616624      19683               2382 
    678000   2048.0747      273536.15     -203588.91      14535.818     -189053.09      1.5616624      19683               2382 
    678500   1982.2498      294693.34     -203020.03      14068.638     -188951.4       1.5616624      19683               2382 
    679000   2037.0076      283460        -203352.21      14457.272     -188894.94      1.5616624      19683               2382 
    679500   2043.2873      280639.7      -203487.19      14501.841     -188985.35      1.5616624      19683               2382 
    680000   2032.3923      284424.52     -203628.59      14424.516     -189204.07      1.5616624      19683               2382 
    680500   1980.3378      277910.36     -203526.64      14055.069     -189471.58      1.5616624      19683               2382 
    681000   1963.3434      281251.36     -203561.84      13934.454     -189627.38      1.5616624      19683               2382 
    681500   1981.0597      261301.65     -203691.46      14060.192     -189631.27      1.5616624      19683               2382 
    682000   2006.268       279720.52     -203832.92      14239.103     -189593.81      1.5616624      19683               2382 
    682500   2012.549       261095.29     -203834.95      14283.681     -189551.27      1.5616624      19683               2382 
    683000   2029.6367      285689.1      -203904.67      14404.958     -189499.71      1.5616624      19683               2382 
    683500   1989.4309      280880.19     -203531.77      14119.605     -189412.17      1.5616624      19683               2382 
    684000   1988.2293      282237.65     -203372.11      14111.077     -189261.04      1.5616624      19683               2382 
    684500   2045.2066      297280.36     -203568.47      14515.463     -189053.01      1.5616624      19683               2382 
    685000   2030.0997      289206.59     -203224.85      14408.244     -188816.6       1.5616624      19683               2382 
    685500   2045.1459      283140.49     -203200.82      14515.032     -188685.79      1.5616624      19683               2382 
    686000   2044.3491      278723.5      -203236.5       14509.377     -188727.13      1.5616624      19683               2382 
    686500   2008.9208      276442.51     -203351.08      14257.931     -189093.15      1.5616624      19683               2382 
    687000   1997.9687      278444.6      -203614.57      14180.2       -189434.37      1.5616624      19683               2382 
    687500   1990.7145      269737.64     -203725.14      14128.715     -189596.42      1.5616624      19683               2382 
    688000   1944.761       280601.84     -203481.15      13802.569     -189678.58      1.5616624      19683               2382 
    688500   1999.0194      278824.87     -203882.55      14187.658     -189694.89      1.5616624      19683               2382 
    689000   1990.9958      281618.92     -203767.69      14130.712     -189636.98      1.5616624      19683               2382 
    689500   1983.7508      280091.87     -203543.2       14079.292     -189463.91      1.5616624      19683               2382 
    690000   2031.2272      273905.26     -203597.1       14416.247     -189180.85      1.5616624      19683               2382 
    690500   1998.0058      277770.57     -203136.22      14180.464     -188955.76      1.5616624      19683               2382 
    691000   2041.0165      285708.59     -203369.73      14485.724     -188884         1.5616624      19683               2382 
    691500   2013.734       295467.57     -203186.09      14292.092     -188893.99      1.5616624      19683               2382 
    692000   2033.8123      276713.79     -203430.31      14434.594     -188995.72      1.5616624      19683               2382 
    692500   1987.5578      282310.51     -203351.7       14106.311     -189245.39      1.5616624      19683               2382 
    693000   1955.4227      278620.8      -203431.18      13878.238     -189552.94      1.5616624      19683               2382 
    693500   1937.5809      280664.37     -203512.96      13751.61      -189761.35      1.5616624      19683               2382 
    694000   1977.3085      275134.96     -203815.35      14033.569     -189781.78      1.5616624      19683               2382 
    694500   1954.6282      265481.18     -203611.68      13872.6       -189739.08      1.5616624      19683               2382 
    695000   1954.016       270740.71     -203546.71      13868.255     -189678.45      1.5616624      19683               2382 
    695500   1940.6075      274920.61     -203363.26      13773.091     -189590.17      1.5616624      19683               2382 
    696000   1971.2003      282560.63     -203403.19      13990.217     -189412.98      1.5616624      19683               2382 
    696500   2008.4943      274926.37     -203426.08      14254.904     -189171.17      1.5616624      19683               2382 
    697000   2022.2452      285959.08     -203324.52      14352.498     -188972.02      1.5616624      19683               2382 
    697500   2010.5579      281308.05     -203154.15      14269.55      -188884.6       1.5616624      19683               2382 
    698000   2003.0859      284742.78     -203096.72      14216.519     -188880.2       1.5616624      19683               2382 
    698500   2037.9498      267339.8      -203432.8       14463.959     -188968.84      1.5616624      19683               2382 
    699000   1997.3153      280228.66     -203458.64      14175.563     -189283.07      1.5616624      19683               2382 
    699500   2019.0954      285295.46     -203944.08      14330.144     -189613.94      1.5616624      19683               2382 
    700000   1967.7682      275851.97     -203656.02      13965.859     -189690.16      1.5616624      19683               2382 
    700500   1965.7233      287744.77     -203594.2       13951.345     -189642.86      1.5616624      19683               2382 
    701000   1988.324       277252.11     -203615.49      14111.75      -189503.74      1.5616624      19683               2382 
    701500   1995.4428      280406.17     -203496.05      14162.274     -189333.78      1.5616624      19683               2382 
    702000   1969.3755      289821.46     -203146.35      13977.266     -189169.09      1.5616624      19683               2382 
    702500   1989.5382      282630.96     -203206.7       14120.367     -189086.34      1.5616624      19683               2382 
    703000   2068.5683      279899.64     -203751.13      14681.268     -189069.86      1.5616624      19683               2382 
    703500   1998.7082      284271.33     -203333.61      14185.449     -189148.16      1.5616624      19683               2382 
    704000   2003.5002      273741.54     -203488.47      14219.459     -189269.01      1.5616624      19683               2382 
    704500   1979.9627      270452.01     -203389.18      14052.407     -189336.77      1.5616624      19683               2382 
    705000   2000.2256      278813.68     -203546.81      14196.218     -189350.59      1.5616624      19683               2382 
    705500   2007.1121      275064.39     -203596.29      14245.094     -189351.2       1.5616624      19683               2382 
    706000   1996.3045      270658.86     -203510.2       14168.39      -189341.81      1.5616624      19683               2382 
    706500   1985.4696      280678.63     -203420.89      14091.49      -189329.4       1.5616624      19683               2382 
    707000   2037.0668      278116.64     -203781.88      14457.692     -189324.19      1.5616624      19683               2382 
    707500   1996.421       291282.35     -203490.5       14169.216     -189321.29      1.5616624      19683               2382 
    708000   1930.3594      289226.75     -202986.5       13700.357     -189286.14      1.5616624      19683               2382 
    708500   2005.0338      275374.61     -203408.78      14230.344     -189178.44      1.5616624      19683               2382 
    709000   2038.2348      289735.76     -203492.59      14465.981     -189026.6       1.5616624      19683               2382 
    709500   2048.4055      274353.52     -203486.88      14538.166     -188948.72      1.5616624      19683               2382 
    710000   2024.2114      275682.32     -203340.97      14366.453     -188974.51      1.5616624      19683               2382 
    710500   2000.8153      278537.42     -203354.89      14200.404     -189154.49      1.5616624      19683               2382 
    711000   1975.6512      286379.66     -203458.2       14021.807     -189436.4       1.5616624      19683               2382 
    711500   2000.5244      282991        -203807.69      14198.339     -189609.35      1.5616624      19683               2382 
    712000   1980.6241      282840.01     -203751.51      14057.1       -189694.41      1.5616624      19683               2382 
    712500   1967.2645      277155.29     -203632.56      13962.283     -189670.28      1.5616624      19683               2382 
    713000   1997.2621      283065.02     -203753.09      14175.186     -189577.9       1.5616624      19683               2382 
    713500   2004.5255      285339.07     -203663.2       14226.736     -189436.46      1.5616624      19683               2382 
    714000   2004.1895      279900.46     -203411.66      14224.352     -189187.3       1.5616624      19683               2382 
    714500   2073.8494      273320.69     -203516.72      14718.749     -188797.97      1.5616624      19683               2382 
    715000   2016.5069      289121.97     -202844.21      14311.772     -188532.43      1.5616624      19683               2382 
    715500   2063.1816      278124.4      -203149.89      14643.037     -188506.86      1.5616624      19683               2382 
    716000   2045.9877      282935.92     -203137.94      14521.006     -188616.94      1.5616624      19683               2382 
    716500   2026.0217      283246.7      -203133.71      14379.302     -188754.41      1.5616624      19683               2382 
    717000   2018.3105      288944.38     -203211.71      14324.573     -188887.13      1.5616624      19683               2382 
    717500   2036.7956      280867.17     -203515.73      14455.767     -189059.97      1.5616624      19683               2382 
    718000   1984.9414      280845.54     -203324.57      14087.742     -189236.82      1.5616624      19683               2382 
    718500   2022.2438      266169.22     -203733.98      14352.488     -189381.49      1.5616624      19683               2382 
    719000   1979.5985      275934.78     -203522.53      14049.822     -189472.71      1.5616624      19683               2382 
    719500   1994.3484      274494.97     -203648.94      14154.506     -189494.44      1.5616624      19683               2382 
    720000   2000.7793      282315.64     -203656.46      14200.149     -189456.31      1.5616624      19683               2382 
    720500   1991.4696      282676.4      -203464.39      14134.074     -189330.31      1.5616624      19683               2382 
    721000   2057.2151      283021.84     -203695.8       14600.691     -189095.11      1.5616624      19683               2382 
    721500   1998.7744      289330.08     -202996.73      14185.919     -188810.81      1.5616624      19683               2382 
    722000   2046.4285      284024.75     -203140.08      14524.135     -188615.94      1.5616624      19683               2382 
    722500   2054.7206      275997.66     -203194.6       14582.986     -188611.61      1.5616624      19683               2382 
    723000   2047.9175      284725.71     -203344.86      14534.702     -188810.16      1.5616624      19683               2382 
    723500   2031.0632      272337.66     -203572.9       14415.083     -189157.82      1.5616624      19683               2382 
    724000   2027.4792      279582.43     -203716.22      14389.646     -189326.58      1.5616624      19683               2382 
    724500   2043.4421      277601.38     -203883.92      14502.939     -189380.98      1.5616624      19683               2382 
    725000   1995.1627      289751.32     -203598.12      14160.285     -189437.83      1.5616624      19683               2382 
    725500   1984.0186      287848.62     -203563.5       14081.193     -189482.31      1.5616624      19683               2382 
    726000   1984.4105      280017.13     -203585.96      14083.974     -189501.98      1.5616624      19683               2382 
    726500   2005.3153      290831.93     -203770.85      14232.341     -189538.51      1.5616624      19683               2382 
    727000   1949.6704      277497.16     -203435.36      13837.413     -189597.94      1.5616624      19683               2382 
    727500   1933.7591      276955.99     -203341.57      13724.486     -189617.09      1.5616624      19683               2382 
    728000   2012.334       271990.74     -203829.97      14282.156     -189547.81      1.5616624      19683               2382 
    728500   1981.8593      266416.91     -203531.46      14065.868     -189465.59      1.5616624      19683               2382 
    729000   1975.3404      289240.56     -203326.22      14019.6       -189306.62      1.5616624      19683               2382 
    729500   2027.131       278592.23     -203471.76      14387.175     -189084.59      1.5616624      19683               2382 
    730000   2009.3329      282429.96     -203152.27      14260.856     -188891.41      1.5616624      19683               2382 
    730500   2010.3454      279440.55     -203036.71      14268.042     -188768.67      1.5616624      19683               2382 
    731000   2053.2931      284665.19     -203304         14572.855     -188731.14      1.5616624      19683               2382 
    731500   2030.3543      290169.04     -203265.83      14410.051     -188855.77      1.5616624      19683               2382 
    732000   2022.4424      282283.09     -203584.4       14353.898     -189230.5       1.5616624      19683               2382 
    732500   1985.6933      273359.71     -203661.43      14093.078     -189568.35      1.5616624      19683               2382 
    733000   1974.8967      271329.19     -203689.91      14016.452     -189673.46      1.5616624      19683               2382 
    733500   2007.8747      282708.01     -203919.19      14250.507     -189668.68      1.5616624      19683               2382 
    734000   1977.9296      274329.61     -203637.69      14037.977     -189599.71      1.5616624      19683               2382 
    734500   1984.0513      275389.81     -203562.56      14081.425     -189481.13      1.5616624      19683               2382 
    735000   1982.1071      273480.91     -203341.14      14067.626     -189273.52      1.5616624      19683               2382 
    735500   2021.4473      280175.85     -203402.27      14346.835     -189055.44      1.5616624      19683               2382 
    736000   2045.9579      276822.13     -203438.47      14520.795     -188917.67      1.5616624      19683               2382 
    736500   2002.7379      287461.59     -203130.28      14214.049     -188916.23      1.5616624      19683               2382 
    737000   2026.5714      280035.84     -203453.14      14383.203     -189069.94      1.5616624      19683               2382 
    737500   1962.7761      279138.08     -203410.77      13930.428     -189480.34      1.5616624      19683               2382 
    738000   1958.7335      281400.04     -203645.79      13901.736     -189744.06      1.5616624      19683               2382 
    738500   1979.4071      281897.08     -203877.71      14048.463     -189829.25      1.5616624      19683               2382 
    739000   1970.1686      270543.96     -203814.45      13982.895     -189831.55      1.5616624      19683               2382 
    739500   1943.9324      281137.42     -203502.95      13796.688     -189706.26      1.5616624      19683               2382 
    740000   1980.9881      275583.21     -203615.3       14059.684     -189555.61      1.5616624      19683               2382 
    740500   2008.2183      274828.59     -203644.47      14252.945     -189391.52      1.5616624      19683               2382 
    741000   2024.7616      285483.49     -203599.23      14370.358     -189228.87      1.5616624      19683               2382 
    741500   2022.9895      275538.19     -203435.68      14357.781     -189077.9       1.5616624      19683               2382 
    742000   2044.7421      291821.15     -203436.61      14512.166     -188924.45      1.5616624      19683               2382 
    742500   2056.2664      281873.01     -203445.86      14593.958     -188851.91      1.5616624      19683               2382 
    743000   1985.4303      292900.29     -203066.93      14091.212     -188975.72      1.5616624      19683               2382 
    743500   1998.2716      281554.34     -203475.57      14182.35      -189293.22      1.5616624      19683               2382 
    744000   1997.9844      275468.2      -203746.56      14180.312     -189566.25      1.5616624      19683               2382 
    744500   1952.8309      270394.1      -203617.74      13859.844     -189757.9       1.5616624      19683               2382 
    745000   1951.7088      277261.84     -203682.91      13851.88      -189831.03      1.5616624      19683               2382 
    745500   1988.9127      285149.61     -203959.2       14115.927     -189843.27      1.5616624      19683               2382 
    746000   1943.6455      282412.23     -203590.7       13794.652     -189796.05      1.5616624      19683               2382 
    746500   2004.4082      269193.6      -203846.62      14225.904     -189620.71      1.5616624      19683               2382 
    747000   2060.4019      285259.12     -203995.54      14623.309     -189372.23      1.5616624      19683               2382 
    747500   2044.5883      273147.4      -203630.45      14511.074     -189119.38      1.5616624      19683               2382 
    748000   2036.1336      286586.02     -203357.88      14451.069     -188906.82      1.5616624      19683               2382 
    748500   2056.6502      288843.84     -203381.56      14596.681     -188784.88      1.5616624      19683               2382 
    749000   2045.6566      274998.66     -203433.69      14518.657     -188915.04      1.5616624      19683               2382 
    749500   1997.6582      277527.47     -203602.88      14177.997     -189424.88      1.5616624      19683               2382 
    750000   1990.6491      279504.44     -203801.82      14128.251     -189673.57      1.5616624      19683               2382 
    750500   2003.3417      272631.07     -203926.27      14218.335     -189707.93      1.5616624      19683               2382 
    751000   1983.0654      278246.24     -203811.11      14074.428     -189736.68      1.5616624      19683               2382 
    751500   1933.8951      269795.7      -203424.47      13725.451     -189699.02      1.5616624      19683               2382 
    752000   1980.3535      280399.28     -203596.53      14055.18      -189541.35      1.5616624      19683               2382 
    752500   2059.742       285279.28     -203970.37      14618.625     -189351.75      1.5616624      19683               2382 
    753000   1980.886       272231.87     -203228.25      14058.959     -189169.29      1.5616624      19683               2382 
    753500   2052.4465      278099.44     -203627.71      14566.846     -189060.86      1.5616624      19683               2382 
    754000   2005.5046      278561.93     -203307.14      14233.685     -189073.45      1.5616624      19683               2382 
    754500   2032.1174      272290.56     -203668.18      14422.565     -189245.62      1.5616624      19683               2382 
    755000   2038.245       281902.84     -204064.75      14466.054     -189598.7       1.5616624      19683               2382 
    755500   1998.5573      278655.08     -204020.26      14184.378     -189835.89      1.5616624      19683               2382 
    756000   1978.4868      275551.64     -203993.09      14041.932     -189951.16      1.5616624      19683               2382 
    756500   1944.2443      284156.59     -203740.85      13798.902     -189941.94      1.5616624      19683               2382 
    757000   2002.9279      276767.75     -204016.22      14215.398     -189800.83      1.5616624      19683               2382 
    757500   1986.6932      279358.11     -203733.81      14100.175     -189633.63      1.5616624      19683               2382 
    758000   1983.1721      276520.58     -203521.27      14075.185     -189446.08      1.5616624      19683               2382 
    758500   2014.7637      278546.85     -203571.3       14299.4       -189271.9       1.5616624      19683               2382 
    759000   2007.3784      275422.39     -203402.22      14246.984     -189155.23      1.5616624      19683               2382 
    759500   2053.7887      273187.08     -203659.66      14576.372     -189083.29      1.5616624      19683               2382 
    760000   2053.4098      276904.3      -203699.7       14573.683     -189126.02      1.5616624      19683               2382 
    760500   2058.579       290943.95     -203943.64      14610.371     -189333.27      1.5616624      19683               2382 
    761000   1976.8206      284543.63     -203666.01      14030.106     -189635.9       1.5616624      19683               2382 
    761500   1955.3512      269683.52     -203700.6       13877.731     -189822.87      1.5616624      19683               2382 
    762000   1964.3809      283678.86     -203832.08      13941.818     -189890.27      1.5616624      19683               2382 
    762500   1975.9416      281085.94     -203867.31      14023.867     -189843.44      1.5616624      19683               2382 
    763000   1957.9737      277906.61     -203586.05      13896.344     -189689.71      1.5616624      19683               2382 
    763500   1987.8594      284432.51     -203605.38      14108.452     -189496.93      1.5616624      19683               2382 
    764000   2038.5561      274948.88     -203783.6       14468.262     -189315.34      1.5616624      19683               2382 
    764500   2008.5059      282608.31     -203446.24      14254.986     -189191.25      1.5616624      19683               2382 
    765000   2051.6268      292776.25     -203657.83      14561.029     -189096.81      1.5616624      19683               2382 
    765500   2057.9998      278486.08     -203668.2       14606.26      -189061.94      1.5616624      19683               2382 
    766000   2029.968       277209.08     -203578.73      14407.31      -189171.42      1.5616624      19683               2382 
    766500   1983.8912      278106.21     -203561.05      14080.288     -189480.76      1.5616624      19683               2382 
    767000   1973.0416      274343.4      -203762.42      14003.286     -189759.14      1.5616624      19683               2382 
    767500   2010.2514      264804.09     -204204.01      14267.375     -189936.64      1.5616624      19683               2382 
    768000   1935.2971      276578.38     -203753.5       13735.401     -190018.1       1.5616624      19683               2382 
    768500   1961.9654      273169.18     -203906.02      13924.674     -189981.35      1.5616624      19683               2382 
    769000   1973.82        278123.67     -203847.97      14008.81      -189839.16      1.5616624      19683               2382 
    769500   2008.3686      281209.83     -203799.39      14254.012     -189545.38      1.5616624      19683               2382 
    770000   2003.1758      282659.1      -203503.31      14217.157     -189286.15      1.5616624      19683               2382 
    770500   2005.34        273685.17     -203460.07      14232.517     -189227.56      1.5616624      19683               2382 
    771000   2010.3575      277878.35     -203527.83      14268.128     -189259.7       1.5616624      19683               2382 
    771500   2018.5527      279140.47     -203642.47      14326.292     -189316.18      1.5616624      19683               2382 
    772000   2002.9514      269747.76     -203632.88      14215.565     -189417.31      1.5616624      19683               2382 
    772500   2017.4056      280211        -203880.55      14318.151     -189562.4       1.5616624      19683               2382 
    773000   1977.2543      288348.21     -203752.85      14033.184     -189719.66      1.5616624      19683               2382 
    773500   2058.4754      273066.43     -204403.11      14609.635     -189793.47      1.5616624      19683               2382 
    774000   1972.6462      277020.17     -203797.9       14000.479     -189797.42      1.5616624      19683               2382 
    774500   1960.667       281361.27     -203650.73      13915.459     -189735.28      1.5616624      19683               2382 
    775000   2028.5288      284565.05     -204027.15      14397.095     -189630.06      1.5616624      19683               2382 
    775500   2015.5046      290292.67     -203885.59      14304.658     -189580.93      1.5616624      19683               2382 
    776000   1996.0062      282091.4      -203723.76      14166.273     -189557.49      1.5616624      19683               2382 
    776500   2025.8431      287824.45     -203885.76      14378.034     -189507.72      1.5616624      19683               2382 
    777000   1992.6462      288470.39     -203619.42      14142.425     -189476.99      1.5616624      19683               2382 
    777500   2002.388       291755.28     -203623.77      14211.566     -189412.21      1.5616624      19683               2382 
    778000   2013.6546      284267.79     -203592.74      14291.529     -189301.22      1.5616624      19683               2382 
    778500   2043.7118      277265.69     -203750.13      14504.854     -189245.28      1.5616624      19683               2382 
    779000   2015.3561      288685.3      -203601.89      14303.604     -189298.29      1.5616624      19683               2382 
    779500   1960.2017      279869.06     -203379.04      13912.157     -189466.88      1.5616624      19683               2382 
    780000   2008.4043      272090.18     -203891.99      14254.265     -189637.72      1.5616624      19683               2382 
    780500   2002.7242      265907.32     -204068.38      14213.952     -189854.43      1.5616624      19683               2382 
    781000   2004.1157      274793.88     -204211.65      14223.828     -189987.82      1.5616624      19683               2382 
    781500   2034.5248      267252.86     -204545.38      14439.65      -190105.73      1.5616624      19683               2382 
    782000   1994.6902      278438.58     -204262.69      14156.932     -190105.76      1.5616624      19683               2382 
    782500   2008.1335      278484.5      -204296.97      14252.343     -190044.63      1.5616624      19683               2382 
    783000   1994.1851      278386.45     -203972.62      14153.347     -189819.27      1.5616624      19683               2382 
    783500   2067.0303      286266.31     -204048.12      14670.352     -189377.77      1.5616624      19683               2382 
    784000   2078.2281      287616.4      -203882.95      14749.826     -189133.13      1.5616624      19683               2382 
    784500   2034.4923      280115.2      -203547.96      14439.42      -189108.54      1.5616624      19683               2382 
    785000   2056.1922      289822.37     -203779.68      14593.431     -189186.25      1.5616624      19683               2382 
    785500   1997.2227      278133.22     -203567.25      14174.906     -189392.34      1.5616624      19683               2382 
    786000   2032.9833      280505.73     -204057.3       14428.71      -189628.59      1.5616624      19683               2382 
    786500   1976.3285      282852.06     -203814.37      14026.614     -189787.76      1.5616624      19683               2382 
    787000   1993.3498      272582.93     -203984.59      14147.419     -189837.17      1.5616624      19683               2382 
    787500   1940.6593      280884.75     -203579.24      13773.458     -189805.78      1.5616624      19683               2382 
    788000   1997.4975      281407.49     -203848.88      14176.856     -189672.02      1.5616624      19683               2382 
    788500   1996.7354      283962.08     -203699.85      14171.448     -189528.4       1.5616624      19683               2382 
    789000   2024.0533      284188.69     -203793.57      14365.331     -189428.24      1.5616624      19683               2382 
    789500   2014.0468      282307.49     -203704.99      14294.312     -189410.67      1.5616624      19683               2382 
    790000   2018.4131      276028        -203771.99      14325.301     -189446.69      1.5616624      19683               2382 
    790500   2023.5942      274520.28     -203933.18      14362.073     -189571.11      1.5616624      19683               2382 
    791000   1917.1205      290520        -203355.68      13606.396     -189749.29      1.5616624      19683               2382 
    791500   1986.2909      276077.28     -204011.39      14097.319     -189914.07      1.5616624      19683               2382 
    792000   1971.1134      279105.85     -203974.8       13989.601     -189985.2       1.5616624      19683               2382 
    792500   1958.0904      284061.92     -203869.09      13897.172     -189971.92      1.5616624      19683               2382 
    793000   2005.6727      281880.84     -204053.28      14234.878     -189818.4       1.5616624      19683               2382 
    793500   2016.9137      271541.58     -203862.08      14314.66      -189547.42      1.5616624      19683               2382 
    794000   2057.4744      275498.93     -203869.19      14602.531     -189266.66      1.5616624      19683               2382 
    794500   2047.4305      283128.59     -203666.01      14531.247     -189134.76      1.5616624      19683               2382 
    795000   2021.2554      282192.68     -203504.63      14345.474     -189159.16      1.5616624      19683               2382 
    795500   2021.1115      282900.8      -203619.36      14344.453     -189274.9       1.5616624      19683               2382 
    796000   2016.3278      292504.88     -203701.01      14310.501     -189390.51      1.5616624      19683               2382 
    796500   2011.7768      277059.32     -203711.45      14278.201     -189433.25      1.5616624      19683               2382 
    797000   2049.5049      278508.02     -204034.4       14545.969     -189488.43      1.5616624      19683               2382 
    797500   2029.1228      273444.7      -203921.41      14401.311     -189520.1       1.5616624      19683               2382 
    798000   2009.1345      279041.22     -203786.39      14259.448     -189526.95      1.5616624      19683               2382 
    798500   1966.7638      282782.61     -203518.03      13958.73      -189559.3       1.5616624      19683               2382 
    799000   2013.8327      280319.77     -203870.82      14292.793     -189578.03      1.5616624      19683               2382 
    799500   1948.9707      288906.28     -203463.59      13832.447     -189631.14      1.5616624      19683               2382 
    800000   1981.1056      277987.94     -203766.86      14060.518     -189706.34      1.5616624      19683               2382 
    800500   1975.2193      288623.82     -203764.56      14018.741     -189745.82      1.5616624      19683               2382 
    801000   1996.0872      280532.06     -203926.72      14166.847     -189759.87      1.5616624      19683               2382 
    801500   2021.876       279846.89     -204079.93      14349.878     -189730.06      1.5616624      19683               2382 
    802000   1997.9777      264837.69     -203722.93      14180.265     -189542.67      1.5616624      19683               2382 
    802500   2012.6373      286332.3      -203574.76      14284.309     -189290.45      1.5616624      19683               2382 
    803000   2047.0934      278236.9      -203601.85      14528.854     -189073         1.5616624      19683               2382 
    803500   2015.6699      278926.26     -203306.07      14305.831     -189000.24      1.5616624      19683               2382 
    804000   1996.7781      285601.48     -203253.12      14171.75      -189081.37      1.5616624      19683               2382 
    804500   2051.8892      283432.64     -203865.91      14562.891     -189303.02      1.5616624      19683               2382 
    805000   1987.9203      281968.55     -203613.43      14108.884     -189504.54      1.5616624      19683               2382 
    805500   2013.3673      290272.75     -203937.12      14289.49      -189647.63      1.5616624      19683               2382 
    806000   2004.4376      285726.39     -203964.13      14226.112     -189738.02      1.5616624      19683               2382 
    806500   2023.6305      269795.87     -204174.9       14362.33      -189812.56      1.5616624      19683               2382 
    807000   1978.153       280708.9      -203870.74      14039.563     -189831.18      1.5616624      19683               2382 
    807500   1995.9253      280208.65     -203996.19      14165.698     -189830.49      1.5616624      19683               2382 
    808000   1943.5822      281526.59     -203662.31      13794.203     -189868.11      1.5616624      19683               2382 
    808500   2001.7892      289212.67     -204099.3       14207.316     -189891.98      1.5616624      19683               2382 
    809000   1958.0359      284849.26     -203795.99      13896.785     -189899.21      1.5616624      19683               2382 
    809500   1982.5768      280409.31     -203899.78      14070.959     -189828.82      1.5616624      19683               2382 
    810000   1973.1355      287604.78     -203752.33      14003.952     -189748.38      1.5616624      19683               2382 
    810500   2018.5282      278797.82     -203930.83      14326.118     -189604.71      1.5616624      19683               2382 
    811000   2022.2771      280669.93     -203828.68      14352.725     -189475.96      1.5616624      19683               2382 
    811500   2000.3841      273345.66     -203549.11      14197.344     -189351.77      1.5616624      19683               2382 
    812000   2050.1471      280679.05     -203886.67      14550.527     -189336.14      1.5616624      19683               2382 
    812500   2036.759       291373.12     -203947.53      14455.507     -189492.02      1.5616624      19683               2382 
    813000   1952.5588      281642.71     -203650.86      13857.913     -189792.94      1.5616624      19683               2382 
    813500   1991.2302      279583.72     -204104.27      14132.375     -189971.9       1.5616624      19683               2382 
    814000   1981.6846      272687        -204060.22      14064.627     -189995.59      1.5616624      19683               2382 
    814500   1963.2827      283078.9      -203849.88      13934.023     -189915.86      1.5616624      19683               2382 
    815000   1999.8608      280685.98     -203944.9       14193.63      -189751.27      1.5616624      19683               2382 
    815500   1969.6218      282187.66     -203598.67      13979.014     -189619.65      1.5616624      19683               2382 
    816000   1993.829       281815.42     -203633.81      14150.82      -189482.99      1.5616624      19683               2382 
    816500   2023.2735      285707.01     -203740.42      14359.797     -189380.63      1.5616624      19683               2382 
    817000   2043.0599      275361.84     -203875.18      14500.227     -189374.96      1.5616624      19683               2382 
    817500   1989.6198      276167.08     -203554         14120.946     -189433.05      1.5616624      19683               2382 
    818000   2014.743       281907.55     -203749.14      14299.253     -189449.88      1.5616624      19683               2382 
    818500   2030.4171      270859.1      -203903.75      14410.497     -189493.25      1.5616624      19683               2382 
    819000   1971.7722      275223.03     -203505.47      13994.276     -189511.19      1.5616624      19683               2382 
    819500   2005.6489      284776.1      -203718.96      14234.709     -189484.25      1.5616624      19683               2382 
    820000   2005.5647      297932.77     -203647.65      14234.112     -189413.54      1.5616624      19683               2382 
    820500   2003.309       285438.69     -203561.35      14218.103     -189343.25      1.5616624      19683               2382 
    821000   2018.4843      278985.52     -203668.48      14325.806     -189342.68      1.5616624      19683               2382 
    821500   1990.4696      282528.93     -203575.47      14126.977     -189448.49      1.5616624      19683               2382 
    822000   2011.6055      290678.71     -203989.09      14276.985     -189712.11      1.5616624      19683               2382 
    822500   1940.3313      286321.35     -203778.04      13771.13      -190006.91      1.5616624      19683               2382 
    823000   2006.2704      275546.14     -204306.3       14239.12      -190067.18      1.5616624      19683               2382 
    823500   1973.4776      276411.79     -204009.1       14006.38      -190002.72      1.5616624      19683               2382 
    824000   1976.2589      281681.08     -203877.2       14026.119     -189851.08      1.5616624      19683               2382 
    824500   2052.2184      273988.94     -204175.75      14565.228     -189610.52      1.5616624      19683               2382 
    825000   2012.0434      276794.32     -203708.18      14280.093     -189428.09      1.5616624      19683               2382 
    825500   2021.9397      285588.34     -203677.11      14350.33      -189326.78      1.5616624      19683               2382 
    826000   2062.2931      271077.01     -203966.92      14636.731     -189330.19      1.5616624      19683               2382 
    826500   2023.0565      287909.85     -203824.89      14358.257     -189466.64      1.5616624      19683               2382 
    827000   2045.5165      283040.36     -204166.93      14517.662     -189649.27      1.5616624      19683               2382 
    827500   2005.6371      277836.13     -203934.83      14234.626     -189700.21      1.5616624      19683               2382 
    828000   2015.794       270248.85     -204038.47      14306.712     -189731.76      1.5616624      19683               2382 
    828500   1994.0946      280027.11     -203903.35      14152.705     -189750.65      1.5616624      19683               2382 
    829000   2007.2586      286108.17     -204020.41      14246.134     -189774.28      1.5616624      19683               2382 
    829500   2003.8584      284676.19     -203988.63      14222.002     -189766.63      1.5616624      19683               2382 
    830000   1986.0933      285778.57     -203815.14      14095.917     -189719.22      1.5616624      19683               2382 
    830500   2033.1         288692.14     -204080.9       14429.539     -189651.36      1.5616624      19683               2382 
    831000   1975.295       281546.69     -203549.92      14019.279     -189530.64      1.5616624      19683               2382 
    831500   2025.9954      281277.87     -203730.23      14379.115     -189351.11      1.5616624      19683               2382 
    832000   2003.5305      286237.16     -203362.5       14219.675     -189142.83      1.5616624      19683               2382 
    832500   2077.503       279562.58     -203731.46      14744.68      -188986.78      1.5616624      19683               2382 
    833000   2022.8929      281641.57     -203363.94      14357.095     -189006.85      1.5616624      19683               2382 
    833500   2037.5158      288783.22     -203724.88      14460.879     -189264         1.5616624      19683               2382 
    834000   1971.5843      280801.75     -203621.45      13992.943     -189628.51      1.5616624      19683               2382 
    834500   2008.9728      282836.2      -204029.15      14258.3       -189770.84      1.5616624      19683               2382 
    835000   1947.5455      283474.72     -203632.91      13822.331     -189810.58      1.5616624      19683               2382 
    835500   1977.6976      277893.89     -203853.43      14036.33      -189817.1       1.5616624      19683               2382 
    836000   1996.4345      283389.42     -203940.07      14169.312     -189770.75      1.5616624      19683               2382 
    836500   2023.9054      276433.42     -204037.19      14364.282     -189672.9       1.5616624      19683               2382 
    837000   2012.3275      278129.5      -203814.89      14282.11      -189532.78      1.5616624      19683               2382 
    837500   2015.6189      284919.43     -203593.46      14305.47      -189287.99      1.5616624      19683               2382 
    838000   2018.2681      291277.94     -203358.28      14324.272     -189034.01      1.5616624      19683               2382 
    838500   2066.3874      284284.45     -203540.43      14665.79      -188874.64      1.5616624      19683               2382 
    839000   2038.9919      288756.83     -203377.19      14471.355     -188905.84      1.5616624      19683               2382 
    839500   2044.2397      286931.53     -203734.89      14508.6       -189226.29      1.5616624      19683               2382 
    840000   2004.6965      284688.51     -203836.67      14227.95      -189608.72      1.5616624      19683               2382 
    840500   2003.5458      282592.2      -203921.92      14219.783     -189702.14      1.5616624      19683               2382 
    841000   1989.7157      282759.74     -203836.36      14121.627     -189714.73      1.5616624      19683               2382 
    841500   1973.9793      280425.35     -203729.36      14009.941     -189719.41      1.5616624      19683               2382 
    842000   2009.8223      284299.84     -203975.96      14264.329     -189711.63      1.5616624      19683               2382 
    842500   1965.457       269753.43     -203640.51      13949.455     -189691.06      1.5616624      19683               2382 
    843000   1943.3821      286137.69     -203454.25      13792.783     -189661.46      1.5616624      19683               2382 
    843500   2008.9216      284099.95     -203883.58      14257.937     -189625.64      1.5616624      19683               2382 
    844000   1981.0014      283481.89     -203614.69      14059.779     -189554.91      1.5616624      19683               2382 
    844500   1985.5933      289138.97     -203573.15      14092.369     -189480.78      1.5616624      19683               2382 
    845000   2020.9198      289476.15     -203704.9       14343.092     -189361.81      1.5616624      19683               2382 
    845500   2039.1414      283008.58     -203725.93      14472.416     -189253.51      1.5616624      19683               2382 
    846000   2043.4722      279535.65     -203792.44      14503.153     -189289.29      1.5616624      19683               2382 
    846500   2023.9834      284397.09     -203817.83      14364.835     -189453         1.5616624      19683               2382 
    847000   1993.1182      277225.37     -203845.88      14145.775     -189700.1       1.5616624      19683               2382 
    847500   1958.857       268168.32     -203795.51      13902.613     -189892.89      1.5616624      19683               2382 
    848000   1989.053       275053.44     -204127.6       14116.923     -190010.68      1.5616624      19683               2382 
    848500   1968.0829      273400.64     -204010.88      13968.092     -190042.79      1.5616624      19683               2382 
    849000   1954.0398      274617.75     -203875.72      13868.424     -190007.3       1.5616624      19683               2382 
    849500   1946.2227      278167.49     -203646.7       13812.943     -189833.76      1.5616624      19683               2382 
    850000   2006.6453      275386.24     -203828.45      14241.781     -189586.66      1.5616624      19683               2382 
    850500   2001.491       287651.34     -203668.73      14205.199     -189463.53      1.5616624      19683               2382 
    851000   1996.6981      280216.61     -203574.86      14171.183     -189403.67      1.5616624      19683               2382 
    851500   1987.8126      291910.9      -203476.45      14108.119     -189368.33      1.5616624      19683               2382 
    852000   2061.1217      283736.43     -203984.7       14628.417     -189356.28      1.5616624      19683               2382 
    852500   2011.6882      286755.5      -203667.11      14277.572     -189389.54      1.5616624      19683               2382 
    853000   2002.2292      291974.71     -203794.48      14210.439     -189584.04      1.5616624      19683               2382 
    853500   2014.4197      262570.28     -204135.58      14296.959     -189838.62      1.5616624      19683               2382 
    854000   1987.9863      274870.12     -204126.74      14109.353     -190017.39      1.5616624      19683               2382 
    854500   1932.1775      271710.39     -203836.85      13713.26      -190123.59      1.5616624      19683               2382 
    855000   1932.6134      272812.62     -203811.17      13716.354     -190094.82      1.5616624      19683               2382 
    855500   1952.0128      275176        -203877.29      13854.037     -190023.26      1.5616624      19683               2382 
    856000   1968.1966      267190.3      -203862.23      13968.899     -189893.33      1.5616624      19683               2382 
    856500   2012.6271      270274.22     -204017.14      14284.236     -189732.9       1.5616624      19683               2382 
    857000   2025.6379      284004.06     -203992.37      14376.578     -189615.79      1.5616624      19683               2382 
    857500   2001.3182      286425.17     -203769.83      14203.973     -189565.86      1.5616624      19683               2382 
    858000   1985.6757      281711.05     -203618.74      14092.953     -189525.78      1.5616624      19683               2382 
    858500   2017.4941      279082.93     -203833.36      14318.778     -189514.58      1.5616624      19683               2382 
    859000   2013.4392      277718.4      -203846.85      14289.999     -189556.85      1.5616624      19683               2382 
    859500   2032.5857      279191.02     -204058.17      14425.888     -189632.28      1.5616624      19683               2382 
    860000   1959.9584      267739.7      -203684.09      13910.43      -189773.66      1.5616624      19683               2382 
    860500   2008.8926      285608.22     -204233.11      14257.731     -189975.38      1.5616624      19683               2382 
    861000   1941.8807      272047.47     -204008.25      13782.127     -190226.12      1.5616624      19683               2382 
    861500   1952.0449      275112.8      -204284.47      13854.265     -190430.2       1.5616624      19683               2382 
    862000   1973.1046      276878.81     -204525.67      14003.732     -190521.94      1.5616624      19683               2382 
    862500   1914.7752      281620.13     -204096.38      13589.751     -190506.63      1.5616624      19683               2382 
    863000   1972.2932      274300.53     -204156.8       13997.974     -190158.82      1.5616624      19683               2382 
    863500   2005.6144      273156.37     -203938.8       14234.465     -189704.33      1.5616624      19683               2382 
    864000   2023.8766      278675.71     -203833.93      14364.077     -189469.86      1.5616624      19683               2382 
    864500   2020.1773      285489.63     -203688.77      14337.822     -189350.95      1.5616624      19683               2382 
    865000   2032.0767      280198.82     -203706.59      14422.275     -189284.32      1.5616624      19683               2382 
    865500   2047.491       278796.53     -203826.93      14531.676     -189295.25      1.5616624      19683               2382 
    866000   2054.1918      291876.95     -204027.03      14579.233     -189447.8       1.5616624      19683               2382 
    866500   1980.1739      278392.54     -203703.6       14053.906     -189649.7       1.5616624      19683               2382 
    867000   1963.6862      283079.83     -203754.34      13936.887     -189817.45      1.5616624      19683               2382 
    867500   1955.6368      292071.57     -203794.57      13879.758     -189914.81      1.5616624      19683               2382 
    868000   1971.087       286446.64     -203894.78      13989.413     -189905.36      1.5616624      19683               2382 
    868500   2020.0919      275962.67     -204178.01      14337.216     -189840.79      1.5616624      19683               2382 
    869000   1993.6545      270961.33     -203851.82      14149.581     -189702.24      1.5616624      19683               2382 
    869500   2057.4047      284321.49     -203932.56      14602.036     -189330.52      1.5616624      19683               2382 
    870000   2034.7718      288017.93     -203490.76      14441.404     -189049.36      1.5616624      19683               2382 
    870500   2048.3242      281655.55     -203523         14537.589     -188985.41      1.5616624      19683               2382 
    871000   2055.175       297132.81     -203719.68      14586.212     -189133.47      1.5616624      19683               2382 
    871500   2010.825       278073.81     -203651.74      14271.446     -189380.29      1.5616624      19683               2382 
    872000   2029.4347      280818.79     -203946.15      14403.525     -189542.62      1.5616624      19683               2382 
    872500   2018.1411      290680.06     -203942.66      14323.37      -189619.29      1.5616624      19683               2382 
    873000   2025.2848      276743.26     -204037.8       14374.072     -189663.72      1.5616624      19683               2382 
    873500   2029.6429      280235.53     -204082.31      14405.002     -189677.3       1.5616624      19683               2382 
    874000   2034.7291      283901.85     -204123.49      14441.101     -189682.39      1.5616624      19683               2382 
    874500   1991.8626      279820.42     -203880.23      14136.864     -189743.37      1.5616624      19683               2382 
    875000   1976.3562      268960.34     -203902.77      14026.81      -189875.96      1.5616624      19683               2382 
    875500   1965.812       284345.27     -204057.01      13951.974     -190105.03      1.5616624      19683               2382 
    876000   1941.6502      270978.6      -204078.52      13780.491     -190298.03      1.5616624      19683               2382 
    876500   1960.5773      278261.81     -204257.43      13914.822     -190342.61      1.5616624      19683               2382 
    877000   1988.6708      279415.71     -204273.23      14114.211     -190159.02      1.5616624      19683               2382 
    877500   2007.2977      286714.49     -204052.54      14246.412     -189806.13      1.5616624      19683               2382 
    878000   1992.0679      280781        -203671.31      14138.321     -189532.99      1.5616624      19683               2382 
    878500   2039.2078      272301.36     -203928.95      14472.887     -189456.06      1.5616624      19683               2382 
    879000   2007.4224      288074.24     -203709.14      14247.296     -189461.84      1.5616624      19683               2382 
    879500   2031.4512      282789.79     -203956.95      14417.836     -189539.11      1.5616624      19683               2382 
    880000   1978.6577      264192.59     -203692.67      14043.145     -189649.53      1.5616624      19683               2382 
    880500   2008.7991      275701.21     -204017.18      14257.067     -189760.11      1.5616624      19683               2382 
    881000   1959.9002      281589.78     -203812.36      13910.017     -189902.34      1.5616624      19683               2382 
    881500   1990.4936      286541.21     -204159.12      14127.148     -190031.97      1.5616624      19683               2382 
    882000   1978.6683      271529.82     -204293.67      14043.22      -190250.45      1.5616624      19683               2382 
    882500   1907.7901      272769.52     -204046.36      13540.175     -190506.19      1.5616624      19683               2382 
    883000   1969.537       262619.22     -204543.75      13978.412     -190565.34      1.5616624      19683               2382 
    883500   1926.9999      271439.9      -204121.39      13676.513     -190444.88      1.5616624      19683               2382 
    884000   1964.5639      277849.83     -204022.5       13943.116     -190079.38      1.5616624      19683               2382 
    884500   1984.5443      276643.22     -203847.24      14084.923     -189762.32      1.5616624      19683               2382 
    885000   1986.1811      289318.8      -203738.77      14096.541     -189642.23      1.5616624      19683               2382 
    885500   1983.8803      280426.14     -203635.16      14080.211     -189554.95      1.5616624      19683               2382 
    886000   2033.0737      271245.34     -203899.51      14429.352     -189470.16      1.5616624      19683               2382 
    886500   2076.6085      285323.77     -204205.6       14738.332     -189467.27      1.5616624      19683               2382 
    887000   1988.641       275659.57     -203702.86      14113.999     -189588.86      1.5616624      19683               2382 
    887500   2021.2292      271722.14     -204161.36      14345.288     -189816.07      1.5616624      19683               2382 
    888000   1970.0773      272964.21     -204020.62      13982.246     -190038.38      1.5616624      19683               2382 
    888500   1926.8894      279106.38     -203840.69      13675.729     -190164.96      1.5616624      19683               2382 
    889000   1986.4219      279819.06     -204240.26      14098.25      -190142.01      1.5616624      19683               2382 
    889500   1957.3746      276036.14     -203910.63      13892.092     -190018.54      1.5616624      19683               2382 
    890000   1921.9731      275891.46     -203532.13      13640.837     -189891.29      1.5616624      19683               2382 
    890500   1980.1905      279094.75     -203812.94      14054.023     -189758.92      1.5616624      19683               2382 
    891000   1982.9834      267205.34     -203730.76      14073.845     -189656.92      1.5616624      19683               2382 
    891500   2000.3934      274385.98     -203711.62      14197.409     -189514.21      1.5616624      19683               2382 
    892000   2002.9189      272892.94     -203628.7       14215.334     -189413.36      1.5616624      19683               2382 
    892500   2023.4947      279454.64     -203698.72      14361.367     -189337.35      1.5616624      19683               2382 
    893000   2027.4608      283693.63     -203720.12      14389.515     -189330.6       1.5616624      19683               2382 
    893500   1973.4614      295130.55     -203377.55      14006.265     -189371.29      1.5616624      19683               2382 
    894000   2035.2724      289896.67     -204021.82      14444.957     -189576.86      1.5616624      19683               2382 
    894500   1946.834       283607.83     -203715.71      13817.282     -189898.43      1.5616624      19683               2382 
    895000   1983.2631      271884.59     -204164.89      14075.831     -190089.06      1.5616624      19683               2382 
    895500   1925.2229      294308.39     -203793.73      13663.902     -190129.82      1.5616624      19683               2382 
    896000   1964.0013      273266.82     -203956.77      13939.124     -190017.65      1.5616624      19683               2382 
    896500   1977.8503      267327.08     -203877.39      14037.414     -189839.98      1.5616624      19683               2382 
    897000   2015.9085      287213.27     -203935.38      14307.525     -189627.86      1.5616624      19683               2382 
    897500   2024.48        280392.5      -203818.27      14368.359     -189449.91      1.5616624      19683               2382 
    898000   2022.6827      274760        -203706.92      14355.604     -189351.32      1.5616624      19683               2382 
    898500   2062.1906      285619.58     -203938.55      14636.004     -189302.55      1.5616624      19683               2382 
    899000   2017.6437      284118.87     -203690.52      14319.84      -189370.68      1.5616624      19683               2382 
    899500   2018.0598      274956.52     -203811.8       14322.794     -189489         1.5616624      19683               2382 
    900000   2011.7341      273148.53     -203847.83      14277.898     -189569.93      1.5616624      19683               2382 
    900500   1984.6649      276640.49     -203723.49      14085.78      -189637.71      1.5616624      19683               2382 
    901000   1990.3639      275326.3      -203775.67      14126.227     -189649.45      1.5616624      19683               2382 
    901500   2000.0372      273430.53     -203865.58      14194.881     -189670.7       1.5616624      19683               2382 
    902000   1986.3774      270778.02     -203911.1       14097.933     -189813.17      1.5616624      19683               2382 
    902500   1997.9861      282720.26     -204255.07      14180.324     -190074.75      1.5616624      19683               2382 
    903000   1987.5622      272387.23     -204366.9       14106.343     -190260.55      1.5616624      19683               2382 
    903500   1954.0619      274444.58     -204176.05      13868.581     -190307.47      1.5616624      19683               2382 
    904000   1982.23        280868.33     -204233         14068.498     -190164.5       1.5616624      19683               2382 
    904500   1993.41        286651.8      -204001.79      14147.847     -189853.94      1.5616624      19683               2382 
    905000   2011.1182      280376.06     -203843.44      14273.527     -189569.91      1.5616624      19683               2382 
    905500   2021.2046      272888.92     -203790.2       14345.113     -189445.09      1.5616624      19683               2382 
    906000   1982.8199      281729.87     -203455.01      14072.685     -189382.33      1.5616624      19683               2382 
    906500   2016.2418      285920        -203678.67      14309.89      -189368.78      1.5616624      19683               2382 
    907000   1980.073       279399.85     -203451.28      14053.189     -189398.09      1.5616624      19683               2382 
    907500   2005.3527      282586.06     -203693.74      14232.607     -189461.13      1.5616624      19683               2382 
    908000   1994.6382      278693.24     -203790.76      14156.563     -189634.2       1.5616624      19683               2382 
    908500   2026.8777      278732.88     -204319.7       14385.377     -189934.32      1.5616624      19683               2382 
    909000   1973.3963      277099.59     -204135.19      14005.803     -190129.39      1.5616624      19683               2382 
    909500   1963.7352      279974.4      -204128.01      13937.235     -190190.78      1.5616624      19683               2382 
    910000   1944.9018      271232.72     -203902.04      13803.568     -190098.47      1.5616624      19683               2382 
    910500   2001.7866      279375.85     -204138.53      14207.297     -189931.23      1.5616624      19683               2382 
    911000   1984.3021      280741.53     -203874.3       14083.205     -189791.1       1.5616624      19683               2382 
    911500   2014.135       286733.17     -203996.99      14294.938     -189702.05      1.5616624      19683               2382 
    912000   2015.3539      278784.1      -203952.02      14303.589     -189648.43      1.5616624      19683               2382 
    912500   2011.381       290951.35     -203922.51      14275.392     -189647.12      1.5616624      19683               2382 
    913000   2060.6296      279480.88     -204311.48      14624.925     -189686.56      1.5616624      19683               2382 
    913500   1955.7308      280035.83     -203628.61      13880.425     -189748.18      1.5616624      19683               2382 
    914000   1978.3617      280590.77     -203853.15      14041.044     -189812.11      1.5616624      19683               2382 
    914500   2010.1357      271373.26     -204212.47      14266.553     -189945.92      1.5616624      19683               2382 
    915000   1965.2185      275945.58     -204090.37      13947.762     -190142.6       1.5616624      19683               2382 
    915500   1941.1794      284965.65     -204142.76      13777.15      -190365.61      1.5616624      19683               2382 
    916000   1964.1146      272429.51     -204435.01      13939.928     -190495.09      1.5616624      19683               2382 
    916500   1967.8724      284396.76     -204469.78      13966.598     -190503.19      1.5616624      19683               2382 
    917000   1974.7607      274739.59     -204340.96      14015.486     -190325.48      1.5616624      19683               2382 
    917500   2012.2265      287149.97     -204187.5       14281.392     -189906.11      1.5616624      19683               2382 
    918000   2013.905       280738.44     -203924.75      14293.306     -189631.45      1.5616624      19683               2382 
    918500   2030.6397      284569.92     -203966.85      14412.077     -189554.77      1.5616624      19683               2382 
    919000   2018.8215      295249.1      -203870.13      14328.199     -189541.93      1.5616624      19683               2382 
    919500   1999.6838      288023.66     -203771.33      14192.373     -189578.95      1.5616624      19683               2382 
    920000   1996.2205      282171.63     -203871.16      14167.793     -189703.36      1.5616624      19683               2382 
    920500   1997.9669      288741.24     -204042.15      14180.188     -189861.96      1.5616624      19683               2382 
    921000   2009.5954      289108.13     -204329.68      14262.719     -190066.96      1.5616624      19683               2382 
    921500   1945.5538      274852.08     -204067.81      13808.196     -190259.61      1.5616624      19683               2382 
    922000   1955.0988      284434.61     -204238.79      13875.94      -190362.85      1.5616624      19683               2382 
    922500   2007.5154      272190.47     -204577.73      14247.957     -190329.78      1.5616624      19683               2382 
    923000   2019.6993      279288.61     -204406.38      14334.429     -190071.95      1.5616624      19683               2382 
    923500   1993.6152      271721.27     -203772.72      14149.302     -189623.42      1.5616624      19683               2382 
    924000   2015.4677      284379.13     -203707.14      14304.396     -189402.75      1.5616624      19683               2382 
    924500   2018.8311      280427.04     -203702.3       14328.268     -189374.04      1.5616624      19683               2382 
    925000   2042.0972      290015.6      -203957.43      14493.394     -189464.03      1.5616624      19683               2382 
    925500   2007.6816      279720.95     -203963.88      14249.136     -189714.74      1.5616624      19683               2382 
    926000   1965.9171      286726.73     -203910.33      13952.72      -189957.61      1.5616624      19683               2382 
    926500   1962.5568      280791.79     -204013.41      13928.872     -190084.54      1.5616624      19683               2382 
    927000   1988.4427      279517.07     -204258.09      14112.591     -190145.5       1.5616624      19683               2382 
    927500   1976.7564      283327.99     -204139.63      14029.65      -190109.98      1.5616624      19683               2382 
    928000   1952.0759      279298.1      -203857.67      13854.486     -190003.19      1.5616624      19683               2382 
    928500   1992.4806      291436.34     -203989.02      14141.25      -189847.77      1.5616624      19683               2382 
    929000   1998.9563      287533.93     -203846.97      14187.21      -189659.76      1.5616624      19683               2382 
    929500   2045.9535      286083.21     -203930.74      14520.764     -189409.98      1.5616624      19683               2382 
    930000   2096.6278      280669.68     -203933.03      14880.415     -189052.62      1.5616624      19683               2382 
    930042   2027.3764      286684.27     -203410.77      14388.916     -189021.85      1.5616624      19683               2382 
Loop time of 24314.9 on 48 procs for 400000 steps with 2382 atoms

Performance: 0.142 ns/day, 168.853 hours/ns, 16.451 timesteps/s, 39.186 katom-step/s
99.3% CPU use with 12 MPI tasks x 4 OpenMP threads

MPI task timing breakdown:
Section |  min time  |  avg time  |  max time  |%varavg| %total
---------------------------------------------------------------
Pair    | 18845      | 19814      | 20649      | 458.8 | 81.49
Neigh   | 141.58     | 148.87     | 155.4      |  39.2 |  0.61
Comm    | 387.41     | 1221.7     | 2188.2     |1845.2 |  5.02
Output  | 0.12854    | 0.14709    | 0.17365    |   3.1 |  0.00
Modify  | 3112.4     | 3119.5     | 3128.4     |  10.4 | 12.83
Other   |            | 10.88      |            |       |  0.04

Nlocal:          198.5 ave         206 max         188 min
Histogram: 1 0 2 1 0 1 3 1 1 2
Nghost:        5431.17 ave        5483 max        5392 min
Histogram: 2 1 1 2 2 1 0 2 0 1
Neighs:         156319 ave      162017 max      148114 min
Histogram: 1 0 2 1 0 1 1 3 0 3

Total # of neighbors = 1875828
Ave neighs/atom = 787.50126
Neighbor list builds = 4034
Dangerous builds = 0
write_restart   out/restart.solgel_pH${pH}.stage2
write_restart   out/restart.solgel_pH8.0.stage2
System init for write_restart ...

print           "--- Condensation Stage 3/4 ---"
--- Condensation Stage 3/4 ---
run             400000
Per MPI rank memory allocation (min/avg/max) = 375.6 | 379.4 | 383.9 Mbytes
   Step          Temp          Press          PotEng         KinEng         TotEng        Density         Volume        Atoms   
    930042   2027.3764      286684.51     -203410.77      14388.916     -189021.85      1.5616624      19683               2382 
    930500   2056.3604      291463.72     -203416.84      14594.625     -188822.21      1.5616624      19683               2382 
    931000   2076.7001      294012.76     -203574.53      14738.982     -188835.54      1.5616624      19683               2382 
    931500   2067.2867      283061.07     -203838.55      14672.172     -189166.38      1.5616624      19683               2382 
    932000   2024.759       278270.88     -203923.14      14370.34      -189552.8       1.5616624      19683               2382 
    932500   1973.8753      292069.57     -203710.7       14009.203     -189701.5       1.5616624      19683               2382 
    933000   1993.6546      278639.92     -203939.27      14149.582     -189789.69      1.5616624      19683               2382 
    933500   2017.7597      285178.83     -204261.89      14320.663     -189941.23      1.5616624      19683               2382 
    934000   1964.4771      284375.39     -204012.55      13942.5       -190070.05      1.5616624      19683               2382 
    934500   1987.1335      269901.25     -204217.41      14103.3       -190114.11      1.5616624      19683               2382 
    935000   2000.9833      287293.42     -204241.58      14201.596     -190039.99      1.5616624      19683               2382 
    935500   1978.5003      288617.31     -203891.3       14042.028     -189849.27      1.5616624      19683               2382 
    936000   1982.3747      288745.75     -203691.95      14069.525     -189622.43      1.5616624      19683               2382 
    936500   2053.7631      288001.79     -204001.05      14576.191     -189424.86      1.5616624      19683               2382 
    937000   2039.8512      286400.82     -203800.81      14477.454     -189323.36      1.5616624      19683               2382 
    937500   2034.4486      289140.94     -203837.07      14439.11      -189397.96      1.5616624      19683               2382 
    938000   1981.6686      277122.27     -203719.77      14064.514     -189655.25      1.5616624      19683               2382 
    938500   2033.4676      271826.62     -204426.85      14432.147     -189994.7       1.5616624      19683               2382 
    939000   2010.7136      275758.92     -204430.72      14270.655     -190160.06      1.5616624      19683               2382 
    939500   1951.0727      286989.08     -204018.36      13847.365     -190171         1.5616624      19683               2382 
    940000   1990.7504      275971.64     -204223.8       14128.97      -190094.83      1.5616624      19683               2382 
    940500   1992.0488      281118.99     -204128.98      14138.185     -189990.8       1.5616624      19683               2382 
    941000   2009.2125      271229.27     -204083.36      14260.002     -189823.36      1.5616624      19683               2382 
    941500   2027.5291      285364.21     -204004.26      14390         -189614.26      1.5616624      19683               2382 
    942000   2009.0953      283902.25     -203710.89      14259.169     -189451.72      1.5616624      19683               2382 
    942500   1987.0348      289847.41     -203478.23      14102.6       -189375.64      1.5616624      19683               2382 
    943000   2054.4415      289454.54     -203974.13      14581.006     -189393.12      1.5616624      19683               2382 
    943500   1986.5121      289052.82     -203652.65      14098.889     -189553.76      1.5616624      19683               2382 
    944000   1977.6755      277901.41     -204014.96      14036.174     -189978.78      1.5616624      19683               2382 
    944500   1948.9661      285181.7      -204059.81      13832.414     -190227.4       1.5616624      19683               2382 
    945000   1993.6537      280672.56     -204391.83      14149.576     -190242.25      1.5616624      19683               2382 
    945500   1990.2775      287208.56     -204267.34      14125.614     -190141.73      1.5616624      19683               2382 
    946000   2017.8336      277187.85     -204271.29      14321.188     -189950.1       1.5616624      19683               2382 
    946500   1977.5772      280458.31     -203729.35      14035.476     -189693.88      1.5616624      19683               2382 
    947000   2054.7397      282460.96     -204084.19      14583.122     -189501.07      1.5616624      19683               2382 
    947500   2031.9045      280467.48     -203871.16      14421.053     -189450.1       1.5616624      19683               2382 
    948000   2011.3859      279230.49     -203718.11      14275.427     -189442.69      1.5616624      19683               2382 
    948500   1990.2252      290271.29     -203559.72      14125.243     -189434.48      1.5616624      19683               2382 
    949000   1972.787       290163.64     -203446.88      14001.478     -189445.4       1.5616624      19683               2382 
    949500   2002.6792      287868.55     -203822.25      14213.632     -189608.62      1.5616624      19683               2382 
    950000   1979.4631      273086.58     -204103.7       14048.861     -190054.84      1.5616624      19683               2382 
    950500   1914.2966      275581.01     -203871.67      13586.354     -190285.32      1.5616624      19683               2382 
    951000   1946.0716      271934.55     -204092.03      13811.871     -190280.16      1.5616624      19683               2382 
    951500   1978.3324      268674.35     -204179.98      14040.836     -190139.14      1.5616624      19683               2382 
    952000   1987.0969      275665        -204022.52      14103.04      -189919.48      1.5616624      19683               2382 
    952500   1991.8819      271804.99     -203816.96      14137.001     -189679.96      1.5616624      19683               2382 
    953000   2035.8941      283265.72     -203952.36      14449.369     -189502.99      1.5616624      19683               2382 
    953500   2002.728       286581.77     -203670.14      14213.979     -189456.16      1.5616624      19683               2382 
    954000   2044.6466      279983.36     -204024.49      14511.488     -189513         1.5616624      19683               2382 
    954500   2011.6632      283688.67     -203989.55      14277.395     -189712.16      1.5616624      19683               2382 
    955000   1983.9343      277366.77     -204063.69      14080.594     -189983.1       1.5616624      19683               2382 
    955500   2026.9732      272178.82     -204562.03      14386.055     -190175.97      1.5616624      19683               2382 
    956000   1951.3484      277238.07     -204148.15      13849.322     -190298.83      1.5616624      19683               2382 
    956500   1999.0642      272792.16     -204447.57      14187.976     -190259.59      1.5616624      19683               2382 
    957000   1980.8476      280033.37     -204240.41      14058.687     -190181.72      1.5616624      19683               2382 
    957500   2003.4279      290913.95     -204241.78      14218.946     -190022.83      1.5616624      19683               2382 
    958000   1987.2496      287547.16     -203971.2       14104.124     -189867.08      1.5616624      19683               2382 
    958500   1971.8421      278600.44     -203700.03      13994.772     -189705.26      1.5616624      19683               2382 
    959000   1997.0258      279697.11     -203755.7       14173.509     -189582.19      1.5616624      19683               2382 
    959500   2036.7071      275838.18     -203943.94      14455.139     -189488.8       1.5616624      19683               2382 
    960000   2025.7067      276372.57     -203773.42      14377.066     -189396.36      1.5616624      19683               2382 
    960500   2027.2685      287013.17     -203751.94      14388.15      -189363.79      1.5616624      19683               2382 
    961000   2012.5775      275511        -203730.29      14283.884     -189446.4       1.5616624      19683               2382 
    961500   1975.122       286519.86     -203708.2       14018.051     -189690.15      1.5616624      19683               2382 
    962000   1974.0178      285389.24     -203987.49      14010.214     -189977.28      1.5616624      19683               2382 
    962500   2020.6425      267637.17     -204431.46      14341.124     -190090.34      1.5616624      19683               2382 
    963000   1999.1711      273664.89     -204293.45      14188.734     -190104.72      1.5616624      19683               2382 
    963500   1992.8336      276998.48     -204123.24      14143.756     -189979.48      1.5616624      19683               2382 
    964000   2049.4723      279915.2      -204368.88      14545.738     -189823.14      1.5616624      19683               2382 
    964500   2038.5993      275348.71     -204066.32      14468.568     -189597.76      1.5616624      19683               2382 
    965000   2083.7164      267002.57     -204179.23      14788.779     -189390.46      1.5616624      19683               2382 
    965500   2030.8273      283682.28     -203717.31      14413.409     -189303.9       1.5616624      19683               2382 
    966000   2031.8326      274635.53     -203790.01      14420.543     -189369.47      1.5616624      19683               2382 
    966500   1994.2576      274305.62     -203903.26      14153.862     -189749.4       1.5616624      19683               2382 
    967000   1945.2718      271186.63     -203867.16      13806.195     -190060.96      1.5616624      19683               2382 
    967500   2009.6684      279279.11     -204440.17      14263.237     -190176.94      1.5616624      19683               2382 
    968000   2005.713       271184.57     -204419.9       14235.164     -190184.74      1.5616624      19683               2382 
    968500   1945.0997      280316.73     -203891.96      13804.973     -190086.99      1.5616624      19683               2382 
    969000   2007.2925      276289.75     -204079.14      14246.374     -189832.76      1.5616624      19683               2382 
    969500   2017.4993      287712.32     -203890.52      14318.816     -189571.7       1.5616624      19683               2382 
    970000   2002.0053      286729.65     -203635.49      14208.85      -189426.64      1.5616624      19683               2382 
    970500   2031.5264      273947.95     -203808.97      14418.37      -189390.6       1.5616624      19683               2382 
    971000   2016.8736      284767.58     -203817.37      14314.375     -189502.99      1.5616624      19683               2382 
    971500   2040.455       276447.69     -204135.38      14481.739     -189653.64      1.5616624      19683               2382 
    972000   1993.494       284348.16     -203952.03      14148.442     -189803.59      1.5616624      19683               2382 
    972500   2027.5184      286874.39     -204278.43      14389.924     -189888.5       1.5616624      19683               2382 
    973000   2006.3114      282103.76     -204158.72      14239.411     -189919.31      1.5616624      19683               2382 
    973500   2007.7135      285051.47     -204149.63      14249.363     -189900.27      1.5616624      19683               2382 
    974000   1992.8435      280168.52     -204039.06      14143.825     -189895.23      1.5616624      19683               2382 
    974500   1991.6052      288415.73     -204021.43      14135.037     -189886.39      1.5616624      19683               2382 
    975000   1970.2095      289313.53     -203850.86      13983.185     -189867.67      1.5616624      19683               2382 
    975500   2006.9113      282581        -204059.59      14243.669     -189815.93      1.5616624      19683               2382 
    976000   2015.0325      284602.86     -203988.04      14301.308     -189686.73      1.5616624      19683               2382 
    976500   2002.9307      275706.94     -203667.95      14215.418     -189452.53      1.5616624      19683               2382 
    977000   2050.052       283834.51     -203679.37      14549.852     -189129.52      1.5616624      19683               2382 
    977500   2079.228       276787.91     -203746.43      14756.923     -188989.51      1.5616624      19683               2382 
    978000   1998.1099      282082.43     -203246.87      14181.203     -189065.66      1.5616624      19683               2382 
    978500   2059.3101      274968.05     -203955.51      14615.56      -189339.95      1.5616624      19683               2382 
    979000   1997.9273      299321.39     -203817.24      14179.907     -189637.33      1.5616624      19683               2382 
    979500   2010.5546      272143.55     -204026.25      14269.527     -189756.72      1.5616624      19683               2382 
    980000   2020.4036      276852.75     -204180.31      14339.428     -189840.88      1.5616624      19683               2382 
    980500   1988.9818      284335.96     -204036.45      14116.418     -189920.03      1.5616624      19683               2382 
    981000   1970.9267      285264.72     -204010.71      13988.275     -190022.43      1.5616624      19683               2382 
    981500   1985.9539      281573.96     -204222.53      14094.928     -190127.61      1.5616624      19683               2382 
    982000   1941.9224      282028.06     -204016.78      13782.423     -190234.35      1.5616624      19683               2382 
    982500   1976.4049      277601.64     -204257.69      14027.156     -190230.54      1.5616624      19683               2382 
    983000   1989.6327      279137.99     -204172.13      14121.038     -190051.09      1.5616624      19683               2382 
    983500   1993.168       284619.42     -203894.62      14146.129     -189748.49      1.5616624      19683               2382 
    984000   2025.6529      283263.4      -203895.4       14376.684     -189518.71      1.5616624      19683               2382 
    984500   2020.7652      283127.13     -203778.06      14341.995     -189436.06      1.5616624      19683               2382 
    985000   2036.5599      285248.39     -203955.48      14454.095     -189501.38      1.5616624      19683               2382 
    985500   1981.7244      278152.9      -203739.18      14064.91      -189674.27      1.5616624      19683               2382 
    986000   2033.2572      288988.48     -204310.65      14430.654     -189880         1.5616624      19683               2382 
    986500   1970.0751      276315.15     -204004.95      13982.231     -190022.72      1.5616624      19683               2382 
    987000   1988.4965      280457.25     -204122.74      14112.973     -190009.77      1.5616624      19683               2382 
    987500   2016.8809      287246.24     -204288.03      14314.427     -189973.61      1.5616624      19683               2382 
    988000   2018.7993      271519.88     -204257.13      14328.042     -189929.09      1.5616624      19683               2382 
    988500   2003.2061      275221.38     -204106.06      14217.372     -189888.69      1.5616624      19683               2382 
    989000   1976.2211      294851.36     -203830.07      14025.852     -189804.21      1.5616624      19683               2382 
    989500   1986.6657      274323.79     -203785.61      14099.98      -189685.63      1.5616624      19683               2382 
    990000   2037.6867      288300.92     -203985.99      14462.091     -189523.9       1.5616624      19683               2382 
    990500   1974.7927      279461.16     -203400.61      14015.714     -189384.89      1.5616624      19683               2382 
    991000   2030.2733      285484.93     -203691.4       14409.476     -189281.92      1.5616624      19683               2382 
    991500   2006.9015      288668.87     -203533.31      14243.599     -189289.71      1.5616624      19683               2382 
    992000   2016.0846      286522.1      -203752.66      14308.775     -189443.89      1.5616624      19683               2382 
    992500   2028.3034      290211.26     -204116.19      14395.496     -189720.69      1.5616624      19683               2382 
    993000   2022.8096      281152.3      -204318.1       14356.504     -189961.59      1.5616624      19683               2382 
    993500   1931.9567      282869.42     -203790.02      13711.693     -190078.33      1.5616624      19683               2382 
    994000   1972.0931      277582.32     -204104.49      13996.553     -190107.94      1.5616624      19683               2382 
    994500   1998.0096      288753.56     -204217.67      14180.491     -190037.18      1.5616624      19683               2382 
    995000   1971.9558      282047.15     -203883.67      13995.579     -189888.09      1.5616624      19683               2382 
    995500   1984.4173      284676.53     -203761.25      14084.022     -189677.23      1.5616624      19683               2382 
    996000   2028.4374      295434.37     -203793.61      14396.446     -189397.16      1.5616624      19683               2382 
    996500   2061.0623      289293.56     -203806.16      14627.996     -189178.17      1.5616624      19683               2382 
    997000   2055.5217      274206.42     -203714.47      14588.672     -189125.8       1.5616624      19683               2382 
    997500   2019.5119      279647.36     -203577.16      14333.099     -189244.06      1.5616624      19683               2382 
    998000   2026.8926      269659.36     -204164.9       14385.482     -189779.42      1.5616624      19683               2382 
    998500   1998.6416      287618.45     -204240.52      14184.976     -190055.54      1.5616624      19683               2382 
    999000   1939.2297      287129.12     -203847.43      13763.312     -190084.12      1.5616624      19683               2382 
    999500   2002.1919      277336.02     -204217.09      14210.174     -190006.91      1.5616624      19683               2382 
   1000000   2009.6958      285874.89     -204123.47      14263.431     -189860.03      1.5616624      19683               2382 
   1000500   1992.4577      283893.04     -203861.95      14141.087     -189720.86      1.5616624      19683               2382 
   1001000   2035.7144      269496.55     -204069.81      14448.094     -189621.72      1.5616624      19683               2382 
   1001500   2029.9223      283812.81     -203946.17      14406.985     -189539.19      1.5616624      19683               2382 
   1002000   2014.4659      272279.75     -203794.91      14297.286     -189497.63      1.5616624      19683               2382 
   1002500   2003.1567      278426.26     -203783.24      14217.022     -189566.22      1.5616624      19683               2382 
   1003000   2005.2141      278823.95     -203967.93      14231.623     -189736.31      1.5616624      19683               2382 
   1003500   2025.8645      276224.17     -204339.98      14378.186     -189961.79      1.5616624      19683               2382 
   1004000   1995.5712      282435.97     -204315.63      14163.185     -190152.44      1.5616624      19683               2382 
   1004500   1952.2688      281117.29     -204093.23      13855.854     -190237.37      1.5616624      19683               2382 
   1005000   2004.2664      280411.59     -204449.61      14224.897     -190224.71      1.5616624      19683               2382 
   1005500   2014.2277      272064.42     -204365.45      14295.596     -190069.85      1.5616624      19683               2382 
   1006000   2008.463       278787.67     -203890.46      14254.682     -189635.77      1.5616624      19683               2382 
   1006500   2030.1459      280737.99     -203703.73      14408.572     -189295.16      1.5616624      19683               2382 
   1007000   2034.1952      279493.31     -203635.29      14437.311     -189197.98      1.5616624      19683               2382 
   1007500   2045.1283      283617.9      -203765.48      14514.907     -189250.57      1.5616624      19683               2382 
   1008000   2032.7635      289838.11     -203832.66      14427.15      -189405.51      1.5616624      19683               2382 
   1008500   1962.2199      285643.38     -203524.24      13926.48      -189597.76      1.5616624      19683               2382 
   1009000   1993.5171      280668.9      -203891.38      14148.606     -189742.77      1.5616624      19683               2382 
   1009500   1966.4301      280617.19     -203809.17      13956.361     -189852.81      1.5616624      19683               2382 
   1010000   2008.8242      277309.04     -204147.37      14257.246     -189890.12      1.5616624      19683               2382 
   1010500   1998.0918      282088.33     -204122.69      14181.074     -189941.62      1.5616624      19683               2382 
   1011000   1952.5558      278418.85     -203866.32      13857.891     -190008.43      1.5616624      19683               2382 
   1011500   1950.7941      281473.24     -203959.02      13845.388     -190113.63      1.5616624      19683               2382 
   1012000   1981.2204      273795.97     -204265         14061.333     -190203.66      1.5616624      19683               2382 
   1012500   1971.0947      287466.68     -204244.41      13989.468     -190254.94      1.5616624      19683               2382 
   1013000   1960.7424      281163.7      -204134.49      13915.994     -190218.5       1.5616624      19683               2382 
   1013500   1959.1388      273639.07     -203980.49      13904.613     -190075.87      1.5616624      19683               2382 
   1014000   1996.2256      279250.77     -203983.22      14167.829     -189815.39      1.5616624      19683               2382 
   1014500   1979.1939      281232.28     -203583.24      14046.95      -189536.29      1.5616624      19683               2382 
   1015000   2033.3081      285477.15     -203791.52      14431.016     -189360.5       1.5616624      19683               2382 
   1015500   1965.0984      300905.23     -203209.12      13946.91      -189262.21      1.5616624      19683               2382 
   1016000   2014.558       285545.61     -203587.05      14297.94      -189289.11      1.5616624      19683               2382 
   1016500   2028.685       275387.61     -203813.63      14398.204     -189415.43      1.5616624      19683               2382 
   1017000   2022.1869      277057.46     -204017.54      14352.085     -189665.46      1.5616624      19683               2382 
   1017500   1979.4005      283912.26     -203976.92      14048.417     -189928.5       1.5616624      19683               2382 
   1018000   1947.411       284621.38     -203817.15      13821.377     -189995.78      1.5616624      19683               2382 
   1018500   1984.2044      279706.46     -204047.02      14082.511     -189964.51      1.5616624      19683               2382 
   1019000   1954.3185      277382.18     -203760.62      13870.401     -189890.22      1.5616624      19683               2382 
   1019500   1954.342       287647.65     -203642.87      13870.568     -189772.3       1.5616624      19683               2382 
   1020000   2003.3821      274901.4      -203849.39      14218.621     -189630.77      1.5616624      19683               2382 
   1020500   1999.9208      283310.47     -203729.38      14194.055     -189535.32      1.5616624      19683               2382 
   1021000   2050.846       284254.62     -203993.13      14555.487     -189437.64      1.5616624      19683               2382 
   1021500   2040.0899      287834.09     -203839.83      14479.148     -189360.68      1.5616624      19683               2382 
   1022000   2032.8707      280047.36     -203816.38      14427.911     -189388.47      1.5616624      19683               2382 
   1022500   2019.8164      278005.16     -203835.66      14335.26      -189500.4       1.5616624      19683               2382 
   1023000   2051.1627      282335.91     -204321.4       14557.735     -189763.66      1.5616624      19683               2382 
   1023500   1971.0164      280704.35     -204022.64      13988.912     -190033.73      1.5616624      19683               2382 
   1024000   1953.7242      284540.25     -204050.75      13866.184     -190184.56      1.5616624      19683               2382 
   1024500   2002.6641      279753.45     -204433.28      14213.525     -190219.76      1.5616624      19683               2382 
   1025000   1970.4264      282467.7      -204105.01      13984.724     -190120.29      1.5616624      19683               2382 
   1025500   1980.1091      276109.21     -204015.36      14053.445     -189961.92      1.5616624      19683               2382 
   1026000   2012.5578      271878.05     -204074.5       14283.744     -189790.76      1.5616624      19683               2382 
   1026500   2058.3001      284177.78     -204191.68      14608.391     -189583.29      1.5616624      19683               2382 
   1027000   2086.6202      280878.13     -204138.86      14809.388     -189329.48      1.5616624      19683               2382 
   1027500   2026.9818      288608.59     -203519.04      14386.116     -189132.92      1.5616624      19683               2382 
   1028000   2059.9326      281469.72     -203652.57      14619.978     -189032.59      1.5616624      19683               2382 
   1028500   2020.1373      281571.57     -203545.13      14337.538     -189207.59      1.5616624      19683               2382 
   1029000   2027.5938      282878.84     -204001.09      14390.459     -189610.63      1.5616624      19683               2382 
   1029500   2017.4912      280451.5      -204187.22      14318.758     -189868.46      1.5616624      19683               2382 
   1030000   2034.4352      277784.95     -204449.92      14439.015     -190010.91      1.5616624      19683               2382 
   1030500   1989.2141      279067.65     -204226.95      14118.067     -190108.88      1.5616624      19683               2382 
   1031000   1999.9406      280633.96     -204381.76      14194.196     -190187.56      1.5616624      19683               2382 
   1031500   1993.5463      272930.82     -204369.99      14148.814     -190221.18      1.5616624      19683               2382 
   1032000   1964.5462      285193.59     -204081.69      13942.991     -190138.7       1.5616624      19683               2382 
   1032500   2002.1439      277706.98     -204110.96      14209.833     -189901.13      1.5616624      19683               2382 
   1033000   2030.9997      285079.31     -203988.47      14414.632     -189573.84      1.5616624      19683               2382 
   1033500   2002.6549      286686.56     -203563.62      14213.46      -189350.16      1.5616624      19683               2382 
   1034000   2073.0152      287291.97     -203984.21      14712.829     -189271.38      1.5616624      19683               2382 
   1034500   2027.4426      282400.19     -203701.49      14389.386     -189312.1       1.5616624      19683               2382 
   1035000   2030.2179      282443.43     -203836.46      14409.083     -189427.38      1.5616624      19683               2382 
   1035500   2025.437       268756.05     -203923.07      14375.152     -189547.91      1.5616624      19683               2382 
   1036000   2028.3064      275418.46     -204054.17      14395.517     -189658.65      1.5616624      19683               2382 
   1036500   1958.8065      283803.37     -203639.31      13902.254     -189737.06      1.5616624      19683               2382 
   1037000   1978.0733      274513.39     -203809.75      14038.997     -189770.76      1.5616624      19683               2382 
   1037500   2005.559       279628.65     -203994.19      14234.072     -189760.12      1.5616624      19683               2382 
   1038000   1978.9799      274783.54     -203793.98      14045.431     -189748.55      1.5616624      19683               2382 
   1038500   1960.912       292282.53     -203602.46      13917.198     -189685.26      1.5616624      19683               2382 
   1039000   2025.9045      291112.66     -203930.15      14378.47      -189551.69      1.5616624      19683               2382 
   1039500   1984.4619      273810.63     -203380.02      14084.339     -189295.68      1.5616624      19683               2382 
   1040000   2014.3724      281345.3      -203249.41      14296.623     -188952.79      1.5616624      19683               2382 
   1040500   2029.2701      280031.36     -203165.38      14402.356     -188763.02      1.5616624      19683               2382 
   1041000   2053.2931      288568.41     -203349.52      14572.855     -188776.67      1.5616624      19683               2382 
   1041500   2008.4991      279777        -203233.64      14254.938     -188978.7       1.5616624      19683               2382 
   1042000   2006.0881      284284.25     -203508.89      14237.827     -189271.06      1.5616624      19683               2382 
   1042500   2000.1494      280622.1      -203636.29      14195.678     -189440.61      1.5616624      19683               2382 
   1043000   2018.5964      277750.74     -203875.19      14326.602     -189548.59      1.5616624      19683               2382 
   1043500   1992.5559      267708.99     -203838.95      14141.785     -189697.16      1.5616624      19683               2382 
   1044000   2030.5863      275507.82     -204250.41      14411.698     -189838.71      1.5616624      19683               2382 
   1044500   2015.0833      274916.95     -204254.09      14301.669     -189952.43      1.5616624      19683               2382 
   1045000   2003.2007      267997.2      -204224.24      14217.334     -190006.9       1.5616624      19683               2382 
   1045500   1995.8111      272603.97     -204159.28      14164.887     -189994.39      1.5616624      19683               2382 
   1046000   1974.7799      276252.72     -203959.68      14015.623     -189944.06      1.5616624      19683               2382 
   1046500   1998.8649      277921.98     -203977.78      14186.562     -189791.22      1.5616624      19683               2382 
   1047000   2030.3111      281063.11     -203989.06      14409.745     -189579.31      1.5616624      19683               2382 
   1047500   1992.0302      280835.74     -203531.21      14138.053     -189393.16      1.5616624      19683               2382 
   1048000   2034.6385      276746.46     -203704.16      14440.457     -189263.7       1.5616624      19683               2382 
   1048500   2037.2242      280547.84     -203632.81      14458.809     -189174         1.5616624      19683               2382 
   1049000   2017.1644      276856.56     -203551.45      14316.439     -189235.01      1.5616624      19683               2382 
   1049500   2007.2065      275496.62     -203733.25      14245.764     -189487.48      1.5616624      19683               2382 
   1050000   1988.5069      275269.58     -203893.84      14113.047     -189780.79      1.5616624      19683               2382 
   1050500   2000.4253      286429.23     -204184.84      14197.636     -189987.21      1.5616624      19683               2382 
   1051000   1958.1767      290748.8      -203940.41      13897.785     -190042.62      1.5616624      19683               2382 
   1051500   2013.4939      282749.38     -204282.04      14290.388     -189991.66      1.5616624      19683               2382 
   1052000   1983.4779      276574.49     -203978.77      14077.355     -189901.42      1.5616624      19683               2382 
   1052500   1994.8172      279184.58     -203944.59      14157.834     -189786.76      1.5616624      19683               2382 
   1053000   2006.9655      280604.14     -203871.56      14244.054     -189627.51      1.5616624      19683               2382 
   1053500   2020.4911      271929.37     -203719.57      14340.049     -189379.52      1.5616624      19683               2382 
   1054000   2044.9786      284307.08     -203522.55      14513.844     -189008.71      1.5616624      19683               2382 
   1054500   2086.4904      290206.76     -203601.74      14808.467     -188793.28      1.5616624      19683               2382 
   1055000   2022.121       291939.43     -203158.07      14351.617     -188806.45      1.5616624      19683               2382 
   1055500   2080.819       277095.2      -203890.26      14768.215     -189122.04      1.5616624      19683               2382 
   1056000   1999.953       284584.13     -203666.59      14194.284     -189472.31      1.5616624      19683               2382 
   1056500   2036.1884      281888.03     -203986.72      14451.458     -189535.26      1.5616624      19683               2382 
   1057000   2043.2883      280097.99     -204115.25      14501.848     -189613.41      1.5616624      19683               2382 
   1057500   2043.3174      279996.25     -204244.63      14502.054     -189742.58      1.5616624      19683               2382 
   1058000   1952.02        284158.77     -203739.41      13854.088     -189885.32      1.5616624      19683               2382 
   1058500   1970.8328      279368.21     -203991.13      13987.609     -190003.53      1.5616624      19683               2382 
   1059000   1959.6148      268319.05     -204016.27      13907.991     -190108.28      1.5616624      19683               2382 
   1059500   2008.587       277114.54     -204456.85      14255.562     -190201.29      1.5616624      19683               2382 
   1060000   1979.1667      277642.02     -204321.32      14046.757     -190274.57      1.5616624      19683               2382 
   1060500   1971.8943      276234.42     -204216.26      13995.143     -190221.12      1.5616624      19683               2382 
   1061000   1975.4734      279777.14     -204051.65      14020.544     -190031.1       1.5616624      19683               2382 
   1061500   1981.7755      288362.31     -203763.19      14065.273     -189697.92      1.5616624      19683               2382 
   1062000   1999.7429      282079.82     -203647.83      14192.793     -189455.04      1.5616624      19683               2382 
   1062500   2040.716       279626.46     -203837.85      14483.592     -189354.25      1.5616624      19683               2382 
   1063000   2030.266       284079.71     -203801.33      14409.425     -189391.91      1.5616624      19683               2382 
   1063500   2034.4607      296542.15     -203976.2       14439.196     -189537         1.5616624      19683               2382 
   1064000   2027.9595      278988.3      -204084.74      14393.055     -189691.69      1.5616624      19683               2382 
   1064500   2008.6429      279628.48     -204099.04      14255.959     -189843.08      1.5616624      19683               2382 
   1065000   1986.7726      283503.05     -204039.35      14100.738     -189938.61      1.5616624      19683               2382 
   1065500   2031.4287      276150.31     -204390         14417.677     -189972.33      1.5616624      19683               2382 
   1066000   2007.8045      288543.23     -204214.31      14250.009     -189964.31      1.5616624      19683               2382 
   1066500   2040.3168      276372.47     -204437.55      14480.758     -189956.79      1.5616624      19683               2382 
   1067000   1978.7771      279151.53     -203985.27      14043.992     -189941.28      1.5616624      19683               2382 
   1067500   1990.3789      278079.08     -204038.06      14126.333     -189911.73      1.5616624      19683               2382 
   1068000   2020.4235      279904.09     -204130.47      14339.57      -189790.9       1.5616624      19683               2382 
   1068500   2048.3005      277348.34     -204035.62      14537.421     -189498.2       1.5616624      19683               2382 
   1069000   2030.6983      288650.5      -203557.2       14412.493     -189144.7       1.5616624      19683               2382 
   1069500   2057.8507      278228.2      -203600.39      14605.202     -188995.19      1.5616624      19683               2382 
   1070000   2055.1711      288510.86     -203657.71      14586.184     -189071.53      1.5616624      19683               2382 
   1070500   2033.3359      283025.49     -203715.8       14431.213     -189284.59      1.5616624      19683               2382 
   1071000   2040.1312      280547.97     -203982.93      14479.441     -189503.48      1.5616624      19683               2382 
   1071500   2039.1036      281247.35     -204069.81      14472.148     -189597.66      1.5616624      19683               2382 
   1072000   1979.9041      277910.52     -203729.87      14051.99      -189677.88      1.5616624      19683               2382 
   1072500   2019.6764      288346.5      -204091.48      14334.267     -189757.22      1.5616624      19683               2382 
   1073000   1954.1278      290446.84     -203719.35      13869.048     -189850.3       1.5616624      19683               2382 
   1073500   2004.8349      287203.26     -204152.51      14228.933     -189923.57      1.5616624      19683               2382 
   1074000   1983.4786      277797.47     -204125.85      14077.36      -190048.49      1.5616624      19683               2382 
   1074500   2018.0761      271788.12     -204486.15      14322.909     -190163.24      1.5616624      19683               2382 
   1075000   1942.6447      278785.63     -204038.91      13787.549     -190251.36      1.5616624      19683               2382 
   1075500   2015.6416      266052.3      -204588.09      14305.631     -190282.46      1.5616624      19683               2382 
   1076000   1998.2882      268894.69     -204418.3       14182.468     -190235.83      1.5616624      19683               2382 
   1076500   2029.3392      274851.53     -204446.74      14402.847     -190043.9       1.5616624      19683               2382 
   1077000   1990.6486      275303.22     -203898.1       14128.247     -189769.86      1.5616624      19683               2382 
   1077500   1994.2035      280509.36     -203665.86      14153.478     -189512.38      1.5616624      19683               2382 
   1078000   2014.4009      292704.86     -203668.13      14296.825     -189371.3       1.5616624      19683               2382 
   1078500   2014.8242      286921.75     -203630.32      14299.829     -189330.49      1.5616624      19683               2382 
   1079000   2052.3005      267590.19     -203955.97      14565.81      -189390.16      1.5616624      19683               2382 
   1079500   2056.5971      276365.8      -204164.9       14596.304     -189568.6       1.5616624      19683               2382 
   1080000   2007.1187      278699.7      -204144.9       14245.141     -189899.76      1.5616624      19683               2382 
   1080500   1995.4803      275623.06     -204277.54      14162.54      -190115         1.5616624      19683               2382 
   1081000   1967.2161      278669.68     -204117.77      13961.94      -190155.83      1.5616624      19683               2382 
   1081500   1955.9219      279633.76     -203935.37      13881.781     -190053.59      1.5616624      19683               2382 
   1082000   1976.1697      281140.77     -203920.57      14025.486     -189895.09      1.5616624      19683               2382 
   1082500   2006.784       278440.3      -203987.07      14242.766     -189744.3       1.5616624      19683               2382 
   1083000   2056.1232      281036.81     -204192.65      14592.941     -189599.71      1.5616624      19683               2382 
   1083500   2032.1781      280928.87     -203921.24      14422.996     -189498.24      1.5616624      19683               2382 
   1084000   1998.7516      284062.66     -203598.21      14185.757     -189412.45      1.5616624      19683               2382 
   1084500   2087.9186      278712.05     -204079.09      14818.603     -189260.48      1.5616624      19683               2382 
   1085000   2017.7152      294104.97     -203460.4       14320.348     -189140.05      1.5616624      19683               2382 
   1085500   2019.5425      295268.05     -203363.6       14333.316     -189030.28      1.5616624      19683               2382 
   1086000   2027.3175      285976.91     -203375.87      14388.498     -188987.37      1.5616624      19683               2382 
   1086500   1996.588       300440.15     -203278.94      14170.401     -189108.54      1.5616624      19683               2382 
   1087000   2036.9974      286867.34     -203827.93      14457.199     -189370.73      1.5616624      19683               2382 
   1087500   1991.0532      290305.98     -203771.41      14131.119     -189640.29      1.5616624      19683               2382 
   1088000   1996.2498      291257.24     -203975.77      14168.001     -189807.77      1.5616624      19683               2382 
   1088500   1965.066       283014.41     -203848.77      13946.68      -189902.09      1.5616624      19683               2382 
   1089000   1952.4556      275156.76     -203798.49      13857.181     -189941.31      1.5616624      19683               2382 
   1089500   1969.2139      279835.02     -203929.16      13976.119     -189953.04      1.5616624      19683               2382 
   1090000   1958.059       290147.37     -203812.62      13896.949     -189915.67      1.5616624      19683               2382 
   1090500   2015.005       276053.15     -204107.23      14301.112     -189806.12      1.5616624      19683               2382 
   1091000   2024.7833      274662.76     -203953.3       14370.512     -189582.79      1.5616624      19683               2382 
   1091500   2046.0076      281367.58     -203839.03      14521.147     -189317.88      1.5616624      19683               2382 
   1092000   2031.9372      287322.95     -203570.66      14421.286     -189149.37      1.5616624      19683               2382 
   1092500   2060.8184      285134.31     -203819.43      14626.264     -189193.17      1.5616624      19683               2382 
   1093000   2043.7179      288522.2      -203925.83      14504.897     -189420.94      1.5616624      19683               2382 
   1093500   1987.9402      283595.22     -203804.59      14109.025     -189695.57      1.5616624      19683               2382 
   1094000   1949.9952      271475.82     -203657.72      13839.718     -189818.01      1.5616624      19683               2382 
   1094500   1973.6221      281107.16     -203815.3       14007.405     -189807.9       1.5616624      19683               2382 
   1095000   1997.0624      279073.6      -203932.44      14173.768     -189758.67      1.5616624      19683               2382 
   1095500   2020.065       278761.57     -204087.44      14337.025     -189750.42      1.5616624      19683               2382 
   1096000   1999.7932      279176.03     -203985.77      14193.15      -189792.62      1.5616624      19683               2382 
   1096500   2010.1579      272777.98     -204167.46      14266.711     -189900.75      1.5616624      19683               2382 
   1097000   1992.1617      263029.89     -204271.23      14138.987     -190132.25      1.5616624      19683               2382 
   1097500   1960.5106      274442.37     -204302.75      13914.349     -190388.4       1.5616624      19683               2382 
   1098000   1949.3925      273001.64     -204413.76      13835.44      -190578.32      1.5616624      19683               2382 
   1098500   1954.1532      280069.7      -204478.55      13869.229     -190609.32      1.5616624      19683               2382 
   1099000   1944.9912      280573.01     -204216.03      13804.203     -190411.83      1.5616624      19683               2382 
   1099500   1994.7609      286192.09     -204076.23      14157.434     -189918.8       1.5616624      19683               2382 
   1100000   2053.9985      291895.15     -204206.43      14577.862     -189628.57      1.5616624      19683               2382 
   1100500   2066.9186      284082.79     -204239.49      14669.559     -189569.93      1.5616624      19683               2382 
   1101000   2054.4905      290572.74     -204206.86      14581.354     -189625.5       1.5616624      19683               2382 
   1101500   2006.6759      289246.7      -204042.78      14241.998     -189800.78      1.5616624      19683               2382 
   1102000   1973.2187      286926.07     -204027.23      14004.542     -190022.69      1.5616624      19683               2382 
   1102500   1963.5685      288502.55     -204122.13      13936.052     -190186.08      1.5616624      19683               2382 
   1103000   1964.1655      286114.16     -204224.24      13940.289     -190283.95      1.5616624      19683               2382 
   1103500   1972.9828      262367.9      -204321.1       14002.868     -190318.23      1.5616624      19683               2382 
   1104000   1966.5431      279397.68     -204202         13957.164     -190244.84      1.5616624      19683               2382 
   1104500   1968.3276      274049.54     -204035.82      13969.829     -190065.99      1.5616624      19683               2382 
   1105000   2042.7775      276780.53     -204181.9       14498.223     -189683.68      1.5616624      19683               2382 
   1105500   2027.8561      280707.53     -203752.68      14392.321     -189360.36      1.5616624      19683               2382 
   1106000   2054.1635      273843.86     -203934.09      14579.033     -189355.05      1.5616624      19683               2382 
   1106500   2090.8621      272428.76     -204307.86      14839.494     -189468.36      1.5616624      19683               2382 
   1107000   2085.4947      273229.09     -204445.17      14801.4       -189643.77      1.5616624      19683               2382 
   1107500   1985.7025      295508.22     -203893.56      14093.144     -189800.42      1.5616624      19683               2382 
   1108000   2006.0646      275194.84     -204181.62      14237.66      -189943.96      1.5616624      19683               2382 
   1108500   1984.8761      292183.93     -204134.81      14087.278     -190047.53      1.5616624      19683               2382 
   1109000   2000.0953      293814.08     -204292.2       14195.293     -190096.91      1.5616624      19683               2382 
   1109500   1967.0067      284869.35     -204102.62      13960.454     -190142.17      1.5616624      19683               2382 
   1110000   1982.1164      286817.7      -204175.6       14067.692     -190107.91      1.5616624      19683               2382 
   1110500   2007.0282      293621.65     -204323.89      14244.498     -190079.4       1.5616624      19683               2382 
   1111000   2021.9985      279885.78     -204349.42      14350.748     -189998.67      1.5616624      19683               2382 
   1111500   1988.7757      294361.42     -203971.91      14114.955     -189856.96      1.5616624      19683               2382 
   1112000   2017.2038      297429.49     -203978.57      14316.718     -189661.85      1.5616624      19683               2382 
   1112500   2039.0943      289975.63     -204024.04      14472.082     -189551.96      1.5616624      19683               2382 
   1113000   2008.2245      279775.21     -203787.48      14252.989     -189534.5       1.5616624      19683               2382 
   1113500   2041.5202      281505.96     -204160.7       14489.299     -189671.4       1.5616624      19683               2382 
   1114000   1959.7903      283099.33     -203833.98      13909.237     -189924.74      1.5616624      19683               2382 
   1114500   1963.6974      284686.65     -204131.89      13936.967     -190194.92      1.5616624      19683               2382 
   1115000   1986.275       276414.15     -204383.41      14097.207     -190286.2       1.5616624      19683               2382 
   1115500   1993.4921      277852.73     -204453.19      14148.429     -190304.77      1.5616624      19683               2382 
   1116000   1984.9275      290776.34     -204327.29      14087.643     -190239.65      1.5616624      19683               2382 
   1116500   1975.9301      288192.45     -204148.22      14023.786     -190124.43      1.5616624      19683               2382 
   1117000   2007.4141      291608.3      -204186.85      14247.237     -189939.61      1.5616624      19683               2382 
   1117500   2040.6551      279443.71     -204177.76      14483.159     -189694.6       1.5616624      19683               2382 
   1118000   2018.8886      292663.36     -203790.68      14328.676     -189462         1.5616624      19683               2382 
   1118500   1998.6938      287585.03     -203426.82      14185.347     -189241.47      1.5616624      19683               2382 
   1119000   2044.7519      285937.93     -203440.78      14512.235     -188928.54      1.5616624      19683               2382 
   1119500   2042.9499      290968.99     -203157.2       14499.446     -188657.76      1.5616624      19683               2382 
   1120000   2086.8504      288950.7      -203458.74      14811.022     -188647.72      1.5616624      19683               2382 
   1120500   2131.2905      293365.14     -204159.73      15126.427     -189033.3       1.5616624      19683               2382 
   1121000   2043.2642      279004.26     -203892.44      14501.677     -189390.76      1.5616624      19683               2382 
   1121500   2043.1122      277000.91     -204055.27      14500.598     -189554.67      1.5616624      19683               2382 
   1122000   1999.0183      284331.4      -203939.68      14187.65      -189752.03      1.5616624      19683               2382 
   1122500   1995.2884      274413.86     -204130.81      14161.178     -189969.63      1.5616624      19683               2382 
   1123000   1994.094       281228.27     -204291.64      14152.701     -190138.94      1.5616624      19683               2382 
   1123500   1996.3488      276745.72     -204451.69      14168.704     -190282.99      1.5616624      19683               2382 
   1124000   1960.6608      282892.43     -204294.98      13915.415     -190379.57      1.5616624      19683               2382 
   1124500   1995.9855      277007.76     -204570.48      14166.126     -190404.35      1.5616624      19683               2382 
   1125000   1974.6216      288631.58     -204355.47      14014.499     -190340.97      1.5616624      19683               2382 
   1125500   1957.0479      279655.65     -204030.98      13889.773     -190141.2       1.5616624      19683               2382 
   1126000   2050.7629      282118.51     -204388.43      14554.898     -189833.54      1.5616624      19683               2382 
   1126500   2052.7792      280894.27     -204207.28      14569.208     -189638.07      1.5616624      19683               2382 
   1127000   2039.2272      284017.72     -204042.04      14473.025     -189569.02      1.5616624      19683               2382 
   1127500   2042.5724      275717.8      -204129.18      14496.767     -189632.41      1.5616624      19683               2382 
   1128000   1971.2128      288434.74     -203820.53      13990.306     -189830.22      1.5616624      19683               2382 
   1128500   1996.7599      288091.78     -204162.23      14171.621     -189990.6       1.5616624      19683               2382 
   1129000   1962.9228      283838.26     -203964.52      13931.469     -190033.05      1.5616624      19683               2382 
   1129500   1979.9655      292488.62     -204075.29      14052.427     -190022.86      1.5616624      19683               2382 
   1130000   1988.2753      283672.75     -204106.75      14111.404     -189995.34      1.5616624      19683               2382 
   1130500   2019.7568      279629.1      -204304.59      14334.838     -189969.76      1.5616624      19683               2382 
   1131000   1998.1335      287751.51     -204178.16      14181.37      -189996.79      1.5616624      19683               2382 
   1131500   2055.6108      279582.83     -204666.75      14589.304     -190077.44      1.5616624      19683               2382 
   1132000   1973.8563      286571.09     -204263.72      14009.068     -190254.65      1.5616624      19683               2382 
   1132500   1996.0273      275561.34     -204593.54      14166.422     -190427.12      1.5616624      19683               2382 
   1133000   1960.6806      278093.4      -204461.43      13915.555     -190545.87      1.5616624      19683               2382 
   1133500   1943.7682      279127.61     -204390.93      13795.523     -190595.4       1.5616624      19683               2382 
   1134000   1942.0623      284339.41     -204311.09      13783.416     -190527.68      1.5616624      19683               2382 
   1134500   2007.9912      273519.96     -204451.76      14251.333     -190200.42      1.5616624      19683               2382 
   1135000   1996.5377      289602.32     -204036.94      14170.045     -189866.9       1.5616624      19683               2382 
   1135500   2057.2381      279149.01     -204281.92      14600.854     -189681.06      1.5616624      19683               2382 
   1136000   1990.3717      296361.72     -203763.81      14126.282     -189637.53      1.5616624      19683               2382 
   1136500   2042.2612      274204.14     -204116.89      14494.558     -189622.33      1.5616624      19683               2382 
   1137000   2030.1789      280082.09     -204122.82      14408.806     -189714.01      1.5616624      19683               2382 
   1137500   2050.7636      272388.43     -204502.43      14554.903     -189947.53      1.5616624      19683               2382 
   1138000   1946.8312      278819.7      -204091.29      13817.262     -190274.03      1.5616624      19683               2382 
   1138500   1990.5414      274432.07     -204548.86      14127.487     -190421.37      1.5616624      19683               2382 
   1139000   1969.6284      285122.1      -204429.12      13979.061     -190450.06      1.5616624      19683               2382 
   1139500   1981.9723      283544.91     -204462.76      14066.67      -190396.09      1.5616624      19683               2382 
   1140000   1953.5246      281316.68     -204137.77      13864.767     -190273         1.5616624      19683               2382 
   1140500   2001.9339      285771.62     -204308.32      14208.343     -190099.98      1.5616624      19683               2382 
   1141000   2012.2484      273864.39     -204243.73      14281.548     -189962.18      1.5616624      19683               2382 
   1141500   2010.9816      276425.86     -204162.39      14272.557     -189889.83      1.5616624      19683               2382 
   1142000   2001.7641      284043.24     -204057.32      14207.138     -189850.19      1.5616624      19683               2382 
   1142500   2009.7447      287123.05     -204123.44      14263.779     -189859.66      1.5616624      19683               2382 
   1143000   2007.1662      277164.02     -204154.82      14245.478     -189909.34      1.5616624      19683               2382 
   1143500   2002.0503      274753.99     -204218.59      14209.169     -190009.42      1.5616624      19683               2382 
   1144000   1976.8144      286925.26     -204127.73      14030.062     -190097.66      1.5616624      19683               2382 
   1144500   2008.6867      279917.9      -204474.23      14256.27      -190217.96      1.5616624      19683               2382 
   1145000   1935.165       274194.63     -204333.99      13734.464     -190599.53      1.5616624      19683               2382 
   1145500   1921.0339      278129.59     -204556.73      13634.171     -190922.56      1.5616624      19683               2382 
   1146000   1907.9546      271530.07     -204491.13      13541.343     -190949.79      1.5616624      19683               2382 
   1146500   1947.8606      279800.83     -204585.93      13824.568     -190761.36      1.5616624      19683               2382 
   1147000   1959.3142      273232.71     -204379.14      13905.858     -190473.29      1.5616624      19683               2382 
   1147500   2005.9113      274307.52     -204528.86      14236.572     -190292.29      1.5616624      19683               2382 
   1148000   2007.533       276261.62     -204405.59      14248.082     -190157.51      1.5616624      19683               2382 
   1148500   2040.4173      276127.46     -204546.07      14481.471     -190064.6       1.5616624      19683               2382 
   1149000   2041.8955      276211.56     -204488.74      14491.963     -189996.78      1.5616624      19683               2382 
   1149500   2007.7339      274708.75     -204251.78      14249.508     -190002.28      1.5616624      19683               2382 
   1150000   2017.8983      281221.56     -204426.52      14321.647     -190104.87      1.5616624      19683               2382 
   1150500   2019.2752      279974.24     -204636.61      14331.419     -190305.19      1.5616624      19683               2382 
   1151000   1967.2225      281578.68     -204591.83      13961.985     -190629.85      1.5616624      19683               2382 
   1151500   1919.2864      286380.31     -204413.91      13621.768     -190792.14      1.5616624      19683               2382 
   1152000   1988.3749      268951.62     -204890.38      14112.111     -190778.27      1.5616624      19683               2382 
   1152500   1943.9643      272367.08     -204391.87      13796.915     -190594.96      1.5616624      19683               2382 
   1153000   1968.2682      280820.08     -204317.19      13969.407     -190347.78      1.5616624      19683               2382 
   1153500   2010.9141      280777.35     -204448.21      14272.078     -190176.13      1.5616624      19683               2382 
   1154000   1985.1004      284462.04     -204198.13      14088.87      -190109.26      1.5616624      19683               2382 
   1154500   2083.4701      285980.81     -204852.29      14787.031     -190065.26      1.5616624      19683               2382 
   1155000   2008.349       287500.33     -204265.96      14253.873     -190012.09      1.5616624      19683               2382 
   1155500   1989.8104      278504.82     -204083.92      14122.299     -189961.62      1.5616624      19683               2382 
   1156000   1981.8301      292913.1      -204009.32      14065.66      -189943.66      1.5616624      19683               2382 
   1156500   2005.7223      286093.67     -204206.03      14235.23      -189970.8       1.5616624      19683               2382 
   1157000   1974.7729      280615.75     -204035.69      14015.573     -190020.11      1.5616624      19683               2382 
   1157500   1996.9374      280109.88     -204223.91      14172.881     -190051.03      1.5616624      19683               2382 
   1158000   2014.5438      272769.16     -204461.45      14297.839     -190163.61      1.5616624      19683               2382 
   1158500   1991.6889      286312.08     -204406.2       14135.631     -190270.57      1.5616624      19683               2382 
   1159000   2029.9527      271861.87     -204818.59      14407.201     -190411.39      1.5616624      19683               2382 
   1159500   2020.2765      279010.99     -204831.79      14338.526     -190493.27      1.5616624      19683               2382 
   1160000   1944.8023      278057.69     -204309.8       13802.862     -190506.93      1.5616624      19683               2382 
   1160500   1954.2632      273537.74     -204283.01      13870.009     -190413         1.5616624      19683               2382 
   1161000   1952.5318      271355.33     -204018.54      13857.721     -190160.81      1.5616624      19683               2382 
   1161500   2001.0067      281479.6      -204016.23      14201.762     -189814.47      1.5616624      19683               2382 
   1162000   2006.7342      285694.28     -203880.95      14242.412     -189638.53      1.5616624      19683               2382 
   1162500   2042.1334      277922.69     -204071.88      14493.651     -189578.23      1.5616624      19683               2382 
   1163000   2003.9066      291500.58     -203846.61      14222.344     -189624.27      1.5616624      19683               2382 
   1163500   2056.2873      286533.26     -204345.35      14594.106     -189751.24      1.5616624      19683               2382 
   1164000   2003.7257      277877.32     -204139.26      14221.06      -189918.2       1.5616624      19683               2382 
   1164500   1967.2916      285581.25     -204016.54      13962.476     -190054.06      1.5616624      19683               2382 
   1165000   1971.2851      272468.45     -204175.76      13990.819     -190184.94      1.5616624      19683               2382 
   1165500   1967.4107      275243.15     -204196.88      13963.321     -190233.56      1.5616624      19683               2382 
   1166000   2013.1905      285681.9      -204459.19      14288.234     -190170.96      1.5616624      19683               2382 
   1166500   1919.6141      286010.78     -203734.51      13624.094     -190110.42      1.5616624      19683               2382 
   1167000   1965.4802      280276.78     -203959.2       13949.62      -190009.58      1.5616624      19683               2382 
   1167500   1985.4737      286835.53     -203984.73      14091.52      -189893.21      1.5616624      19683               2382 
   1168000   2004.375       290229.86     -204004.67      14225.668     -189779         1.5616624      19683               2382 
   1168500   2025.3877      281626        -204129.83      14374.802     -189755.03      1.5616624      19683               2382 
   1169000   1949.3362      298639.18     -203590.6       13835.041     -189755.56      1.5616624      19683               2382 
   1169500   2017.013       280795.58     -204080.05      14315.364     -189764.69      1.5616624      19683               2382 
   1170000   2016.4134      279816.81     -204200.41      14311.109     -189889.3       1.5616624      19683               2382 
   1170500   1940.9566      286127.01     -203911.34      13775.568     -190135.77      1.5616624      19683               2382 
   1171000   2005.9339      283910.09     -204592.42      14236.732     -190355.69      1.5616624      19683               2382 
   1171500   1990.3692      280013.24     -204617.48      14126.265     -190491.21      1.5616624      19683               2382 
   1172000   1962.0245      277702.56     -204472.2       13925.093     -190547.11      1.5616624      19683               2382 
   1172500   1974.9647      270923.26     -204493.54      14016.934     -190476.61      1.5616624      19683               2382 
   1173000   1944.7205      278429.15     -204050.07      13802.282     -190247.79      1.5616624      19683               2382 
   1173500   2055.8094      270782.44     -204478.56      14590.714     -189887.85      1.5616624      19683               2382 
   1174000   2005.0851      288328.11     -203950.84      14230.708     -189720.13      1.5616624      19683               2382 
   1174500   1991.0442      294207.13     -203843.97      14131.055     -189712.91      1.5616624      19683               2382 
   1175000   2027.3747      292446.4      -204155.56      14388.904     -189766.66      1.5616624      19683               2382 
   1175500   2014.2123      269371.21     -204183.66      14295.487     -189888.17      1.5616624      19683               2382 
   1176000   2011.8178      279889.42     -204301.75      14278.492     -190023.25      1.5616624      19683               2382 
   1176500   1968.4671      288433.45     -204164.93      13970.819     -190194.11      1.5616624      19683               2382 
   1177000   1926.729       280999.47     -203989.9       13674.591     -190315.31      1.5616624      19683               2382 
   1177500   1984.8953      278065.5      -204422.71      14087.415     -190335.29      1.5616624      19683               2382 
   1178000   1995.1274      279705.62     -204502.09      14160.035     -190342.06      1.5616624      19683               2382 
   1178500   1993.045       284056.51     -204430.64      14145.256     -190285.39      1.5616624      19683               2382 
   1179000   1985.9944      288363.46     -204202.57      14095.215     -190107.35      1.5616624      19683               2382 
   1179500   2054.2991      287915.35     -204174.24      14579.995     -189594.25      1.5616624      19683               2382 
   1180000   2036.2411      276658.44     -203782.34      14451.832     -189330.51      1.5616624      19683               2382 
   1180500   2089.1419      285862.23     -204221.95      14827.285     -189394.67      1.5616624      19683               2382 
   1181000   2065.2351      276020.52     -204318.06      14657.611     -189660.45      1.5616624      19683               2382 
   1181500   2025.2872      282670.96     -204255.78      14374.089     -189881.69      1.5616624      19683               2382 
   1182000   2040.8776      281111.48     -204559.9       14484.738     -190075.16      1.5616624      19683               2382 
   1182500   1986.3414      281017.24     -204322.07      14097.678     -190224.4       1.5616624      19683               2382 
   1183000   2021.629       271716.07     -204676.45      14348.125     -190328.32      1.5616624      19683               2382 
   1183500   1990.2889      283114.45     -204521.24      14125.694     -190395.54      1.5616624      19683               2382 
   1184000   2001.1112      270092.89     -204561.75      14202.504     -190359.25      1.5616624      19683               2382 
   1184500   1996.9866      274538.41     -204438.35      14173.23      -190265.12      1.5616624      19683               2382 
   1185000   2001.0255      281152.11     -204265.98      14201.896     -190064.09      1.5616624      19683               2382 
   1185500   2032.8836      285246.69     -204198.79      14428.002     -189770.79      1.5616624      19683               2382 
   1186000   2046.4403      281042.32     -204089.12      14524.219     -189564.9       1.5616624      19683               2382 
   1186500   2058.3074      285477.01     -204077.48      14608.443     -189469.04      1.5616624      19683               2382 
   1187000   2009.1695      282311        -203834.35      14259.696     -189574.66      1.5616624      19683               2382 
   1187500   1998.6135      285643.48     -204107.42      14184.777     -189922.64      1.5616624      19683               2382 
   1188000   2012.88        276723.57     -204559.27      14286.031     -190273.24      1.5616624      19683               2382 
   1188500   1987.6816      282482.54     -204487.16      14107.19      -190379.97      1.5616624      19683               2382 
   1189000   1987.7506      282974.68     -204451.72      14107.68      -190344.04      1.5616624      19683               2382 
   1189500   1994.1262      266514.03     -204419.43      14152.929     -190266.5       1.5616624      19683               2382 
   1190000   2012.0887      285422.43     -204502.71      14280.414     -190222.3       1.5616624      19683               2382 
   1190500   2002.6283      265344.99     -204396.09      14213.271     -190182.82      1.5616624      19683               2382 
   1191000   2035.2748      278917.04     -204622.35      14444.973     -190177.38      1.5616624      19683               2382 
   1191500   2013.639       272907.29     -204539.45      14291.418     -190248.03      1.5616624      19683               2382 
   1192000   2002.0079      278586.17     -204623.49      14208.868     -190414.62      1.5616624      19683               2382 
   1192500   1959.5732      280727.8      -204532.86      13907.696     -190625.16      1.5616624      19683               2382 
   1193000   1955.4283      271549.82     -204604.34      13878.278     -190726.06      1.5616624      19683               2382 
   1193500   1965.6891      279066.53     -204590.13      13951.102     -190639.03      1.5616624      19683               2382 
   1194000   1987.3851      271683.35     -204490.49      14105.085     -190385.41      1.5616624      19683               2382 
   1194500   1969.657       293118.92     -203980.69      13979.264     -190001.42      1.5616624      19683               2382 
   1195000   2036.5174      285766.77     -204244.19      14453.793     -189790.4       1.5616624      19683               2382 
   1195500   1977.9841      289796.1      -203780.21      14038.364     -189741.85      1.5616624      19683               2382 
   1196000   2016.8577      271883.03     -204098.1       14314.262     -189783.84      1.5616624      19683               2382 
   1196500   1968.8819      283544.39     -203842.63      13973.763     -189868.87      1.5616624      19683               2382 
   1197000   2034.417       283248.62     -204434.42      14438.886     -189995.53      1.5616624      19683               2382 
   1197500   1981.7935      276463.48     -204278.73      14065.4       -190213.33      1.5616624      19683               2382 
   1198000   2011.5099      279164.97     -204738.21      14276.307     -190461.91      1.5616624      19683               2382 
   1198500   1970.1832      274896.4      -204601.53      13982.999     -190618.53      1.5616624      19683               2382 
   1199000   1977.4727      284630.43     -204669.03      14034.734     -190634.3       1.5616624      19683               2382 
   1199500   1940.236       270085.66     -204336.59      13770.454     -190566.14      1.5616624      19683               2382 
   1200000   1963.2272      278755.51     -204406.29      13933.629     -190472.66      1.5616624      19683               2382 
   1200500   2018.2058      276554.45     -204687.47      14323.829     -190363.64      1.5616624      19683               2382 
   1201000   1942.826       280907.6      -204016.52      13788.836     -190227.68      1.5616624      19683               2382 
   1201500   1968.1549      282580.57     -204071.23      13968.603     -190102.63      1.5616624      19683               2382 
   1202000   1993.0457      290081.67     -204147.32      14145.261     -190002.05      1.5616624      19683               2382 
   1202500   2009.8511      285130.65     -204175.41      14264.534     -189910.87      1.5616624      19683               2382 
   1203000   2012.5337      273528.13     -204144.83      14283.573     -189861.26      1.5616624      19683               2382 
   1203500   1979.0883      273748.24     -203928.66      14046.201     -189882.46      1.5616624      19683               2382 
   1204000   2012.2224      284928.24     -204300.56      14281.364     -190019.2       1.5616624      19683               2382 
   1204500   1945.3592      281979.49     -204272.78      13806.815     -190465.96      1.5616624      19683               2382 
   1205000   1958.9473      291325.77     -204607.54      13903.254     -190704.29      1.5616624      19683               2382 
   1205500   1946.7523      276219.59     -204512.45      13816.702     -190695.75      1.5616624      19683               2382 
   1206000   1984.5622      284420.11     -204627.59      14085.05      -190542.54      1.5616624      19683               2382 
   1206500   1988.4113      280593.68     -204445.27      14112.369     -190332.9       1.5616624      19683               2382 
   1207000   2012.7388      274893.26     -204400.74      14285.029     -190115.72      1.5616624      19683               2382 
   1207500   1999.0554      277697.32     -204162.8       14187.913     -189974.88      1.5616624      19683               2382 
   1208000   2056.3137      276970.08     -204487.87      14594.293     -189893.58      1.5616624      19683               2382 
   1208500   2039.4355      278506.8      -204365.58      14474.503     -189891.07      1.5616624      19683               2382 
   1209000   1999.8784      287648.08     -204177.1       14193.755     -189983.35      1.5616624      19683               2382 
   1209500   2005.8686      277856.12     -204353.88      14236.269     -190117.61      1.5616624      19683               2382 
   1210000   1995.8369      296287.41     -204492.42      14165.071     -190327.35      1.5616624      19683               2382 
   1210500   2007.782       276324.85     -204793.67      14249.849     -190543.82      1.5616624      19683               2382 
   1211000   1965.5033      275664.82     -204695.34      13949.784     -190745.55      1.5616624      19683               2382 
   1211500   1943.0769      279453.87     -204927.68      13790.617     -191137.07      1.5616624      19683               2382 
   1212000   1963.8547      280338.54     -205384.59      13938.083     -191446.5       1.5616624      19683               2382 
   1212500   1945.359       266842.43     -205233.78      13806.813     -191426.97      1.5616624      19683               2382 
   1213000   1929.1488      272594.77     -204883.36      13691.765     -191191.6       1.5616624      19683               2382 
   1213500   1974.5649      266981.09     -204913.97      14014.097     -190899.88      1.5616624      19683               2382 
   1214000   1941.5033      281356.17     -204442.96      13779.449     -190663.51      1.5616624      19683               2382 
   1214500   1979.043       273903.47     -204479.37      14045.879     -190433.49      1.5616624      19683               2382 
   1215000   2052.4125      280290.19     -204789.68      14566.605     -190223.07      1.5616624      19683               2382 
   1215500   1983.6309      279559.36     -204166.47      14078.441     -190088.03      1.5616624      19683               2382 
   1216000   1968.9803      278718.95     -203952.06      13974.461     -189977.59      1.5616624      19683               2382 
   1216500   1990.2519      288411.76     -203988.54      14125.432     -189863.11      1.5616624      19683               2382 
   1217000   2059.1709      279865.84     -204378.25      14614.572     -189763.68      1.5616624      19683               2382 
   1217500   2062.2996      281517.96     -204423.09      14636.777     -189786.31      1.5616624      19683               2382 
   1218000   1966.7152      296237.38     -204020.15      13958.385     -190061.76      1.5616624      19683               2382 
   1218500   1984.0108      277918.59     -204458.08      14081.137     -190376.94      1.5616624      19683               2382 
   1219000   1968.0154      274853.66     -204480.51      13967.613     -190512.89      1.5616624      19683               2382 
   1219500   1974.4188      279434.81     -204521.68      14013.06      -190508.62      1.5616624      19683               2382 
   1220000   1988.2868      286096.36     -204539.44      14111.485     -190427.96      1.5616624      19683               2382 
   1220500   1996.6775      275529.4      -204421.53      14171.036     -190250.49      1.5616624      19683               2382 
   1221000   1993.0202      289311.47     -204192.84      14145.079     -190047.76      1.5616624      19683               2382 
   1221500   2007.5627      281585.87     -204182.89      14248.292     -189934.6       1.5616624      19683               2382 
   1222000   2039.3499      281073.92     -204381.81      14473.896     -189907.92      1.5616624      19683               2382 
   1222500   2011.0565      274790.7      -204235.41      14273.089     -189962.32      1.5616624      19683               2382 
   1223000   2045.126       283723.96     -204523.47      14514.891     -190008.58      1.5616624      19683               2382 
   1223500   2047.0091      290070.05     -204599.05      14528.255     -190070.79      1.5616624      19683               2382 
   1224000   2011.9471      280590.45     -204382.01      14279.41      -190102.6       1.5616624      19683               2382 
   1224500   1980.2677      284590.36     -204191.78      14054.571     -190137.21      1.5616624      19683               2382 
   1225000   2020.3164      273736.92     -204508.75      14338.81      -190169.94      1.5616624      19683               2382 
   1225500   1973.4677      272177.78     -204251.53      14006.309     -190245.22      1.5616624      19683               2382 
   1226000   1952.885       278701.4      -204148.22      13860.228     -190287.99      1.5616624      19683               2382 
   1226500   1986.5274      294097.47     -204415.9       14098.998     -190316.9       1.5616624      19683               2382 
   1227000   1997.2365      281211.97     -204505.89      14175.004     -190330.88      1.5616624      19683               2382 
   1227500   2005.9609      280840.1      -204606.39      14236.924     -190369.46      1.5616624      19683               2382 
   1228000   1954.3396      290393.18     -204300.54      13870.551     -190429.99      1.5616624      19683               2382 
   1228500   1983.8912      288893.6      -204557.7       14080.288     -190477.42      1.5616624      19683               2382 
   1229000   1996.2793      280115.88     -204647.42      14168.211     -190479.21      1.5616624      19683               2382 
   1229500   2026.2153      275855.09     -204808.7       14380.675     -190428.03      1.5616624      19683               2382 
   1230000   1981.9851      272585.43     -204469.56      14066.76      -190402.8       1.5616624      19683               2382 
   1230500   1983.5959      277774.16     -204389.08      14078.192     -190310.89      1.5616624      19683               2382 
   1231000   1948.3152      279142.82     -203984.95      13827.795     -190157.16      1.5616624      19683               2382 
   1231500   2038.1226      275860.95     -204389.07      14465.185     -189923.88      1.5616624      19683               2382 
   1232000   2022.4091      285591.1      -204081.89      14353.662     -189728.23      1.5616624      19683               2382 
   1232500   2040.728       283549.42     -204133.08      14483.677     -189649.4       1.5616624      19683               2382 
   1233000   2077.5667      274944.98     -204516.36      14745.133     -189771.23      1.5616624      19683               2382 
   1233500   1999.869       285664.62     -204324.73      14193.688     -190131.04      1.5616624      19683               2382 
   1234000   2006.5197      271696.74     -204625.9       14240.89      -190385.01      1.5616624      19683               2382 
   1234500   1978.4678      280277.8      -204496.96      14041.797     -190455.17      1.5616624      19683               2382 
   1235000   1947.5638      276230.52     -204272.78      13822.462     -190450.32      1.5616624      19683               2382 
   1235500   1978.9789      277697.25     -204419.63      14045.424     -190374.21      1.5616624      19683               2382 
   1236000   2031.2152      283667.32     -204707.6       14416.161     -190291.44      1.5616624      19683               2382 
   1236500   2012.0737      278266.64     -204494.74      14280.308     -190214.44      1.5616624      19683               2382 
   1237000   2035.5572      280332.12     -204552.72      14446.978     -190105.74      1.5616624      19683               2382 
   1237500   2014.9712      281960.73     -204372.62      14300.873     -190071.75      1.5616624      19683               2382 
   1238000   2007.3277      273263.26     -204372.98      14246.624     -190126.36      1.5616624      19683               2382 
   1238500   1933.7493      283013.4      -204003.95      13724.416     -190279.53      1.5616624      19683               2382 
   1239000   1970.0393      283694.59     -204399.7       13981.977     -190417.72      1.5616624      19683               2382 
   1239500   1980.0878      280042.73     -204541.11      14053.295     -190487.81      1.5616624      19683               2382 
   1240000   1963.0248      273415.96     -204447.04      13932.193     -190514.85      1.5616624      19683               2382 
   1240500   1985.8924      277002.01     -204553.21      14094.492     -190458.72      1.5616624      19683               2382 
   1241000   2000.043       276389.74     -204459.83      14194.923     -190264.91      1.5616624      19683               2382 
   1241500   1999.4308      282383.68     -204227.81      14190.578     -190037.23      1.5616624      19683               2382 
   1242000   2034.3362      282296.43     -204293.95      14438.312     -189855.64      1.5616624      19683               2382 
   1242500   2008.8837      276630.55     -203957.64      14257.668     -189699.97      1.5616624      19683               2382 
   1243000   2073.8425      285812.17     -204352.6       14718.7       -189633.9       1.5616624      19683               2382 
   1243500   2005.7309      291335.87     -203950.96      14235.291     -189715.67      1.5616624      19683               2382 
   1244000   1994.6876      272381.05     -204185.02      14156.913     -190028.1       1.5616624      19683               2382 
   1244500   1991.0285      284250.21     -204537.13      14130.944     -190406.19      1.5616624      19683               2382 
   1245000   1964.9475      280600.86     -204479.57      13945.839     -190533.73      1.5616624      19683               2382 
   1245500   2003.7527      279072.95     -204757.39      14221.251     -190536.14      1.5616624      19683               2382 
   1246000   1990.0596      271109.29     -204592.92      14124.067     -190468.85      1.5616624      19683               2382 
   1246500   1995.7754      285525.14     -204519.83      14164.634     -190355.2       1.5616624      19683               2382 
   1247000   2017.4168      283034.97     -204493.82      14318.23      -190175.59      1.5616624      19683               2382 
   1247500   2051.3772      280439.65     -204534.95      14559.257     -189975.7       1.5616624      19683               2382 
   1248000   2032.342       295073.87     -204239.7       14424.159     -189815.54      1.5616624      19683               2382 
   1248500   2038.3145      271626.43     -204177.61      14466.548     -189711.06      1.5616624      19683               2382 
   1249000   1992.9878      283452.02     -203875.5       14144.849     -189730.65      1.5616624      19683               2382 
   1249500   1959.7552      281158.37     -203824.94      13908.988     -189915.95      1.5616624      19683               2382 
   1250000   2013.4305      271597.82     -204506.61      14289.938     -190216.67      1.5616624      19683               2382 
   1250500   1974.7321      275008.66     -204495.18      14015.283     -190479.9       1.5616624      19683               2382 
   1251000   1981.9984      279057.63     -204652.89      14066.854     -190586.03      1.5616624      19683               2382 
   1251500   1999.8823      267769.85     -204788.45      14193.782     -190594.66      1.5616624      19683               2382 
   1252000   1930.5926      290763.9      -204201.55      13702.012     -190499.54      1.5616624      19683               2382 
   1252500   2002.5988      293030.09     -204475.44      14213.062     -190262.38      1.5616624      19683               2382 
   1253000   2010.669       273795.97     -204282.21      14270.338     -190011.88      1.5616624      19683               2382 
   1253500   1991.7445      283822.89     -204022.54      14136.026     -189886.52      1.5616624      19683               2382 
   1254000   2003.9463      273886.66     -204076.03      14222.625     -189853.4       1.5616624      19683               2382 
   1254500   2008.2973      285343.99     -204162.87      14253.506     -189909.37      1.5616624      19683               2382 
   1255000   2031.0298      272508.12     -204423         14414.845     -190008.16      1.5616624      19683               2382 
   1255500   1978.8878      282057.99     -204129.82      14044.778     -190085.04      1.5616624      19683               2382 
   1256000   1990.767       288720.8      -204248.85      14129.088     -190119.76      1.5616624      19683               2382 
   1256500   2022.8446      290153.38     -204508.4       14356.752     -190151.64      1.5616624      19683               2382 
   1257000   2022.032       285150.88     -204569.16      14350.986     -190218.17      1.5616624      19683               2382 
   1257500   2001.964       276272.53     -204574.36      14208.556     -190365.8       1.5616624      19683               2382 
   1258000   1997.6316      277938.9      -204668.35      14177.808     -190490.54      1.5616624      19683               2382 
   1258500   1973.7819      285080.8      -204575.78      14008.54      -190567.24      1.5616624      19683               2382 
   1259000   1965.2971      288958.04     -204548.98      13948.321     -190600.66      1.5616624      19683               2382 
   1259500   1986.629       280650.42     -204632.96      14099.72      -190533.24      1.5616624      19683               2382 
   1260000   1967.9046      288822.98     -204306.66      13966.826     -190339.83      1.5616624      19683               2382 
   1260500   1997.6645      291293.96     -204258.46      14178.042     -190080.42      1.5616624      19683               2382 
   1261000   2010.7558      286975.61     -204146.45      14270.955     -189875.49      1.5616624      19683               2382 
   1261500   2031.0633      283922.22     -204213         14415.083     -189797.91      1.5616624      19683               2382 
   1262000   2017.6059      290753.9      -204107.53      14319.572     -189787.96      1.5616624      19683               2382 
   1262500   2019.1891      279624.36     -204168.83      14330.808     -189838.02      1.5616624      19683               2382 
   1263000   2036.8018      277377.57     -204522.05      14455.811     -190066.24      1.5616624      19683               2382 
   1263500   1988.678       283474.41     -204530.15      14114.262     -190415.89      1.5616624      19683               2382 
   1264000   1970.5051      274484.2      -204550.25      13985.283     -190564.96      1.5616624      19683               2382 
   1264500   1951.7188      279665.48     -204398.45      13851.951     -190546.5       1.5616624      19683               2382 
   1265000   2010.2627      289867.94     -204677.91      14267.455     -190410.46      1.5616624      19683               2382 
   1265500   2034.2386      283691.12     -204692.07      14437.619     -190254.45      1.5616624      19683               2382 
   1266000   2013.1996      278319.08     -204389.94      14288.299     -190101.64      1.5616624      19683               2382 
   1266500   2009.2561      287358.94     -204252.84      14260.311     -189992.53      1.5616624      19683               2382 
   1267000   2028.5877      280799.46     -204348.37      14397.513     -189950.86      1.5616624      19683               2382 
   1267500   2031.6144      276719.94     -204484.9       14418.995     -190065.91      1.5616624      19683               2382 
   1268000   1973.4543      271749.23     -204403.31      14006.214     -190397.1       1.5616624      19683               2382 
   1268500   1987.2019      264699.47     -204798.4       14103.785     -190694.62      1.5616624      19683               2382 
   1269000   1991.0238      266839.11     -204982.97      14130.91      -190852.06      1.5616624      19683               2382 
   1269500   1963.9619      274359.81     -204801.64      13938.844     -190862.79      1.5616624      19683               2382 
   1270000   1966.5693      288490.46     -204752.66      13957.349     -190795.31      1.5616624      19683               2382 
   1270500   1919.8224      274704.57     -204182.38      13625.572     -190556.8       1.5616624      19683               2382 
   1271000   2022.3012      288153.34     -204603.34      14352.896     -190250.44      1.5616624      19683               2382 
   1271500   1993.7305      284960.25     -204245.26      14150.121     -190095.14      1.5616624      19683               2382 
   1272000   2002.1033      298084.35     -204236.61      14209.545     -190027.07      1.5616624      19683               2382 
   1272500   2049.2417      282275.44     -204580.48      14544.101     -190036.38      1.5616624      19683               2382 
   1273000   2010.8484      291212.96     -204368.65      14271.612     -190097.04      1.5616624      19683               2382 
   1273500   2014.7538      280336.45     -204505.31      14299.33      -190205.98      1.5616624      19683               2382 
   1274000   1965.5483      279739.77     -204263.54      13950.103     -190313.43      1.5616624      19683               2382 
   1274500   2007.0598      277409.17     -204621.59      14244.723     -190376.87      1.5616624      19683               2382 
   1275000   1966.5667      278106.48     -204432.36      13957.331     -190475.03      1.5616624      19683               2382 
   1275500   1907.486       277584.55     -204136.3       13538.017     -190598.28      1.5616624      19683               2382 
   1276000   2031.3654      287005.08     -205101.49      14417.228     -190684.26      1.5616624      19683               2382 
   1276500   1964.2738      282313.26     -204690.05      13941.057     -190748.99      1.5616624      19683               2382 
   1277000   1942.6527      289397.16     -204468.72      13787.606     -190681.11      1.5616624      19683               2382 
   1277500   1977.6588      283206.23     -204498.66      14036.055     -190462.61      1.5616624      19683               2382 
   1278000   2038.2477      275841.97     -204642.03      14466.073     -190175.96      1.5616624      19683               2382 
   1278500   2011.6441      273138.88     -204265.67      14277.259     -189988.41      1.5616624      19683               2382 
   1279000   2004.6635      286659.97     -204147.97      14227.716     -189920.26      1.5616624      19683               2382 
   1279500   2028.541       286032.18     -204271.47      14397.182     -189874.28      1.5616624      19683               2382 
   1280000   2022.6598      280288.97     -204232.61      14355.441     -189877.17      1.5616624      19683               2382 
   1280500   2026.5521      288970.37     -204438.53      14383.066     -190055.47      1.5616624      19683               2382 
   1281000   1986.064       281981.52     -204535.66      14095.709     -190439.95      1.5616624      19683               2382 
   1281500   2018.1671      287254.79     -205003.11      14323.555     -190679.56      1.5616624      19683               2382 
   1282000   1930.9602      284163.34     -204396.63      13704.62      -190692.01      1.5616624      19683               2382 
   1282500   1942.4228      282139.27     -204341.7       13785.975     -190555.72      1.5616624      19683               2382 
   1283000   1984.0444      286909.22     -204441.86      14081.376     -190360.48      1.5616624      19683               2382 
   1283500   2008.7584      290651.48     -204480.39      14256.778     -190223.61      1.5616624      19683               2382 
   1284000   2009.8866      287982.77     -204409.28      14264.786     -190144.5       1.5616624      19683               2382 
   1284500   2023.0195      282555.23     -204457.33      14357.994     -190099.34      1.5616624      19683               2382 
   1285000   2008.387       285168.76     -204400.48      14254.142     -190146.34      1.5616624      19683               2382 
   1285500   2032.1217      272798.67     -204817.99      14422.595     -190395.4       1.5616624      19683               2382 
   1286000   1935.3732      280294.42     -204488.92      13735.941     -190752.98      1.5616624      19683               2382 
   1286500   1935.3494      281758.94     -204649.3       13735.772     -190913.53      1.5616624      19683               2382 
   1287000   1947.7434      277387.58     -204667.97      13823.736     -190844.23      1.5616624      19683               2382 
   1287500   1964.9093      280452.43     -204595.82      13945.568     -190650.25      1.5616624      19683               2382 
   1288000   1995.0479      290897.53     -204613.34      14159.471     -190453.87      1.5616624      19683               2382 
   1288500   2011.3523      280926.98     -204592.88      14275.189     -190317.69      1.5616624      19683               2382 
   1289000   2001.7983      287319.92     -204444.63      14207.38      -190237.25      1.5616624      19683               2382 
   1289500   2034.1161      282746        -204665.81      14436.75      -190229.06      1.5616624      19683               2382 
   1290000   2010.14        279496.88     -204526.64      14266.584     -190260.05      1.5616624      19683               2382 
   1290500   2008.7364      278941.04     -204526.84      14256.622     -190270.22      1.5616624      19683               2382 
   1291000   1990.7998      273207.51     -204492.14      14129.321     -190362.82      1.5616624      19683               2382 
   1291500   1959.6258      271468.35     -204544.03      13908.069     -190635.96      1.5616624      19683               2382 
   1292000   1936.6427      275343.21     -204709.02      13744.951     -190964.07      1.5616624      19683               2382 
   1292500   1928.3903      268561.09     -204778.61      13686.381     -191092.23      1.5616624      19683               2382 
   1293000   1992.5082      269793        -205168.93      14141.446     -191027.49      1.5616624      19683               2382 
   1293500   1958.1506      285057.68     -204718.2       13897.6       -190820.6       1.5616624      19683               2382 
   1294000   1998.7879      265623.44     -204712.12      14186.014     -190526.1       1.5616624      19683               2382 
   1294500   2014.2376      275435.78     -204633.69      14295.666     -190338.02      1.5616624      19683               2382 
   1295000   1981.0681      295119.36     -204322.94      14060.252     -190262.69      1.5616624      19683               2382 
   1295500   2012.5991      280376.95     -204508.43      14284.037     -190224.39      1.5616624      19683               2382 
   1296000   2019.1088      272828.43     -204525.43      14330.239     -190195.19      1.5616624      19683               2382 
   1296500   1990.0387      273805.05     -204330.88      14123.919     -190206.96      1.5616624      19683               2382 
   1297000   2002.8021      269547.37     -204429.42      14214.505     -190214.92      1.5616624      19683               2382 
   1297500   2003.6055      274199.48     -204496.26      14220.207     -190276.05      1.5616624      19683               2382 
   1298000   1967.6007      292712.64     -204356.26      13964.67      -190391.59      1.5616624      19683               2382 
   1298500   2003.0813      278191.12     -204726.6       14216.487     -190510.11      1.5616624      19683               2382 
   1299000   2005.8553      282186.77     -204789.07      14236.174     -190552.89      1.5616624      19683               2382 
   1299500   2000.4614      279973.97     -204715.13      14197.892     -190517.24      1.5616624      19683               2382 
   1300000   1931.179       283313.54     -204037.25      13706.173     -190331.08      1.5616624      19683               2382 
   1300500   2028.7699      273201.26     -204422.39      14398.807     -190023.58      1.5616624      19683               2382 
   1301000   2014.8387      278547.48     -204121.04      14299.933     -189821.11      1.5616624      19683               2382 
   1301500   2056.8795      276992.66     -204395.88      14598.309     -189797.57      1.5616624      19683               2382 
   1302000   2046.5226      279550.71     -204428.93      14524.803     -189904.12      1.5616624      19683               2382 
   1302500   2039.3493      277896.34     -204560.96      14473.892     -190087.07      1.5616624      19683               2382 
   1303000   1996.4199      270459.09     -204425.22      14169.209     -190256.01      1.5616624      19683               2382 
   1303500   1960.6181      284634.47     -204285.71      13915.112     -190370.59      1.5616624      19683               2382 
   1304000   1999.0787      274240.78     -204561.02      14188.078     -190372.94      1.5616624      19683               2382 
   1304500   2013.9514      270044.27     -204638.63      14293.635     -190345         1.5616624      19683               2382 
   1305000   1965.1581      283896.6      -204273.26      13947.334     -190325.93      1.5616624      19683               2382 
   1305500   1975.7777      283928.71     -204311.29      14022.704     -190288.59      1.5616624      19683               2382 
   1306000   2020.1644      273224.31     -204597.54      14337.73      -190259.81      1.5616624      19683               2382 
   1306500   2001.1897      294200.24     -204413.29      14203.061     -190210.23      1.5616624      19683               2382 
   1307000   1991.0615      294063.28     -204261.82      14131.178     -190130.64      1.5616624      19683               2382 
   1307500   2006.2871      289306.2      -204281.95      14239.239     -190042.71      1.5616624      19683               2382 
   1308000   2010.9343      284283.29     -204182.48      14272.221     -189910.26      1.5616624      19683               2382 
   1308500   2005.7582      276822.43     -204043.33      14235.485     -189807.85      1.5616624      19683               2382 
   1309000   2075.1714      270575.31     -204475.07      14728.132     -189746.94      1.5616624      19683               2382 
   1309500   2011.0759      289266.87     -204128.26      14273.227     -189855.03      1.5616624      19683               2382 
   1310000   1975.2146      271902.9      -204112.15      14018.708     -190093.44      1.5616624      19683               2382 
   1310500   1999.7539      287176.63     -204543.77      14192.871     -190350.9       1.5616624      19683               2382 
   1311000   1986.3525      283199.83     -204588.19      14097.757     -190490.43      1.5616624      19683               2382 
   1311500   1951.4087      279353.97     -204385.52      13849.75      -190535.77      1.5616624      19683               2382 
   1312000   1985.2204      289058.5      -204604.67      14089.722     -190514.95      1.5616624      19683               2382 
   1312500   1962.2331      282999.76     -204313.6       13926.574     -190387.02      1.5616624      19683               2382 
   1313000   1994.6135      286964.9      -204324.9       14156.388     -190168.52      1.5616624      19683               2382 
   1313500   2056.8341      286245.64     -204349.66      14597.986     -189751.67      1.5616624      19683               2382 
   1314000   2117.1222      272629.39     -204611.35      15025.87      -189585.48      1.5616624      19683               2382 
   1314500   2078.1351      275813.76     -204410.37      14749.166     -189661.21      1.5616624      19683               2382 
   1315000   2021.4763      283032.16     -204203.81      14347.041     -189856.77      1.5616624      19683               2382 
   1315500   2009.3902      278831.8      -204266.98      14261.263     -190005.72      1.5616624      19683               2382 
   1316000   2010.841       275865.93     -204407.9       14271.559     -190136.34      1.5616624      19683               2382 
   1316500   2014.537       286778.72     -204527.38      14297.791     -190229.59      1.5616624      19683               2382 
   1317000   1975.2177      275726.53     -204334.43      14018.73      -190315.7       1.5616624      19683               2382 
   1317500   1972.3803      275753.47     -204449.33      13998.592     -190450.74      1.5616624      19683               2382 
   1318000   1938.994       273998.77     -204282.22      13761.639     -190520.58      1.5616624      19683               2382 
   1318500   2003.8628      270720.89     -204748.45      14222.033     -190526.42      1.5616624      19683               2382 
   1319000   1988.8868      279275.06     -204628.78      14115.743     -190513.04      1.5616624      19683               2382 
   1319500   1982.756       268547.7      -204590.5       14072.231     -190518.27      1.5616624      19683               2382 
   1320000   2010.711       274892.72     -204794.41      14270.637     -190523.77      1.5616624      19683               2382 
   1320500   1984.089       269021.96     -204529.33      14081.692     -190447.64      1.5616624      19683               2382 
   1321000   2001.0686      277976.18     -204475.95      14202.202     -190273.75      1.5616624      19683               2382 
   1321500   1947.1847      282379.65     -203852.06      13819.771     -190032.29      1.5616624      19683               2382 
   1322000   1996.9143      284609.84     -203949.03      14172.717     -189776.31      1.5616624      19683               2382 
   1322500   2000.2134      285188.05     -203820.45      14196.132     -189624.32      1.5616624      19683               2382 
   1323000   2045.985       286918.86     -204117.19      14520.987     -189596.21      1.5616624      19683               2382 
   1323500   1988.9885      280616.63     -203850.12      14116.465     -189733.66      1.5616624      19683               2382 
   1324000   1993.5175      281835.57     -204132.36      14148.609     -189983.76      1.5616624      19683               2382 
   1324500   2003.6289      267851.22     -204392.12      14220.373     -190171.74      1.5616624      19683               2382 
   1325000   2038.8075      275555.65     -204728.45      14470.046     -190258.4       1.5616624      19683               2382 
   1325500   2014.0103      280096.83     -204593.81      14294.053     -190299.76      1.5616624      19683               2382 
   1326000   2005.9626      274576.33     -204533.3       14236.936     -190296.36      1.5616624      19683               2382 
   1326500   1989.3722      279465.12     -204363.41      14119.188     -190244.23      1.5616624      19683               2382 
   1327000   1970.0135      283382.9      -204150.65      13981.794     -190168.85      1.5616624      19683               2382 
   1327500   2005.2059      276147.28     -204276.96      14231.565     -190045.4       1.5616624      19683               2382 
   1328000   1970.8488      281702.75     -203861.81      13987.722     -189874.08      1.5616624      19683               2382 
   1328500   2037.4725      279518.21     -204157.41      14460.572     -189696.84      1.5616624      19683               2382 
   1329000   2055.015       292853.73     -204060.45      14585.076     -189475.38      1.5616624      19683               2382 
   1329500   2089.4286      282248.89     -204175.44      14829.32      -189346.12      1.5616624      19683               2382 
   1330000   2036.3776      276789.97     -203866.93      14452.8       -189414.13      1.5616624      19683               2382 
   1330042   2067.5244      297068.53     -204109.45      14673.859     -189435.59      1.5616624      19683               2382 
Loop time of 31343.6 on 48 procs for 400000 steps with 2382 atoms

Performance: 0.110 ns/day, 217.664 hours/ns, 12.762 timesteps/s, 30.399 katom-step/s
99.3% CPU use with 12 MPI tasks x 4 OpenMP threads

MPI task timing breakdown:
Section |  min time  |  avg time  |  max time  |%varavg| %total
---------------------------------------------------------------
Pair    | 20918      | 23769      | 25342      |1137.5 | 75.83
Neigh   | 149.1      | 163.9      | 170.84     |  65.3 |  0.52
Comm    | 2053.1     | 3622.7     | 6470.7     |2909.8 | 11.56
Output  | 0.15714    | 0.19476    | 0.22935    |   4.3 |  0.00
Modify  | 3764.3     | 3773.7     | 3791.1     |  16.8 | 12.04
Other   |            | 13.91      |            |       |  0.04

Nlocal:          198.5 ave         215 max         187 min
Histogram: 1 0 6 0 1 1 2 0 0 1
Nghost:        5393.67 ave        5430 max        5358 min
Histogram: 2 0 2 1 1 1 1 2 1 1
Neighs:         156430 ave      168297 max      147559 min
Histogram: 1 0 5 1 1 1 2 0 0 1

Total # of neighbors = 1877158
Ave neighs/atom = 788.05961
Neighbor list builds = 4054
Dangerous builds = 0
write_restart   out/restart.solgel_pH${pH}.stage3
write_restart   out/restart.solgel_pH8.0.stage3
System init for write_restart ...

print           "--- Condensation Stage 4/4 ---"
--- Condensation Stage 4/4 ---
run             400000
Per MPI rank memory allocation (min/avg/max) = 375.2 | 379.4 | 384.5 Mbytes
   Step          Temp          Press          PotEng         KinEng         TotEng        Density         Volume        Atoms   
   1330042   2067.5244      297068.7      -204109.45      14673.859     -189435.59      1.5616624      19683               2382 
   1330500   1993.795       290929.98     -203874.58      14150.579     -189724         1.5616624      19683               2382 
   1331000   2003.2228      285776.23     -204246.51      14217.491     -190029.02      1.5616624      19683               2382 
   1331500   2035.8606      281153.91     -204664.84      14449.131     -190215.71      1.5616624      19683               2382 
   1332000   1989.943       281568.11     -204453.32      14123.24      -190330.08      1.5616624      19683               2382 
   1332500   1969.6323      293705.31     -204410.43      13979.089     -190431.34      1.5616624      19683               2382 
   1333000   1997.8745      273198.42     -204683.39      14179.532     -190503.86      1.5616624      19683               2382 
   1333500   1977.2035      280767.29     -204608.57      14032.824     -190575.75      1.5616624      19683               2382 
   1334000   1985.9315      283223.7      -204659.76      14094.769     -190564.99      1.5616624      19683               2382 
   1334500   1989.8179      283312.88     -204644.61      14122.352     -190522.26      1.5616624      19683               2382 
   1335000   1956.4674      270039        -204254.92      13885.653     -190369.27      1.5616624      19683               2382 
   1335500   2004.1267      285918.22     -204267.25      14223.906     -190043.34      1.5616624      19683               2382 
   1336000   2072.7957      285331.04     -204484.86      14711.271     -189773.59      1.5616624      19683               2382 
   1336500   2013.0397      285981.81     -203986.12      14287.164     -189698.95      1.5616624      19683               2382 
   1337000   2034.5346      282067.3      -204201.49      14439.72      -189761.77      1.5616624      19683               2382 
   1337500   2045.8158      284433.55     -204426.53      14519.786     -189906.74      1.5616624      19683               2382 
   1338000   2000.7887      293073.94     -204336.8       14200.215     -190136.59      1.5616624      19683               2382 
   1338500   1986.781       287956.72     -204388.8       14100.798     -190288         1.5616624      19683               2382 
   1339000   2005.3812      287678.44     -204603.37      14232.809     -190370.56      1.5616624      19683               2382 
   1339500   1972.8414      285143.34     -204402.36      14001.865     -190400.5       1.5616624      19683               2382 
   1340000   2016.4583      280262.01     -204684.56      14311.427     -190373.14      1.5616624      19683               2382 
   1340500   2008.7892      275968.35     -204620         14256.997     -190363.01      1.5616624      19683               2382 
   1341000   1997.8234      279669.35     -204531.72      14179.17      -190352.55      1.5616624      19683               2382 
   1341500   1997.1321      281059.66     -204486.32      14174.263     -190312.06      1.5616624      19683               2382 
   1342000   1993.6992      287401.22     -204361.76      14149.899     -190211.86      1.5616624      19683               2382 
   1342500   2022.6173      277314.44     -204366.59      14355.139     -190011.45      1.5616624      19683               2382 
   1343000   2013.1467      294834.11     -204030.44      14287.923     -189742.51      1.5616624      19683               2382 
   1343500   2066.3102      281095.55     -204108.5       14665.241     -189443.25      1.5616624      19683               2382 
   1344000   2096.5504      299513.32     -204161.47      14879.865     -189281.61      1.5616624      19683               2382 
   1344500   2053.866       277586.81     -203944.9       14576.921     -189367.98      1.5616624      19683               2382 
   1345000   2014.6086      273839.65     -204114.26      14298.299     -189815.96      1.5616624      19683               2382 
   1345500   2016.4695      285572.51     -204444.91      14311.507     -190133.4       1.5616624      19683               2382 
   1346000   2002.742       276409.79     -204497.91      14214.079     -190283.83      1.5616624      19683               2382 
   1346500   2045.4828      285622.02     -204902.47      14517.423     -190385.05      1.5616624      19683               2382 
   1347000   2000.0793      282748.87     -204668.21      14195.181     -190473.02      1.5616624      19683               2382 
   1347500   1969.225       280449.09     -204542.78      13976.198     -190566.59      1.5616624      19683               2382 
   1348000   1962.8599      279726.59     -204579.96      13931.023     -190648.94      1.5616624      19683               2382 
   1348500   1991.5352      283295.49     -204834.19      14134.541     -190699.65      1.5616624      19683               2382 
   1349000   1967.6354      284243.07     -204631.58      13964.916     -190666.66      1.5616624      19683               2382 
   1349500   2001.796       276771.74     -204675.84      14207.364     -190468.48      1.5616624      19683               2382 
   1350000   2032.3342      294279.71     -204592.34      14424.103     -190168.24      1.5616624      19683               2382 
   1350500   2077.0439      283262.07     -204699.72      14741.422     -189958.3       1.5616624      19683               2382 
   1351000   2017.8088      285415.63     -204241.7       14321.012     -189920.69      1.5616624      19683               2382 
   1351500   2037.1342      296984.69     -204504.01      14458.17      -190045.84      1.5616624      19683               2382 
   1352000   1974.6878      276880.66     -204346.99      14014.969     -190332.03      1.5616624      19683               2382 
   1352500   1991.1165      276979.66     -204692.56      14131.569     -190561         1.5616624      19683               2382 
   1353000   2005.622       281110.46     -204841.14      14234.519     -190606.62      1.5616624      19683               2382 
   1353500   2012.1474      284038.08     -204862.68      14280.831     -190581.85      1.5616624      19683               2382 
   1354000   1965.6291      283276.64     -204503.28      13950.677     -190552.6       1.5616624      19683               2382 
   1354500   1993.5519      281562.17     -204678.01      14148.853     -190529.16      1.5616624      19683               2382 
   1355000   1963.3198      278207.22     -204432.41      13934.287     -190498.13      1.5616624      19683               2382 
   1355500   2007.4302      284850.6      -204693.76      14247.352     -190446.41      1.5616624      19683               2382 
   1356000   2022.1504      275231.84     -204693.23      14351.826     -190341.4       1.5616624      19683               2382 
   1356500   2014.9138      273868.98     -204539.1       14300.465     -190238.63      1.5616624      19683               2382 
   1357000   1986.9986      283859.64     -204205.73      14102.343     -190103.39      1.5616624      19683               2382 
   1357500   2032.0078      287301.23     -204417.21      14421.787     -189995.43      1.5616624      19683               2382 
   1358000   2064.8837      277998.01     -204642.56      14655.117     -189987.45      1.5616624      19683               2382 
   1358500   2016.8191      281278.53     -204507.1       14313.988     -190193.11      1.5616624      19683               2382 
   1359000   1996.9101      280504.45     -204633.86      14172.688     -190461.17      1.5616624      19683               2382 
   1359500   1996.7151      279022.48     -204798.18      14171.304     -190626.88      1.5616624      19683               2382 
   1360000   2009.1518      278344.99     -204932.88      14259.57      -190673.31      1.5616624      19683               2382 
   1360500   1942.3739      285281.93     -204479.17      13785.627     -190693.54      1.5616624      19683               2382 
   1361000   2001.8096      281300.32     -204837.83      14207.46      -190630.37      1.5616624      19683               2382 
   1361500   2014.9381      281484.44     -204716.13      14300.638     -190415.49      1.5616624      19683               2382 
   1362000   2024.6052      296229.72     -204384.66      14369.248     -190015.41      1.5616624      19683               2382 
   1362500   2057.1779      284258.87     -204313.32      14600.427     -189712.89      1.5616624      19683               2382 
   1363000   2057.3749      274888.68     -204298.97      14601.825     -189697.15      1.5616624      19683               2382 
   1363500   2061.1185      287460.4      -204425.61      14628.394     -189797.21      1.5616624      19683               2382 
   1364000   2026.6142      285316.68     -204354.78      14383.507     -189971.28      1.5616624      19683               2382 
   1364500   2044.1858      282356.67     -204611.33      14508.218     -190103.12      1.5616624      19683               2382 
   1365000   2010.2387      285606.51     -204544.45      14267.285     -190277.17      1.5616624      19683               2382 
   1365500   1984.9297      289075.13     -204534.27      14087.659     -190446.61      1.5616624      19683               2382 
   1366000   1977.3552      277635.95     -204554.75      14033.9       -190520.85      1.5616624      19683               2382 
   1366500   1998.8137      283807.5      -204716.22      14186.198     -190530.02      1.5616624      19683               2382 
   1367000   2041.6654      272969.34     -204983.98      14490.33      -190493.65      1.5616624      19683               2382 
   1367500   1985.2714      271823.86     -204575.37      14090.084     -190485.29      1.5616624      19683               2382 
   1368000   1997.3057      286792.7      -204608.76      14175.495     -190433.26      1.5616624      19683               2382 
   1368500   2006.3198      282412.19     -204529.74      14239.471     -190290.27      1.5616624      19683               2382 
   1369000   2034.664       277851.49     -204541.01      14440.638     -190100.37      1.5616624      19683               2382 
   1369500   2012.1915      287762.3      -204235.14      14281.144     -189954         1.5616624      19683               2382 
   1370000   2021.4268      286821.87     -204254.45      14346.69      -189907.76      1.5616624      19683               2382 
   1370500   2011.304       269754.37     -204279.11      14274.845     -190004.26      1.5616624      19683               2382 
   1371000   2002.5107      280583.42     -204393.78      14212.436     -190181.35      1.5616624      19683               2382 
   1371500   1999.9621      287485.35     -204573.28      14194.349     -190378.94      1.5616624      19683               2382 
   1372000   1956.9979      273055.92     -204434.54      13889.418     -190545.13      1.5616624      19683               2382 
   1372500   1995.4255      280333.93     -204767.39      14162.151     -190605.24      1.5616624      19683               2382 
   1373000   1985.3705      276023.69     -204651.56      14090.787     -190560.77      1.5616624      19683               2382 
   1373500   2010.6988      269018.78     -204632.65      14270.55      -190362.1       1.5616624      19683               2382 
   1374000   2025.1241      281588.9      -204368.9       14372.931     -189995.97      1.5616624      19683               2382 
   1374500   2009.4369      286255.75     -203957.44      14261.594     -189695.84      1.5616624      19683               2382 
   1375000   2059.0162      284929.54     -204233.73      14613.474     -189620.26      1.5616624      19683               2382 
   1375500   2026.2512      296153.71     -204145.99      14380.931     -189765.06      1.5616624      19683               2382 
   1376000   2010.0585      279947.33     -204276.81      14266.005     -190010.81      1.5616624      19683               2382 
   1376500   2007.5478      277192.37     -204422.54      14248.186     -190174.36      1.5616624      19683               2382 
   1377000   2012.9122      287208.2      -204550.98      14286.259     -190264.72      1.5616624      19683               2382 
   1377500   2027.8962      281184.94     -204714.89      14392.606     -190322.28      1.5616624      19683               2382 
   1378000   1987.5945      279493.02     -204446.18      14106.572     -190339.61      1.5616624      19683               2382 
   1378500   1984.4356      289557.22     -204452.1       14084.152     -190367.95      1.5616624      19683               2382 
   1379000   1998.0068      288827.54     -204584.79      14180.471     -190404.32      1.5616624      19683               2382 
   1379500   1954.4234      285206.87     -204338.35      13871.146     -190467.21      1.5616624      19683               2382 
   1380000   1994.1484      284400.72     -204732.82      14153.087     -190579.74      1.5616624      19683               2382 
   1380500   1925.2218      285882.42     -204392.92      13663.893     -190729.03      1.5616624      19683               2382 
   1381000   1931.596       283270.68     -204539.59      13709.133     -190830.45      1.5616624      19683               2382 
   1381500   1980.8024      262702.6      -204832.98      14058.366     -190774.61      1.5616624      19683               2382 
   1382000   1961.8183      280892.46     -204561.34      13923.63      -190637.71      1.5616624      19683               2382 
   1382500   1988.7492      280046.49     -204518.61      14114.767     -190403.84      1.5616624      19683               2382 
   1383000   2013.8327      285820.58     -204379.72      14292.792     -190086.92      1.5616624      19683               2382 
   1383500   2079.0193      284428.05     -204619.45      14755.442     -189864.01      1.5616624      19683               2382 
   1384000   2055.5363      283793.21     -204453.4       14588.776     -189864.63      1.5616624      19683               2382 
   1384500   2031.6379      288599.42     -204411.05      14419.161     -189991.89      1.5616624      19683               2382 
   1385000   2024.8266      283620.09     -204522.39      14370.82      -190151.57      1.5616624      19683               2382 
   1385500   1977.7555      290536.72     -204322.98      14036.741     -190286.24      1.5616624      19683               2382 
   1386000   1972.6144      288231.82     -204323.17      14000.253     -190322.92      1.5616624      19683               2382 
   1386500   1995.0222      288734.37     -204530.94      14159.288     -190371.65      1.5616624      19683               2382 
   1387000   1954.3636      287321.76     -204252.61      13870.722     -190381.89      1.5616624      19683               2382 
   1387500   1993.7893      285859.2      -204538.41      14150.538     -190387.87      1.5616624      19683               2382 
   1388000   1998.1137      271180.84     -204558.68      14181.23      -190377.46      1.5616624      19683               2382 
   1388500   1979.4063      284865.56     -204432.23      14048.457     -190383.77      1.5616624      19683               2382 
   1389000   1979.0358      288431.1      -204576.33      14045.828     -190530.5       1.5616624      19683               2382 
   1389500   1934.2989      271293.74     -204531.96      13728.317     -190803.64      1.5616624      19683               2382 
   1390000   1961.6992      285483.36     -204926.86      13922.785     -191004.08      1.5616624      19683               2382 
   1390500   1959.446       277316.99     -205020.02      13906.793     -191113.23      1.5616624      19683               2382 
   1391000   1980.3567      261211.49     -205146.66      14055.203     -191091.46      1.5616624      19683               2382 
   1391500   2000.5432      285108.68     -205056.64      14198.473     -190858.17      1.5616624      19683               2382 
   1392000   1980.3964      284747.79     -204558.3       14055.485     -190502.81      1.5616624      19683               2382 
   1392500   2009.648       292753.67     -204525.74      14263.093     -190262.64      1.5616624      19683               2382 
   1393000   2022.8777      285137.52     -204519.09      14356.988     -190162.1       1.5616624      19683               2382 
   1393500   1990.7362      280595.69     -204258.43      14128.869     -190129.56      1.5616624      19683               2382 
   1394000   2011.9491      282406.95     -204414.01      14279.424     -190134.59      1.5616624      19683               2382 
   1394500   2005.4744      272757.84     -204401.16      14233.471     -190167.69      1.5616624      19683               2382 
   1395000   2017.9793      274779.91     -204566.65      14322.222     -190244.43      1.5616624      19683               2382 
   1395500   1977.2129      281722.81     -204462.59      14032.89      -190429.7       1.5616624      19683               2382 
   1396000   1963.4143      275784.39     -204603.89      13934.958     -190668.94      1.5616624      19683               2382 
   1396500   1987.9489      286438.27     -204958.9       14109.087     -190849.82      1.5616624      19683               2382 
   1397000   1942.8312      279087.75     -204695.37      13788.873     -190906.49      1.5616624      19683               2382 
   1397500   1982.4243      275383.72     -204924.79      14069.877     -190854.91      1.5616624      19683               2382 
   1398000   2007.6234      284278.6      -204882.49      14248.723     -190633.77      1.5616624      19683               2382 
   1398500   2020.9001      270026.49     -204616.07      14342.952     -190273.12      1.5616624      19683               2382 
   1399000   2049.2722      275617.23     -204518.2       14544.317     -189973.88      1.5616624      19683               2382 
   1399500   2019.4041      279305.98     -204259.3       14332.335     -189926.97      1.5616624      19683               2382 
   1400000   2039.283       283789.5      -204488.71      14473.421     -190015.29      1.5616624      19683               2382 
   1400500   2010.094       293541.03     -204424.8       14266.257     -190158.54      1.5616624      19683               2382 
   1401000   1999.961       287528.83     -204522.05      14194.341     -190327.71      1.5616624      19683               2382 
   1401500   2023.7072      271378.7      -204825.82      14362.875     -190462.95      1.5616624      19683               2382 
   1402000   2004.7532      270626.95     -204772.26      14228.352     -190543.91      1.5616624      19683               2382 
   1402500   1966.2782      285238.44     -204532.87      13955.284     -190577.59      1.5616624      19683               2382 
   1403000   1959.4629      276267.21     -204459.99      13906.913     -190553.08      1.5616624      19683               2382 
   1403500   2005.0138      282490.33     -204723.77      14230.202     -190493.57      1.5616624      19683               2382 
   1404000   2012.7273      278899.75     -204731.48      14284.947     -190446.53      1.5616624      19683               2382 
   1404500   2006.8389      280223.69     -204589.27      14243.155     -190346.11      1.5616624      19683               2382 
   1405000   1968.4162      288129.93     -204175.22      13970.458     -190204.77      1.5616624      19683               2382 
   1405500   2046.9457      287872.87     -204455.26      14527.806     -189927.45      1.5616624      19683               2382 
   1406000   2082.0445      299939.9      -204518.67      14776.912     -189741.76      1.5616624      19683               2382 
   1406500   2051.7169      288796.87     -204301.43      14561.668     -189739.77      1.5616624      19683               2382 
   1407000   1997.2919      286390.52     -204168.61      14175.397     -189993.21      1.5616624      19683               2382 
   1407500   2024.5         284403.38     -204649         14368.501     -190280.5       1.5616624      19683               2382 
   1408000   2010.3114      277086.9      -204732.62      14267.801     -190464.82      1.5616624      19683               2382 
   1408500   2020.2107      288364        -204933.64      14338.059     -190595.58      1.5616624      19683               2382 
   1409000   1983.8636      283684.91     -204795.45      14080.092     -190715.35      1.5616624      19683               2382 
   1409500   2017.0078      273527.93     -205081.72      14315.327     -190766.39      1.5616624      19683               2382 
   1410000   1925.9342      282205.8      -204423.54      13668.95      -190754.59      1.5616624      19683               2382 
   1410500   2025.1057      280083.59     -204977.96      14372.801     -190605.16      1.5616624      19683               2382 
   1411000   2056.2989      274992.11     -204951.4       14594.188     -190357.21      1.5616624      19683               2382 
   1411500   2014.3664      281572.58     -204384.61      14296.58      -190088.03      1.5616624      19683               2382 
   1412000   1979.1504      290644.46     -203884.93      14046.641     -189838.28      1.5616624      19683               2382 
   1412500   2034.3538      286442.21     -204195.61      14438.437     -189757.17      1.5616624      19683               2382 
   1413000   2021.0502      292379.92     -204160.77      14344.017     -189816.76      1.5616624      19683               2382 
   1413500   2006.0221      285752.59     -204182.47      14237.358     -189945.11      1.5616624      19683               2382 
   1414000   2032.3315      289415.78     -204505.01      14424.084     -190080.93      1.5616624      19683               2382 
   1414500   2043.9447      291375.83     -204721.4       14506.506     -190214.89      1.5616624      19683               2382 
   1415000   2015.0922      291597.01     -204677.38      14301.732     -190375.65      1.5616624      19683               2382 
   1415500   2025.2454      278176.72     -204933.45      14373.792     -190559.66      1.5616624      19683               2382 
   1416000   1985.6108      281509.97     -204781.19      14092.493     -190688.7       1.5616624      19683               2382 
   1416500   1982.7623      283244.32     -204823.37      14072.276     -190751.09      1.5616624      19683               2382 
   1417000   2028.6876      270334.98     -205131.81      14398.222     -190733.59      1.5616624      19683               2382 
   1417500   1991.9961      282847.44     -204808.05      14137.812     -190670.23      1.5616624      19683               2382 
   1418000   2015.0084      276668.14     -204836.68      14301.137     -190535.54      1.5616624      19683               2382 
   1418500   2053.2837      283427.25     -204729.7       14572.788     -190156.91      1.5616624      19683               2382 
   1419000   2018.8462      284579.18     -204197.09      14328.374     -189868.72      1.5616624      19683               2382 
   1419500   2082.5886      287031.2      -204565.54      14780.774     -189784.76      1.5616624      19683               2382 
   1420000   2058.5564      292776.31     -204507.56      14610.21      -189897.35      1.5616624      19683               2382 
   1420500   2025.2505      285040.34     -204524.19      14373.828     -190150.36      1.5616624      19683               2382 
   1421000   2014.624       279616.54     -204673.3       14298.408     -190374.9       1.5616624      19683               2382 
   1421500   2000.4655      279126.95     -204646.09      14197.921     -190448.17      1.5616624      19683               2382 
   1422000   2008.5353      285298.39     -204712.84      14255.195     -190457.65      1.5616624      19683               2382 
   1422500   2025.3873      291682.03     -204760.77      14374.799     -190385.97      1.5616624      19683               2382 
   1423000   1990.5883      285315.36     -204465.01      14127.82      -190337.19      1.5616624      19683               2382 
   1423500   2045.7375      280651.43     -204815.52      14519.231     -190296.29      1.5616624      19683               2382 
   1424000   1988.1022      284386.58     -204399.01      14110.175     -190288.83      1.5616624      19683               2382 
   1424500   2029.8208      272063.56     -204720.9       14406.265     -190314.63      1.5616624      19683               2382 
   1425000   1999.3883      293001.2      -204540.41      14190.276     -190350.13      1.5616624      19683               2382 
   1425500   1974.2935      280938.83     -204472.06      14012.171     -190459.89      1.5616624      19683               2382 
   1426000   1956.7299      285875.38     -204465.85      13887.516     -190578.33      1.5616624      19683               2382 
   1426500   1996.6747      272642.33     -204830.87      14171.017     -190659.86      1.5616624      19683               2382 
   1427000   1937.6699      275926.44     -204493.87      13752.242     -190741.63      1.5616624      19683               2382 
   1427500   2006.2487      271157.47     -204959.1       14238.966     -190720.14      1.5616624      19683               2382 
   1428000   2017.4679      284836.77     -204892.2       14318.593     -190573.6       1.5616624      19683               2382 
   1428500   1991.1917      271856.13     -204439.71      14132.102     -190307.61      1.5616624      19683               2382 
   1429000   1985.2356      281651.04     -204098.16      14089.83      -190008.33      1.5616624      19683               2382 
   1429500   2051.4169      277123.28     -204394.76      14559.539     -189835.23      1.5616624      19683               2382 
   1430000   2069.5715      282773.57     -204495.85      14688.388     -189807.46      1.5616624      19683               2382 
   1430500   2043.597       276345.29     -204410.52      14504.039     -189906.48      1.5616624      19683               2382 
   1431000   1983.1064      282820.43     -204188.93      14074.718     -190114.21      1.5616624      19683               2382 
   1431500   1984.3763      279372.23     -204319.99      14083.731     -190236.26      1.5616624      19683               2382 
   1432000   1967.6667      289832.56     -204238.15      13965.138     -190273.02      1.5616624      19683               2382 
   1432500   2029.8101      275622.65     -204705.43      14406.189     -190299.24      1.5616624      19683               2382 
   1433000   1933.1223      290429.29     -204078.89      13719.966     -190358.93      1.5616624      19683               2382 
   1433500   1985.8987      286748.16     -204514.15      14094.536     -190419.62      1.5616624      19683               2382 
   1434000   2000.4314      269386.63     -204656.01      14197.679     -190458.33      1.5616624      19683               2382 
   1434500   2004.2339      281238.28     -204692.66      14224.667     -190467.99      1.5616624      19683               2382 
   1435000   1958.5845      279769.21     -204378.53      13900.679     -190477.85      1.5616624      19683               2382 
   1435500   2025.0681      268243.61     -204806.98      14372.534     -190434.45      1.5616624      19683               2382 
   1436000   1982.9858      296333.3      -204437         14073.863     -190363.14      1.5616624      19683               2382 
   1436500   2035.4464      269247.38     -204708.16      14446.191     -190261.97      1.5616624      19683               2382 
   1437000   2012.528       288316.21     -204468.58      14283.532     -190185.05      1.5616624      19683               2382 
   1437500   2018.144       270212.24     -204427.98      14323.391     -190104.59      1.5616624      19683               2382 
   1438000   2070.6892      270810.75     -204748.26      14696.321     -190051.94      1.5616624      19683               2382 
   1438500   1983.3441      283352.09     -204217.5       14076.405     -190141.1       1.5616624      19683               2382 
   1439000   1996.504       279563.46     -204484.58      14169.806     -190314.78      1.5616624      19683               2382 
   1439500   1973.164       279421.23     -204565.9       14004.154     -190561.74      1.5616624      19683               2382 
   1440000   1980.7469      279640.91     -204811.16      14057.972     -190753.19      1.5616624      19683               2382 
   1440500   1986.7929      275514.81     -204937.43      14100.883     -190836.55      1.5616624      19683               2382 
   1441000   1973.2062      275709.09     -204848.61      14004.454     -190844.16      1.5616624      19683               2382 
   1441500   1960.8255      285842.7      -204729.1       13916.584     -190812.52      1.5616624      19683               2382 
   1442000   1957.525       276364.08     -204545.5       13893.159     -190652.35      1.5616624      19683               2382 
   1442500   1987.0009      281794.25     -204379.52      14102.359     -190277.16      1.5616624      19683               2382 
   1443000   2030.9479      275984.2      -204244.55      14414.264     -189830.29      1.5616624      19683               2382 
   1443500   2033.0304      283398.91     -204168.57      14429.044     -189739.53      1.5616624      19683               2382 
   1444000   2026.1578      281876.09     -204147.11      14380.267     -189766.85      1.5616624      19683               2382 
   1444500   2007.2076      282322.86     -204156         14245.772     -189910.22      1.5616624      19683               2382 
   1445000   1978.797       282182.24     -204173.97      14044.133     -190129.83      1.5616624      19683               2382 
   1445500   2015.6907      272829.17     -204647.47      14305.979     -190341.49      1.5616624      19683               2382 
   1446000   1974.0778      287122.73     -204505.5       14010.64      -190494.86      1.5616624      19683               2382 
   1446500   1968.0143      285100.21     -204540.92      13967.605     -190573.31      1.5616624      19683               2382 
   1447000   1952.7187      294208.39     -204459.3       13859.048     -190600.26      1.5616624      19683               2382 
   1447500   1965.7061      281262.04     -204518.68      13951.223     -190567.45      1.5616624      19683               2382 
   1448000   1981.2402      289460.06     -204553.28      14061.473     -190491.81      1.5616624      19683               2382 
   1448500   1992.2001      271737.3      -204392.53      14139.259     -190253.27      1.5616624      19683               2382 
   1449000   2041.397       289516.97     -204324.59      14488.425     -189836.17      1.5616624      19683               2382 
   1449500   2023.6758      283642.92     -203989.88      14362.652     -189627.23      1.5616624      19683               2382 
   1450000   2053.6581      281129.22     -204218.26      14575.446     -189642.82      1.5616624      19683               2382 
   1450500   2067.6742      281503.19     -204450.56      14674.922     -189775.64      1.5616624      19683               2382 
   1451000   1955.5288      279453.65     -203826.84      13878.992     -189947.85      1.5616624      19683               2382 
   1451500   1953.4094      285083.08     -203932.98      13863.95      -190069.03      1.5616624      19683               2382 
   1452000   2014.5863      279266.01     -204491.15      14298.141     -190193.01      1.5616624      19683               2382 
   1452500   2023.8778      275495.01     -204640.73      14364.086     -190276.64      1.5616624      19683               2382 
   1453000   2019.7558      280399.56     -204700.69      14334.831     -190365.86      1.5616624      19683               2382 
   1453500   1973.9077      279271.71     -204479.42      14009.432     -190469.99      1.5616624      19683               2382 
   1454000   2003.6067      284314.82     -204782.81      14220.216     -190562.59      1.5616624      19683               2382 
   1454500   1951.7999      280786.3      -204459.27      13852.527     -190606.74      1.5616624      19683               2382 
   1455000   1988.162       282347.4      -204737.95      14110.6       -190627.35      1.5616624      19683               2382 
   1455500   2012.4453      279790.67     -204871.76      14282.946     -190588.81      1.5616624      19683               2382 
   1456000   1977.734       273117.08     -204469.09      14036.589     -190432.5       1.5616624      19683               2382 
   1456500   2018.1539      274547.43     -204515.43      14323.461     -190191.97      1.5616624      19683               2382 
   1457000   1988.4041      294968.66     -204099.7       14112.318     -189987.38      1.5616624      19683               2382 
   1457500   2048.9799      289971.37     -204409.44      14542.243     -189867.19      1.5616624      19683               2382 
   1458000   2070.211       274851.1      -204558.1       14692.927     -189865.18      1.5616624      19683               2382 
   1458500   1993.7019      294127.36     -204178.16      14149.918     -190028.24      1.5616624      19683               2382 
   1459000   1998.6445      278341        -204490.36      14184.997     -190305.36      1.5616624      19683               2382 
   1459500   1988.9703      287676.62     -204658.54      14116.336     -190542.2       1.5616624      19683               2382 
   1460000   1986.8651      270953.86     -204743.83      14101.395     -190642.44      1.5616624      19683               2382 
   1460500   1992.1646      271658        -204827         14139.007     -190688         1.5616624      19683               2382 
   1461000   1980.8805      279598.78     -204712.97      14058.92      -190654.05      1.5616624      19683               2382 
   1461500   1932.8151      275962.83     -204290.91      13717.786     -190573.13      1.5616624      19683               2382 
   1462000   2040.9587      280586        -204886.61      14485.314     -190401.3       1.5616624      19683               2382 
   1462500   2048.5627      282353.52     -204741.69      14539.282     -190202.41      1.5616624      19683               2382 
   1463000   2067.3883      286502.23     -204581.99      14672.893     -189909.1       1.5616624      19683               2382 
   1463500   2025.8133      283556.75     -204021.03      14377.822     -189643.21      1.5616624      19683               2382 
   1464000   2034.0004      281922.69     -203940.13      14435.928     -189504.2       1.5616624      19683               2382 
   1464500   2043.6063      282142.15     -204084.26      14504.105     -189580.15      1.5616624      19683               2382 
   1465000   2037.019       280883.66     -204425.6       14457.353     -189968.25      1.5616624      19683               2382 
   1465500   1985.5931      287100.26     -204454.88      14092.367     -190362.52      1.5616624      19683               2382 
   1466000   1966.82        273268.58     -204464.53      13959.129     -190505.4       1.5616624      19683               2382 
   1466500   1970.9357      269655.24     -204530.04      13988.339     -190541.7       1.5616624      19683               2382 
   1467000   2019.4804      268349.01     -204852.39      14332.876     -190519.52      1.5616624      19683               2382 
   1467500   1988.8906      275694.61     -204531.57      14115.771     -190415.8       1.5616624      19683               2382 
   1468000   2036.648       274461.19     -204743.99      14454.72      -190289.27      1.5616624      19683               2382 
   1468500   2041.3497      274716.35     -204637.42      14488.089     -190149.34      1.5616624      19683               2382 
   1469000   2036.7597      280004.36     -204539.31      14455.512     -190083.8       1.5616624      19683               2382 
   1469500   2060.1234      282847.37     -204690.73      14621.332     -190069.39      1.5616624      19683               2382 
   1470000   2024.7641      282758.97     -204534.51      14370.376     -190164.13      1.5616624      19683               2382 
   1470500   2001.6874      274436.22     -204712.93      14206.594     -190506.33      1.5616624      19683               2382 
   1471000   1954.6046      278724.18     -204681.06      13872.432     -190808.63      1.5616624      19683               2382 
   1471500   1963.9557      266283.37     -204865.7       13938.8       -190926.9       1.5616624      19683               2382 
   1472000   1948.7713      269533.71     -204757.79      13831.032     -190926.75      1.5616624      19683               2382 
   1472500   1998.5232      269726.23     -204980.99      14184.136     -190796.85      1.5616624      19683               2382 
   1473000   1989.5931      295053.07     -204704.59      14120.757     -190583.83      1.5616624      19683               2382 
   1473500   2019.3934      276930.67     -204668.61      14332.258     -190336.35      1.5616624      19683               2382 
   1474000   1989.2439      286351.79     -204291.81      14118.278     -190173.53      1.5616624      19683               2382 
   1474500   2045.8537      274940.66     -204624.19      14520.055     -190104.13      1.5616624      19683               2382 
   1475000   1993.7612      280666.6      -204270.38      14150.339     -190120.04      1.5616624      19683               2382 
   1475500   2048.4518      280024.56     -204691.33      14538.495     -190152.84      1.5616624      19683               2382 
   1476000   2007.7224      285494.59     -204457.99      14249.425     -190208.57      1.5616624      19683               2382 
   1476500   2047.6866      280345.74     -204813.41      14533.064     -190280.34      1.5616624      19683               2382 
   1477000   2003.7269      278474.77     -204574.14      14221.069     -190353.07      1.5616624      19683               2382 
   1477500   1999.6263      278164.54     -204629.85      14191.965     -190437.88      1.5616624      19683               2382 
   1478000   2023.8094      272293.21     -204866.81      14363.6       -190503.21      1.5616624      19683               2382 
   1478500   1953.7082      282244.15     -204414.62      13866.07      -190548.55      1.5616624      19683               2382 
   1479000   1947.3997      275568.19     -204395.37      13821.297     -190574.07      1.5616624      19683               2382 
   1479500   1976.2728      276842.47     -204538.52      14026.218     -190512.31      1.5616624      19683               2382 
   1480000   2033.8672      279107.93     -204863.35      14434.984     -190428.36      1.5616624      19683               2382 
   1480500   1988.4412      272955.69     -204439.62      14112.581     -190327.04      1.5616624      19683               2382 
   1481000   2008.1078      275362.71     -204515.23      14252.161     -190263.07      1.5616624      19683               2382 
   1481500   2053.5573      270597.46     -204814.68      14574.73      -190239.95      1.5616624      19683               2382 
   1482000   1950.9771      274970.73     -204122.34      13846.687     -190275.65      1.5616624      19683               2382 
   1482500   2016.3855      278154.71     -204629.63      14310.91      -190318.72      1.5616624      19683               2382 
   1483000   1979.3689      285417.52     -204461.94      14048.192     -190413.75      1.5616624      19683               2382 
   1483500   1981.5667      290279.35     -204608.24      14063.791     -190544.45      1.5616624      19683               2382 
   1484000   1952.5758      275512.2      -204584.58      13858.034     -190726.54      1.5616624      19683               2382 
   1484500   1984.744       265403.97     -205169.47      14086.341     -191083.13      1.5616624      19683               2382 
   1485000   1927.8908      285263.26     -205001.38      13682.836     -191318.55      1.5616624      19683               2382 
   1485500   1918.1247      279353.46     -204879.53      13613.524     -191266.01      1.5616624      19683               2382 
   1486000   1941.7425      286970.14     -204837.94      13781.146     -191056.79      1.5616624      19683               2382 
   1486500   1948.7689      278342.69     -204622.06      13831.015     -190791.04      1.5616624      19683               2382 
   1487000   1973.3651      277141.85     -204602.22      14005.581     -190596.64      1.5616624      19683               2382 
   1487500   1973.482       286410.29     -204466.19      14006.411     -190459.78      1.5616624      19683               2382 
   1488000   1978.3097      279988.15     -204359.1       14040.675     -190318.43      1.5616624      19683               2382 
   1488500   2013.861       281925.66     -204430.56      14292.993     -190137.56      1.5616624      19683               2382 
   1489000   2031.8502      282341.67     -204409.02      14420.668     -189988.35      1.5616624      19683               2382 
   1489500   2050.3353      278031.67     -204520.59      14551.863     -189968.73      1.5616624      19683               2382 
   1490000   2014.9338      274523.37     -204389.61      14300.607     -190089         1.5616624      19683               2382 
   1490500   2006.7297      293699.85     -204593.41      14242.38      -190351.03      1.5616624      19683               2382 
   1491000   1996.8572      283206.33     -204838.63      14172.312     -190666.32      1.5616624      19683               2382 
   1491500   1953.8072      283565.98     -204707.5       13866.773     -190840.73      1.5616624      19683               2382 
   1492000   1933.5539      283021.15     -204548.29      13723.029     -190825.26      1.5616624      19683               2382 
   1492500   1975.1942      279748.52     -204745.68      14018.563     -190727.12      1.5616624      19683               2382 
   1493000   1994.8104      271468.61     -204760.15      14157.786     -190602.37      1.5616624      19683               2382 
   1493500   1962.5144      282513.65     -204441.87      13928.571     -190513.3       1.5616624      19683               2382 
   1494000   1992.98        285073.31     -204541.36      14144.794     -190396.57      1.5616624      19683               2382 
   1494500   2011.3244      284361.58     -204551.99      14274.99      -190277         1.5616624      19683               2382 
   1495000   2023.6291      288754.77     -204540.96      14362.321     -190178.63      1.5616624      19683               2382 
   1495500   2038.8568      282677.15     -204591.28      14470.396     -190120.88      1.5616624      19683               2382 
   1496000   2000.1099      287397.12     -204335.01      14195.398     -190139.61      1.5616624      19683               2382 
   1496500   2008.1164      300536        -204603.55      14252.222     -190351.33      1.5616624      19683               2382 
   1497000   2005.4573      275857.43     -204835.51      14233.35      -190602.16      1.5616624      19683               2382 
   1497500   1978.1536      289582.7      -204831.5       14039.567     -190791.93      1.5616624      19683               2382 
   1498000   1951.6613      284740.12     -204768.89      13851.543     -190917.35      1.5616624      19683               2382 
   1498500   1997.0188      286231.97     -205087         14173.459     -190913.54      1.5616624      19683               2382 
   1499000   1997.0525      268433.87     -204995.88      14173.698     -190822.18      1.5616624      19683               2382 
   1499500   1964.741       282298.46     -204558.13      13944.373     -190613.75      1.5616624      19683               2382 
   1500000   1979.4484      285370.48     -204389.83      14048.756     -190341.07      1.5616624      19683               2382 
   1500500   2012.2682      273963.87     -204383.39      14281.689     -190101.7       1.5616624      19683               2382 
   1501000   2027.2222      283343.05     -204372.77      14387.822     -189984.94      1.5616624      19683               2382 
   1501500   2001.143       280396.86     -204145.86      14202.73      -189943.13      1.5616624      19683               2382 
   1502000   1981.6633      287027.24     -204039.93      14064.477     -189975.45      1.5616624      19683               2382 
   1502500   2012.7996      290010.69     -204311.85      14285.46      -190026.39      1.5616624      19683               2382 
   1503000   2040.0276      285852.93     -204577.62      14478.706     -190098.91      1.5616624      19683               2382 
   1503500   1964.19        291473.4      -204146.26      13940.463     -190205.8       1.5616624      19683               2382 
   1504000   2018.7767      287772.3      -204593.29      14327.882     -190265.4       1.5616624      19683               2382 
   1504500   2023.2515      283596.54     -204723.51      14359.64      -190363.87      1.5616624      19683               2382 
   1505000   2005.9694      291811.74     -204647.27      14236.984     -190410.29      1.5616624      19683               2382 
   1505500   2021.2687      287853.26     -204766.42      14345.568     -190420.85      1.5616624      19683               2382 
   1506000   1977.2351      281915.37     -204451.56      14033.048     -190418.51      1.5616624      19683               2382 
   1506500   2031.6661      280668.48     -204859.3       14419.362     -190439.94      1.5616624      19683               2382 
   1507000   2002.5492      278067.04     -204648.73      14212.71      -190436.02      1.5616624      19683               2382 
   1507500   1995.8009      281321.26     -204594.65      14164.815     -190429.83      1.5616624      19683               2382 
   1508000   1952.8459      280880.77     -204271.43      13859.95      -190411.48      1.5616624      19683               2382 
   1508500   1989.3401      289138.24     -204406.47      14118.961     -190287.5       1.5616624      19683               2382 
   1509000   2015.3649      290490.05     -204445.31      14303.667     -190141.64      1.5616624      19683               2382 
   1509500   1989.8501      286112        -204183.58      14122.581     -190061         1.5616624      19683               2382 
   1510000   2013.7001      272418.11     -204252.74      14291.851     -189960.89      1.5616624      19683               2382 
   1510500   2029.7441      297120.59     -204322.53      14405.72      -189916.81      1.5616624      19683               2382 
   1511000   2042.362       279840.72     -204507.74      14495.274     -190012.47      1.5616624      19683               2382 
   1511500   2037.1028      283509.11     -204726.5       14457.947     -190268.55      1.5616624      19683               2382 
   1512000   1991.094       276364.98     -204672.74      14131.409     -190541.33      1.5616624      19683               2382 
   1512500   1954.8795      293368.29     -204535.92      13874.383     -190661.54      1.5616624      19683               2382 
   1513000   2012.7492      281560.78     -204917.49      14285.102     -190632.39      1.5616624      19683               2382 
   1513500   1980.9786      292914.76     -204639.77      14059.617     -190580.16      1.5616624      19683               2382 
   1514000   2039.218       284196.69     -204998.82      14472.96      -190525.86      1.5616624      19683               2382 
   1514500   1996.5757      284692.63     -204576.28      14170.314     -190405.97      1.5616624      19683               2382 
   1515000   2056.4608      284841.02     -204750.43      14595.337     -190155.09      1.5616624      19683               2382 
   1515500   2045.8631      285768.55     -204305.62      14520.122     -189785.5       1.5616624      19683               2382 
   1516000   2019.323       294472.5      -203902.33      14331.759     -189570.57      1.5616624      19683               2382 
   1516500   2046.4993      291345.91     -204097.53      14524.637     -189572.9       1.5616624      19683               2382 
   1517000   1998.9886      300212.97     -203903.82      14187.439     -189716.38      1.5616624      19683               2382 
   1517500   2048.0106      286403.22     -204421.76      14535.363     -189886.4       1.5616624      19683               2382 
   1518000   2038.6113      274241.66     -204471.49      14468.654     -190002.84      1.5616624      19683               2382 
   1518500   2038.5603      284019.89     -204565.85      14468.292     -190097.56      1.5616624      19683               2382 
   1519000   2038.9444      279026.86     -204699.2       14471.018     -190228.18      1.5616624      19683               2382 
   1519500   1975.2336      275241.78     -204362.34      14018.843     -190343.5       1.5616624      19683               2382 
   1520000   2010.9142      269348.48     -204716.4       14272.079     -190444.32      1.5616624      19683               2382 
   1520500   1984.8741      282266.07     -204590.28      14087.265     -190503.01      1.5616624      19683               2382 
   1521000   1958.2592      287801.85     -204471.05      13898.37      -190572.68      1.5616624      19683               2382 
   1521500   1958.4328      282491.02     -204558.23      13899.602     -190658.63      1.5616624      19683               2382 
   1522000   1972.7222      280801.74     -204781.9       14001.018     -190780.89      1.5616624      19683               2382 
   1522500   1934.3814      277294.37     -204597.25      13728.902     -190868.34      1.5616624      19683               2382 
   1523000   1979.9132      278129.92     -204922.53      14052.055     -190870.48      1.5616624      19683               2382 
   1523500   1949.5528      280716.71     -204546.74      13836.578     -190710.16      1.5616624      19683               2382 
   1524000   2007.6174      288020.35     -204653.48      14248.681     -190404.8       1.5616624      19683               2382 
   1524500   2006.2784      267963.24     -204397.32      14239.177     -190158.14      1.5616624      19683               2382 
   1525000   2011.8787      282076.88     -204286.64      14278.924     -190007.72      1.5616624      19683               2382 
   1525500   2018.0099      275615.33     -204246.32      14322.439     -189923.88      1.5616624      19683               2382 
   1526000   2011.8492      281903.55     -204144.39      14278.715     -189865.68      1.5616624      19683               2382 
   1526500   2042.3671      283369.76     -204407.61      14495.31      -189912.3       1.5616624      19683               2382 
   1527000   2016.1701      280935.68     -204409.81      14309.381     -190100.43      1.5616624      19683               2382 
   1527500   2001.3303      269996.7      -204659.81      14204.059     -190455.75      1.5616624      19683               2382 
   1528000   1958.0559      291356.18     -204612.87      13896.927     -190715.94      1.5616624      19683               2382 
   1528500   1979.6278      288323.92     -204830.76      14050.03      -190780.73      1.5616624      19683               2382 
   1529000   1979.5201      277835.04     -204775.06      14049.266     -190725.79      1.5616624      19683               2382 
   1529500   2003.7431      268595.11     -204802.75      14221.184     -190581.57      1.5616624      19683               2382 
   1530000   1983.4855      272759.68     -204487.32      14077.409     -190409.91      1.5616624      19683               2382 
   1530500   1974.8688      284807.51     -204258.02      14016.253     -190241.76      1.5616624      19683               2382 
   1531000   2048.875       280474.32     -204655.19      14541.499     -190113.69      1.5616624      19683               2382 
   1531500   2008.08        284510.55     -204271.62      14251.964     -190019.65      1.5616624      19683               2382 
   1532000   1989.9787      285878.44     -204070.91      14123.493     -189947.41      1.5616624      19683               2382 
   1532500   2002.3117      284497.15     -204152.05      14211.024     -189941.02      1.5616624      19683               2382 
   1533000   2031.4653      279501.19     -204570.18      14417.936     -190152.24      1.5616624      19683               2382 
   1533500   1987.1875      279301.72     -204640.93      14103.683     -190537.25      1.5616624      19683               2382 
   1534000   1974.1846      284196.42     -204760.15      14011.398     -190748.75      1.5616624      19683               2382 
   1534500   2001.4238      272413.93     -205035.4       14204.723     -190830.67      1.5616624      19683               2382 
   1535000   1995.0474      273328.95     -204957.71      14159.467     -190798.25      1.5616624      19683               2382 
   1535500   1991.3732      264852.7      -204844         14133.391     -190710.61      1.5616624      19683               2382 
   1536000   1976.1321      278626.41     -204493.65      14025.22      -190468.43      1.5616624      19683               2382 
   1536500   2004.8663      276031.79     -204444.76      14229.155     -190215.61      1.5616624      19683               2382 
   1537000   2058.9687      286213.9      -204662.35      14613.136     -190049.21      1.5616624      19683               2382 
   1537500   1983.1589      290561.31     -204037.79      14075.091     -189962.7       1.5616624      19683               2382 
   1538000   2001.3078      285575.7      -204125.7       14203.899     -189921.8       1.5616624      19683               2382 
   1538500   1992.4854      289574.46     -204088.01      14141.284     -189946.72      1.5616624      19683               2382 
   1539000   2047.5823      287631.17     -204525.29      14532.324     -189992.96      1.5616624      19683               2382 
   1539500   1969.2875      270822.16     -203991.02      13976.641     -190014.37      1.5616624      19683               2382 
   1540000   2033.9102      279451.28     -204495.95      14435.289     -190060.66      1.5616624      19683               2382 
   1540500   2000.2712      275770.41     -204470.13      14196.542     -190273.58      1.5616624      19683               2382 
   1541000   1986.8905      280003.17     -204853.8       14101.575     -190752.22      1.5616624      19683               2382 
   1541500   1970.2245      278681.65     -204889.52      13983.292     -190906.23      1.5616624      19683               2382 
   1542000   1983.4134      279371.53     -204970.24      14076.897     -190893.34      1.5616624      19683               2382 
   1542500   1983.6096      268032.9      -204831.67      14078.29      -190753.38      1.5616624      19683               2382 
   1543000   1924.4004      272799.9      -204175.43      13658.063     -190517.37      1.5616624      19683               2382 
   1543500   1994.7713      273843.69     -204428.55      14157.507     -190271.04      1.5616624      19683               2382 
   1544000   2011.4275      282671.16     -204404.53      14275.722     -190128.8       1.5616624      19683               2382 
   1544500   1997.5144      273546.64     -204224.51      14176.976     -190047.53      1.5616624      19683               2382 
   1545000   2008.9499      278233.16     -204334.52      14258.138     -190076.38      1.5616624      19683               2382 
   1545500   2003.0528      275289.95     -204368.95      14216.284     -190152.66      1.5616624      19683               2382 
   1546000   2004.0929      282991.9      -204482.23      14223.666     -190258.56      1.5616624      19683               2382 
   1546500   1984.0386      284304.4      -204497.66      14081.335     -190416.32      1.5616624      19683               2382 
   1547000   1969.2906      279895.19     -204541.86      13976.664     -190565.2       1.5616624      19683               2382 
   1547500   1967.9868      279073.41     -204710.35      13967.41      -190742.94      1.5616624      19683               2382 
   1548000   1928.6672      273645.02     -204821.42      13688.347     -191133.07      1.5616624      19683               2382 
   1548500   1902.1568      270731.97     -204929.24      13500.194     -191429.05      1.5616624      19683               2382 
   1549000   1916.5205      280003.51     -204993.24      13602.138     -191391.11      1.5616624      19683               2382 
   1549500   1938.0458      269772.78     -204857.54      13754.91      -191102.63      1.5616624      19683               2382 
   1550000   1968.9407      283306.8      -204757.2       13974.18      -190783.02      1.5616624      19683               2382 
   1550500   2036.9801      276341.6      -205014.73      14457.077     -190557.66      1.5616624      19683               2382 
   1551000   1976.3325      277438.91     -204415.48      14026.642     -190388.84      1.5616624      19683               2382 
   1551500   1988.7807      285131.49     -204342.08      14114.991     -190227.09      1.5616624      19683               2382 
   1552000   1997.0534      283397.32     -204294.23      14173.705     -190120.52      1.5616624      19683               2382 
   1552500   2030.6575      288910.33     -204497.29      14412.203     -190085.08      1.5616624      19683               2382 
   1553000   2053.8207      272865.95     -204702.15      14576.599     -190125.55      1.5616624      19683               2382 
   1553500   2016.7601      277431.38     -204560.96      14313.569     -190247.39      1.5616624      19683               2382 
   1554000   1981.982       282936.7      -204600.3       14066.738     -190533.57      1.5616624      19683               2382 
   1554500   1926.4819      279788.55     -204429.34      13672.837     -190756.5       1.5616624      19683               2382 
   1555000   1945.4576      276768.51     -204637.76      13807.513     -190830.25      1.5616624      19683               2382 
   1555500   1917.1469      276883.53     -204376.16      13606.584     -190769.58      1.5616624      19683               2382 
   1556000   1978.6442      271071.46     -204640         14043.049     -190596.96      1.5616624      19683               2382 
   1556500   2044.6671      287854.83     -204916.9       14511.633     -190405.27      1.5616624      19683               2382 
   1557000   2021.8229      276965.79     -204641.08      14349.501     -190291.58      1.5616624      19683               2382 
   1557500   1950.3799      277585.95     -204074.16      13842.449     -190231.71      1.5616624      19683               2382 
   1558000   2007.6489      285859.05     -204473.11      14248.904     -190224.2       1.5616624      19683               2382 
   1558500   2021.3889      284519.51     -204619.16      14346.421     -190272.74      1.5616624      19683               2382 
   1559000   2027.3659      284883.22     -204735.39      14388.841     -190346.55      1.5616624      19683               2382 
   1559500   1979.9134      280820.16     -204503.21      14052.057     -190451.16      1.5616624      19683               2382 
   1560000   2007.3005      269448.32     -204792.38      14246.432     -190545.95      1.5616624      19683               2382 
   1560500   1989.8715      273092.93     -204770.3       14122.732     -190647.57      1.5616624      19683               2382 
   1561000   1975.8043      278548.45     -204758.99      14022.893     -190736.1       1.5616624      19683               2382 
   1561500   1959.1489      284949.67     -204752.81      13904.684     -190848.13      1.5616624      19683               2382 
   1562000   2012.4827      269404.99     -205102.46      14283.211     -190819.25      1.5616624      19683               2382 
   1562500   1977.8502      280580.3      -204729.99      14037.413     -190692.58      1.5616624      19683               2382 
   1563000   1994.4328      268430.07     -204636.37      14155.105     -190481.27      1.5616624      19683               2382 
   1563500   2015.5546      288178.44     -204566.08      14305.013     -190261.07      1.5616624      19683               2382 
   1564000   2027.9951      283141.12     -204457.06      14393.307     -190063.75      1.5616624      19683               2382 
   1564500   2011.0587      282926.6      -204223.82      14273.104     -189950.71      1.5616624      19683               2382 
   1565000   2058.4249      280969.88     -204504         14609.277     -189894.72      1.5616624      19683               2382 
   1565500   2006.4877      285167.14     -204174.99      14240.662     -189934.33      1.5616624      19683               2382 
   1566000   2016.7586      292475.8      -204511.05      14313.558     -190197.49      1.5616624      19683               2382 
   1566500   1956.6753      278846.67     -204496.47      13887.128     -190609.34      1.5616624      19683               2382 
   1567000   1970.6363      271635.06     -204748.91      13986.214     -190762.7       1.5616624      19683               2382 
   1567500   1983.5548      283041.13     -204804.66      14077.9       -190726.76      1.5616624      19683               2382 
   1568000   1969.3354      279352.31     -204584.8       13976.981     -190607.82      1.5616624      19683               2382 
   1568500   2006.0722      272678.38     -204639.75      14237.713     -190402.04      1.5616624      19683               2382 
   1569000   2061.2904      287112.02     -204792.42      14629.615     -190162.8       1.5616624      19683               2382 
   1569500   1985.3284      278319.12     -204136.89      14090.488     -190046.4       1.5616624      19683               2382 
   1570000   2034.2076      288676.34     -204438.95      14437.399     -190001.56      1.5616624      19683               2382 
   1570500   1997.2533      291710.71     -204234.29      14175.124     -190059.17      1.5616624      19683               2382 
   1571000   2058.7569      284737.7      -204765.03      14611.633     -190153.4       1.5616624      19683               2382 
   1571500   1968.2973      287893.37     -204243.7       13969.614     -190274.09      1.5616624      19683               2382 
   1572000   1981.6538      278613.92     -204410.02      14064.409     -190345.61      1.5616624      19683               2382 
   1572500   1997.7745      283669.26     -204541.76      14178.822     -190362.94      1.5616624      19683               2382 
   1573000   2035.2502      271560.24     -204830.19      14444.799     -190385.39      1.5616624      19683               2382 
   1573500   2050.6172      289159.62     -204982.84      14553.863     -190428.97      1.5616624      19683               2382 
   1574000   2035.3332      270286.48     -204929.55      14445.388     -190484.16      1.5616624      19683               2382 
   1574500   1974.5562      291119.82     -204599.35      14014.035     -190585.31      1.5616624      19683               2382 
   1575000   1949.0594      274981.94     -204518.9       13833.076     -190685.82      1.5616624      19683               2382 
   1575500   1931.258       283556.77     -204466.05      13706.734     -190759.32      1.5616624      19683               2382 
   1576000   1980.6494      261518.11     -204891.81      14057.281     -190834.52      1.5616624      19683               2382 
   1576500   1962.4856      284605.42     -204750.6       13928.366     -190822.24      1.5616624      19683               2382 
   1577000   1978.2228      278319.99     -204684.24      14040.058     -190644.18      1.5616624      19683               2382 
   1577500   1993.7124      277047.65     -204485.79      14149.992     -190335.8       1.5616624      19683               2382 
   1578000   2007.5366      291462.84     -204366.09      14248.107     -190117.99      1.5616624      19683               2382 
   1578500   1993.4463      284322.38     -204145.48      14148.104     -189997.38      1.5616624      19683               2382 
   1579000   1999.7884      282731.17     -204118.41      14193.116     -189925.29      1.5616624      19683               2382 
   1579500   2006.5135      284372.72     -204187.89      14240.846     -189947.05      1.5616624      19683               2382 
   1580000   2015.3852      287358.47     -204392.97      14303.811     -190089.16      1.5616624      19683               2382 
   1580500   2032.3711      274400.13     -204804.19      14424.365     -190379.83      1.5616624      19683               2382 
   1581000   1992.1587      295079.85     -204823.4       14138.965     -190684.43      1.5616624      19683               2382 
   1581500   1951.7937      284528.94     -204647.49      13852.482     -190795.01      1.5616624      19683               2382 
   1582000   1981.9366      274169.38     -204816.1       14066.416     -190749.69      1.5616624      19683               2382 
   1582500   1995.4032      271864.31     -204839.25      14161.993     -190677.26      1.5616624      19683               2382 
   1583000   1984.318       286400.6      -204646.54      14083.317     -190563.22      1.5616624      19683               2382 
   1583500   1995.3943      278776.48     -204576.38      14161.929     -190414.46      1.5616624      19683               2382 
   1584000   2005.9853      271777.67     -204520.09      14237.097     -190282.99      1.5616624      19683               2382 
   1584500   2046.3343      275692.48     -204721         14523.467     -190197.54      1.5616624      19683               2382 
   1585000   2067.6365      279855.03     -204858.41      14674.655     -190183.76      1.5616624      19683               2382 
   1585500   2013.5785      284152.65     -204552.4       14290.988     -190261.42      1.5616624      19683               2382 
   1586000   2018.4677      283626.9      -204934.09      14325.688     -190608.4       1.5616624      19683               2382 
   1586500   1945.4482      282549.87     -204849.86      13807.446     -191042.42      1.5616624      19683               2382 
   1587000   1929.511       270955.31     -204835.6       13694.336     -191141.27      1.5616624      19683               2382 
   1587500   1985.3269      276544.47     -205146.24      14090.478     -191055.76      1.5616624      19683               2382 
   1588000   1970.1923      273003.28     -204826.09      13983.063     -190843.03      1.5616624      19683               2382 
   1588500   2005.1141      278260.51     -204852.32      14230.914     -190621.41      1.5616624      19683               2382 
   1589000   2036.5698      270849.12     -204882.14      14454.164     -190427.98      1.5616624      19683               2382 
   1589500   1990.4218      286465.36     -204416.13      14126.638     -190289.49      1.5616624      19683               2382 
   1590000   2008.7651      266607.96     -204455.86      14256.826     -190199.03      1.5616624      19683               2382 
   1590500   2010.4518      278615.64     -204451.17      14268.797     -190182.37      1.5616624      19683               2382 
   1591000   2009.3646      275114.76     -204491.03      14261.081     -190229.95      1.5616624      19683               2382 
   1591500   1981.9581      266553        -204483.54      14066.568     -190416.97      1.5616624      19683               2382 
   1592000   2016.7571      269834.43     -205137.36      14313.548     -190823.82      1.5616624      19683               2382 
   1592500   1986.5618      271965.39     -205152.81      14099.242     -191053.57      1.5616624      19683               2382 
   1593000   1936.0442      274420.75     -204777.52      13740.703     -191036.82      1.5616624      19683               2382 
   1593500   2029.5694      275906.72     -205314.44      14404.48      -190909.96      1.5616624      19683               2382 
   1594000   2002.6867      272984.73     -204931.65      14213.686     -190717.96      1.5616624      19683               2382 
   1594500   2011.7024      283260.72     -204818.2       14277.673     -190540.52      1.5616624      19683               2382 
   1595000   2002.634       290109.46     -204638.99      14213.312     -190425.68      1.5616624      19683               2382 
   1595500   2022.3985      280785.59     -204694.98      14353.586     -190341.39      1.5616624      19683               2382 
   1596000   2010.1947      283688.2      -204582.47      14266.973     -190315.5       1.5616624      19683               2382 
   1596500   2018.7421      278720.23     -204672.74      14327.636     -190345.1       1.5616624      19683               2382 
   1597000   2030.4799      271221.31     -204804.24      14410.942     -190393.3       1.5616624      19683               2382 
   1597500   2012.1172      289405.66     -204693.05      14280.617     -190412.43      1.5616624      19683               2382 
   1598000   1967.1876      288005.23     -204378.22      13961.737     -190416.48      1.5616624      19683               2382 
   1598500   2048.5928      282626.63     -204937.8       14539.495     -190398.3       1.5616624      19683               2382 
   1599000   2020.9222      277161.58     -204750.17      14343.109     -190407.06      1.5616624      19683               2382 
   1599500   2016.044       279193.81     -204713.23      14308.487     -190404.74      1.5616624      19683               2382 
   1600000   2024.6546      283256.48     -204778.43      14369.599     -190408.83      1.5616624      19683               2382 
   1600500   2026.9511      280855.83     -204798.57      14385.898     -190412.67      1.5616624      19683               2382 
   1601000   1969.5039      285693.07     -204341.52      13978.177     -190363.34      1.5616624      19683               2382 
   1601500   1954.3206      278027.16     -204185.97      13870.417     -190315.55      1.5616624      19683               2382 
   1602000   2018.853       283493.93     -204591.38      14328.423     -190262.96      1.5616624      19683               2382 
   1602500   2020.8685      295085.81     -204580.26      14342.727     -190237.53      1.5616624      19683               2382 
   1603000   2019.851       286526.47     -204534.08      14335.506     -190198.57      1.5616624      19683               2382 
   1603500   1996.3969      292713.54     -204314.68      14169.045     -190145.63      1.5616624      19683               2382 
   1604000   1973.0723      285233.97     -204061.99      14003.504     -190058.48      1.5616624      19683               2382 
   1604500   2005.4054      288224.05     -204257.93      14232.981     -190024.95      1.5616624      19683               2382 
   1605000   1979.104       296072.79     -204116.5       14046.312     -190070.19      1.5616624      19683               2382 
   1605500   2013.3688      293706.41     -204433.34      14289.5       -190143.84      1.5616624      19683               2382 
   1606000   1993.7844      272966.23     -204511.3       14150.503     -190360.8       1.5616624      19683               2382 
   1606500   1981.6781      293420.61     -204664.19      14064.581     -190599.6       1.5616624      19683               2382 
   1607000   1979.2949      282768.07     -204778.27      14047.667     -190730.6       1.5616624      19683               2382 
   1607500   1996.8153      289265.15     -204926.57      14172.014     -190754.56      1.5616624      19683               2382 
   1608000   1981.2329      291290.24     -204749.95      14061.421     -190688.53      1.5616624      19683               2382 
   1608500   1964.88        295872.08     -204418.74      13945.36      -190473.38      1.5616624      19683               2382 
   1609000   2060.1313      285389.11     -204729.17      14621.388     -190107.78      1.5616624      19683               2382 
   1609500   1997.6763      296161.32     -204047.46      14178.125     -189869.34      1.5616624      19683               2382 
   1610000   2043.6818      291565.45     -204342.63      14504.64      -189837.99      1.5616624      19683               2382 
   1610500   2031.539       307189.49     -204384.5       14418.459     -189966.04      1.5616624      19683               2382 
   1611000   2039.8123      283903.82     -204577.85      14477.178     -190100.67      1.5616624      19683               2382 
   1611500   2024.7787      283461.21     -204614.8       14370.48      -190244.32      1.5616624      19683               2382 
   1612000   1996.1117      284629.18     -204526.03      14167.021     -190359.01      1.5616624      19683               2382 
   1612500   2030.5331      273794.83     -204848.2       14411.32      -190436.88      1.5616624      19683               2382 
   1613000   1979.2246      277048.14     -204571.39      14047.168     -190524.22      1.5616624      19683               2382 
   1613500   2039.5229      282956.79     -205052.45      14475.124     -190577.33      1.5616624      19683               2382 
   1614000   1981.8295      282187.11     -204702         14065.656     -190636.35      1.5616624      19683               2382 
   1614500   2024.1389      283664.41     -205108.63      14365.939     -190742.69      1.5616624      19683               2382 
   1615000   1985.0627      275507.17     -205090.99      14088.603     -191002.38      1.5616624      19683               2382 
   1615500   1956.174       273044.35     -205143.25      13883.571     -191259.68      1.5616624      19683               2382 
   1616000   1971.8681      283228.1      -205354.79      13994.957     -191359.83      1.5616624      19683               2382 
   1616500   1987.4835      283000.63     -205342.76      14105.784     -191236.97      1.5616624      19683               2382 
   1617000   1944.0507      280201.7      -204740.41      13797.528     -190942.89      1.5616624      19683               2382 
   1617500   2004.1716      278049.42     -204865.6       14224.225     -190641.37      1.5616624      19683               2382 
   1618000   1987.7265      286975.65     -204606.49      14107.509     -190498.98      1.5616624      19683               2382 
   1618500   2061.1116      273074.41     -205043.63      14628.346     -190415.28      1.5616624      19683               2382 
   1619000   2000.1593      289170.69     -204587.71      14195.748     -190391.96      1.5616624      19683               2382 
   1619500   1959.6303      293432.17     -204285.32      13908.101     -190377.22      1.5616624      19683               2382 
   1620000   2016.172       291070.02     -204662.71      14309.395     -190353.32      1.5616624      19683               2382 
   1620500   1949.5537      282386.08     -204205.67      13836.585     -190369.09      1.5616624      19683               2382 
   1621000   1970.7222      285236.47     -204410.77      13986.824     -190423.95      1.5616624      19683               2382 
   1621500   1987.4554      297512.64     -204605.09      14105.584     -190499.51      1.5616624      19683               2382 
   1622000   1964.8927      279676.54     -204539.74      13945.45      -190594.29      1.5616624      19683               2382 
   1622500   1979.9824      289779.37     -204760.55      14052.546     -190708.01      1.5616624      19683               2382 
   1623000   2013.4793      269361.08     -205033.43      14290.285     -190743.14      1.5616624      19683               2382 
   1623500   1998.1959      283621.17     -204993.5       14181.813     -190811.68      1.5616624      19683               2382 
   1624000   1952.3114      271568.29     -204715.87      13856.157     -190859.71      1.5616624      19683               2382 
   1624500   1945.3294      277117.06     -204653.07      13806.604     -190846.47      1.5616624      19683               2382 
   1625000   1973.2788      282041.78     -204760.24      14004.969     -190755.28      1.5616624      19683               2382 
   1625500   1996.9019      286153.12     -204725.87      14172.63      -190553.24      1.5616624      19683               2382 
   1626000   2044.5388      280578.84     -204806.56      14510.723     -190295.83      1.5616624      19683               2382 
   1626500   2010.3892      284987.18     -204396.77      14268.353     -190128.42      1.5616624      19683               2382 
   1627000   2011.469       290484.73     -204356.71      14276.016     -190080.69      1.5616624      19683               2382 
   1627500   2034.8059      274851        -204568.34      14441.646     -190126.7       1.5616624      19683               2382 
   1628000   1995.8937      277557.35     -204481.81      14165.474     -190316.33      1.5616624      19683               2382 
   1628500   1973.0687      278886.98     -204716.15      14003.478     -190712.67      1.5616624      19683               2382 
   1629000   1964.1267      278940.25     -204850.82      13940.014     -190910.81      1.5616624      19683               2382 
   1629500   1932.7177      277536.61     -204661.16      13717.094     -190944.07      1.5616624      19683               2382 
   1630000   1991.9629      276186.51     -204994.74      14137.575     -190857.17      1.5616624      19683               2382 
   1630500   2009.9871      272682.74     -204973.58      14265.499     -190708.08      1.5616624      19683               2382 
   1631000   2010.3526      274694.31     -204820.07      14268.093     -190551.98      1.5616624      19683               2382 
   1631500   1973.8837      295509.66     -204386.89      14009.262     -190377.63      1.5616624      19683               2382 
   1632000   2009.2765      279761.5      -204490.87      14260.455     -190230.42      1.5616624      19683               2382 
   1632500   2049.409       281715.88     -204683.43      14545.289     -190138.14      1.5616624      19683               2382 
   1633000   2045.6191      280091.94     -204629.24      14518.39      -190110.85      1.5616624      19683               2382 
   1633500   1991.2668      288488.42     -204312.05      14132.636     -190179.42      1.5616624      19683               2382 
   1634000   2016.8166      282451.29     -204828.64      14313.97      -190514.67      1.5616624      19683               2382 
   1634500   1951.6232      280347.28     -204731.77      13851.272     -190880.49      1.5616624      19683               2382 
   1635000   1982.0157      270297.66     -205041.75      14066.977     -190974.78      1.5616624      19683               2382 
   1635500   1973.9928      283068.07     -204957.67      14010.036     -190947.64      1.5616624      19683               2382 
   1636000   2005.5164      267307.62     -205028.01      14233.769     -190794.24      1.5616624      19683               2382 
   1636500   2016.2224      283369.01     -204896.67      14309.753     -190586.91      1.5616624      19683               2382 
   1637000   2077.2964      273737.85     -205120.81      14743.214     -190377.59      1.5616624      19683               2382 
   1637500   2019.3692      291350.79     -204615.97      14332.086     -190283.88      1.5616624      19683               2382 
   1638000   2006.4229      284324.22     -204506.41      14240.203     -190266.21      1.5616624      19683               2382 
   1638500   2008.1053      275775.65     -204651.74      14252.143     -190399.59      1.5616624      19683               2382 
   1639000   1979.7603      283610.69     -204742.68      14050.97      -190691.71      1.5616624      19683               2382 
   1639500   1970.9615      266222        -205005.56      13988.522     -191017.04      1.5616624      19683               2382 
   1640000   1970.2037      274041.91     -205126.51      13983.144     -191143.37      1.5616624      19683               2382 
   1640500   1962.7611      280968.49     -205004.14      13930.322     -191073.82      1.5616624      19683               2382 
   1641000   1949.2444      278377.41     -204778.4       13834.389     -190944.01      1.5616624      19683               2382 
   1641500   2020.4519      295045.95     -205130.18      14339.771     -190790.41      1.5616624      19683               2382 
   1642000   2008.2455      272758.72     -204918.22      14253.138     -190665.08      1.5616624      19683               2382 
   1642500   2026.5015      277778.57     -204950.43      14382.707     -190567.73      1.5616624      19683               2382 
   1643000   2035.5365      264686.29     -204961.07      14446.831     -190514.24      1.5616624      19683               2382 
   1643500   1994.3219      289185.4      -204644.55      14154.318     -190490.23      1.5616624      19683               2382 
   1644000   2002.3214      287972.32     -204733.79      14211.093     -190522.7       1.5616624      19683               2382 
   1644500   1978.6539      283140.68     -204751.33      14043.118     -190708.22      1.5616624      19683               2382 
   1645000   1964.1331      282437.79     -205024.7       13940.059     -191084.64      1.5616624      19683               2382 
   1645500   1928.3909      284185.9      -205024.96      13686.386     -191338.57      1.5616624      19683               2382 
   1646000   1948.9902      274428.3      -205200.6       13832.585     -191368.02      1.5616624      19683               2382 
   1646500   1960.5461      284149.61     -205126.38      13914.601     -191211.78      1.5616624      19683               2382 
   1647000   1988.5995      269091.98     -205049.81      14113.705     -190936.1       1.5616624      19683               2382 
   1647500   2021.1303      276257.28     -205010.42      14344.586     -190665.83      1.5616624      19683               2382 
   1648000   2040.2055      277451.97     -205016.5       14479.968     -190536.54      1.5616624      19683               2382 
   1648500   1964.4249      283742.3      -204449.13      13942.13      -190507         1.5616624      19683               2382 
   1649000   1995.7855      278249.89     -204613.34      14164.706     -190448.63      1.5616624      19683               2382 
   1649500   1979.6114      278908.82     -204468.77      14049.913     -190418.86      1.5616624      19683               2382 
   1650000   2031.3635      285307.88     -204773.15      14417.214     -190355.93      1.5616624      19683               2382 
   1650500   2002.5435      280292.4      -204556.78      14212.67      -190344.11      1.5616624      19683               2382 
   1651000   2019.0572      287619.6      -204745.65      14329.872     -190415.78      1.5616624      19683               2382 
   1651500   2019.8177      278251.62     -204921.29      14335.27      -190586.02      1.5616624      19683               2382 
   1652000   1971.9116      278798.32     -204802.56      13995.265     -190807.29      1.5616624      19683               2382 
   1652500   1975.2129      279971.5      -204990.17      14018.696     -190971.47      1.5616624      19683               2382 
   1653000   1980.5467      261975.79     -205042.57      14056.551     -190986.02      1.5616624      19683               2382 
   1653500   1952.254       287459.18     -204728.07      13855.749     -190872.32      1.5616624      19683               2382 
   1654000   1976.7299      288110.61     -204595.14      14029.462     -190565.67      1.5616624      19683               2382 
   1654500   2010.8248      282244.02     -204539.52      14271.444     -190268.07      1.5616624      19683               2382 
   1655000   2046.7551      285542.76     -204638.25      14526.453     -190111.79      1.5616624      19683               2382 
   1655500   2013.5078      291295.8      -204389.96      14290.486     -190099.47      1.5616624      19683               2382 
   1656000   2028.6403      286219.66     -204564.9       14397.887     -190167.01      1.5616624      19683               2382 
   1656500   1969.9651      290641.29     -204282.31      13981.45      -190300.86      1.5616624      19683               2382 
   1657000   1979.143       286266.14     -204486.44      14046.589     -190439.85      1.5616624      19683               2382 
   1657500   1956.949       278825.15     -204490.96      13889.071     -190601.89      1.5616624      19683               2382 
   1658000   1959.003       282051.96     -204627.2       13903.649     -190723.55      1.5616624      19683               2382 
   1658500   1961.2687      281741.8      -204651.63      13919.729     -190731.9       1.5616624      19683               2382 
   1659000   1972.3612      285587.66     -204686.9       13998.457     -190688.44      1.5616624      19683               2382 
   1659500   1977.1313      282129.98     -204645.14      14032.311     -190612.82      1.5616624      19683               2382 
   1660000   2013.1417      275672.02     -204857.42      14287.888     -190569.53      1.5616624      19683               2382 
   1660500   1960.9591      288223.75     -204446.54      13917.532     -190529.01      1.5616624      19683               2382 
   1661000   2028.8184      271964.81     -204860.11      14399.151     -190460.96      1.5616624      19683               2382 
   1661500   2021.0255      278379.65     -204744.48      14343.842     -190400.63      1.5616624      19683               2382 
   1662000   2053.6222      282471.96     -204954.42      14575.191     -190379.23      1.5616624      19683               2382 
   1662500   2026.6256      281336.82     -204746.42      14383.587     -190362.83      1.5616624      19683               2382 
   1663000   1959.5014      291618.86     -204292.1       13907.186     -190384.91      1.5616624      19683               2382 
   1663500   1995.6328      279401.13     -204631.24      14163.622     -190467.62      1.5616624      19683               2382 
   1664000   1978.9444      280766.17     -204633.99      14045.18      -190588.81      1.5616624      19683               2382 
   1664500   2000.3938      273552.03     -204909.62      14197.412     -190712.21      1.5616624      19683               2382 
   1665000   1942.6267      286167.67     -204566.08      13787.421     -190778.65      1.5616624      19683               2382 
   1665500   1985.5866      278120.64     -204802.63      14092.321     -190710.31      1.5616624      19683               2382 
   1666000   2009.5388      272575.38     -204751.8       14262.317     -190489.48      1.5616624      19683               2382 
   1666500   1996.2215      286945.55     -204380.8       14167.8       -190213         1.5616624      19683               2382 
   1667000   2020.7811      290029.13     -204352.03      14342.107     -190009.92      1.5616624      19683               2382 
   1667500   2079.0406      274579.25     -204697.71      14755.593     -189942.12      1.5616624      19683               2382 
   1668000   2018.3513      283510.05     -204308.63      14324.862     -189983.76      1.5616624      19683               2382 
   1668500   2003.6839      285589.97     -204356.96      14220.763     -190136.2       1.5616624      19683               2382 
   1669000   2012.4512      281028.95     -204623.62      14282.988     -190340.63      1.5616624      19683               2382 
   1669500   2023.905       277401.17     -204910.04      14364.278     -190545.76      1.5616624      19683               2382 
   1670000   1987.0956      285212        -204716.94      14103.031     -190613.91      1.5616624      19683               2382 
   1670500   2068.7681      277840.34     -205287.58      14682.686     -190604.89      1.5616624      19683               2382 
   1671000   1959.5655      276399.77     -204511.03      13907.641     -190603.38      1.5616624      19683               2382 
   1671500   2011.517       281370.03     -204854.54      14276.357     -190578.18      1.5616624      19683               2382 
   1672000   2017.6339      286053.89     -204855.34      14319.771     -190535.57      1.5616624      19683               2382 
   1672500   1991.6489      284953.13     -204647.21      14135.347     -190511.86      1.5616624      19683               2382 
   1673000   2037.0343      279903.98     -204933.93      14457.461     -190476.47      1.5616624      19683               2382 
   1673500   1994.0101      284159.26     -204611.98      14152.106     -190459.87      1.5616624      19683               2382 
   1674000   2029.5992      279497.11     -204864.25      14404.692     -190459.56      1.5616624      19683               2382 
   1674500   1995.015       269132.6      -204697.93      14159.237     -190538.7       1.5616624      19683               2382 
   1675000   1966.8244      282545.17     -204626.89      13959.16      -190667.73      1.5616624      19683               2382 
   1675500   1960.6542      284166.83     -204714.86      13915.368     -190799.49      1.5616624      19683               2382 
   1676000   1975.5993      277254.93     -204941.92      14021.438     -190920.49      1.5616624      19683               2382 
   1676500   2000.2981      284238.13     -205209.81      14196.733     -191013.08      1.5616624      19683               2382 
   1677000   1988.6736      278373.24     -205178.28      14114.23      -191064.05      1.5616624      19683               2382 
   1677500   1995.4967      276192.61     -205169.32      14162.656     -191006.67      1.5616624      19683               2382 
   1678000   2000.5674      291800.42     -204948.69      14198.645     -190750.04      1.5616624      19683               2382 
   1678500   1998.9474      286783.41     -204598.42      14187.147     -190411.28      1.5616624      19683               2382 
   1679000   2038.6896      287179.69     -204678.97      14469.209     -190209.76      1.5616624      19683               2382 
   1679500   1981.1395      288731.75     -204248.86      14060.758     -190188.1       1.5616624      19683               2382 
   1680000   1983.0298      278966.03     -204281.11      14074.174     -190206.93      1.5616624      19683               2382 
   1680500   1992.2564      286431.41     -204425.82      14139.659     -190286.16      1.5616624      19683               2382 
   1681000   1961.8032      283379.22     -204341.1       13923.523     -190417.57      1.5616624      19683               2382 
   1681500   1973.0503      280876.1      -204612.56      14003.347     -190609.21      1.5616624      19683               2382 
   1682000   1923.1305      282890.42     -204505.35      13649.051     -190856.3       1.5616624      19683               2382 
   1682500   1967.7002      274707.36     -205037.74      13965.375     -191072.36      1.5616624      19683               2382 
   1683000   1912.9354      277953.98     -204798.94      13576.693     -191222.25      1.5616624      19683               2382 
   1683500   1946.1418      285431.31     -204954.67      13812.369     -191142.3       1.5616624      19683               2382 
   1684000   1992.1704      286147.29     -204892.69      14139.048     -190753.64      1.5616624      19683               2382 
   1684500   2022.5598      291229.2      -204745.59      14354.731     -190390.86      1.5616624      19683               2382 
   1685000   1996.5711      286770.95     -204446.72      14170.281     -190276.44      1.5616624      19683               2382 
   1685500   2004.8064      273226.08     -204505.7       14228.73      -190276.97      1.5616624      19683               2382 
   1686000   1976.9267      292480.44     -204390.62      14030.859     -190359.76      1.5616624      19683               2382 
   1686500   1959.6103      285530.26     -204395.47      13907.96      -190487.51      1.5616624      19683               2382 
   1687000   1987.3202      289905.31     -204685.57      14104.625     -190580.95      1.5616624      19683               2382 
   1687500   2009.3924      289016.34     -204969.71      14261.278     -190708.43      1.5616624      19683               2382 
   1688000   1990.9932      277781.31     -204984.06      14130.694     -190853.36      1.5616624      19683               2382 
   1688500   1979.6585      274556.52     -205042.36      14050.247     -190992.11      1.5616624      19683               2382 
   1689000   1956.2034      281398.07     -205021.05      13883.78      -191137.28      1.5616624      19683               2382 
   1689500   1954.5531      270677.48     -205083.31      13872.067     -191211.24      1.5616624      19683               2382 
   1690000   1935.8218      281857.59     -204854.98      13739.125     -191115.86      1.5616624      19683               2382 
   1690500   1978.8157      279157.14     -204852.07      14044.266     -190807.8       1.5616624      19683               2382 
   1691000   2042.0162      283053.09     -204976.7       14492.819     -190483.88      1.5616624      19683               2382 
   1691500   2051.9761      286676.37     -204847.27      14563.508     -190283.76      1.5616624      19683               2382 
   1692000   2054.6574      286964.65     -204784.26      14582.538     -190201.72      1.5616624      19683               2382 
   1692500   2022.8643      269765.31     -204540.75      14356.892     -190183.86      1.5616624      19683               2382 
   1693000   2004.2316      286506.63     -204437.07      14224.65      -190212.42      1.5616624      19683               2382 
   1693500   2000.51        287101.8      -204468.63      14198.237     -190270.39      1.5616624      19683               2382 
   1694000   1977.4013      289354.84     -204504.51      14034.227     -190470.28      1.5616624      19683               2382 
   1694500   1952.4032      287452.06     -204681.96      13856.808     -190825.15      1.5616624      19683               2382 
   1695000   1953.6956      276503.98     -204904.85      13865.981     -191038.87      1.5616624      19683               2382 
   1695500   1921.2564      282068.28     -204663.97      13635.75      -191028.22      1.5616624      19683               2382 
   1696000   1988.6358      275902.94     -204971.25      14113.962     -190857.29      1.5616624      19683               2382 
   1696500   2013.7623      274726.7      -204941.49      14292.293     -190649.2       1.5616624      19683               2382 
   1697000   2005.4443      284308.37     -204698.13      14233.257     -190464.87      1.5616624      19683               2382 
   1697500   2009.9225      285039.78     -204599.16      14265.04      -190334.12      1.5616624      19683               2382 
   1698000   2028.7909      292053.74     -204667.36      14398.955     -190268.41      1.5616624      19683               2382 
   1698500   2032.2062      286243.35     -204710.57      14423.195     -190287.37      1.5616624      19683               2382 
   1699000   2015.0306      290913.45     -204674.27      14301.294     -190372.97      1.5616624      19683               2382 
   1699500   1984.8954      272215.28     -204599.97      14087.415     -190512.55      1.5616624      19683               2382 
   1700000   1947.6048      284707.56     -204511.07      13822.753     -190688.32      1.5616624      19683               2382 
   1700500   1970.3492      275559.7      -204839.25      13984.176     -190855.08      1.5616624      19683               2382 
   1701000   1975.1207      274555.56     -205039.71      14018.042     -191021.66      1.5616624      19683               2382 
   1701500   1905.6326      269220.15     -204652.89      13524.863     -191128.03      1.5616624      19683               2382 
   1702000   1956.9322      270990        -204942.5       13888.952     -191053.55      1.5616624      19683               2382 
   1702500   2001.7132      283519.8      -204923.61      14206.777     -190716.83      1.5616624      19683               2382 
   1703000   2015.3432      286985.19     -204721.98      14303.513     -190418.46      1.5616624      19683               2382 
   1703500   2038.1716      277484.5      -204688.07      14465.533     -190222.54      1.5616624      19683               2382 
   1704000   2026.5527      282489.21     -204511.6       14383.07      -190128.53      1.5616624      19683               2382 
   1704500   1973.6939      287676.49     -204074.3       14007.915     -190066.38      1.5616624      19683               2382 
   1705000   2010.7031      279002.68     -204343.55      14270.581     -190072.97      1.5616624      19683               2382 
   1705500   2012.526       285022.49     -204413.46      14283.519     -190129.94      1.5616624      19683               2382 
   1706000   2034.0319      286206.39     -204701.6       14436.153     -190265.45      1.5616624      19683               2382 
   1706500   1957.3243      281808.81     -204400.1       13891.735     -190508.37      1.5616624      19683               2382 
   1707000   1959.4582      284659.42     -204678.16      13906.88      -190771.28      1.5616624      19683               2382 
   1707500   1940.8781      288530.6      -204681.05      13775.011     -190906.04      1.5616624      19683               2382 
   1708000   1925.9892      278914.98     -204529.81      13669.34      -190860.47      1.5616624      19683               2382 
   1708500   2000.64        284760.22     -204826.57      14199.16      -190627.41      1.5616624      19683               2382 
   1709000   1980.6262      272608.18     -204403.52      14057.115     -190346.4       1.5616624      19683               2382 
   1709500   2003.5349      279837.58     -204382.09      14219.706     -190162.38      1.5616624      19683               2382 
   1710000   1981.2069      290081.19     -204169.62      14061.237     -190108.39      1.5616624      19683               2382 
   1710500   2032.3132      279606.01     -204542.13      14423.954     -190118.17      1.5616624      19683               2382 
   1711000   1982.3241      283262.91     -204266.43      14069.166     -190197.27      1.5616624      19683               2382 
   1711500   2030.4842      272145.9      -204753.11      14410.973     -190342.14      1.5616624      19683               2382 
   1712000   2022.4631      274090.36     -204868.43      14354.045     -190514.39      1.5616624      19683               2382 
   1712500   2012.3104      270107.38     -204941.91      14281.988     -190659.92      1.5616624      19683               2382 
   1713000   1967.5673      278617.34     -204770.8       13964.433     -190806.37      1.5616624      19683               2382 
   1713500   1961.7086      288630.08     -204760.23      13922.852     -190837.38      1.5616624      19683               2382 
   1714000   1975.6238      266035.41     -204790.5       14021.612     -190768.89      1.5616624      19683               2382 
   1714500   1988.4483      277671.43     -204717.7       14112.632     -190605.07      1.5616624      19683               2382 
   1715000   2012.0829      286789.09     -204477.66      14280.373     -190197.29      1.5616624      19683               2382 
   1715500   2024.1276      286049.38     -204141.41      14365.858     -189775.56      1.5616624      19683               2382 
   1716000   2071.0396      289874.86     -204450.91      14698.808     -189752.1       1.5616624      19683               2382 
   1716500   2054.9193      289491.27     -204456.6       14584.397     -189872.2       1.5616624      19683               2382 
   1717000   1980.3334      287671.6      -204122.1       14055.038     -190067.06      1.5616624      19683               2382 
   1717500   1988.5338      276698.19     -204372.45      14113.238     -190259.22      1.5616624      19683               2382 
   1718000   2007.8911      269049.89     -204660.21      14250.623     -190409.58      1.5616624      19683               2382 
   1718500   2001.9566      268212.93     -204738.52      14208.504     -190530.02      1.5616624      19683               2382 
   1719000   1971.7821      271436.66     -204628.53      13994.346     -190634.18      1.5616624      19683               2382 
   1719500   2002.9841      275280.35     -204882.24      14215.797     -190666.45      1.5616624      19683               2382 
   1720000   1930.5667      286010.25     -204356.63      13701.828     -190654.8       1.5616624      19683               2382 
   1720500   1990.0736      277266.17     -204561.79      14124.167     -190437.62      1.5616624      19683               2382 
   1721000   2032.8426      273689.98     -204472.16      14427.711     -190044.45      1.5616624      19683               2382 
   1721500   2025.6486      288890.28     -204217.5       14376.654     -189840.85      1.5616624      19683               2382 
   1722000   2083.0049      284767.88     -204592.36      14783.729     -189808.63      1.5616624      19683               2382 
   1722500   1991.4974      287293.98     -204046.7       14134.272     -189912.43      1.5616624      19683               2382 
   1723000   1987.8559      280147.49     -204205.39      14108.427     -190096.96      1.5616624      19683               2382 
   1723500   2015.542       282451.07     -204630.31      14304.924     -190325.39      1.5616624      19683               2382 
   1724000   1988.488       270897.96     -204550.69      14112.913     -190437.78      1.5616624      19683               2382 
   1724500   1980.8801      282527.26     -204550.33      14058.918     -190491.41      1.5616624      19683               2382 
   1725000   1974.3689      264595.63     -204524.4       14012.705     -190511.69      1.5616624      19683               2382 
   1725500   1986.8489      277472.62     -204583         14101.28      -190481.72      1.5616624      19683               2382 
   1726000   1986.2341      271706.88     -204534.95      14096.917     -190438.03      1.5616624      19683               2382 
   1726500   1972.0417      283472.38     -204419.35      13996.189     -190423.16      1.5616624      19683               2382 
   1727000   2002.6731      274387.22     -204568.6       14213.59      -190355.01      1.5616624      19683               2382 
   1727500   1978.5026      282457.3      -204314.04      14042.044     -190271.99      1.5616624      19683               2382 
   1728000   1973.8007      276230.33     -204156.86      14008.673     -190148.18      1.5616624      19683               2382 
   1728500   2069.7123      287668.78     -204625.68      14689.387     -189936.29      1.5616624      19683               2382 
   1729000   2110.2894      274988.9      -204526.71      14977.376     -189549.33      1.5616624      19683               2382 
   1729500   2084.0929      280377.89     -204169.98      14791.451     -189378.53      1.5616624      19683               2382 
   1730000   2039.3277      286855.29     -203990.18      14473.738     -189516.45      1.5616624      19683               2382 
   1730042   2039.8581      292213.98     -204019.7       14477.503     -189542.2       1.5616624      19683               2382 
Loop time of 61192.6 on 48 procs for 400000 steps with 2382 atoms

Performance: 0.056 ns/day, 424.949 hours/ns, 6.537 timesteps/s, 15.571 katom-step/s
99.3% CPU use with 12 MPI tasks x 4 OpenMP threads

MPI task timing breakdown:
Section |  min time  |  avg time  |  max time  |%varavg| %total
---------------------------------------------------------------
Pair    | 22820      | 36533      | 45709      |5128.9 | 59.70
Neigh   | 146.1      | 224.37     | 278.34     | 372.6 |  0.37
Comm    | 6377.4     | 15543      | 29233      |7850.9 | 25.40
Output  | 0.26808    | 0.32204    | 0.38772    |   5.8 |  0.00
Modify  | 8790       | 8861.6     | 8962.8     |  75.9 | 14.48
Other   |            | 30.42      |            |       |  0.05

Nlocal:          198.5 ave         211 max         187 min
Histogram: 1 0 1 3 2 2 0 2 0 1
Nghost:        5403.92 ave        5439 max        5369 min
Histogram: 2 0 0 0 4 3 1 0 1 1
Neighs:         156415 ave      166403 max      147790 min
Histogram: 1 0 2 3 1 2 1 1 0 1

Total # of neighbors = 1876977
Ave neighs/atom = 787.98363
Neighbor list builds = 4048
Dangerous builds = 0
write_restart   out/restart.solgel_pH${pH}.stage4
write_restart   out/restart.solgel_pH8.0.stage4
System init for write_restart ...

unfix           nvt_condense

# ── Phase 5: Cooling ───────────────────────────────────────────────────────
print           "=== Phase 5: Cooling ${T_hi} -> ${T_low} K ==="
=== Phase 5: Cooling 2000 -> 300 K ===
fix             nvt_cool all nvt temp ${T_hi} ${T_low} 100.0
fix             nvt_cool all nvt temp 2000 ${T_low} 100.0
fix             nvt_cool all nvt temp 2000 300 100.0
run             80000    # 8 ps cooling
Per MPI rank memory allocation (min/avg/max) = 375.3 | 379.5 | 383.9 Mbytes
   Step          Temp          Press          PotEng         KinEng         TotEng        Density         Volume        Atoms   
   1730042   2039.8581      292214.2      -204019.7       14477.503     -189542.2       1.5616624      19683               2382 
   1730500   2031.2132      283927.72     -204045.21      14416.147     -189629.06      1.5616624      19683               2382 
   1731000   1945.1527      289351.14     -203726.61      13805.35      -189921.26      1.5616624      19683               2382 
   1731500   2004.3549      286591.82     -204403.79      14225.526     -190178.27      1.5616624      19683               2382 
   1732000   2045.5356      279472.44     -204862.82      14517.797     -190345.03      1.5616624      19683               2382 
   1732500   1983.5834      288055.73     -204641.7       14078.104     -190563.6       1.5616624      19683               2382 
   1733000   1961.11        280227.38     -204712.43      13918.603     -190793.82      1.5616624      19683               2382 
   1733500   1984.2997      273944.42     -205084.83      14083.187     -191001.64      1.5616624      19683               2382 
   1734000   1932.1564      274777.45     -204955.47      13713.11      -191242.36      1.5616624      19683               2382 
   1734500   1909.0548      272513        -205020.93      13549.152     -191471.78      1.5616624      19683               2382 
   1735000   1909.58        274920.61     -205190.87      13552.879     -191638         1.5616624      19683               2382 
   1735500   1906.6004      272421.53     -205335.53      13531.732     -191803.8       1.5616624      19683               2382 
   1736000   1887.4038      273682.86     -205397.73      13395.487     -192002.24      1.5616624      19683               2382 
   1736500   1896.9605      275521.47     -205647.59      13463.315     -192184.27      1.5616624      19683               2382 
   1737000   1847.4159      277120.81     -205461.78      13111.681     -192350.09      1.5616624      19683               2382 
   1737500   1867.3529      271158.87     -205731.04      13253.18      -192477.86      1.5616624      19683               2382 
   1738000   1843.1645      273017.84     -205709.62      13081.508     -192628.11      1.5616624      19683               2382 
   1738500   1794.4201      272789.78     -205549.16      12735.554     -192813.61      1.5616624      19683               2382 
   1739000   1871.8662      268069.15     -206210.48      13285.212     -192925.26      1.5616624      19683               2382 
   1739500   1820.9424      258997        -205969.73      12923.791     -193045.94      1.5616624      19683               2382 
   1740000   1807.5427      260445.26     -205982.93      12828.689     -193154.24      1.5616624      19683               2382 
   1740500   1780.0132      255860.34     -205925.18      12633.304     -193291.88      1.5616624      19683               2382 
   1741000   1777.5125      265837.46     -206035.11      12615.555     -193419.55      1.5616624      19683               2382 
   1741500   1788.0184      267379.8      -206258.09      12690.119     -193567.98      1.5616624      19683               2382 
   1742000   1767.9024      263947.62     -206289.36      12547.349     -193742.01      1.5616624      19683               2382 
   1742500   1717.8355      270420.58     -206065.88      12192.009     -193873.87      1.5616624      19683               2382 
   1743000   1728.5612      255373.34     -206284.15      12268.132     -194016.02      1.5616624      19683               2382 
   1743500   1718.9366      252774.53     -206376.13      12199.824     -194176.3       1.5616624      19683               2382 
   1744000   1755.2551      258786.15     -206792.75      12457.588     -194335.16      1.5616624      19683               2382 
   1744500   1732.7646      261431.81     -206787.07      12297.966     -194489.11      1.5616624      19683               2382 
   1745000   1689.712       256239.12     -206655.88      11992.408     -194663.48      1.5616624      19683               2382 
   1745500   1713.0132      248333.31     -206993.25      12157.784     -194835.47      1.5616624      19683               2382 
   1746000   1705.9474      253234.97     -207088.1       12107.636     -194980.46      1.5616624      19683               2382 
   1746500   1683.0032      249359.88     -207108.67      11944.794     -195163.88      1.5616624      19683               2382 
   1747000   1689.7393      249940.04     -207372.93      11992.602     -195380.32      1.5616624      19683               2382 
   1747500   1654.1812      248735.35     -207309.31      11740.235     -195569.07      1.5616624      19683               2382 
   1748000   1648.4675      251444.7      -207429.08      11699.683     -195729.4       1.5616624      19683               2382 
   1748500   1615.7155      236884.64     -207385.73      11467.231     -195918.5       1.5616624      19683               2382 
   1749000   1644.2607      243362.11     -207781.33      11669.826     -196111.5       1.5616624      19683               2382 
   1749500   1637.309       243633.82     -207950.3       11620.488     -196329.82      1.5616624      19683               2382 
   1750000   1593.218       240126.18     -207838.49      11307.56      -196530.93      1.5616624      19683               2382 
   1750500   1582.0911      242309.77     -207916.79      11228.589     -196688.21      1.5616624      19683               2382 
   1751000   1582.4516      236173.7      -208073.54      11231.147     -196842.4       1.5616624      19683               2382 
   1751500   1552.7628      234329.6      -208069.18      11020.437     -197048.74      1.5616624      19683               2382 
   1752000   1513.434       238359.22     -207987.38      10741.308     -197246.07      1.5616624      19683               2382 
   1752500   1487.43        234670.98     -207927.68      10556.75      -197370.93      1.5616624      19683               2382 
   1753000   1543.6206      233091.77     -208429.74      10955.552     -197474.19      1.5616624      19683               2382 
   1753500   1503.792       231405.76     -208316.71      10672.876     -197643.84      1.5616624      19683               2382 
   1754000   1499.7035      241434.26     -208425.97      10643.859     -197782.11      1.5616624      19683               2382 
   1754500   1514.0828      229440.57     -208680.93      10745.913     -197935.02      1.5616624      19683               2382 
   1755000   1467.5609      232233.24     -208461.41      10415.733     -198045.67      1.5616624      19683               2382 
   1755500   1503.5657      234396.48     -208845.84      10671.27      -198174.58      1.5616624      19683               2382 
   1756000   1491.3428      234073.43     -208884.32      10584.521     -198299.8       1.5616624      19683               2382 
   1756500   1456.3795      243198.67     -208802.32      10336.375     -198465.94      1.5616624      19683               2382 
   1757000   1460.0133      237435.98     -208997.93      10362.165     -198635.76      1.5616624      19683               2382 
   1757500   1442.4855      226506.85     -209043.38      10237.765     -198805.61      1.5616624      19683               2382 
   1758000   1431.4917      222418.57     -209117.65      10159.738     -198957.92      1.5616624      19683               2382 
   1758500   1425.1742      224524.57     -209272.92      10114.901     -199158.02      1.5616624      19683               2382 
   1759000   1394.0623      225528.76     -209227.09      9894.0907     -199333         1.5616624      19683               2382 
   1759500   1386.2957      225768.49     -209364.78      9838.9687     -199525.81      1.5616624      19683               2382 
   1760000   1377.7484      234043.27     -209486.96      9778.3059     -199708.66      1.5616624      19683               2382 
   1760500   1399.5451      219008.34     -209811.25      9933.0039     -199878.25      1.5616624      19683               2382 
   1761000   1370.1259      210809.52     -209781.45      9724.2062     -200057.24      1.5616624      19683               2382 
   1761500   1324.1878      223465.35     -209635.81      9398.1695     -200237.64      1.5616624      19683               2382 
   1762000   1329.6961      217472        -209830.73      9437.264      -200393.47      1.5616624      19683               2382 
   1762500   1327.0645      204417.93     -209964.03      9418.5868     -200545.44      1.5616624      19683               2382 
   1763000   1322.8515      222799.79     -210076.88      9388.6852     -200688.2       1.5616624      19683               2382 
   1763500   1302.2337      209592.59     -210101.11      9242.3548     -200858.76      1.5616624      19683               2382 
   1764000   1294.39        223739.6      -210185.37      9186.6857     -200998.68      1.5616624      19683               2382 
   1764500   1280.0498      215708.83     -210225.51      9084.9089     -201140.6       1.5616624      19683               2382 
   1765000   1277.2537      213019.23     -210349.34      9065.0641     -201284.28      1.5616624      19683               2382 
   1765500   1282.0131      209762.64     -210558.03      9098.8427     -201459.19      1.5616624      19683               2382 
   1766000   1239.7924      213212.83     -210402.68      8799.1896     -201603.49      1.5616624      19683               2382 
   1766500   1272.759       198442.64     -210778.21      9033.1638     -201745.05      1.5616624      19683               2382 
   1767000   1240.3238      205819.48     -210717.24      8802.9608     -201914.28      1.5616624      19683               2382 
   1767500   1227.4254      209012.01     -210776.55      8711.4172     -202065.13      1.5616624      19683               2382 
   1768000   1225.0009      195758.53     -210920.99      8694.2097     -202226.78      1.5616624      19683               2382 
   1768500   1199.6218      201021.63     -210922.86      8514.0861     -202408.78      1.5616624      19683               2382 
   1769000   1195.5723      206936.53     -211049.55      8485.3459     -202564.2       1.5616624      19683               2382 
   1769500   1183.9257      198417.89     -211097.25      8402.6861     -202694.57      1.5616624      19683               2382 
   1770000   1160.8504      200343.18     -211068.05      8238.9139     -202829.13      1.5616624      19683               2382 
   1770500   1174.9747      196723.77     -211308.36      8339.1585     -202969.2       1.5616624      19683               2382 
   1771000   1162.719       192216.85     -211386.83      8252.1755     -203134.66      1.5616624      19683               2382 
   1771500   1145.6233      197969.61     -211412.06      8130.8423     -203281.22      1.5616624      19683               2382 
   1772000   1133.6261      194900.64     -211478.64      8045.6944     -203432.94      1.5616624      19683               2382 
   1772500   1126.3039      187599.58     -211586.97      7993.7268     -203593.24      1.5616624      19683               2382 
   1773000   1109.7377      185392.26     -211630.47      7876.1508     -203754.32      1.5616624      19683               2382 
   1773500   1091.5449      194053.01     -211661.27      7747.0312     -203914.23      1.5616624      19683               2382 
   1774000   1110.9477      185774.06     -211966.1       7884.7385     -204081.36      1.5616624      19683               2382 
   1774500   1082.536       195206.68     -211932.12      7683.0925     -204249.02      1.5616624      19683               2382 
   1775000   1080.7764      189049.07     -212085.62      7670.6039     -204415.01      1.5616624      19683               2382 
   1775500   1091.4165      189325.63     -212339.17      7746.1198     -204593.05      1.5616624      19683               2382 
   1776000   1054.3896      178616.5      -212257.94      7483.3286     -204774.61      1.5616624      19683               2382 
   1776500   1063.5814      182902.45     -212496.71      7548.5653     -204948.15      1.5616624      19683               2382 
   1777000   1018.3416      179864.47     -212351.81      7227.4849     -205124.33      1.5616624      19683               2382 
   1777500   1017.1367      185266.86     -212515.97      7218.9331     -205297.04      1.5616624      19683               2382 
   1778000   1018.865       182414.88     -212687.83      7231.1991     -205456.64      1.5616624      19683               2382 
   1778500   1016.9491      182104.33     -212825.56      7217.6015     -205607.96      1.5616624      19683               2382 
   1779000   987.89099      180972.4      -212798.15      7011.3674     -205786.78      1.5616624      19683               2382 
   1779500   987.37122      177489.68     -212961.57      7007.6784     -205953.9       1.5616624      19683               2382 
   1780000   973.55011      182307.32     -213032.64      6909.5857     -206123.06      1.5616624      19683               2382 
   1780500   960.12353      177389.28     -213076.88      6814.2931     -206262.58      1.5616624      19683               2382 
   1781000   947.80363      171417.21     -213163.28      6726.8549     -206436.42      1.5616624      19683               2382 
   1781500   936.99341      172990.14     -213247.03      6650.1315     -206596.9       1.5616624      19683               2382 
   1782000   914.35662      172247.34     -213256.42      6489.4712     -206766.95      1.5616624      19683               2382 
   1782500   889.45201      171061.95     -213239.62      6312.7155     -206926.91      1.5616624      19683               2382 
   1783000   892.79542      171907.53     -213440.61      6336.4447     -207104.17      1.5616624      19683               2382 
   1783500   874.37418      169916.8      -213459.65      6205.7035     -207253.95      1.5616624      19683               2382 
   1784000   882.07559      163659.26     -213662.77      6260.3628     -207402.41      1.5616624      19683               2382 
   1784500   862.0997       161286.68     -213672.12      6118.5877     -207553.53      1.5616624      19683               2382 
   1785000   871.56092      160250.48     -213877.86      6185.7369     -207692.12      1.5616624      19683               2382 
   1785500   836.30124      165208.04     -213771.53      5935.4881     -207836.04      1.5616624      19683               2382 
   1786000   833.98307      167879.64     -213901.04      5919.0353     -207982         1.5616624      19683               2382 
   1786500   824.92078      158411.13     -214007.77      5854.7174     -208153.06      1.5616624      19683               2382 
   1787000   815.57496      161929.99     -214109.8       5788.3873     -208321.41      1.5616624      19683               2382 
   1787500   820.21856      165559.17     -214297.22      5821.3444     -208475.87      1.5616624      19683               2382 
   1788000   816.63008      157962.53     -214451.94      5795.8758     -208656.06      1.5616624      19683               2382 
   1788500   793.41703      155199.91     -214439.55      5631.1256     -208808.43      1.5616624      19683               2382 
   1789000   761.69276      157259.55     -214376.04      5405.9687     -208970.07      1.5616624      19683               2382 
   1789500   765.39518      157949.07     -214564.33      5432.2459     -209132.09      1.5616624      19683               2382 
   1790000   755.40865      152595.14     -214656.74      5361.3684     -209295.38      1.5616624      19683               2382 
   1790500   748.28397      159474.47     -214767.69      5310.8024     -209456.89      1.5616624      19683               2382 
   1791000   738.70944      152085.05     -214852.81      5242.849      -209609.97      1.5616624      19683               2382 
   1791500   733.63587      151024.54     -214959.16      5206.8403     -209752.32      1.5616624      19683               2382 
   1792000   736.50546      147658.47     -215142.28      5227.2066     -209915.08      1.5616624      19683               2382 
   1792500   689.90558      155713.68     -214978.95      4896.4729     -210082.48      1.5616624      19683               2382 
   1793000   704.82993      147820.95     -215240.84      5002.3956     -210238.45      1.5616624      19683               2382 
   1793500   688.0308       142507.61     -215290.46      4883.167      -210407.29      1.5616624      19683               2382 
   1794000   676.70158      142892.6      -215371.19      4802.76       -210568.43      1.5616624      19683               2382 
   1794500   659.58067      146074.02     -215425.47      4681.2476     -210744.22      1.5616624      19683               2382 
   1795000   658.85735      131121.33     -215579.03      4676.114      -210902.92      1.5616624      19683               2382 
   1795500   631.63161      145787.59     -215528.66      4482.8845     -211045.78      1.5616624      19683               2382 
   1796000   618.10066      140120.24     -215591.07      4386.8512     -211204.22      1.5616624      19683               2382 
   1796500   621.07965      142892.76     -215760.24      4407.994      -211352.24      1.5616624      19683               2382 
   1797000   623.63862      133124.4      -215937.46      4426.1558     -211511.3       1.5616624      19683               2382 
   1797500   603.09453      139491.68     -215955.17      4280.3481     -211674.83      1.5616624      19683               2382 
   1798000   596.13543      137996.54     -216084.11      4230.9572     -211853.16      1.5616624      19683               2382 
   1798500   569.88564      140137.98     -216065.48      4044.6543     -212020.83      1.5616624      19683               2382 
   1799000   566.52023      131623.43     -216188.72      4020.769      -212167.96      1.5616624      19683               2382 
   1799500   554.37726      134986.26     -216270.84      3934.5865     -212336.25      1.5616624      19683               2382 
   1800000   546.90113      130413.06     -216405.72      3881.5262     -212524.19      1.5616624      19683               2382 
   1800500   535.23268      129359.84     -216496.74      3798.7116     -212698.03      1.5616624      19683               2382 
   1801000   519.29715      134721.21     -216549.53      3685.6122     -212863.92      1.5616624      19683               2382 
   1801500   514.37724      129307.62     -216672.76      3650.6941     -213022.06      1.5616624      19683               2382 
   1802000   503.04771      126514.63     -216764.54      3570.2849     -213194.25      1.5616624      19683               2382 
   1802500   498.77165      124543.43     -216887.58      3539.9364     -213347.64      1.5616624      19683               2382 
   1803000   472.89614      124164.72     -216844.89      3356.2899     -213488.6       1.5616624      19683               2382 
   1803500   469.47368      124510.97     -216976.9       3331.9996     -213644.9       1.5616624      19683               2382 
   1804000   457.48414      115371.02     -217049.29      3246.9062     -213802.39      1.5616624      19683               2382 
   1804500   456.29814      118675.32     -217204.93      3238.4888     -213966.44      1.5616624      19683               2382 
   1805000   434.76438      117974.2      -217198.38      3085.657      -214112.72      1.5616624      19683               2382 
   1805500   424.89274      120136.71     -217282.39      3015.5949     -214266.8       1.5616624      19683               2382 
   1806000   424.3575       115066.1      -217435.29      3011.7962     -214423.49      1.5616624      19683               2382 
   1806500   411.87513      123088.46     -217496.88      2923.205      -214573.68      1.5616624      19683               2382 
   1807000   403.07072      115120.41     -217594.4       2860.7173     -214733.68      1.5616624      19683               2382 
   1807500   387.82959      116430.63     -217637.18      2752.5463     -214884.63      1.5616624      19683               2382 
   1808000   378.35278      114666        -217713.16      2685.2865     -215027.88      1.5616624      19683               2382 
   1808500   371.57635      110149.76     -217809.21      2637.1921     -215172.02      1.5616624      19683               2382 
   1809000   355.79373      109234.81     -217844.78      2525.178      -215319.6       1.5616624      19683               2382 
   1809500   346.35563      112214.25     -217931.4       2458.1929     -215473.21      1.5616624      19683               2382 
   1810000   344.8775       104114.84     -218072.16      2447.7021     -215624.46      1.5616624      19683               2382 
   1810042   335.12613      103430.66     -218013.61      2378.4936     -215635.12      1.5616624      19683               2382 
Loop time of 20395.7 on 48 procs for 80000 steps with 2382 atoms

Performance: 0.034 ns/day, 708.183 hours/ns, 3.922 timesteps/s, 9.343 katom-step/s
99.3% CPU use with 12 MPI tasks x 4 OpenMP threads

MPI task timing breakdown:
Section |  min time  |  avg time  |  max time  |%varavg| %total
---------------------------------------------------------------
Pair    | 5282.9     | 10930      | 14872      |3891.9 | 53.59
Neigh   | 15.131     | 32.287     | 44.504     | 220.7 |  0.16
Comm    | 2356.1     | 6290.1     | 11932      |5122.1 | 30.84
Output  | 0.080534   | 0.097493   | 0.11807    |   3.4 |  0.00
Modify  | 3112.6     | 3132.3     | 3158.9     |  34.1 | 15.36
Other   |            | 10.51      |            |       |  0.05

Nlocal:          198.5 ave         207 max         187 min
Histogram: 1 1 1 1 0 2 0 1 3 2
Nghost:        5432.33 ave        5454 max        5406 min
Histogram: 1 1 1 0 2 1 2 1 1 2
Neighs:         156354 ave      161732 max      147543 min
Histogram: 1 0 2 1 1 1 0 1 1 4

Total # of neighbors = 1876246
Ave neighs/atom = 787.67674
Neighbor list builds = 428
Dangerous builds = 0
unfix           nvt_cool

# ── Phase 6: Final Equilibration ───────────────────────────────────────────
print           "=== Phase 6: Final Equilibration at ${T_low} K ==="
=== Phase 6: Final Equilibration at 300 K ===
fix             nvt_final all nvt temp ${T_low} ${T_low} 100.0
fix             nvt_final all nvt temp 300 ${T_low} 100.0
fix             nvt_final all nvt temp 300 300 100.0
run             20000    # 2 ps
Per MPI rank memory allocation (min/avg/max) = 375.3 | 379.5 | 383.5 Mbytes
   Step          Temp          Press          PotEng         KinEng         TotEng        Density         Volume        Atoms   
   1810042   335.12613      103430.71     -218013.61      2378.4936     -215635.12      1.5616624      19683               2382 
   1810500   333.51711      104758.67     -218036.03      2367.0739     -215668.96      1.5616624      19683               2382 
   1811000   331.51803      107067.48     -218093.84      2352.8858     -215740.95      1.5616624      19683               2382 
   1811500   330.10934      106571.5      -218165.32      2342.8879     -215822.43      1.5616624      19683               2382 
   1812000   323.50383      102886.68     -218216.34      2296.0065     -215920.33      1.5616624      19683               2382 
   1812500   319.14684      107027.25     -218254.47      2265.0837     -215989.39      1.5616624      19683               2382 
   1813000   316.06132      103844.81     -218311.75      2243.1847     -216068.56      1.5616624      19683               2382 
   1813500   308.83821      102382.15     -218311.5       2191.9201     -216119.58      1.5616624      19683               2382 
   1814000   309.23047      100777.69     -218376.69      2194.7041     -216181.99      1.5616624      19683               2382 
   1814500   299.55307      103872.87     -218351.83      2126.0206     -216225.81      1.5616624      19683               2382 
   1815000   303.44215      99127.826     -218410.16      2153.6226     -216256.53      1.5616624      19683               2382 
   1815500   298.33515      98343.384     -218392.44      2117.3767     -216275.06      1.5616624      19683               2382 
   1816000   295.33833      100612.93     -218372.63      2096.1073     -216276.53      1.5616624      19683               2382 
   1816500   296.67149      101895.97     -218392.9       2105.5692     -216287.33      1.5616624      19683               2382 
   1817000   300.91591      98760.827     -218404.03      2135.6931     -216268.34      1.5616624      19683               2382 
   1817500   300.77437      105051.35     -218392.97      2134.6886     -216258.29      1.5616624      19683               2382 
   1818000   296.46978      100697.71     -218351.77      2104.1376     -216247.63      1.5616624      19683               2382 
   1818500   303.56794      101283.1      -218374.7       2154.5154     -216220.19      1.5616624      19683               2382 
   1819000   300.30383      101463.32     -218315.67      2131.349      -216184.32      1.5616624      19683               2382 
   1819500   308.88015      99946.733     -218380.91      2192.2178     -216188.69      1.5616624      19683               2382 
   1820000   296.76125      104203.16     -218313.69      2106.2062     -216207.49      1.5616624      19683               2382 
   1820500   301.75493      104033.54     -218370.66      2141.6479     -216229.01      1.5616624      19683               2382 
   1821000   294.68831      101508.36     -218330.96      2091.4939     -216239.46      1.5616624      19683               2382 
   1821500   301.36333      100840.06     -218381.74      2138.8686     -216242.87      1.5616624      19683               2382 
   1822000   304.00943      98601.521     -218417.87      2157.6488     -216260.22      1.5616624      19683               2382 
   1822500   300.55582      101920.28     -218394.37      2133.1374     -216261.23      1.5616624      19683               2382 
   1823000   306.29305      99009.911     -218417.93      2173.8564     -216244.07      1.5616624      19683               2382 
   1823500   301.12094      101440.94     -218377.31      2137.1483     -216240.16      1.5616624      19683               2382 
   1824000   297.26499      104398.63     -218335.35      2109.7814     -216225.57      1.5616624      19683               2382 
   1824500   296.70402      100264.22     -218337.85      2105.8        -216232.05      1.5616624      19683               2382 
   1825000   300.11041      107349.67     -218349.02      2129.9762     -216219.05      1.5616624      19683               2382 
   1825500   301.69922      101772.81     -218367.66      2141.2525     -216226.4       1.5616624      19683               2382 
   1826000   289.64823      103195.37     -218281.51      2055.7229     -216225.78      1.5616624      19683               2382 
   1826500   297.71155      102285.97     -218330.7       2112.9508     -216217.75      1.5616624      19683               2382 
   1827000   307.37922      103776.98     -218391.58      2181.5652     -216210.02      1.5616624      19683               2382 
   1827500   303.61717      102119.11     -218366.95      2154.8648     -216212.08      1.5616624      19683               2382 
   1828000   297.09171      106972.99     -218326.64      2108.5516     -216218.08      1.5616624      19683               2382 
   1828500   304.15776      100499.59     -218365.28      2158.7015     -216206.58      1.5616624      19683               2382 
   1829000   309.18193      103981.96     -218386.39      2194.3596     -216192.03      1.5616624      19683               2382 
   1829500   308.50943      104421.53     -218403.36      2189.5867     -216213.77      1.5616624      19683               2382 
   1830000   301.18187      103951.46     -218368.42      2137.5807     -216230.84      1.5616624      19683               2382 
   1830042   299.65943      106050.69     -218356.34      2126.7755     -216229.57      1.5616624      19683               2382 
Loop time of 1903.28 on 48 procs for 20000 steps with 2382 atoms

Performance: 0.091 ns/day, 264.344 hours/ns, 10.508 timesteps/s, 25.030 katom-step/s
99.4% CPU use with 12 MPI tasks x 4 OpenMP threads

MPI task timing breakdown:
Section |  min time  |  avg time  |  max time  |%varavg| %total
---------------------------------------------------------------
Pair    | 1044.9     | 1314.1     | 1494.7     | 464.4 | 69.04
Neigh   | 0.6748     | 0.80419    | 0.91232    |   9.2 |  0.04
Comm    | 150.48     | 330.6      | 599.41     | 924.0 | 17.37
Output  | 0.0081034  | 0.00917    | 0.01076    |   0.7 |  0.00
Modify  | 256.41     | 256.97     | 257.6      |   2.5 | 13.50
Other   |            | 0.7933     |            |       |  0.04

Nlocal:          198.5 ave         206 max         187 min
Histogram: 1 1 0 0 1 3 1 2 1 2
Nghost:           5415 ave        5462 max        5365 min
Histogram: 2 0 2 1 1 0 2 1 2 1
Neighs:         156409 ave      162522 max      148409 min
Histogram: 2 0 0 0 2 2 2 1 1 2

Total # of neighbors = 1876905
Ave neighs/atom = 787.9534
Neighbor list builds = 19
Dangerous builds = 0
unfix           nvt_final

# ── Output Final Structure ──────────────────────────────────────────────────
write_data      out/data.solgel_pH${pH}.final
write_data      out/data.solgel_pH8.0.final
System init for write_data ...
write_restart   out/restart.solgel_pH${pH}.final
write_restart   out/restart.solgel_pH8.0.final
System init for write_restart ...

print           "=== Sol-Gel Simulation Complete for pH ${pH} ==="
=== Sol-Gel Simulation Complete for pH 8.0 ===
Total wall time: 46:48:16
