
# ── Phase 1: Energy Minimization ────────────────────────────────────────────
print           "=== Phase 1: Energy Minimization ==="
=== Phase 1: Energy Minimization ===
minimize        1.0e-4 1.0e-6 1000 10000

CITE-CITE-CITE-CITE-CITE-CITE-CITE-CITE-CITE-CITE-CITE-CITE-CITE

Your simulation uses code contributions which should be cited:

- Type Label Framework: https://doi.org/10.1021/acs.jpcb.3c08419

@Article{Gissinger24,
 author = {Jacob R. Gissinger, Ilia Nikiforov, Yaser Afshar, Brendon Waters, Moon-ki Choi, Daniel S. Karls, Alexander Stukowski, Wonpil Im, Hendrik Heinz, Axel Kohlmeyer, and Ellad B. Tadmor},
 title = {Type Label Framework for Bonded Force Fields in LAMMPS},
 journal = {J. Phys. Chem. B},
 year =    2024,
 volume =  128,
 number =  13,
 pages =   {3282–-3297}
}

- pair reaxff command: doi:10.1016/j.parco.2011.08.005

@Article{Aktulga12,
 author = {H. M. Aktulga and J. C. Fogarty and S. A. Pandit and A. Y. Grama},
 title = {Parallel Reactive Molecular Dynamics: {N}umerical Methods and Algorithmic Techniques},
 journal = {Parallel Computing},
 year =    2012,
 volume =  38,
 number =  {4--5},
 pages =   {245--259}
}

- fix qeq/reaxff command: doi:10.1016/j.parco.2011.08.005

@Article{Aktulga12,
 author = {H. M. Aktulga and J. C. Fogarty and S. A. Pandit and A. Y. Grama},
 title = {Parallel Reactive Molecular Dynamics: {N}umerical Methods and Algorithmic Techniques},
 journal = {Parallel Computing},
 year =    2012,
 volume =  38,
 pages =   {245--259}
}

CITE-CITE-CITE-CITE-CITE-CITE-CITE-CITE-CITE-CITE-CITE-CITE-CITE

Neighbor list info ...
  update: every = 1 steps, delay = 0 steps, check = yes
  max neighbors/atom: 2000, page size: 100000
  master list distance cutoff = 12
  ghost atom cutoff = 12
  binsize = 6, bins = 7 7 7
  2 neighbor lists, perpetual/occasional/extra = 2 0 0
  (1) pair reaxff, perpetual
      attributes: half, newton off, ghost
      pair build: half/bin/ghost/newtoff
      stencil: full/ghost/bin/3d
      bin: standard
  (2) fix qeq/reaxff, perpetual, copy from (1)
      attributes: half, newton off
      pair build: copy
      stencil: none
      bin: none
Per MPI rank memory allocation (min/avg/max) = 352 | 359.7 | 365 Mbytes
   Step          Temp          Press          PotEng         KinEng         TotEng        Density         Volume        Atoms   
         0   0              156996.31     -137953.9       0             -137953.9       0.57870577     52546.8             2349 
        53   0             -2845.013      -193376.33      0             -193376.33      0.57870577     52546.8             2349 
Loop time of 1.41887 on 48 procs for 53 steps with 2349 atoms

98.0% CPU use with 12 MPI tasks x 4 OpenMP threads

Minimization stats:
  Stopping criterion = energy tolerance
  Energy initial, next-to-last, final = 
       -137953.9038276  -193372.051739775  -193376.327754305
  Force two-norm initial, final = 9291.9515 833.45217
  Force max component initial, final = 1076.4404 267.64632
  Final line search alpha, max atom move = 0.0001381034 0.036962866
  Iterations, force evaluations = 53 79

MPI task timing breakdown:
Section |  min time  |  avg time  |  max time  |%varavg| %total
---------------------------------------------------------------
Pair    | 0.92911    | 0.98641    | 1.0265     |   2.8 | 69.52
Neigh   | 0.0068736  | 0.0071412  | 0.0073123  |   0.2 |  0.50
Comm    | 0.0087736  | 0.048825   | 0.10591    |  12.7 |  3.44
Output  | 0          | 0          | 0          |   0.0 |  0.00
Modify  | 0.37322    | 0.37357    | 0.37412    |   0.0 | 26.33
Other   |            | 0.002928   |            |       |  0.21

Nlocal:         195.75 ave         216 max         174 min
Histogram: 2 0 1 2 2 0 1 1 0 3
Nghost:        2796.58 ave        2852 max        2738 min
Histogram: 2 0 3 1 0 0 2 0 1 3
Neighs:        52165.4 ave       60343 max       45198 min
Histogram: 2 0 2 1 2 1 1 2 0 1

Total # of neighbors = 625985
Ave neighs/atom = 266.49
Neighbor list builds = 1
Dangerous builds = 0

# Trajectory dump
dump            traj all custom 2000 out/dump.solgel_pH${pH}.lammpstrj                 id type x y z q
dump            traj all custom 2000 out/dump.solgel_pH7.5.lammpstrj                 id type x y z q
dump_modify     traj sort id

# ── Phase 2: NVT Equilibration & Compression at 300 K ──────────────────────
print           "=== Phase 2: Compression to Liquid Density at ${T_low} K ==="
=== Phase 2: Compression to Liquid Density at 300 K ===
velocity        all create ${T_low} ${seed} dist gaussian
velocity        all create 300 ${seed} dist gaussian
velocity        all create 300 12345 dist gaussian

# Compress box to target liquid density (~1.2 - 1.5 g/cm^3)
# To achieve this, we shrink the box length to about 27.0 Angstroms.
fix             nvt1 all nvt temp ${T_low} ${T_low} 100.0
fix             nvt1 all nvt temp 300 ${T_low} 100.0
fix             nvt1 all nvt temp 300 300 100.0
fix             deform1 all deform 1 x final 0.0 27.0 y final 0.0 27.0 z final 0.0 27.0 remap x
run             20000    # 2 ps compression
Per MPI rank memory allocation (min/avg/max) = 351 | 358.6 | 363.9 Mbytes
   Step          Temp          Press          PotEng         KinEng         TotEng        Density         Volume        Atoms   
        53   300           -1018.3842     -193376.33      2099.6826     -191276.64      0.57870577     52546.8             2349 
       500   330.45444      666.64714     -193564.47      2312.8315     -191251.64      0.58967376     51569.425           2349 
      1000   384.06155      1483.0166     -193998.89      2688.0245     -191310.86      0.60227311     50490.61            2349 
      1500   440.78453      2081.6588     -194634.23      3085.0254     -191549.21      0.61523397     49426.946           2349 
      2000   487.90672      1722.138      -195364.25      3414.8309     -191949.42      0.6285694      48378.327           2349 
      2500   503.91058      884.04087     -195975.79      3526.8409     -192448.94      0.64229304     47344.646           2349 
      3000   493.07937      2029.6462     -196448.72      3451.0339     -192997.69      0.65641911     46325.794           2349 
      3500   480.55682      2330.5888     -196940.51      3363.3893     -193577.12      0.67096247     45321.665           2349 
      4000   476.0227      -43.410164     -197514.75      3331.6553     -194183.09      0.68593865     44332.152           2349 
      4500   470.37052      34.934705     -198037.21      3292.096      -194745.11      0.70136386     43357.148           2349 
      5000   451.28729      127.4946      -198472.25      3158.5336     -195313.72      0.71725506     42396.545           2349 
      5500   416.28763      1065.429      -198738.08      2913.573      -195824.51      0.73362999     41450.236           2349 
      6000   386.52656      897.36138     -198975.5       2705.277      -196270.22      0.75050719     40518.115           2349 
      6500   384.15809      154.95941     -199386.45      2688.7002     -196697.75      0.76790607     39600.073           2349 
      7000   371.01844      385.78119     -199683.41      2596.7366     -197086.68      0.78584693     38696.005           2349 
      7500   355.79706      2107.7624     -199927.68      2490.203      -197437.48      0.80435105     37805.802           2349 
      8000   339.28265      2625.2792     -200117.21      2374.6196     -197742.59      0.82344072     36929.357           2349 
      8500   329.80105      723.78264     -200316.32      2308.2584     -198008.06      0.84313926     36066.564           2349 
      9000   328.36821      333.95271     -200556.55      2298.2301     -198258.32      0.86347116     35217.315           2349 
      9500   329.8177       3575.9343     -200804.65      2308.375      -198496.28      0.88446208     34381.504           2349 
     10000   308.5182       614.78402     -200859.94      2159.301      -198700.64      0.90613893     33559.022           2349 
     10500   308.736        3251.5124     -201027.48      2160.8254     -198866.66      0.92852997     32749.763           2349 
     11000   304.92901      5368.4743     -201151.48      2134.1804     -199017.3       0.95166484     31953.62            2349 
     11500   308.26706      4786.941      -201301.12      2157.5433     -199143.57      0.9755747      31170.485           2349 
     12000   307.29901      5095.9228     -201399.93      2150.768      -199249.16      1.0002923      30400.251           2349 
     12500   309.85827      6270.2001     -201495.32      2168.6801     -199326.64      1.0258519      29642.812           2349 
     13000   308.88923      6084.4455     -201563.81      2161.8978     -199401.91      1.0522899      28898.06            2349 
     13500   301.03665      6034.313      -201575.22      2106.938      -199468.28      1.0796442      28165.887           2349 
     14000   306.42374      10694.639     -201652.41      2144.642      -199507.77      1.1079549      27446.187           2349 
     14500   301.60454      12924.566     -201640.27      2110.9127     -199529.35      1.1372641      26738.853           2349 
     15000   313.60482      13833.34      -201734         2194.902      -199539.1       1.1676162      26043.777           2349 
     15500   309.86162      16589.096     -201728.51      2168.7035     -199559.81      1.1990581      25360.853           2349 
     16000   317.63375      19036.502     -201777.77      2223.1002     -199554.67      1.2316392      24689.972           2349 
     16500   327.31226      26474.972     -201843.62      2290.8395     -199552.78      1.2654113      24031.029           2349 
     17000   327.35395      32781.65      -201810.7       2291.1313     -199519.57      1.3004297      23383.915           2349 
     17500   350.34684      41151.269     -201908.61      2452.0572     -199456.55      1.3367521      22748.524           2349 
     18000   341.16638      54073.167     -201727.65      2387.8037     -199339.84      1.3744399      22124.748           2349 
     18500   354.82218      73463.209     -201584.35      2483.3799     -199100.97      1.4135579      21512.481           2349 
     19000   369.11148      95295.769     -201306.06      2583.3898     -198722.67      1.4541745      20911.615           2349 
     19500   382.47907      126957.96     -200821.03      2676.9489     -198144.08      1.4963622      20322.043           2349 
     20000   401.28321      170948.8      -200171.04      2808.5579     -197362.48      1.5401977      19743.657           2349 
     20053   411.81114      170616.63     -200141.81      2882.2423     -197259.57      1.5449442      19683               2349 
Loop time of 599.597 on 48 procs for 20000 steps with 2349 atoms

Performance: 0.288 ns/day, 83.277 hours/ns, 33.356 timesteps/s, 78.353 katom-step/s
99.3% CPU use with 12 MPI tasks x 4 OpenMP threads

MPI task timing breakdown:
Section |  min time  |  avg time  |  max time  |%varavg| %total
---------------------------------------------------------------
Pair    | 465.3      | 485.04     | 500.73     |  42.8 | 80.89
Neigh   | 1.9557     | 1.9763     | 1.9875     |   0.7 |  0.33
Comm    | 7.9572     | 23.657     | 43.371     | 193.8 |  3.95
Output  | 0.0065755  | 0.0074459  | 0.0086582  |   0.6 |  0.00
Modify  | 88.491     | 88.579     | 88.671     |   0.7 | 14.77
Other   |            | 0.3338     |            |       |  0.06

Nlocal:         195.75 ave         205 max         187 min
Histogram: 2 1 0 2 0 4 0 0 1 2
Nghost:        5267.83 ave        5306 max        5233 min
Histogram: 2 1 1 1 1 1 3 0 0 2
Neighs:         149152 ave      155587 max      142595 min
Histogram: 1 2 0 1 1 3 1 1 0 2

Total # of neighbors = 1789825
Ave neighs/atom = 761.95189
Neighbor list builds = 125
Dangerous builds = 0
unfix           deform1
run             10000    # 1 ps equilibration after compression
Per MPI rank memory allocation (min/avg/max) = 373.6 | 381.3 | 386.2 Mbytes
   Step          Temp          Press          PotEng         KinEng         TotEng        Density         Volume        Atoms   
     20053   411.81114      170803.09     -200139.08      2882.2423     -197256.83      1.5449442      19683               2349 
     20500   400.54663      151147.46     -200448.6       2803.4026     -197645.2       1.5449442      19683               2349 
     21000   371.50193      145495.67     -200614.31      2600.1204     -198014.19      1.5449442      19683               2349 
     21500   361.80265      138654.18     -200872.94      2532.2357     -198340.71      1.5449442      19683               2349 
     22000   349.54319      131860.68     -201093.19      2446.4325     -198646.76      1.5449442      19683               2349 
     22500   330.02105      125093.7      -201223.78      2309.7982     -198913.99      1.5449442      19683               2349 
     23000   316.3625       121610.88     -201351.62      2214.2028     -199137.42      1.5449442      19683               2349 
     23500   308.29293      123101.6      -201489.91      2157.7243     -199332.18      1.5449442      19683               2349 
     24000   295.83447      116328.8      -201543.84      2070.5283     -199473.31      1.5449442      19683               2349 
     24500   291.81313      118551.37     -201636.52      2042.3832     -199594.14      1.5449442      19683               2349 
     25000   290.01266      115727.33     -201704.9       2029.7818     -199675.12      1.5449442      19683               2349 
     25500   289.18656      115227.62     -201733.08      2023.9999     -199709.08      1.5449442      19683               2349 
     26000   293.43464      110398.93     -201769.78      2053.732      -199716.05      1.5449442      19683               2349 
     26500   296.85935      111319.72     -201771.55      2077.7014     -199693.85      1.5449442      19683               2349 
     27000   296.42514      112990.37     -201726.67      2074.6624     -199652.01      1.5449442      19683               2349 
     27500   303.65737      114040.43     -201707.03      2125.2803     -199581.75      1.5449442      19683               2349 
     28000   307.39561      108271.78     -201666.6       2151.4441     -199515.16      1.5449442      19683               2349 
     28500   314.16606      112727.47     -201688.15      2198.8301     -199489.32      1.5449442      19683               2349 
     29000   315.22067      112149.19     -201727.5       2206.2112     -199521.29      1.5449442      19683               2349 
     29500   314.26785      112172.23     -201786.35      2199.5424     -199586.8       1.5449442      19683               2349 
     30000   298.30285      104080.09     -201771.38      2087.8043     -199683.58      1.5449442      19683               2349 
     30053   301.72698      106668.35     -201807.83      2111.7696     -199696.06      1.5449442      19683               2349 
Loop time of 573.58 on 48 procs for 10000 steps with 2349 atoms

Performance: 0.151 ns/day, 159.328 hours/ns, 17.434 timesteps/s, 40.953 katom-step/s
99.3% CPU use with 12 MPI tasks x 4 OpenMP threads

MPI task timing breakdown:
Section |  min time  |  avg time  |  max time  |%varavg| %total
---------------------------------------------------------------
Pair    | 478.47     | 489.1      | 494.52     |  20.6 | 85.27
Neigh   | 0.504      | 0.51058    | 0.5217     |   0.7 |  0.09
Comm    | 6.0044     | 11.426     | 22.079     | 134.5 |  1.99
Output  | 0.0025287  | 0.0029474  | 0.0035243  |   0.5 |  0.00
Modify  | 72.274     | 72.304     | 72.364     |   0.3 | 12.61
Other   |            | 0.2391     |            |       |  0.04

Nlocal:         195.75 ave         209 max         186 min
Histogram: 1 1 2 2 2 1 2 0 0 1
Nghost:        5356.42 ave        5381 max        5336 min
Histogram: 1 3 1 2 0 0 0 2 2 1
Neighs:         152085 ave      162199 max      144475 min
Histogram: 1 1 2 2 2 1 2 0 0 1

Total # of neighbors = 1825015
Ave neighs/atom = 776.93274
Neighbor list builds = 14
Dangerous builds = 0
unfix           nvt1

# ── Phase 3: Heating to Condensation Temperature (NVT) ─────────────────────
print           "=== Phase 3: Heating ${T_low} -> ${T_hi} K ==="
=== Phase 3: Heating 300 -> 2000 K ===
fix             nvt_heat all nvt temp ${T_low} ${T_hi} 100.0
fix             nvt_heat all nvt temp 300 ${T_hi} 100.0
fix             nvt_heat all nvt temp 300 2000 100.0
run             100000    # 10 ps ramp
Per MPI rank memory allocation (min/avg/max) = 374.3 | 381.3 | 386.5 Mbytes
   Step          Temp          Press          PotEng         KinEng         TotEng        Density         Volume        Atoms   
     30053   301.72698      106668.15     -201807.83      2111.7696     -199696.06      1.5449442      19683               2349 
     30500   313.01136      106633.49     -201868.92      2190.7483     -199678.18      1.5449442      19683               2349 
     31000   304.53844      109690.85     -201775.55      2131.4469     -199644.11      1.5449442      19683               2349 
     31500   314.56313      107281.88     -201780.22      2201.6091     -199578.62      1.5449442      19683               2349 
     32000   322.39826      110007.95     -201755.16      2256.4467     -199498.71      1.5449442      19683               2349 
     32500   327.11221      109824.05     -201723.63      2289.4394     -199434.19      1.5449442      19683               2349 
     33000   328.75622      110695.68     -201656.93      2300.9457     -199355.98      1.5449442      19683               2349 
     33500   348.72136      104480.42     -201691.82      2440.6806     -199251.14      1.5449442      19683               2349 
     34000   349.65307      108172.92     -201601.29      2447.2015     -199154.09      1.5449442      19683               2349 
     34500   350.4336       106461.24     -201506.2       2452.6644     -199053.53      1.5449442      19683               2349 
     35000   361.83223      114898.3      -201482.33      2532.4428     -198949.89      1.5449442      19683               2349 
     35500   371.10766      110915.75     -201441.71      2597.361      -198844.35      1.5449442      19683               2349 
     36000   375.53365      118986.11     -201341.6       2628.3383     -198713.26      1.5449442      19683               2349 
     36500   385.3175       113563.85     -201283.35      2696.8148     -198586.54      1.5449442      19683               2349 
     37000   390.82812      119101.39     -201190.19      2735.3834     -198454.81      1.5449442      19683               2349 
     37500   418.1859       114921.73     -201263.73      2926.8589     -198336.87      1.5449442      19683               2349 
     38000   412.97922      121982.98     -201092.5       2890.4176     -198202.08      1.5449442      19683               2349 
     38500   424.26196      115025.55     -201036.3       2969.3849     -198066.91      1.5449442      19683               2349 
     39000   444.068        116116.43     -201035.19      3108.0062     -197927.19      1.5449442      19683               2349 
     39500   453.60819      117469.25     -200971.76      3174.7774     -197796.98      1.5449442      19683               2349 
     40000   461.15983      118008.47     -200908.5       3227.6309     -197680.87      1.5449442      19683               2349 
     40500   459.69355      121263.37     -200780.38      3217.3685     -197563.01      1.5449442      19683               2349 
     41000   478.8792       123292.83     -200789.06      3351.6478     -197437.42      1.5449442      19683               2349 
     41500   488.13723      128918.42     -200741.95      3416.4441     -197325.5       1.5449442      19683               2349 
     42000   496.73738      124095.46     -200678.43      3476.6361     -197201.79      1.5449442      19683               2349 
     42500   496.57849      122441.34     -200551.74      3475.5241     -197076.22      1.5449442      19683               2349 
     43000   517.1276       124208.12     -200578.65      3619.3461     -196959.31      1.5449442      19683               2349 
     43500   523.1484       125530.93     -200508.7       3661.4853     -196847.22      1.5449442      19683               2349 
     44000   537.13374      126295.22     -200516.83      3759.3679     -196757.46      1.5449442      19683               2349 
     44500   549.45879      125858.63     -200506.04      3845.6302     -196660.41      1.5449442      19683               2349 
     45000   531.07525      126282.14     -200276.55      3716.9649     -196559.58      1.5449442      19683               2349 
     45500   556.0687       125160.82     -200335.44      3891.8926     -196443.55      1.5449442      19683               2349 
     46000   564.89673      124527.18     -200282.36      3953.6794     -196328.68      1.5449442      19683               2349 
     46500   580.98296      127333.75     -200312.27      4066.266      -196246         1.5449442      19683               2349 
     47000   592.45061      127651.79     -200289.38      4146.5274     -196142.86      1.5449442      19683               2349 
     47500   591.62634      132409.07     -200177.6       4140.7585     -196036.85      1.5449442      19683               2349 
     48000   592.61395      131048.34     -200070.34      4147.6707     -195922.67      1.5449442      19683               2349 
     48500   622.43409      136343.5      -200169.39      4356.3801     -195813.01      1.5449442      19683               2349 
     49000   622.26564      136340.15     -200066.72      4355.2011     -195711.52      1.5449442      19683               2349 
     49500   654.10535      133308.73     -200228.11      4578.0454     -195650.07      1.5449442      19683               2349 
     50000   652.99425      131564.17     -200161.48      4570.2688     -195591.21      1.5449442      19683               2349 
     50500   643.80491      138060.54     -200054.5       4505.9532     -195548.55      1.5449442      19683               2349 
     51000   666.33561      135747.75     -200148.02      4663.6443     -195484.38      1.5449442      19683               2349 
     51500   661.57517      138571.72     -200036.68      4630.3262     -195406.35      1.5449442      19683               2349 
     52000   661.89449      142852.56     -199932.43      4632.5611     -195299.87      1.5449442      19683               2349 
     52500   664.02152      144015.13     -199846.43      4647.4481     -195198.98      1.5449442      19683               2349 
     53000   688.78999      138420.47     -199932.14      4820.8012     -195111.34      1.5449442      19683               2349 
     53500   696.76858      141542.39     -199904.28      4876.6429     -195027.64      1.5449442      19683               2349 
     54000   679.06284      140265.7      -199731.52      4752.7214     -194978.79      1.5449442      19683               2349 
     54500   698.66096      143156.44     -199754.47      4889.8875     -194864.58      1.5449442      19683               2349 
     55000   696.69008      145825.08     -199615.13      4876.0934     -194739.04      1.5449442      19683               2349 
     55500   709.52853      141571.81     -199595.15      4965.949      -194629.2       1.5449442      19683               2349 
     56000   731.42278      142435.49     -199642.9       5119.1856     -194523.72      1.5449442      19683               2349 
     56500   726.40679      151009.92     -199510.48      5084.079      -194426.4       1.5449442      19683               2349 
     57000   736.15401      147096.85     -199482.23      5152.2992     -194329.93      1.5449442      19683               2349 
     57500   745.69945      147059.3      -199430.64      5219.1072     -194211.53      1.5449442      19683               2349 
     58000   761.65605      150869.71     -199456.94      5330.7865     -194126.15      1.5449442      19683               2349 
     58500   789.09544      151783.87     -199566.95      5522.8332     -194044.11      1.5449442      19683               2349 
     59000   791.1965       153845.1      -199527         5537.5384     -193989.46      1.5449442      19683               2349 
     59500   813.97833      153856.88     -199613.1       5696.9871     -193916.11      1.5449442      19683               2349 
     60000   819.1736       152686.34     -199596.56      5733.3485     -193863.21      1.5449442      19683               2349 
     60500   809.62491      157637.02     -199514.24      5666.5178     -193847.72      1.5449442      19683               2349 
     61000   808.6946       152685.82     -199463.49      5660.0066     -193803.48      1.5449442      19683               2349 
     61500   838.06126      151299.76     -199519.87      5865.5422     -193654.33      1.5449442      19683               2349 
     62000   868.03582      148979.49     -199558.08      6075.3324     -193482.75      1.5449442      19683               2349 
     62500   850.25983      159436.26     -199370.49      5950.9192     -193419.57      1.5449442      19683               2349 
     63000   846.48636      159248.25     -199302.58      5924.5089     -193378.07      1.5449442      19683               2349 
     63500   864.7377       157863.94     -199394.71      6052.249      -193342.46      1.5449442      19683               2349 
     64000   863.63496      160391.24     -199355.59      6044.531      -193311.06      1.5449442      19683               2349 
     64500   853.50005      165445.85     -199225.72      5973.5974     -193252.12      1.5449442      19683               2349 
     65000   911.42225      161144.99     -199512.61      6378.9915     -193133.62      1.5449442      19683               2349 
     65500   918.97702      159133.57     -199430.36      6431.8669     -192998.49      1.5449442      19683               2349 
     66000   915.96685      170105.37     -199281.67      6410.7988     -192870.87      1.5449442      19683               2349 
     66500   961.94162      162595.16     -199519.72      6732.5736     -192787.15      1.5449442      19683               2349 
     67000   959.92427      163195.64     -199507.53      6718.4543     -192789.08      1.5449442      19683               2349 
     67500   931.22416      163642.73     -199406.06      6517.5839     -192888.48      1.5449442      19683               2349 
     68000   929.32154      160535.73     -199559.85      6504.2676     -193055.59      1.5449442      19683               2349 
     68500   926.18483      156893.97     -199620.54      6482.3139     -193138.23      1.5449442      19683               2349 
     69000   923.69101      161633.24     -199573.34      6464.8598     -193108.48      1.5449442      19683               2349 
     69500   936.15426      163424.2      -199561.76      6552.0894     -193009.67      1.5449442      19683               2349 
     70000   963.97778      159810.83     -199627.06      6746.8246     -192880.24      1.5449442      19683               2349 
     70500   983.35247      167529.33     -199627.4       6882.4269     -192744.97      1.5449442      19683               2349 
     71000   993.00061      160892.71     -199604.83      6949.9537     -192654.87      1.5449442      19683               2349 
     71500   1000.4323      155549.38     -199594.25      7001.9674     -192592.28      1.5449442      19683               2349 
     72000   996.42023      165274.43     -199513.8       6973.8874     -192539.91      1.5449442      19683               2349 
     72500   1034.6913      165974.28     -199725.24      7241.7444     -192483.5       1.5449442      19683               2349 
     73000   1052.4818      166542.93     -199759.97      7366.2588     -192393.71      1.5449442      19683               2349 
     73500   1050.5135      173554.79     -199665.78      7352.4827     -192313.3       1.5449442      19683               2349 
     74000   1074.4268      172868.58     -199782.31      7519.8508     -192262.45      1.5449442      19683               2349 
     74500   1073.8669      177303.17     -199785.75      7515.932      -192269.82      1.5449442      19683               2349 
     75000   1065.7101      167499        -199838.16      7458.8435     -192379.31      1.5449442      19683               2349 
     75500   1049.4273      176034.38     -199849.23      7344.8807     -192504.35      1.5449442      19683               2349 
     76000   1087.1513      172800.27     -200201.14      7608.9092     -192592.23      1.5449442      19683               2349 
     76500   1055.9157      168561.88     -199998.53      7390.2926     -192608.23      1.5449442      19683               2349 
     77000   1065.611       169033.88     -199973.35      7458.1497     -192515.2       1.5449442      19683               2349 
     77500   1081.4545      171285.93     -199900.41      7569.0371     -192331.37      1.5449442      19683               2349 
     78000   1096.816       174118.22     -199867.68      7676.5512     -192191.12      1.5449442      19683               2349 
     78500   1094.6495      171811.21     -199737.6       7661.3882     -192076.21      1.5449442      19683               2349 
     79000   1112.9085      176259.33     -199741.34      7789.1821     -191952.16      1.5449442      19683               2349 
     79500   1152.0745      177573.86     -199882.25      8063.3026     -191818.95      1.5449442      19683               2349 
     80000   1137.2353      178329.57     -199661         7959.4437     -191701.56      1.5449442      19683               2349 
     80500   1158.9145      180427.17     -199687.1       8111.175      -191575.93      1.5449442      19683               2349 
     81000   1154.6166      186714.24     -199557.76      8081.0947     -191476.66      1.5449442      19683               2349 
     81500   1169.484       183228.6      -199608.05      8185.1503     -191422.9       1.5449442      19683               2349 
     82000   1213.4914      184982        -199900.59      8493.1556     -191407.43      1.5449442      19683               2349 
     82500   1215.7783      183505.47     -199944.7       8509.1621     -191435.53      1.5449442      19683               2349 
     83000   1176.9381      186413.33     -199724.31      8237.3218     -191486.98      1.5449442      19683               2349 
     83500   1193.1177      181663.36     -199901.31      8350.5619     -191550.75      1.5449442      19683               2349 
     84000   1209.081       183440.65     -200045.46      8462.2877     -191583.18      1.5449442      19683               2349 
     84500   1206.9365      191189.92     -199996.15      8447.2787     -191548.87      1.5449442      19683               2349 
     85000   1241.2103      181513.96     -200132.76      8687.1586     -191445.6       1.5449442      19683               2349 
     85500   1220.1639      183788.33     -199839.76      8539.8562     -191299.9       1.5449442      19683               2349 
     86000   1245.3539      191093.82     -199859.31      8716.1599     -191143.15      1.5449442      19683               2349 
     86500   1248.9008      185204.35     -199761.31      8740.984      -191020.33      1.5449442      19683               2349 
     87000   1269.2265      194142.69     -199835.12      8883.2428     -190951.88      1.5449442      19683               2349 
     87500   1271.5622      188877.71     -199773.15      8899.5903     -190873.56      1.5449442      19683               2349 
     88000   1290.1267      192758.88     -199871.43      9029.5219     -190841.91      1.5449442      19683               2349 
     88500   1306.1875      202333.69     -199966.97      9141.9302     -190825.04      1.5449442      19683               2349 
     89000   1306.7434      202618.71     -200041.36      9145.8215     -190895.54      1.5449442      19683               2349 
     89500   1309.5811      190594.9      -200226.42      9165.6823     -191060.74      1.5449442      19683               2349 
     90000   1313.3088      186081.33     -200386.16      9191.7721     -191194.38      1.5449442      19683               2349 
     90500   1290.9147      187319        -200277.83      9035.0368     -191242.8       1.5449442      19683               2349 
     91000   1288.4644      186354.74     -200182.79      9017.8877     -191164.9       1.5449442      19683               2349 
     91500   1318.3684      193448.21     -200181.33      9227.1837     -190954.15      1.5449442      19683               2349 
     92000   1331.8747      194356.77     -200065.68      9321.7137     -190743.96      1.5449442      19683               2349 
     92500   1360.0919      193401.34     -200107.47      9519.2042     -190588.27      1.5449442      19683               2349 
     93000   1387.2027      190937.55     -200146.49      9708.9514     -190437.54      1.5449442      19683               2349 
     93500   1343.5254      206520.44     -199730.77      9403.256      -190327.51      1.5449442      19683               2349 
     94000   1362.3025      199448.59     -199705.3       9534.6762     -190170.63      1.5449442      19683               2349 
     94500   1390.382       193461.6      -199772.33      9731.2031     -190041.12      1.5449442      19683               2349 
     95000   1385.1529      198111.46     -199619.27      9694.6048     -189924.67      1.5449442      19683               2349 
     95500   1405.1989      202552.65     -199631.51      9834.9053     -189796.6       1.5449442      19683               2349 
     96000   1438.3113      210211.67     -199702.56      10066.658     -189635.9       1.5449442      19683               2349 
     96500   1416.1109      200366.78     -199448.06      9911.2779     -189536.78      1.5449442      19683               2349 
     97000   1417.8423      208444.92     -199378.04      9923.3958     -189454.64      1.5449442      19683               2349 
     97500   1447.1471      198211.18     -199510.82      10128.499     -189382.32      1.5449442      19683               2349 
     98000   1446.221       216569.95     -199429.71      10122.017     -189307.7       1.5449442      19683               2349 
     98500   1476.8755      204265.7      -199580.96      10336.566     -189244.39      1.5449442      19683               2349 
     99000   1472.8742      211711.53     -199489.16      10308.561     -189180.59      1.5449442      19683               2349 
     99500   1459.7597      206724.18     -199305.43      10216.773     -189088.66      1.5449442      19683               2349 
    100000   1445.1769      208120.21     -199077.91      10114.709     -188963.21      1.5449442      19683               2349 
    100500   1499.2553      203864.78     -199294.7       10493.201     -188801.5       1.5449442      19683               2349 
    101000   1467.0207      206625.83     -198943.62      10267.593     -188676.02      1.5449442      19683               2349 
    101500   1498.3334      218323.58     -199072.73      10486.749     -188585.98      1.5449442      19683               2349 
    102000   1504.3744      211826.22     -199029.63      10529.029     -188500.6       1.5449442      19683               2349 
    102500   1511.033       212526.65     -198915.02      10575.632     -188339.39      1.5449442      19683               2349 
    103000   1545.5357      223176.03     -198972.87      10817.115     -188155.75      1.5449442      19683               2349 
    103500   1584.5434      212959.34     -199088.58      11090.127     -187998.45      1.5449442      19683               2349 
    104000   1565.6596      206791.24     -198829.71      10957.961     -187871.75      1.5449442      19683               2349 
    104500   1550.0501      213805.77     -198590.1       10848.711     -187741.39      1.5449442      19683               2349 
    105000   1605.1709      220405.13     -198840.28      11234.498     -187605.78      1.5449442      19683               2349 
    105500   1608.5518      228047.16     -198756.75      11258.161     -187498.59      1.5449442      19683               2349 
    106000   1576.2274      218389.1      -198500.95      11031.924     -187469.03      1.5449442      19683               2349 
    106500   1571.849       223900.82     -198426.79      11001.28      -187425.51      1.5449442      19683               2349 
    107000   1605.5649      226851.33     -198507.06      11237.256     -187269.81      1.5449442      19683               2349 
    107500   1675.6448      224108.19     -198768.89      11727.741     -187041.15      1.5449442      19683               2349 
    108000   1663.4095      227324.92     -198542.01      11642.107     -186899.9       1.5449442      19683               2349 
    108500   1688.6304      228339.23     -198714.85      11818.626     -186896.22      1.5449442      19683               2349 
    109000   1638.6662      231522.22     -198452.6       11468.93      -186983.67      1.5449442      19683               2349 
    109500   1647.76        225360.23     -198654.51      11532.577     -187121.94      1.5449442      19683               2349 
    110000   1637.02        234600.67     -198704.2       11457.408     -187246.79      1.5449442      19683               2349 
    110500   1634.482       225432.98     -198812.18      11439.645     -187372.54      1.5449442      19683               2349 
    111000   1631.9694      231203.03     -198901.38      11422.059     -187479.32      1.5449442      19683               2349 
    111500   1640.5585      214128.59     -198941.92      11482.174     -187459.75      1.5449442      19683               2349 
    112000   1634.3594      234709.91     -198651.54      11438.787     -187212.76      1.5449442      19683               2349 
    112500   1713.5754      217672.62     -198862.03      11993.215     -186868.81      1.5449442      19683               2349 
    113000   1694.877       242180.05     -198566.16      11862.346     -186703.81      1.5449442      19683               2349 
    113500   1698.3673      245305.47     -198405.2       11886.774     -186518.42      1.5449442      19683               2349 
    114000   1736.9863      242703.17     -198525.52      12157.066     -186368.45      1.5449442      19683               2349 
    114500   1757.468       238488.05     -198596.54      12300.416     -186296.12      1.5449442      19683               2349 
    115000   1773.2159      242106.59     -198652.74      12410.635     -186242.11      1.5449442      19683               2349 
    115500   1753.1837      228573.19     -198468.52      12270.431     -186198.09      1.5449442      19683               2349 
    116000   1741.6197      239586.25     -198377.98      12189.495     -186188.49      1.5449442      19683               2349 
    116500   1748.8339      238906.21     -198414.4       12239.987     -186174.41      1.5449442      19683               2349 
    117000   1736.5344      248114.91     -198270.52      12153.904     -186116.62      1.5449442      19683               2349 
    117500   1782.7859      240635.93     -198514.24      12477.615     -186036.63      1.5449442      19683               2349 
    118000   1799.7702      238458.84     -198471.88      12596.487     -185875.39      1.5449442      19683               2349 
    118500   1833.2165      236456.48     -198477.52      12830.576     -185646.94      1.5449442      19683               2349 
    119000   1874.1792      231750.9      -198613.05      13117.271     -185495.77      1.5449442      19683               2349 
    119500   1835.6669      238035.93     -198327.45      12847.726     -185479.72      1.5449442      19683               2349 
    120000   1824.0204      247213.5      -198321.54      12766.213     -185555.32      1.5449442      19683               2349 
    120500   1844.531       238297.25     -198601.55      12909.766     -185691.79      1.5449442      19683               2349 
    121000   1827.9385      242353.44     -198756.07      12793.635     -185962.43      1.5449442      19683               2349 
    121500   1831.7367      242496.2      -199006.43      12820.219     -186186.21      1.5449442      19683               2349 
    122000   1817.7905      239599.09     -198938.68      12722.61      -186216.07      1.5449442      19683               2349 
    122500   1810.691       239286.36     -198769.43      12672.921     -186096.51      1.5449442      19683               2349 
    123000   1827.4527      243727.85     -198661.63      12790.235     -185871.4       1.5449442      19683               2349 
    123500   1840.0692      248183.73     -198570.07      12878.537     -185691.53      1.5449442      19683               2349 
    124000   1848.9499      246790        -198418.37      12940.693     -185477.67      1.5449442      19683               2349 
    124500   1891.5239      249930.93     -198498.23      13238.666     -185259.57      1.5449442      19683               2349 
    125000   1911.7104      246107.44     -198404.19      13379.95      -185024.24      1.5449442      19683               2349 
    125500   1944.7065      241870.63     -198462.44      13610.888     -184851.55      1.5449442      19683               2349 
    126000   2008.8242      233199.06     -198760.2       14059.644     -184700.56      1.5449442      19683               2349 
    126500   1912.1241      253840.47     -197970.23      13382.846     -184587.39      1.5449442      19683               2349 
    127000   1959.8523      249469.83     -198138.16      13716.893     -184421.27      1.5449442      19683               2349 
    127500   1957.3573      251790.85     -197995.61      13699.43      -184296.17      1.5449442      19683               2349 
    128000   1955.7351      258681.97     -197881.21      13688.076     -184193.13      1.5449442      19683               2349 
    128500   2002.4039      251221.09     -198040.89      14014.709     -184026.18      1.5449442      19683               2349 
    129000   2012.3198      258499.7      -197859.2       14084.11      -183775.09      1.5449442      19683               2349 
    129500   2048.9341      253680.89     -197857.33      14340.371     -183516.96      1.5449442      19683               2349 
    130000   2030.2599      258007.19     -197623.55      14209.671     -183413.88      1.5449442      19683               2349 
    130053   2019.1134      264199.35     -197545.21      14131.657     -183413.56      1.5449442      19683               2349 
Loop time of 5682.8 on 48 procs for 100000 steps with 2349 atoms

Performance: 0.152 ns/day, 157.856 hours/ns, 17.597 timesteps/s, 41.335 katom-step/s
99.4% CPU use with 12 MPI tasks x 4 OpenMP threads

MPI task timing breakdown:
Section |  min time  |  avg time  |  max time  |%varavg| %total
---------------------------------------------------------------
Pair    | 4663.1     | 4785.7     | 4856.8     |  80.9 | 84.21
Neigh   | 20.041     | 20.198     | 20.385     |   2.0 |  0.36
Comm    | 59.594     | 130.97     | 253.95     | 489.7 |  2.30
Output  | 0.026112   | 0.030375   | 0.036499   |   1.6 |  0.00
Modify  | 743.12     | 743.45     | 743.9      |   0.8 | 13.08
Other   |            | 2.407      |            |       |  0.04

Nlocal:         195.75 ave         205 max         182 min
Histogram: 2 0 0 1 0 1 3 3 1 1
Nghost:        5344.25 ave        5395 max        5296 min
Histogram: 3 1 1 0 1 1 1 1 0 3
Neighs:         152029 ave      159116 max      141271 min
Histogram: 2 0 0 0 1 2 2 2 2 1

Total # of neighbors = 1824344
Ave neighs/atom = 776.64708
Neighbor list builds = 548
Dangerous builds = 0
unfix           nvt_heat

# ── Phase 4: NVT Condensation at High Temperature ──────────────────────────
print           "=== Phase 4: NVT Condensation at ${T_hi} K ==="
=== Phase 4: NVT Condensation at 2000 K ===
fix             nvt_condense all nvt temp ${T_hi} ${T_hi} 100.0
fix             nvt_condense all nvt temp 2000 ${T_hi} 100.0
fix             nvt_condense all nvt temp 2000 2000 100.0

# Run condensation in stages (40 ps each, total 160 ps)
print           "--- Condensation Stage 1/4 ---"
--- Condensation Stage 1/4 ---
run             400000
Per MPI rank memory allocation (min/avg/max) = 374.1 | 381.3 | 386.8 Mbytes
   Step          Temp          Press          PotEng         KinEng         TotEng        Density         Volume        Atoms   
    130053   2019.1134      264199.31     -197545.22      14131.657     -183413.56      1.5449442      19683               2349 
    130500   2022.3465      254559.56     -197621.02      14154.286     -183466.73      1.5449442      19683               2349 
    131000   2053.9263      249704.32     -197994.15      14375.311     -183618.84      1.5449442      19683               2349 
    131500   2006.9763      261092.49     -197950.57      14046.711     -183903.86      1.5449442      19683               2349 
    132000   1971.8702      251246.92     -197898.23      13801.005     -184097.23      1.5449442      19683               2349 
    132500   1969.4267      251642.51     -197909.62      13783.903     -184125.71      1.5449442      19683               2349 
    133000   2038.7589      246737.9      -198354.52      14269.155     -184085.37      1.5449442      19683               2349 
    133500   1984.3862      260052.8      -197918.41      13888.604     -184029.81      1.5449442      19683               2349 
    134000   1993.7189      245884.32     -197881.72      13953.923     -183927.8       1.5449442      19683               2349 
    134500   2015.4256      251328.16     -197915.17      14105.847     -183809.32      1.5449442      19683               2349 
    135000   1986.9507      251646.7      -197573.94      13906.553     -183667.38      1.5449442      19683               2349 
    135500   2043.2823      254172.52     -197859.34      14300.814     -183558.52      1.5449442      19683               2349 
    136000   2031.5462      259294.39     -197769.66      14218.674     -183550.99      1.5449442      19683               2349 
    136500   1991.1728      252975.61     -197699.56      13936.103     -183763.45      1.5449442      19683               2349 
    137000   1984.4636      257602.86     -197997.48      13889.146     -184108.34      1.5449442      19683               2349 
    137500   2007.5837      252489.7      -198376.06      14050.962     -184325.1       1.5449442      19683               2349 
    138000   1960.6314      264944.55     -198149.18      13722.346     -184426.83      1.5449442      19683               2349 
    138500   2017.0435      257466.25     -198513.76      14117.17      -184396.59      1.5449442      19683               2349 
    139000   2000.9053      262339.23     -198305.23      14004.22      -184301.01      1.5449442      19683               2349 
    139500   1986.1086      265719.36     -198039.63      13900.659     -184138.97      1.5449442      19683               2349 
    140000   1993.2383      264596.5      -197875.15      13950.56      -183924.59      1.5449442      19683               2349 
    140500   2076.9146      263995.76     -198252.84      14536.205     -183716.64      1.5449442      19683               2349 
    141000   2050.9646      257338.78     -197986.19      14354.583     -183631.61      1.5449442      19683               2349 
    141500   2013.3988      269459.32     -197810.72      14091.661     -183719.06      1.5449442      19683               2349 
    142000   2018.803       254745.15     -198232.82      14129.485     -184103.33      1.5449442      19683               2349 
    142500   1982.4854      249236.85     -198306.35      13875.3       -184431.05      1.5449442      19683               2349 
    143000   2038.3476      259054.93     -198847.53      14266.277     -184581.25      1.5449442      19683               2349 
    143500   1962.926       257356.4      -198409.96      13738.405     -184671.55      1.5449442      19683               2349 
    144000   2004.9048      257801.67     -198732.93      14032.213     -184700.72      1.5449442      19683               2349 
    144500   2020.6206      254640.81     -198817.68      14142.206     -184675.47      1.5449442      19683               2349 
    145000   1980.8956      257799.47     -198507.68      13864.174     -184643.51      1.5449442      19683               2349 
    145500   2000.6812      252360.38     -198589.12      14002.652     -184586.47      1.5449442      19683               2349 
    146000   2018.5485      260237.33     -198627.5       14127.704     -184499.8       1.5449442      19683               2349 
    146500   2013.3146      250049.72     -198458.47      14091.072     -184367.4       1.5449442      19683               2349 
    147000   1981.0557      272486.01     -198105.98      13865.294     -184240.69      1.5449442      19683               2349 
    147500   1989.1357      254347.21     -198059.33      13921.845     -184137.48      1.5449442      19683               2349 
    148000   1993.3306      262603.52     -197998.47      13951.205     -184047.26      1.5449442      19683               2349 
    148500   2030.3316      262735.89     -198217.17      14210.173     -184006.99      1.5449442      19683               2349 
    149000   2030.6271      257119.81     -198329.48      14212.241     -184117.24      1.5449442      19683               2349 
    149500   2067.4433      250806.63     -198904.93      14469.916     -184435.01      1.5449442      19683               2349 
    150000   1982.3822      254649.03     -198619.81      13874.578     -184745.23      1.5449442      19683               2349 
    150500   1987.2387      255616.47     -198813.76      13908.568     -184905.19      1.5449442      19683               2349 
    151000   1948.5707      260618.6      -198561.15      13637.933     -184923.22      1.5449442      19683               2349 
    151500   1985.9687      248943        -198721.47      13899.679     -184821.79      1.5449442      19683               2349 
    152000   1965.3028      259311.21     -198404.54      13755.04      -184649.5       1.5449442      19683               2349 
    152500   2002.1018      259996.59     -198442.63      14012.595     -184430.03      1.5449442      19683               2349 
    153000   1991.7113      260316.22     -198226.78      13939.872     -184286.91      1.5449442      19683               2349 
    153500   2027.5045      247680.94     -198455.68      14190.386     -184265.29      1.5449442      19683               2349 
    154000   2040.1898      245179.3      -198662.03      14279.17      -184382.86      1.5449442      19683               2349 
    154500   2019.5292      247485.35     -198909.82      14134.568     -184775.25      1.5449442      19683               2349 
    155000   1983.6117      252786.8      -199020.29      13883.183     -185137.1       1.5449442      19683               2349 
    155500   1944.7961      256368.77     -198850.54      13611.515     -185239.03      1.5449442      19683               2349 
    156000   2010.5977      249778.34     -199278.42      14072.057     -185206.36      1.5449442      19683               2349 
    156500   2012.3702      260698.4      -199218.4       14084.462     -185133.93      1.5449442      19683               2349 
    157000   2019.1887      248510.89     -199156.43      14132.185     -185024.25      1.5449442      19683               2349 
    157500   1989.1076      256174.54     -198848.43      13921.649     -184926.78      1.5449442      19683               2349 
    158000   2001.6922      256777.23     -198775.4       14009.728     -184765.68      1.5449442      19683               2349 
    158500   2060.6379      258508.04     -199081.3       14422.285     -184659.02      1.5449442      19683               2349 
    159000   2046.5881      254754.99     -199008.63      14323.951     -184684.68      1.5449442      19683               2349 
    159500   1985.9594      266956.28     -198854.64      13899.615     -184955.02      1.5449442      19683               2349 
    160000   1951.8353      257865.49     -198926.74      13660.782     -185265.96      1.5449442      19683               2349 
    160500   1985.2428      252107.19     -199306.31      13894.599     -185411.71      1.5449442      19683               2349 
    161000   1967.1187      252500.58     -199237.35      13767.75      -185469.6       1.5449442      19683               2349 
    161500   1937.6539      258949.81     -198979.46      13561.527     -185417.93      1.5449442      19683               2349 
    162000   2004.8991      247502.18     -199293.13      14032.172     -185260.96      1.5449442      19683               2349 
    162500   1982.5569      252453.75     -198952.41      13875.801     -185076.61      1.5449442      19683               2349 
    163000   2048.5047      258499.9      -199201.78      14337.366     -184864.41      1.5449442      19683               2349 
    163500   2048.4524      254757.42     -199082.1       14337         -184745.1       1.5449442      19683               2349 
    164000   2022.379       258558.62     -198933.79      14154.513     -184779.28      1.5449442      19683               2349 
    164500   2039.1861      245836.15     -199175.89      14272.145     -184903.74      1.5449442      19683               2349 
    165000   2073.3986      258939.29     -199857.76      14511.597     -185346.16      1.5449442      19683               2349 
    165500   1941.4241      253801.28     -199355.68      13587.914     -185767.76      1.5449442      19683               2349 
    166000   1970.5139      251510.38     -199581.51      13791.512     -185789.99      1.5449442      19683               2349 
    166500   1967.4079      263771.98     -199451.11      13769.773     -185681.34      1.5449442      19683               2349 
    167000   1953.9355      263184.41     -199182.6       13675.481     -185507.12      1.5449442      19683               2349 
    167500   1991.5252      264425.77     -199193.41      13938.569     -185254.84      1.5449442      19683               2349 
    168000   2072.7188      249431.17     -199553.85      14506.838     -185047.01      1.5449442      19683               2349 
    168500   2001.1361      268773.26     -198909.33      14005.836     -184903.49      1.5449442      19683               2349 
    169000   1996.5775      259740.82     -198798.79      13973.93      -184824.86      1.5449442      19683               2349 
    169500   2043.5519      259866.83     -199105.56      14302.702     -184802.86      1.5449442      19683               2349 
    170000   2040.9881      260945        -199188.8       14284.757     -184904.04      1.5449442      19683               2349 
    170500   2008.8344      257772.48     -199282.17      14059.715     -185222.46      1.5449442      19683               2349 
    171000   1944.4017      262711.24     -199073.43      13608.755     -185464.67      1.5449442      19683               2349 
    171500   1987.1381      263855.56     -199393.69      13907.865     -185485.83      1.5449442      19683               2349 
    172000   2015.0524      246725.19     -199541.83      14103.235     -185438.6       1.5449442      19683               2349 
    172500   2016.0872      262176.55     -199506.4       14110.477     -185395.93      1.5449442      19683               2349 
    173000   2016.0811      253169.7      -199479.72      14110.435     -185369.28      1.5449442      19683               2349 
    173500   2020.8764      258137.85     -199447.43      14143.997     -185303.43      1.5449442      19683               2349 
    174000   2000.748       253387.42     -199173.17      14003.119     -185170.05      1.5449442      19683               2349 
    174500   2080.134       258599.41     -199350.2       14558.738     -184791.46      1.5449442      19683               2349 
    175000   2085.8966      258952.85     -199094.55      14599.069     -184495.48      1.5449442      19683               2349 
    175500   2062.5959      255391.92     -198879.1       14435.989     -184443.11      1.5449442      19683               2349 
    176000   2038.3018      253747.18     -198874.39      14265.956     -184608.44      1.5449442      19683               2349 
    176500   2020.41        262605.89     -199072.5       14140.733     -184931.77      1.5449442      19683               2349 
    177000   2048.8256      253490.77     -199448.94      14339.611     -185109.33      1.5449442      19683               2349 
    177500   2043.0183      251893.01     -199552.13      14298.967     -185253.17      1.5449442      19683               2349 
    178000   1977.0711      248797.96     -199254.05      13837.406     -185416.65      1.5449442      19683               2349 
    178500   1987.8708      261748.35     -199429.01      13912.992     -185516.01      1.5449442      19683               2349 
    179000   1965.7077      251823.32     -199332.02      13757.874     -185574.15      1.5449442      19683               2349 
    179500   1995.1229      259299.58     -199557.85      13963.75      -185594.1       1.5449442      19683               2349 
    180000   1936.1411      247880.68     -199141.36      13550.939     -185590.42      1.5449442      19683               2349 
    180500   2017.1252      255267.11     -199579.55      14117.742     -185461.81      1.5449442      19683               2349 
    181000   2021.2008      257106.9      -199404.13      14146.267     -185257.86      1.5449442      19683               2349 
    181500   2014.9529      262455.81     -199082.84      14102.538     -184980.3       1.5449442      19683               2349 
    182000   2060.2328      257347.65     -199198.75      14419.45      -184779.3       1.5449442      19683               2349 
    182500   2057.2737      253377.85     -199215.56      14398.739     -184816.82      1.5449442      19683               2349 
    183000   2063.3941      263547.81     -199465.95      14441.575     -185024.37      1.5449442      19683               2349 
    183500   2042.4967      272885.59     -199568.38      14295.316     -185273.06      1.5449442      19683               2349 
    184000   2005.8577      255568.93     -199457.85      14038.882     -185418.97      1.5449442      19683               2349 
    184500   1991.7066      265762.29     -199405.95      13939.839     -185466.11      1.5449442      19683               2349 
    185000   1946.6189      268356.71     -199062.51      13624.273     -185438.24      1.5449442      19683               2349 
    185500   2023.2228      262125.28     -199502.45      14160.419     -185342.03      1.5449442      19683               2349 
    186000   2021.0438      260685.56     -199404.89      14145.169     -185259.72      1.5449442      19683               2349 
    186500   2038.1093      254465.47     -199468.91      14264.609     -185204.3       1.5449442      19683               2349 
    187000   2037.5735      260553.56     -199451.32      14260.859     -185190.47      1.5449442      19683               2349 
    187500   1964.8451      254038.93     -199031.59      13751.837     -185279.76      1.5449442      19683               2349 
    188000   1983.3507      259495.53     -199291.64      13881.356     -185410.29      1.5449442      19683               2349 
    188500   2010.7267      251492.99     -199642.43      14072.96      -185569.47      1.5449442      19683               2349 
    189000   1970.277       247301.12     -199496.91      13789.854     -185707.06      1.5449442      19683               2349 
    189500   2012.5472      242853.7      -199835.24      14085.701     -185749.54      1.5449442      19683               2349 
    190000   1943.0611      258378.64     -199315.39      13599.372     -185716.02      1.5449442      19683               2349 
    190500   2016.4148      256687.51     -199700.78      14112.771     -185588.01      1.5449442      19683               2349 
    191000   2035.3642      259595.19     -199533.43      14245.396     -185288.04      1.5449442      19683               2349 
    191500   2043.3108      267842.62     -199305.8       14301.014     -185004.78      1.5449442      19683               2349 
    192000   2092.5007      254223.3      -199556.26      14645.291     -184910.97      1.5449442      19683               2349 
    192500   2055.0261      247882.24     -199370.89      14383.008     -184987.88      1.5449442      19683               2349 
    193000   2069.5458      251741.76     -199672.84      14484.631     -185188.2       1.5449442      19683               2349 
    193500   1995.791       256069.61     -199317.01      13968.425     -185348.58      1.5449442      19683               2349 
    194000   1992.0865      267258.25     -199407.33      13942.498     -185464.83      1.5449442      19683               2349 
    194500   2005.3517      264298.97     -199596.82      14035.34      -185561.48      1.5449442      19683               2349 
    195000   2036.7674      252325        -199914.21      14255.217     -185658.99      1.5449442      19683               2349 
    195500   1973.81        244876.31     -199526.12      13814.582     -185711.54      1.5449442      19683               2349 
    196000   2022.8556      253783.08     -199924.88      14157.849     -185767.04      1.5449442      19683               2349 
    196500   1982.3175      256800.09     -199686.18      13874.125     -185812.06      1.5449442      19683               2349 
    197000   2008.218       258684.43     -199868.63      14055.401     -185813.23      1.5449442      19683               2349 
    197500   2011.9283      267388.67     -199877.03      14081.37      -185795.67      1.5449442      19683               2349 
    198000   2022.459       248860.72     -199887.77      14155.073     -185732.7       1.5449442      19683               2349 
    198500   2002.2675      261663.95     -199643.4       14013.754     -185629.64      1.5449442      19683               2349 
    199000   2008.1198      264046.6      -199588.96      14054.714     -185534.25      1.5449442      19683               2349 
    199500   2011.1914      255477.22     -199540.03      14076.212     -185463.81      1.5449442      19683               2349 
    200000   2007.7168      253808.24     -199526.88      14051.894     -185474.99      1.5449442      19683               2349 
    200500   1995.231       254013.4      -199525.97      13964.506     -185561.47      1.5449442      19683               2349 
    201000   1996.3445      257939.74     -199691.91      13972.299     -185719.61      1.5449442      19683               2349 
    201500   1966.0475      255306.52     -199711.74      13760.253     -185951.49      1.5449442      19683               2349 
    202000   1972.1786      255914.15     -199887.57      13803.164     -186084.41      1.5449442      19683               2349 
    202500   1945.8409      265368.25     -199721.53      13618.827     -186102.7       1.5449442      19683               2349 
    203000   2002.6549      251852.25     -199925.54      14016.465     -185909.07      1.5449442      19683               2349 
    203500   2039.9059      243096.31     -199760.44      14277.183     -185483.26      1.5449442      19683               2349 
    204000   2044.927       258314.39     -199537.31      14312.325     -185224.99      1.5449442      19683               2349 
    204500   2013.9174      254330.53     -199277.17      14095.291     -185181.88      1.5449442      19683               2349 
    205000   2040.4725      252617.13     -199513.11      14281.148     -185231.96      1.5449442      19683               2349 
    205500   2036.2269      261604.2      -199608.41      14251.434     -185356.98      1.5449442      19683               2349 
    206000   1965.6559      261565.35     -199300.7       13757.511     -185543.19      1.5449442      19683               2349 
    206500   1969.1342      254473.34     -199504.9       13781.856     -185723.05      1.5449442      19683               2349 
    207000   1942.6752      264780.7      -199430.91      13596.671     -185834.24      1.5449442      19683               2349 
    207500   2011.9874      261262.79     -199932.88      14081.783     -185851.1       1.5449442      19683               2349 
    208000   2021.745       250395.78     -199941.12      14150.076     -185791.05      1.5449442      19683               2349 
    208500   2018.8982      258879.3      -199771.22      14130.151     -185641.07      1.5449442      19683               2349 
    209000   2026.7966      263525.47     -199635.32      14185.432     -185449.89      1.5449442      19683               2349 
    209500   2039.7939      252557.99     -199363.71      14276.399     -185087.31      1.5449442      19683               2349 
    210000   2038.4375      275111.44     -199089.66      14266.906     -184822.75      1.5449442      19683               2349 
    210500   2059.5797      255496.5      -199228.48      14414.879     -184813.6       1.5449442      19683               2349 
    211000   2057.3924      261862.89     -199432.67      14399.57      -185033.1       1.5449442      19683               2349 
    211500   2017.8443      263284.1      -199482.94      14122.775     -185360.17      1.5449442      19683               2349 
    212000   1999.5263      259002.74     -199559.62      13994.569     -185565.06      1.5449442      19683               2349 
    212500   2014.2342      250444.96     -199797.71      14097.509     -185700.21      1.5449442      19683               2349 
    213000   2010.8116      255938.4      -199946.77      14073.554     -185873.22      1.5449442      19683               2349 
    213500   1991.6159      253494.26     -199926.39      13939.204     -185987.18      1.5449442      19683               2349 
    214000   1986.3387      269125.43     -199978.39      13902.269     -186076.12      1.5449442      19683               2349 
    214500   1987.0474      251229.33     -200067.25      13907.229     -186160.02      1.5449442      19683               2349 
    215000   1992.7911      242461.67     -200180.29      13947.429     -186232.86      1.5449442      19683               2349 
    215500   1940.0869      252428.92     -199851.02      13578.556     -186272.46      1.5449442      19683               2349 
    216000   1993.962       256923.85     -200186.25      13955.624     -186230.62      1.5449442      19683               2349 
    216500   2004.3938      257629.26     -200140.8       14028.636     -186112.16      1.5449442      19683               2349 
    217000   2021.1108      260122.8      -199988.17      14145.637     -185842.53      1.5449442      19683               2349 
    217500   2045.502       252828.73     -199917.35      14316.35      -185601         1.5449442      19683               2349 
    218000   2004.6407      264231.78     -199470.49      14030.364     -185440.12      1.5449442      19683               2349 
    218500   2014.616       262534.23     -199464.04      14100.181     -185363.86      1.5449442      19683               2349 
    219000   2010.9574      259116.19     -199446.07      14074.574     -185371.5       1.5449442      19683               2349 
    219500   2041.0028      274052.95     -199770.62      14284.86      -185485.76      1.5449442      19683               2349 
    220000   2009.5811      249149.02     -199767.39      14064.941     -185702.45      1.5449442      19683               2349 
    220500   1997.1303      253362.33     -200021.64      13977.799     -186043.84      1.5449442      19683               2349 
    221000   1995.6596      252740.22     -200180.02      13967.506     -186212.52      1.5449442      19683               2349 
    221500   1971.8163      257303.18     -200005.52      13800.628     -186204.89      1.5449442      19683               2349 
    222000   1994.4371      249213.33     -200076.3       13958.949     -186117.35      1.5449442      19683               2349 
    222500   2018.0998      240379.01     -200122.44      14124.564     -185997.88      1.5449442      19683               2349 
    223000   2018.1285      256003.93     -199969.1       14124.765     -185844.33      1.5449442      19683               2349 
    223500   2023.7505      261258.61     -199910.71      14164.112     -185746.59      1.5449442      19683               2349 
    224000   1990.329       250939.72     -199628.67      13930.197     -185698.47      1.5449442      19683               2349 
    224500   2005.0151      253393.22     -199718.19      14032.985     -185685.21      1.5449442      19683               2349 
    225000   2006.7616      266646.62     -199741.3       14045.208     -185696.09      1.5449442      19683               2349 
    225500   2019.6761      251438.87     -199842.33      14135.596     -185706.74      1.5449442      19683               2349 
    226000   1944.859       247542.22     -199302.22      13611.955     -185690.26      1.5449442      19683               2349 
    226500   1978.7532      260901.35     -199521.56      13849.179     -185672.38      1.5449442      19683               2349 
    227000   2042.273       254853.89     -199977.45      14293.75      -185683.7       1.5449442      19683               2349 
    227500   2054.418       262677.79     -200091.71      14378.752     -185712.96      1.5449442      19683               2349 
    228000   2055.8763      248127.25     -200194.91      14388.959     -185805.95      1.5449442      19683               2349 
    228500   1952.2003      251347        -199770.88      13663.337     -186107.54      1.5449442      19683               2349 
    229000   1940.2027      250266.96     -200114.7       13579.366     -186535.34      1.5449442      19683               2349 
    229500   1950.033       240754.25     -200249.98      13648.168     -186601.81      1.5449442      19683               2349 
    230000   1975.4008      244154.51     -200319.49      13825.716     -186493.77      1.5449442      19683               2349 
    230500   1992.897       239046.07     -200245.91      13948.17      -186297.74      1.5449442      19683               2349 
    231000   1989.0931      245865.98     -200024.69      13921.547     -186103.15      1.5449442      19683               2349 
    231500   1962.0722      256886.69     -199673.19      13732.429     -185940.76      1.5449442      19683               2349 
    232000   1980.0948      267136.36     -199645.18      13858.569     -185786.61      1.5449442      19683               2349 
    232500   2037.2809      255012.94     -199961.18      14258.811     -185702.36      1.5449442      19683               2349 
    233000   2051.7298      251338.79     -200044.67      14359.938     -185684.73      1.5449442      19683               2349 
    233500   2037.6146      257818.37     -200038.57      14261.146     -185777.42      1.5449442      19683               2349 
    234000   1997.3461      252544.5      -200079.81      13979.309     -186100.5       1.5449442      19683               2349 
    234500   1956.3429      258101.5      -200158.23      13692.33      -186465.9       1.5449442      19683               2349 
    235000   2009.3766      247576.99     -200619.58      14063.51      -186556.07      1.5449442      19683               2349 
    235500   2014.2361      248270.66     -200627.78      14097.521     -186530.26      1.5449442      19683               2349 
    236000   1975.9325      262599.11     -200282.58      13829.437     -186453.15      1.5449442      19683               2349 
    236500   1967.8287      254053.45     -200083.04      13772.719     -186310.32      1.5449442      19683               2349 
    237000   2025.7839      262750.15     -200268.56      14178.344     -186090.22      1.5449442      19683               2349 
    237500   2034.7461      256627.41     -200155.5       14241.07      -185914.43      1.5449442      19683               2349 
    238000   2058.6087      254896.89     -200185.61      14408.083     -185777.53      1.5449442      19683               2349 
    238500   2027.49        253759.09     -199887.41      14190.285     -185697.12      1.5449442      19683               2349 
    239000   2000.7738      250856.37     -199756.79      14003.3       -185753.49      1.5449442      19683               2349 
    239500   1964.0304      254148.01     -199831.27      13746.135     -186085.14      1.5449442      19683               2349 
    240000   1986.2747      256106.7      -200362.98      13901.821     -186461.16      1.5449442      19683               2349 
    240500   1927.5574      252715.53     -200049.13      13490.862     -186558.27      1.5449442      19683               2349 
    241000   1951.5006      241345.25     -200163.24      13658.439     -186504.8       1.5449442      19683               2349 
    241500   2000.223       249260.4      -200305.86      13999.445     -186306.42      1.5449442      19683               2349 
    242000   1969.0133      263496.18     -199846.92      13781.01      -186065.91      1.5449442      19683               2349 
    242500   1987.876       262249.87     -199760.31      13913.029     -185847.28      1.5449442      19683               2349 
    243000   2003.055       259819.42     -199712.08      14019.266     -185692.81      1.5449442      19683               2349 
    243500   2025.9016      271892.75     -199808.16      14179.168     -185628.99      1.5449442      19683               2349 
    244000   2016.4617      264874.28     -199745.82      14113.099     -185632.72      1.5449442      19683               2349 
    244500   2022.2504      257804.32     -199874.38      14153.613     -185720.77      1.5449442      19683               2349 
    245000   2006.454       248432.2      -199899.55      14043.055     -185856.49      1.5449442      19683               2349 
    245500   2013.6492      255352.94     -200098.77      14093.414     -186005.35      1.5449442      19683               2349 
    246000   2025.6158      250840.14     -200236.25      14177.168     -186059.08      1.5449442      19683               2349 
    246500   1950.4118      262494.37     -199728.83      13650.819     -186078.01      1.5449442      19683               2349 
    247000   2050.8172      262310.53     -200424.64      14353.55      -186071.09      1.5449442      19683               2349 
    247500   1973.8223      266983.81     -199863.44      13814.667     -186048.77      1.5449442      19683               2349 
    248000   2000.5238      272791.84     -200010.93      14001.55      -186009.38      1.5449442      19683               2349 
    248500   1991.6582      264806.48     -199922.41      13939.5       -185982.91      1.5449442      19683               2349 
    249000   1985.4914      260634.07     -199898.3       13896.339     -186001.96      1.5449442      19683               2349 
    249500   2005.2651      261559.52     -200107.02      14034.734     -186072.28      1.5449442      19683               2349 
    250000   1993.7599      254705.79     -200128.72      13954.21      -186174.52      1.5449442      19683               2349 
    250500   1956.3881      252520.47     -200030.29      13692.647     -186337.64      1.5449442      19683               2349 
    251000   1986.3482      255905.36     -200451.34      13902.336     -186549         1.5449442      19683               2349 
    251500   1945.1442      254291.73     -200281.14      13613.952     -186667.19      1.5449442      19683               2349 
    252000   2003.8314      256674.19     -200694.37      14024.7       -186669.67      1.5449442      19683               2349 
    252500   1977.9489      258364.48     -200390.84      13843.549     -186547.29      1.5449442      19683               2349 
    253000   2007.9396      259020.79     -200277.7       14053.453     -186224.24      1.5449442      19683               2349 
    253500   2025.0812      257134.95     -200125.76      14173.426     -185952.33      1.5449442      19683               2349 
    254000   2067.5572      268074.34     -200319.33      14470.713     -185848.62      1.5449442      19683               2349 
    254500   2009.8274      253949.86     -199944.03      14066.665     -185877.37      1.5449442      19683               2349 
    255000   2015.6606      252223.66     -200074.56      14107.492     -185967.07      1.5449442      19683               2349 
    255500   2013.8534      248569.23     -200182.32      14094.843     -186087.48      1.5449442      19683               2349 
    256000   2036.8385      244184.11     -200384.14      14255.714     -186128.43      1.5449442      19683               2349 
    256500   2008.1173      251422.98     -200246.84      14054.697     -186192.15      1.5449442      19683               2349 
    257000   2003.0037      249072.34     -200264.56      14018.907     -186245.66      1.5449442      19683               2349 
    257500   2008.9181      251033.1      -200326.21      14060.301     -186265.91      1.5449442      19683               2349 
    258000   2027.2513      257277.87     -200415.79      14188.614     -186227.18      1.5449442      19683               2349 
    258500   2024.2172      260742.38     -200350.51      14167.379     -186183.13      1.5449442      19683               2349 
    259000   1969.8476      267276.84     -199942.7       13786.849     -186155.85      1.5449442      19683               2349 
    259500   1975.7321      254693.4      -199965.05      13828.034     -186137.02      1.5449442      19683               2349 
    260000   1969.4793      250766.09     -199926.84      13784.271     -186142.56      1.5449442      19683               2349 
    260500   2004.3727      254765.81     -200255.87      14028.488     -186227.38      1.5449442      19683               2349 
    261000   1990.4319      255752.48     -200557.03      13930.918     -186626.11      1.5449442      19683               2349 
    261500   1963.8199      253642.88     -200663.1       13744.662     -186918.44      1.5449442      19683               2349 
    262000   1917.0789      249780.91     -200401.64      13417.524     -186984.12      1.5449442      19683               2349 
    262500   2006.2743      254461.3      -200876         14041.797     -186834.21      1.5449442      19683               2349 
    263000   1949.1169      264007.94     -200188.47      13641.756     -186546.72      1.5449442      19683               2349 
    263500   2007.6575      252817.2      -200325.18      14051.478     -186273.7       1.5449442      19683               2349 
    264000   2030.1738      256036.4      -200295.97      14209.069     -186086.9       1.5449442      19683               2349 
    264500   2028.0557      255885.7      -200167.21      14194.244     -185972.97      1.5449442      19683               2349 
    265000   2022.5756      258881.47     -200100.79      14155.889     -185944.9       1.5449442      19683               2349 
    265500   2048.9622      259581.42     -200387.48      14340.568     -186046.92      1.5449442      19683               2349 
    266000   1957.1368      260820.99     -199984.4       13697.887     -186286.52      1.5449442      19683               2349 
    266500   1987.4428      257528.87     -200470.13      13909.997     -186560.13      1.5449442      19683               2349 
    267000   1994.8597      250986.01     -200652.13      13961.907     -186690.22      1.5449442      19683               2349 
    267500   1943.9768      255578.08     -200340.36      13605.781     -186734.58      1.5449442      19683               2349 
    268000   1982.8597      245486.28     -200551.3       13877.92      -186673.38      1.5449442      19683               2349 
    268500   2006.5238      250566.19     -200642.2       14043.544     -186598.66      1.5449442      19683               2349 
    269000   2019.2526      245662.05     -200634.28      14132.632     -186501.65      1.5449442      19683               2349 
    269500   1978.0342      255914.32     -200229.75      13844.147     -186385.6       1.5449442      19683               2349 
    270000   2010.0345      242957.7      -200400.28      14068.115     -186332.17      1.5449442      19683               2349 
    270500   2001.8653      245149.9      -200328.57      14010.939     -186317.63      1.5449442      19683               2349 
    271000   2012.423       265033.7      -200391.93      14084.832     -186307.1       1.5449442      19683               2349 
    271500   2058.3406      251349.82     -200700.14      14406.206     -186293.94      1.5449442      19683               2349 
    272000   2031.2352      256968.65     -200532.48      14216.498     -186315.99      1.5449442      19683               2349 
    272500   1962.7908      263342.45     -200077.49      13737.459     -186340.03      1.5449442      19683               2349 
    273000   2008.7978      256377.97     -200450.93      14059.459     -186391.47      1.5449442      19683               2349 
    273500   1994.2323      263497.33     -200418.09      13957.516     -186460.57      1.5449442      19683               2349 
    274000   1990.8018      255871.97     -200461.5       13933.506     -186527.99      1.5449442      19683               2349 
    274500   1980.8982      256390.88     -200461.23      13864.191     -186597.04      1.5449442      19683               2349 
    275000   1967.3742      254320.02     -200411.54      13769.538     -186642         1.5449442      19683               2349 
    275500   1990.8571      253885.05     -200475.53      13933.894     -186541.63      1.5449442      19683               2349 
    276000   2027.0227      253060.35     -200475.21      14187.014     -186288.2       1.5449442      19683               2349 
    276500   2047.4636      263388.4      -200383.44      14330.079     -186053.36      1.5449442      19683               2349 
    277000   2028.5598      252725.65     -200145.02      14197.773     -185947.25      1.5449442      19683               2349 
    277500   2010.0661      263138.47     -199990.92      14068.336     -185922.59      1.5449442      19683               2349 
    278000   2054.6047      261427.51     -200360.54      14380.059     -185980.48      1.5449442      19683               2349 
    278500   2051.9234      249319.02     -200672.89      14361.293     -186311.6       1.5449442      19683               2349 
    279000   2007.2647      252597.49     -200741.05      14048.729     -186692.32      1.5449442      19683               2349 
    279500   1979.6648      253848.38     -200648.66      13855.559     -186793.1       1.5449442      19683               2349 
    280000   1975.2009      248631.95     -200590.55      13824.317     -186766.23      1.5449442      19683               2349 
    280500   2023.39        263752.12     -200815.01      14161.589     -186653.43      1.5449442      19683               2349 
    281000   1994.615       262479.98     -200441.32      13960.195     -186481.13      1.5449442      19683               2349 
    281500   2025.6015      258987.19     -200476.47      14177.067     -186299.4       1.5449442      19683               2349 
    282000   2070.3834      262096.45     -200627.43      14490.493     -186136.93      1.5449442      19683               2349 
    282500   2043.5837      256292.29     -200370.51      14302.924     -186067.59      1.5449442      19683               2349 
    283000   2038.5958      251540.16     -200387.74      14268.014     -186119.73      1.5449442      19683               2349 
    283500   1979.4533      268756.56     -200273.7       13854.079     -186419.62      1.5449442      19683               2349 
    284000   1927.957       255976.65     -200280.93      13493.659     -186787.27      1.5449442      19683               2349 
    284500   1964.9761      265317.13     -200658.77      13752.754     -186906.01      1.5449442      19683               2349 
    285000   1991.4244      260019.59     -200762.34      13937.864     -186824.48      1.5449442      19683               2349 
    285500   1988.2876      262892.61     -200577.9       13915.91      -186661.99      1.5449442      19683               2349 
    286000   1976.7933      266307.26     -200292.82      13835.462     -186457.36      1.5449442      19683               2349 
    286500   2002.4434      261715.26     -200278.9       14014.985     -186263.92      1.5449442      19683               2349 
    287000   2058.7793      255928.14     -200540.86      14409.277     -186131.58      1.5449442      19683               2349 
    287500   1973.7442      258389.93     -199906.95      13814.121     -186092.83      1.5449442      19683               2349 
    288000   2031.7732      252022.63     -200337.14      14220.262     -186116.87      1.5449442      19683               2349 
    288500   1973.5542      265035.3      -200125.11      13812.791     -186312.32      1.5449442      19683               2349 
    289000   1987.5191      255033.38     -200680.41      13910.531     -186769.88      1.5449442      19683               2349 
    289500   1938.4825      260899.03     -200557.02      13567.327     -186989.69      1.5449442      19683               2349 
    290000   1953.0456      258513.47     -200651.1       13669.253     -186981.85      1.5449442      19683               2349 
    290500   1961.4372      261381.46     -200604.14      13727.985     -186876.15      1.5449442      19683               2349 
    291000   2025.9265      241900.54     -200886.18      14179.342     -186706.83      1.5449442      19683               2349 
    291500   1965.2072      266920.56     -200204.41      13754.371     -186450.04      1.5449442      19683               2349 
    292000   2038.0016      261507.13     -200491.84      14263.855     -186227.99      1.5449442      19683               2349 
    292500   2022.9883      248032.12     -200277.01      14158.778     -186118.23      1.5449442      19683               2349 
    293000   2020.0881      260217.91     -200265.43      14138.479     -186126.95      1.5449442      19683               2349 
    293500   2036.101       253174.35     -200431.2       14250.553     -186180.65      1.5449442      19683               2349 
    294000   2072.3145      251051.05     -200794.29      14504.009     -186290.28      1.5449442      19683               2349 
    294500   1979.3603      254514.35     -200302.43      13853.428     -186449         1.5449442      19683               2349 
    295000   2026.1336      256799.2      -200747.93      14180.792     -186567.14      1.5449442      19683               2349 
    295500   1934.6965      252740.64     -200160.23      13540.829     -186619.41      1.5449442      19683               2349 
    296000   1953.1155      255387.1      -200262.64      13669.742     -186592.89      1.5449442      19683               2349 
    296500   1961.6165      263150.52     -200256.04      13729.24      -186526.8       1.5449442      19683               2349 
    297000   1999.3577      257991.47     -200411.87      13993.388     -186418.48      1.5449442      19683               2349 
    297500   1975.9894      256087.78     -200110.19      13829.836     -186280.35      1.5449442      19683               2349 
    298000   2045.8559      248534.58     -200434.36      14318.827     -186115.53      1.5449442      19683               2349 
    298500   1999.4249      251331.61     -199985.52      13993.859     -185991.67      1.5449442      19683               2349 
    299000   2031.6984      265037.8      -200166.76      14219.739     -185947.02      1.5449442      19683               2349 
    299500   2003.9275      264922.19     -200116.54      14025.372     -186091.17      1.5449442      19683               2349 
    300000   2016.9345      258810.75     -200596.05      14116.408     -186479.64      1.5449442      19683               2349 
    300500   2026.0678      243949.69     -200924.97      14180.331     -186744.64      1.5449442      19683               2349 
    301000   1982.4281      264680.26     -200676.39      13874.899     -186801.49      1.5449442      19683               2349 
    301500   1967.4747      250661.2      -200546.33      13770.241     -186776.09      1.5449442      19683               2349 
    302000   2010.9191      262864.02     -200768.23      14074.306     -186693.92      1.5449442      19683               2349 
    302500   1974.3098      252580.89     -200312.05      13818.079     -186493.97      1.5449442      19683               2349 
    303000   2020.9827      267582.94     -200370.21      14144.741     -186225.47      1.5449442      19683               2349 
    303500   2088.3806      259930.33     -200653.69      14616.455     -186037.23      1.5449442      19683               2349 
    304000   2015.5668      260042.82     -200124.39      14106.835     -186017.55      1.5449442      19683               2349 
    304500   2010.9691      255857.08     -200169.35      14074.656     -186094.7       1.5449442      19683               2349 
    305000   1997.8876      265333.21     -200167.65      13983.1       -186184.55      1.5449442      19683               2349 
    305500   1969.8754      263638.66     -200029.95      13787.044     -186242.9       1.5449442      19683               2349 
    306000   2038.0949      251039.73     -200566.16      14264.508     -186301.66      1.5449442      19683               2349 
    306500   2010.5042      258184.84     -200437.08      14071.402     -186365.67      1.5449442      19683               2349 
    307000   2006.2289      250327.1      -200432.36      14041.48      -186390.88      1.5449442      19683               2349 
    307500   1982.7495      262885.5      -200293.41      13877.149     -186416.26      1.5449442      19683               2349 
    308000   1985.9758      264086.47     -200288.56      13899.73      -186388.83      1.5449442      19683               2349 
    308500   1977.8147      265783.52     -200178.33      13842.61      -186335.72      1.5449442      19683               2349 
    309000   2034.9685      252226.85     -200451.56      14242.627     -186208.94      1.5449442      19683               2349 
    309500   2008.3631      274486.43     -199989.93      14056.417     -185933.51      1.5449442      19683               2349 
    310000   2064.7673      264317.77     -200131.65      14451.187     -185680.47      1.5449442      19683               2349 
    310500   2054.9152      260376.83     -200017.66      14382.233     -185635.43      1.5449442      19683               2349 
    311000   2030.2755      261530.32     -199972.74      14209.78      -185762.96      1.5449442      19683               2349 
    311500   2008.4263      263588.51     -200132.23      14056.859     -186075.37      1.5449442      19683               2349 
    312000   1986.6389      254903.71     -200232.36      13904.371     -186327.99      1.5449442      19683               2349 
    312500   2019.0833      253057.13     -200589.95      14131.447     -186458.5       1.5449442      19683               2349 
    313000   2011.7325      254854        -200660.73      14079.999     -186580.74      1.5449442      19683               2349 
    313500   1959.2997      253424.95     -200363.54      13713.025     -186650.51      1.5449442      19683               2349 
    314000   1981.2629      248937.46     -200521.65      13866.744     -186654.9       1.5449442      19683               2349 
    314500   1974.3121      260914.01     -200384.67      13818.096     -186566.57      1.5449442      19683               2349 
    315000   2016.8713      266630.34     -200573.43      14115.965     -186457.47      1.5449442      19683               2349 
    315500   2018.2351      252728.22     -200336.02      14125.51      -186210.51      1.5449442      19683               2349 
    316000   2046.5674      253847.94     -200240.95      14323.807     -185917.15      1.5449442      19683               2349 
    316500   2030.9665      271451.26     -199981.34      14214.617     -185766.73      1.5449442      19683               2349 
    317000   2020.6157      258610.82     -199965.29      14142.172     -185823.11      1.5449442      19683               2349 
    317500   2039.2648      257670.68     -200257.88      14272.696     -185985.19      1.5449442      19683               2349 
    318000   2013.4164      256945.3      -200405.88      14091.785     -186314.09      1.5449442      19683               2349 
    318500   1997.9383      257665.22     -200532.98      13983.454     -186549.52      1.5449442      19683               2349 
    319000   1984.3893      257603.81     -200478.54      13888.626     -186589.92      1.5449442      19683               2349 
    319500   2011.1842      249487.1      -200616.38      14076.162     -186540.22      1.5449442      19683               2349 
    320000   1990.4712      258739.53     -200419.66      13931.192     -186488.46      1.5449442      19683               2349 
    320500   2012.5339      248158.89     -200566.12      14085.608     -186480.51      1.5449442      19683               2349 
    321000   1957.9593      256927.7      -200161.97      13703.643     -186458.33      1.5449442      19683               2349 
    321500   1991.2389      258066.41     -200393.14      13936.565     -186456.57      1.5449442      19683               2349 
    322000   1956.7749      270581.49     -200123.58      13695.354     -186428.23      1.5449442      19683               2349 
    322500   2035.5425      253246.34     -200633.78      14246.644     -186387.13      1.5449442      19683               2349 
    323000   1984.1573      258505.14     -200260.54      13887.002     -186373.54      1.5449442      19683               2349 
    323500   1990.2546      262167.43     -200289.88      13929.677     -186360.2       1.5449442      19683               2349 
    324000   2015.5864      253644.59     -200480.79      14106.972     -186373.82      1.5449442      19683               2349 
    324500   1975.4206      260478.02     -200266.84      13825.854     -186440.98      1.5449442      19683               2349 
    325000   2000.3461      261879.64     -200458.17      14000.306     -186457.86      1.5449442      19683               2349 
    325500   1949.727       262450.69     -200117.92      13646.026     -186471.9       1.5449442      19683               2349 
    326000   2014.1003      250866.81     -200462.74      14096.571     -186366.17      1.5449442      19683               2349 
    326500   1974.5228      251167.86     -200098.31      13819.57      -186278.74      1.5449442      19683               2349 
    327000   1999.2046      259048.19     -200210.67      13992.317     -186218.35      1.5449442      19683               2349 
    327500   2016.3612      261210.33     -200284.34      14112.395     -186171.94      1.5449442      19683               2349 
    328000   2019.1565      251640.91     -200343.1       14131.959     -186211.14      1.5449442      19683               2349 
    328500   1976.6568      252043.35     -200235.35      13834.507     -186400.84      1.5449442      19683               2349 
    329000   2007.1914      260720.47     -200693.36      14048.216     -186645.15      1.5449442      19683               2349 
    329500   1957.4335      265151.67     -200511.48      13699.964     -186811.52      1.5449442      19683               2349 
    330000   1949.0211      250549.94     -200491.85      13641.086     -186850.77      1.5449442      19683               2349 
    330500   1958.5506      269480.67     -200473.74      13707.782     -186765.96      1.5449442      19683               2349 
    331000   1971.4846      257099.68     -200341.37      13798.306     -186543.07      1.5449442      19683               2349 
    331500   2001.7538      257654.99     -200188.21      14010.159     -186178.05      1.5449442      19683               2349 
    332000   2035.6135      252178.92     -200210.86      14247.141     -185963.72      1.5449442      19683               2349 
    332500   2049.6151      249187.67     -200310.61      14345.137     -185965.47      1.5449442      19683               2349 
    333000   2014.1018      255079.57     -200145.13      14096.581     -186048.55      1.5449442      19683               2349 
    333500   2004.7801      259407.32     -200223.52      14031.34      -186192.18      1.5449442      19683               2349 
    334000   1994.8167      259086.22     -200337.98      13961.607     -186376.38      1.5449442      19683               2349 
    334500   2044.3496      255688.88     -200817.56      14308.284     -186509.27      1.5449442      19683               2349 
    335000   2007.289       264326.17     -200658.92      14048.899     -186610.02      1.5449442      19683               2349 
    335500   2019.0236      250569.62     -200795.59      14131.029     -186664.56      1.5449442      19683               2349 
    336000   1972.9754      266499.68     -200525.28      13808.74      -186716.54      1.5449442      19683               2349 
    336500   1980.307       252396.4      -200479.38      13860.054     -186619.32      1.5449442      19683               2349 
    337000   2005.9338      262584.22     -200357.27      14039.414     -186317.86      1.5449442      19683               2349 
    337500   2044.9772      266166.38     -200280.33      14312.677     -185967.65      1.5449442      19683               2349 
    338000   2043.7803      265735.03     -200132.91      14304.3       -185828.61      1.5449442      19683               2349 
    338500   2040.1293      254967.06     -200133.43      14278.747     -185854.68      1.5449442      19683               2349 
    339000   2002.3178      270396.52     -200037.87      14014.106     -186023.76      1.5449442      19683               2349 
    339500   2029.7242      254988.6      -200449.33      14205.922     -186243.41      1.5449442      19683               2349 
    340000   2019.6588      246830.23     -200580.8       14135.475     -186445.32      1.5449442      19683               2349 
    340500   2007.2329      252200.78     -200579.29      14048.506     -186530.79      1.5449442      19683               2349 
    341000   1964.7046      256658.1      -200289.98      13750.854     -186539.13      1.5449442      19683               2349 
    341500   1969.0878      254104.76     -200297.11      13781.531     -186515.58      1.5449442      19683               2349 
    342000   1999.3172      261312.04     -200472.88      13993.105     -186479.78      1.5449442      19683               2349 
    342500   2019.121       258065.71     -200592.16      14131.711     -186460.45      1.5449442      19683               2349 
    343000   1992.5646      256242.19     -200356.34      13945.844     -186410.5       1.5449442      19683               2349 
    343500   2045.3832      270020.67     -200614.66      14315.518     -186299.14      1.5449442      19683               2349 
    344000   2034.8571      263870.05     -200356.95      14241.847     -186115.1       1.5449442      19683               2349 
    344500   2003.3886      267248.78     -199915.08      14021.601     -185893.48      1.5449442      19683               2349 
    345000   2052.2782      262817.63     -200110.47      14363.776     -185746.7       1.5449442      19683               2349 
    345500   2078.5293      259559.13     -200314.42      14547.506     -185766.92      1.5449442      19683               2349 
    346000   2026.6375      260904.48     -200194.1       14184.318     -186009.78      1.5449442      19683               2349 
    346500   2048.5855      257858.22     -200579.7       14337.931     -186241.77      1.5449442      19683               2349 
    347000   1935.3117      253771.1      -199991.17      13545.135     -186446.04      1.5449442      19683               2349 
    347500   1998.1787      256232.65     -200506.57      13985.137     -186521.43      1.5449442      19683               2349 
    348000   1985.2237      257482.36     -200446.85      13894.466     -186552.39      1.5449442      19683               2349 
    348500   1984.8895      257552.18     -200450.77      13892.126     -186558.64      1.5449442      19683               2349 
    349000   1959.1997      253974.15     -200281.06      13712.325     -186568.73      1.5449442      19683               2349 
    349500   1974.3177      253204.7      -200364.32      13818.135     -186546.19      1.5449442      19683               2349 
    350000   1986.8351      252730.4      -200469.69      13905.744     -186563.94      1.5449442      19683               2349 
    350500   1990.3777      265150.39     -200568.55      13930.538     -186638.01      1.5449442      19683               2349 
    351000   1956.131       252144.81     -200455.83      13690.848     -186764.98      1.5449442      19683               2349 
    351500   1970.0639      255925.45     -200608.74      13788.363     -186820.38      1.5449442      19683               2349 
    352000   1971.7353      254321.69     -200599.12      13800.061     -186799.06      1.5449442      19683               2349 
    352500   2034.3451      250118.24     -200963.19      14238.263     -186724.92      1.5449442      19683               2349 
    353000   1999.3706      259445.25     -200653.85      13993.479     -186660.37      1.5449442      19683               2349 
    353500   2026.3436      263820.46     -200716.72      14182.261     -186534.46      1.5449442      19683               2349 
    354000   2031.6027      258746.33     -200631.67      14219.07      -186412.6       1.5449442      19683               2349 
    354500   2026.8757      256763.97     -200431.43      14185.986     -186245.44      1.5449442      19683               2349 
    355000   2031.0201      257719.08     -200377.54      14214.992     -186162.55      1.5449442      19683               2349 
    355500   2037.7102      259609.72     -200469.25      14261.816     -186207.44      1.5449442      19683               2349 
    356000   2021.5644      260444.97     -200608.5       14148.812     -186459.69      1.5449442      19683               2349 
    356500   2001.812       249336.4      -200790.74      14010.566     -186780.17      1.5449442      19683               2349 
    357000   2003.2896      249157.67     -200967.45      14020.908     -186946.55      1.5449442      19683               2349 
    357500   1981.8544      254875.09     -200858.18      13870.884     -186987.3       1.5449442      19683               2349 
    358000   1972.1956      265848.06     -200745.5       13803.282     -186942.21      1.5449442      19683               2349 
    358500   1980.9146      254269.26     -200681.51      13864.306     -186817.2       1.5449442      19683               2349 
    359000   2009.0073      259835.77     -200729.34      14060.926     -186668.42      1.5449442      19683               2349 
    359500   2023.3636      261497        -200646.96      14161.404     -186485.55      1.5449442      19683               2349 
    360000   1996.4851      251361.69     -200252.63      13973.283     -186279.35      1.5449442      19683               2349 
    360500   2003.1916      250151.65     -200008.72      14020.222     -185988.5       1.5449442      19683               2349 
    361000   2082.2422      263950.31     -200360.88      14573.493     -185787.39      1.5449442      19683               2349 
    361500   2023.7464      264521.51     -199964.65      14164.084     -185800.57      1.5449442      19683               2349 
    362000   2077.2714      255692.09     -200655.57      14538.702     -186116.87      1.5449442      19683               2349 
    362500   2004.5348      257636.72     -200555.25      14029.623     -186525.63      1.5449442      19683               2349 
    363000   2023.468       258049.5      -200856.8       14162.135     -186694.66      1.5449442      19683               2349 
    363500   2003.4464      253883.72     -200813.19      14022.005     -186791.18      1.5449442      19683               2349 
    364000   2036.8306      247005.29     -201129.5       14255.659     -186873.84      1.5449442      19683               2349 
    364500   1957.2967      261951.44     -200638.14      13699.006     -186939.14      1.5449442      19683               2349 
    365000   2005.8781      267569.8      -201049.69      14039.024     -187010.66      1.5449442      19683               2349 
    365500   1987.6222      257724.13     -200961.34      13911.253     -187050.09      1.5449442      19683               2349 
    366000   1965.4933      262807.77     -200801.66      13756.373     -187045.28      1.5449442      19683               2349 
    366500   1979.5271      245288.02     -200803.77      13854.596     -186949.18      1.5449442      19683               2349 
    367000   2022.5811      260092.77     -200879.66      14155.927     -186723.73      1.5449442      19683               2349 
    367500   2037.4866      263241.4      -200686.76      14260.251     -186426.51      1.5449442      19683               2349 
    368000   2043.8229      254346.41     -200520.53      14304.598     -186215.93      1.5449442      19683               2349 
    368500   2058.4369      250543.68     -200560.77      14406.881     -186153.89      1.5449442      19683               2349 
    369000   2011.9291      261718.43     -200334.56      14081.375     -186253.19      1.5449442      19683               2349 
    369500   2021.2117      257831.7      -200559.9       14146.343     -186413.55      1.5449442      19683               2349 
    370000   2013.4509      261187.77     -200659.15      14092.026     -186567.13      1.5449442      19683               2349 
    370500   1979.1419      269750.89     -200525.65      13851.899     -186673.75      1.5449442      19683               2349 
    371000   1949.386       263605.99     -200349.56      13643.639     -186705.92      1.5449442      19683               2349 
    371500   2021.2505      259172.46     -200853.43      14146.615     -186706.81      1.5449442      19683               2349 
    372000   1983.8808      255398.31     -200608.14      13885.067     -186723.08      1.5449442      19683               2349 
    372500   1980.9623      257805.43     -200605.05      13864.64      -186740.41      1.5449442      19683               2349 
    373000   2014.5162      261655.22     -200848.87      14099.482     -186749.39      1.5449442      19683               2349 
    373500   1990.053       263751.77     -200694.24      13928.266     -186765.98      1.5449442      19683               2349 
    374000   2023.1295      265861.54     -200960.63      14159.766     -186800.86      1.5449442      19683               2349 
    374500   2002.322       262915.15     -200869.7       14014.135     -186855.56      1.5449442      19683               2349 
    375000   1992.6306      252691.85     -200917.45      13946.306     -186971.15      1.5449442      19683               2349 
    375500   1993.0926      267613.14     -201048.45      13949.54      -187098.91      1.5449442      19683               2349 
    376000   1982.476       264944.57     -201045.61      13875.234     -187170.37      1.5449442      19683               2349 
    376500   1972.6824      264554.71     -200962.92      13806.69      -187156.23      1.5449442      19683               2349 
    377000   2009.8007      257922.4      -201106.68      14066.479     -187040.2       1.5449442      19683               2349 
    377500   1997.1573      261818.92     -200798.49      13977.988     -186820.5       1.5449442      19683               2349 
    378000   1984.2701      257929.07     -200477.2       13887.791     -186589.41      1.5449442      19683               2349 
    378500   2025.9252      261590.89     -200588.13      14179.333     -186408.79      1.5449442      19683               2349 
    379000   1999.7808      253790.73     -200307.36      13996.35      -186311.01      1.5449442      19683               2349 
    379500   2041.349       266651.61     -200608.49      14287.283     -186321.21      1.5449442      19683               2349 
    380000   2007.0675      259008.93     -200675.79      14047.349     -186628.44      1.5449442      19683               2349 
    380500   1950.5765      257055.5      -200707.18      13651.972     -187055.21      1.5449442      19683               2349 
    381000   1998.9394      244413.53     -201200.55      13990.461     -187210.09      1.5449442      19683               2349 
    381500   1940.0551      262027.76     -200820.74      13578.333     -187242.4       1.5449442      19683               2349 
    382000   1994.9673      258940.55     -201104.96      13962.661     -187142.3       1.5449442      19683               2349 
    382500   1973.464       251039.35     -200805.54      13812.16      -186993.38      1.5449442      19683               2349 
    383000   2034.1608      259980.03     -201014.28      14236.973     -186777.31      1.5449442      19683               2349 
    383500   2071.527       257368.87     -201091.72      14498.497     -186593.23      1.5449442      19683               2349 
    384000   2026.6332      258884.06     -200714.41      14184.289     -186530.12      1.5449442      19683               2349 
    384500   2046.0561      264555.29     -200852.7       14320.228     -186532.47      1.5449442      19683               2349 
    385000   2028.9143      254544.39     -200822.66      14200.253     -186622.4       1.5449442      19683               2349 
    385500   1988.5228      268341.84     -200865.81      13917.556     -186948.25      1.5449442      19683               2349 
    386000   1966.2604      253874.54     -201053.78      13761.743     -187292.04      1.5449442      19683               2349 
    386500   2007.7614      251566.63     -201456.26      14052.205     -187404.05      1.5449442      19683               2349 
    387000   1993.0477      256641.15     -201326.38      13949.225     -187377.16      1.5449442      19683               2349 
    387500   1981.2495      259014.53     -201132.62      13866.651     -187265.97      1.5449442      19683               2349 
    388000   2011.5676      260954.86     -201197.66      14078.845     -187118.82      1.5449442      19683               2349 
    388500   1977.5844      260446.28     -200742.43      13840.999     -186901.43      1.5449442      19683               2349 
    389000   1985.8936      255732.85     -200566.27      13899.154     -186667.11      1.5449442      19683               2349 
    389500   2023.3568      264160.21     -200632.93      14161.357     -186471.57      1.5449442      19683               2349 
    390000   2052.1232      261139.15     -200760.51      14362.691     -186397.82      1.5449442      19683               2349 
    390500   2034.8775      252596.46     -200638.5       14241.99      -186396.51      1.5449442      19683               2349 
    391000   2023.5396      274561.28     -200613.76      14162.636     -186451.13      1.5449442      19683               2349 
    391500   1983.5982      262675.12     -200466.38      13883.088     -186583.29      1.5449442      19683               2349 
    392000   1954.7589      264233.09     -200380.08      13681.244     -186698.84      1.5449442      19683               2349 
    392500   1992.6421      262096.03     -200701.64      13946.387     -186755.26      1.5449442      19683               2349 
    393000   2012.8591      255479.93     -200927.78      14087.884     -186839.89      1.5449442      19683               2349 
    393500   1996.2544      252472.58     -200902.88      13971.669     -186931.21      1.5449442      19683               2349 
    394000   2018.9623      253053.32     -201248.22      14130.6       -187117.62      1.5449442      19683               2349 
    394500   1989.8644      246390.98     -201380.54      13926.945     -187453.6       1.5449442      19683               2349 
    395000   1932.5954      249423.46     -201183.62      13526.123     -187657.49      1.5449442      19683               2349 
    395500   1969.7467      250656.77     -201460.63      13786.143     -187674.49      1.5449442      19683               2349 
    396000   1943.5271      256586.09     -201126.06      13602.633     -187523.42      1.5449442      19683               2349 
    396500   1971.5517      247993.17     -201007.58      13798.776     -187208.8       1.5449442      19683               2349 
    397000   2022.1604      263120.89     -201141.12      14152.984     -186988.14      1.5449442      19683               2349 
    397500   2005.9264      263733.93     -200907.74      14039.363     -186868.38      1.5449442      19683               2349 
    398000   1998.1395      263807.49     -200783.26      13984.862     -186798.4       1.5449442      19683               2349 
    398500   2042.7977      258814.5      -201003.48      14297.422     -186706.06      1.5449442      19683               2349 
    399000   2028.0952      253423.47     -200846.03      14194.521     -186651.51      1.5449442      19683               2349 
    399500   1984.6304      258527.43     -200547.25      13890.313     -186656.94      1.5449442      19683               2349 
    400000   2013.1767      255635.38     -200792.16      14090.107     -186702.05      1.5449442      19683               2349 
    400500   1996.2905      261619.78     -200800.41      13971.922     -186828.48      1.5449442      19683               2349 
    401000   1988.228       266802.28     -201008.4       13915.492     -187092.91      1.5449442      19683               2349 
    401500   1959.0798      251274        -200989.73      13711.486     -187278.24      1.5449442      19683               2349 
    402000   1949.1795      254995.38     -201005.35      13642.194     -187363.15      1.5449442      19683               2349 
    402500   1951.7512      257679.96     -200968.91      13660.194     -187308.72      1.5449442      19683               2349 
    403000   1952.932       254488.7      -200794.28      13668.458     -187125.82      1.5449442      19683               2349 
    403500   2004.8893      261093.68     -200826.39      14032.104     -186794.28      1.5449442      19683               2349 
    404000   2020.3549      257666.72     -200681.78      14140.347     -186541.43      1.5449442      19683               2349 
    404500   2034.7832      272938.35     -200680.87      14241.329     -186439.55      1.5449442      19683               2349 
    405000   2091.5636      264804.49     -201086.73      14638.732     -186447.99      1.5449442      19683               2349 
    405500   1989.6102      245378.69     -200439.51      13925.166     -186514.34      1.5449442      19683               2349 
    406000   1996.8881      260676.39     -200581.54      13976.104     -186605.43      1.5449442      19683               2349 
    406500   2006.5103      262619.33     -200755.85      14043.449     -186712.4       1.5449442      19683               2349 
    407000   2026.0746      265092.63     -201014.65      14180.378     -186834.27      1.5449442      19683               2349 
    407500   1943.5079      253078.97     -200627.89      13602.499     -187025.39      1.5449442      19683               2349 
    408000   1986.7141      258234.65     -201157.46      13904.897     -187252.57      1.5449442      19683               2349 
    408500   1971.0506      258526.76     -201209.38      13795.269     -187414.11      1.5449442      19683               2349 
    409000   1990.8175      259425.13     -201340.42      13933.616     -187406.8       1.5449442      19683               2349 
    409500   1939.9478      265402.21     -200869.77      13577.582     -187292.19      1.5449442      19683               2349 
    410000   1975.9718      260270.11     -201008.86      13829.712     -187179.15      1.5449442      19683               2349 
    410500   1912.6389      258263.67     -200457.72      13386.449     -187071.27      1.5449442      19683               2349 
    411000   2007.3186      268403.88     -200905.55      14049.106     -186856.44      1.5449442      19683               2349 
    411500   2007.3685      254887.72     -200703.35      14049.456     -186653.9       1.5449442      19683               2349 
    412000   1991.1673      263260.79     -200458.85      13936.065     -186522.79      1.5449442      19683               2349 
    412500   2014.7228      263564.3      -200568.33      14100.928     -186467.4       1.5449442      19683               2349 
    413000   1988.8522      255944.26     -200459.93      13919.861     -186540.06      1.5449442      19683               2349 
    413500   1986.8662      270870.14     -200621.35      13905.961     -186715.39      1.5449442      19683               2349 
    414000   1991.6569      260645.67     -200983.84      13939.491     -187044.35      1.5449442      19683               2349 
    414500   1950.6225      251811.34     -200907.82      13652.294     -187255.52      1.5449442      19683               2349 
    415000   1970.9143      267533.56     -201091.07      13794.315     -187296.75      1.5449442      19683               2349 
    415500   1962.8089      258984.12     -200993.41      13737.586     -187255.83      1.5449442      19683               2349 
    416000   2018.6998      257433.49     -201316.63      14128.763     -187187.87      1.5449442      19683               2349 
    416500   1992.7411      264649.15     -201018.19      13947.08      -187071.11      1.5449442      19683               2349 
    417000   1977.8768      271379.52     -200810.42      13843.045     -186967.37      1.5449442      19683               2349 
    417500   2038.187       256452.28     -201067.39      14265.152     -186802.24      1.5449442      19683               2349 
    418000   2050.2558      260345.79     -200949.01      14349.622     -186599.38      1.5449442      19683               2349 
    418500   2054.5604      258892.2      -200665.08      14379.749     -186285.34      1.5449442      19683               2349 
    419000   2076.6076      263096.76     -200484.77      14534.056     -185950.72      1.5449442      19683               2349 
    419500   2056.9156      262619.93     -200228.57      14396.233     -185832.34      1.5449442      19683               2349 
    420000   2040.595       277141.96     -200317.86      14282.006     -186035.86      1.5449442      19683               2349 
    420500   1957.4501      266691.19     -200033.68      13700.08      -186333.6       1.5449442      19683               2349 
    421000   2021.0727      264730.67     -200614.23      14145.371     -186468.86      1.5449442      19683               2349 
    421500   2013.164       264883.81     -200673.01      14090.018     -186582.99      1.5449442      19683               2349 
    422000   1968.32        269673.98     -200484.71      13776.157     -186708.55      1.5449442      19683               2349 
    422500   2021.7866      256968.84     -200991.53      14150.367     -186841.17      1.5449442      19683               2349 
    423000   2040.3136      258490.46     -201305.95      14280.036     -187025.92      1.5449442      19683               2349 
    423500   1970.8798      271473.9      -201035.03      13794.074     -187240.96      1.5449442      19683               2349 
    424000   1992.6255      260189.51     -201282.45      13946.27      -187336.18      1.5449442      19683               2349 
    424500   1968.2997      263923.92     -201097.91      13776.016     -187321.89      1.5449442      19683               2349 
    425000   1972.0197      251467.85     -201038.01      13802.051     -187235.96      1.5449442      19683               2349 
    425500   1968.2612      274101.71     -200773.3       13775.746     -186997.56      1.5449442      19683               2349 
    426000   2018.2935      263035.54     -200701.73      14125.919     -186575.82      1.5449442      19683               2349 
    426500   2036.4328      268400.53     -200612.17      14252.875     -186359.29      1.5449442      19683               2349 
    427000   2027.4661      257506.91     -200539.77      14190.117     -186349.65      1.5449442      19683               2349 
    427500   2023.3897      261289.47     -200636.01      14161.587     -186474.42      1.5449442      19683               2349 
    428000   2018.792       266433.2      -200777.51      14129.408     -186648.1       1.5449442      19683               2349 
    428500   1984.9597      254338.93     -200721.73      13892.617     -186829.11      1.5449442      19683               2349 
    429000   1988.2229      262981.43     -200844.31      13915.456     -186928.86      1.5449442      19683               2349 
    429500   1907.7969      263807.69     -200292.44      13352.56      -186939.88      1.5449442      19683               2349 
    430000   1997.8606      266571.34     -200762.43      13982.91      -186779.52      1.5449442      19683               2349 
    430500   2017.8938      262898.37     -200636.08      14123.122     -186512.96      1.5449442      19683               2349 
    431000   2041.6361      263325.18     -200577.05      14289.293     -186287.76      1.5449442      19683               2349 
    431500   2043.7525      266535.27     -200538.91      14304.105     -186234.8       1.5449442      19683               2349 
    432000   2033.0107      265578.71     -200652.21      14228.924     -186423.28      1.5449442      19683               2349 
    432500   1973.3065      261736.68     -200750.63      13811.058     -186939.57      1.5449442      19683               2349 
    433000   1946.0825      262340.88     -200779.35      13620.519     -187158.83      1.5449442      19683               2349 
    433500   1927.4178      266808.28     -200681.03      13489.885     -187191.15      1.5449442      19683               2349 
    434000   2002.4595      252597.42     -201133.04      14015.098     -187117.94      1.5449442      19683               2349 
    434500   1965.2855      263340.48     -200717.53      13754.919     -186962.62      1.5449442      19683               2349 
    435000   2016.8305      259061.16     -200890.15      14115.68      -186774.47      1.5449442      19683               2349 
    435500   1995.1265      270645.99     -200558         13963.775     -186594.23      1.5449442      19683               2349 
    436000   2039.743       257011.86     -200709.05      14276.043     -186433.01      1.5449442      19683               2349 
    436500   2040.2913      259364.18     -200660.24      14279.881     -186380.36      1.5449442      19683               2349 
    437000   2031.6729      274271.79     -200696.84      14219.561     -186477.28      1.5449442      19683               2349 
    437500   2010.0334      259943.34     -200823.19      14068.107     -186755.08      1.5449442      19683               2349 
    438000   1967.5264      259181.36     -200867.78      13770.603     -187097.17      1.5449442      19683               2349 
    438500   1957.0586      260919.15     -200925.92      13697.339     -187228.58      1.5449442      19683               2349 
    439000   1975.7995      251215.43     -201034.9       13828.506     -187206.4       1.5449442      19683               2349 
    439500   1962.7007      256143.86     -200841.48      13736.828     -187104.65      1.5449442      19683               2349 
    440000   1931.0956      252603.12     -200529.67      13515.626     -187014.04      1.5449442      19683               2349 
    440500   2055.1064      259953.19     -201245.29      14383.57      -186861.72      1.5449442      19683               2349 
    441000   1997.205       257808.5      -200689.29      13978.322     -186710.96      1.5449442      19683               2349 
    441500   2049.1487      263141.97     -200927.37      14341.873     -186585.49      1.5449442      19683               2349 
    442000   2004.3564      257953.13     -200488.44      14028.374     -186460.06      1.5449442      19683               2349 
    442500   1996.0348      255889.25     -200213.78      13970.132     -186243.65      1.5449442      19683               2349 
    443000   2061.0722      264205.44     -200384.01      14425.325     -185958.69      1.5449442      19683               2349 
    443500   2059.1642      264845.02     -200280.02      14411.971     -185868.05      1.5449442      19683               2349 
    444000   2064.5581      261845.33     -200544.2       14449.722     -186094.48      1.5449442      19683               2349 
    444500   2053.5672      269292.53     -200814.87      14372.798     -186442.07      1.5449442      19683               2349 
    445000   2019.7513      264162.75     -200738.81      14136.122     -186602.69      1.5449442      19683               2349 
    445500   2022.5241      250692.94     -200888.99      14155.529     -186733.46      1.5449442      19683               2349 
    446000   2018.148       257478.44     -201013.29      14124.901     -186888.39      1.5449442      19683               2349 
    446500   1997.7561      254418.53     -201034.35      13982.179     -187052.17      1.5449442      19683               2349 
    447000   1978.9629      257787.73     -201034.8       13850.646     -187184.15      1.5449442      19683               2349 
    447500   1966.0757      260182.52     -200985.91      13760.45      -187225.46      1.5449442      19683               2349 
    448000   1996.8425      261803.74     -201186.63      13975.785     -187210.85      1.5449442      19683               2349 
    448500   2054.2298      246364.09     -201488.75      14377.435     -187111.32      1.5449442      19683               2349 
    449000   2011.02        258432.09     -200992.15      14075.012     -186917.14      1.5449442      19683               2349 
    449500   1986.5913      255867.53     -200485.09      13904.038     -186581.05      1.5449442      19683               2349 
    450000   2035.7012      273218.48     -200593.26      14247.755     -186345.5       1.5449442      19683               2349 
    450500   2034.8585      260206.8      -200556.58      14241.856     -186314.72      1.5449442      19683               2349 
    451000   2039.7006      264994.31     -200718.43      14275.746     -186442.68      1.5449442      19683               2349 
    451500   2002.5772      266007.15     -200654.81      14015.922     -186638.89      1.5449442      19683               2349 
    452000   2018.7294      266733.12     -200931.11      14128.97      -186802.14      1.5449442      19683               2349 
    452500   1979.0917      254421.34     -200709.71      13851.548     -186858.16      1.5449442      19683               2349 
    453000   2011.7154      256306.21     -200945.36      14079.88      -186865.48      1.5449442      19683               2349 
    453500   2033.5939      264090.49     -201115.12      14233.006     -186882.12      1.5449442      19683               2349 
    454000   2031.5704      254724.29     -201154.71      14218.844     -186935.87      1.5449442      19683               2349 
    454500   1994.3138      257921.23     -200937.11      13958.087     -186979.02      1.5449442      19683               2349 
    455000   2021.4071      254716.6      -201170.57      14147.711     -187022.86      1.5449442      19683               2349 
    455500   1966.909       255398.6      -200816.51      13766.282     -187050.23      1.5449442      19683               2349 
    456000   1968.2685      253218.61     -200903.96      13775.797     -187128.16      1.5449442      19683               2349 
    456500   2002.7044      249978.89     -201322.33      14016.812     -187305.52      1.5449442      19683               2349 
    457000   1965.5562      260377.65     -201223.53      13756.814     -187466.71      1.5449442      19683               2349 
    457500   1969.8144      248421.42     -201309.1       13786.616     -187522.48      1.5449442      19683               2349 
    458000   1985.5377      258533.41     -201352.67      13896.663     -187456.01      1.5449442      19683               2349 
    458500   1959.5788      257593.91     -200944.18      13714.979     -187229.2       1.5449442      19683               2349 
    459000   2011.3513      265400.14     -201048.46      14077.331     -186971.13      1.5449442      19683               2349 
    459500   2046.0339      256821.65     -201089.07      14320.073     -186768.99      1.5449442      19683               2349 
    460000   2004.1329      264529.96     -200746.89      14026.81      -186720.08      1.5449442      19683               2349 
    460500   2013.1581      264615.74     -200805.73      14089.977     -186715.76      1.5449442      19683               2349 
    461000   2034.515       270311        -201023.16      14239.453     -186783.71      1.5449442      19683               2349 
    461500   2002.361       257885.77     -201000.47      14014.408     -186986.06      1.5449442      19683               2349 
    462000   1969.4172      263636.23     -200961.44      13783.837     -187177.61      1.5449442      19683               2349 
    462500   2006.7503      249518.59     -201318.58      14045.129     -187273.45      1.5449442      19683               2349 
    463000   2008.4119      248390.39     -201341.92      14056.758     -187285.16      1.5449442      19683               2349 
    463500   1997.8006      250279.68     -201228.48      13982.491     -187245.99      1.5449442      19683               2349 
    464000   1982.0341      254316.13     -201053.89      13872.141     -187181.75      1.5449442      19683               2349 
    464500   1966.0534      271250.98     -200825.93      13760.294     -187065.63      1.5449442      19683               2349 
    465000   2026.6198      260742.63     -201134.55      14184.194     -186950.36      1.5449442      19683               2349 
    465500   2010.2913      267806.83     -200947.36      14069.912     -186877.44      1.5449442      19683               2349 
    466000   2029.1414      256375.73     -201065.18      14201.843     -186863.33      1.5449442      19683               2349 
    466500   2075.409       254099.34     -201448.33      14525.667     -186922.66      1.5449442      19683               2349 
    467000   1988.5616      265516.94     -201116.14      13917.827     -187198.31      1.5449442      19683               2349 
    467500   1972.2259      250567.41     -201287.42      13803.495     -187483.93      1.5449442      19683               2349 
    468000   1942.9909      257329.2      -201190.14      13598.881     -187591.26      1.5449442      19683               2349 
    468500   1969.9135      246707.78     -201371.36      13787.31      -187584.05      1.5449442      19683               2349 
    469000   1986.2595      254628.73     -201373.47      13901.715     -187471.76      1.5449442      19683               2349 
    469500   2032.4765      268590.53     -201494.07      14225.185     -187268.88      1.5449442      19683               2349 
    470000   2022.6567      264159.47     -201259.78      14156.457     -187103.33      1.5449442      19683               2349 
    470500   2017.4261      262782.85     -201032.82      14119.848     -186912.97      1.5449442      19683               2349 
    471000   2003.4059      270778.13     -200736.34      14021.721     -186714.62      1.5449442      19683               2349 
    471500   2003.7328      263961.17     -200398.45      14024.01      -186374.44      1.5449442      19683               2349 
    472000   2059.7559      272791.54     -200415.36      14416.112     -185999.25      1.5449442      19683               2349 
    472500   2072.6633      274352.98     -200433.71      14506.45      -185927.26      1.5449442      19683               2349 
    473000   2033.1763      270517.69     -200327.36      14230.083     -186097.28      1.5449442      19683               2349 
    473500   2044.2663      264855.22     -200638.88      14307.701     -186331.18      1.5449442      19683               2349 
    474000   2022.0972      264067.14     -200648.13      14152.541     -186495.59      1.5449442      19683               2349 
    474500   2065.5799      245928.82     -201116.55      14456.874     -186659.67      1.5449442      19683               2349 
    475000   2039.1312      253047.42     -201122.35      14271.761     -186850.59      1.5449442      19683               2349 
    475500   2017.5169      257482.76     -201154.09      14120.484     -187033.6       1.5449442      19683               2349 
    476000   1981.509       257559.65     -201059.41      13868.467     -187190.94      1.5449442      19683               2349 
    476500   1978.8295      256362        -201135.07      13849.713     -187285.35      1.5449442      19683               2349 
    477000   1942.4357      260193.86     -200875.32      13594.995     -187280.32      1.5449442      19683               2349 
    477500   1961.2722      259938.38     -200962.46      13726.83      -187235.63      1.5449442      19683               2349 
    478000   1997.2084      244523.16     -201054.78      13978.345     -187076.43      1.5449442      19683               2349 
    478500   2010.8547      265046.55     -200884.36      14073.855     -186810.5       1.5449442      19683               2349 
    479000   2045.8428      267007.14     -200858.54      14318.735     -186539.8       1.5449442      19683               2349 
    479500   2025.4209      274586.67     -200646.89      14175.803     -186471.08      1.5449442      19683               2349 
    480000   2068.7392      259749.4      -201085.88      14478.986     -186606.9       1.5449442      19683               2349 
    480500   2021.6062      270527.49     -201098.45      14149.104     -186949.35      1.5449442      19683               2349 
    481000   1977.901       266860.92     -201024.42      13843.215     -187181.21      1.5449442      19683               2349 
    481500   1951.3201      259474.78     -200878.33      13657.177     -187221.16      1.5449442      19683               2349 
    482000   1987.4337      264109.42     -201107.27      13909.933     -187197.34      1.5449442      19683               2349 
    482500   1960.0438      269999.11     -200860.87      13718.233     -187142.64      1.5449442      19683               2349 
    483000   2003.3888      253539.25     -201053.81      14021.602     -187032.2       1.5449442      19683               2349 
    483500   1984.927       263823.79     -200783.9       13892.389     -186891.51      1.5449442      19683               2349 
    484000   1999.4606      262013.59     -200763.88      13994.109     -186769.77      1.5449442      19683               2349 
    484500   2051.8749      251435.05     -201038.27      14360.954     -186677.32      1.5449442      19683               2349 
    485000   2055.319       256839.91     -201045.56      14385.058     -186660.51      1.5449442      19683               2349 
    485500   2018.8132      248132.57     -200974.55      14129.557     -186845         1.5449442      19683               2349 
    486000   1995.7008      261661.56     -201130.02      13967.794     -187162.23      1.5449442      19683               2349 
    486500   1937.2012      264532.7      -200911.72      13558.359     -187353.36      1.5449442      19683               2349 
    487000   2012.2635      261949.7      -201512.19      14083.716     -187428.47      1.5449442      19683               2349 
    487500   2005.2117      253949.33     -201482.66      14034.36      -187448.3       1.5449442      19683               2349 
    488000   1973.8592      259441.65     -201240.58      13814.926     -187425.65      1.5449442      19683               2349 
    488500   1982.6537      256159.99     -201188.27      13876.478     -187311.79      1.5449442      19683               2349 
    489000   2028.4785      262460.81     -201302.28      14197.203     -187105.07      1.5449442      19683               2349 
    489500   1961.2764      261589.31     -200457.66      13726.859     -186730.8       1.5449442      19683               2349 
    490000   2038.9226      256168.69     -200728.64      14270.301     -186458.34      1.5449442      19683               2349 
    490500   2068.4473      264161.21     -200901.31      14476.943     -186424.37      1.5449442      19683               2349 
    491000   2028.5566      259698.09     -200768.81      14197.75      -186571.06      1.5449442      19683               2349 
    491500   2007.3302      267132.15     -200840.86      14049.188     -186791.68      1.5449442      19683               2349 
    492000   2028.0892      265871.29     -201175.4       14194.479     -186980.92      1.5449442      19683               2349 
    492500   1996.8809      264007.86     -201101.29      13976.053     -187125.24      1.5449442      19683               2349 
    493000   2062.4657      258618.56     -201646.17      14435.078     -187211.1       1.5449442      19683               2349 
    493500   1965.9602      260997.09     -201053.41      13759.642     -187293.77      1.5449442      19683               2349 
    494000   2020.9262      252335.65     -201478.53      14144.345     -187334.19      1.5449442      19683               2349 
    494500   1964.3655      262182.6      -201045.23      13748.48      -187296.75      1.5449442      19683               2349 
    495000   1995.9627      257777.84     -201096.98      13969.627     -187127.36      1.5449442      19683               2349 
    495500   2017.5911      258021.73     -200934.69      14121.003     -186813.69      1.5449442      19683               2349 
    496000   2016.8393      262917.17     -200624.69      14115.741     -186508.94      1.5449442      19683               2349 
    496500   2018.6804      271289.1      -200556.17      14128.627     -186427.55      1.5449442      19683               2349 
    497000   2023.5757      269122.58     -200618.38      14162.889     -186455.49      1.5449442      19683               2349 
    497500   2013.6262      259487.84     -200678.04      14093.253     -186584.79      1.5449442      19683               2349 
    498000   2025.4219      255838.21     -200940.97      14175.81      -186765.16      1.5449442      19683               2349 
    498500   2032.4868      257380.28     -201114.02      14225.257     -186888.76      1.5449442      19683               2349 
    499000   1932.0809      269455.1      -200501.49      13522.522     -186978.97      1.5449442      19683               2349 
    499500   1968.1973      263740.66     -200803.99      13775.299     -187028.69      1.5449442      19683               2349 
    500000   1962.2596      261217.14     -200792.89      13733.741     -187059.15      1.5449442      19683               2349 
    500500   1977.1148      262335.54     -200904.53      13837.712     -187066.82      1.5449442      19683               2349 
    501000   1980.6721      267044.71     -200922.3       13862.609     -187059.69      1.5449442      19683               2349 
    501500   1982.9525      264524.91     -200898.03      13878.569     -187019.46      1.5449442      19683               2349 
    502000   2054.7512      243744        -201344.25      14381.085     -186963.17      1.5449442      19683               2349 
    502500   2023.3541      262372.94     -201071.77      14161.338     -186910.43      1.5449442      19683               2349 
    503000   2023.3415      258678.14     -201023.4       14161.25      -186862.15      1.5449442      19683               2349 
    503500   2020.1147      261057.87     -200998.69      14138.666     -186860.03      1.5449442      19683               2349 
    504000   1958.1083      256417.76     -200643.68      13704.686     -186938.99      1.5449442      19683               2349 
    504500   1991.4633      263794.12     -200974.34      13938.136     -187036.21      1.5449442      19683               2349 
    505000   2016.3154      256303.62     -201306.93      14112.074     -187194.85      1.5449442      19683               2349 
    505500   1986.9141      249085.21     -201325.67      13906.296     -187419.37      1.5449442      19683               2349 
    506000   1976.3145      245339.07     -201449.98      13832.11      -187617.87      1.5449442      19683               2349 
    506500   1959.9184      257123.86     -201410.14      13717.355     -187692.78      1.5449442      19683               2349 
    507000   1968.5389      236428.35     -201415.01      13777.69      -187637.32      1.5449442      19683               2349 
    507500   1962.0284      257614.02     -201207.79      13732.123     -187475.67      1.5449442      19683               2349 
    508000   1999.4585      267325.44     -201245.42      13994.094     -187251.33      1.5449442      19683               2349 
    508500   2002.6923      256020.01     -201148.64      14016.727     -187131.91      1.5449442      19683               2349 
    509000   2011.6943      264932.21     -201153.04      14079.732     -187073.3       1.5449442      19683               2349 
    509500   2002.2181      269014.3      -201076.19      14013.408     -187062.78      1.5449442      19683               2349 
    510000   1969.8173      262614.01     -200874.44      13786.637     -187087.81      1.5449442      19683               2349 
    510500   2019.3412      256543.55     -201217.42      14133.252     -187084.17      1.5449442      19683               2349 
    511000   2010.195       262712.16     -201190.74      14069.238     -187121.5       1.5449442      19683               2349 
    511500   2034.7345      259062.48     -201463.63      14240.989     -187222.64      1.5449442      19683               2349 
    512000   1957.042       257034.28     -201123.62      13697.223     -187426.4       1.5449442      19683               2349 
    512500   1957.0111      260551.5      -201330.06      13697.007     -187633.06      1.5449442      19683               2349 
    513000   1980.5864      257122.24     -201622.81      13862.009     -187760.8       1.5449442      19683               2349 
    513500   1921.9986      253290.52     -201244.3       13451.957     -187792.34      1.5449442      19683               2349 
    514000   1971.923       263458.3      -201408.4       13801.375     -187607.02      1.5449442      19683               2349 
    514500   2018.5352      263518.41     -201336.08      14127.611     -187208.47      1.5449442      19683               2349 
    515000   2024.386       270378.24     -201118.09      14168.56      -186949.53      1.5449442      19683               2349 
    515500   1983.899       266817.54     -200754.94      13885.194     -186869.74      1.5449442      19683               2349 
    516000   2014.8046      259208.18     -200918.55      14101.501     -186817.05      1.5449442      19683               2349 
    516500   2032.31        268854.3      -201037.31      14224.02      -186813.29      1.5449442      19683               2349 
    517000   2001.4179      254693.38     -200856.69      14007.808     -186848.88      1.5449442      19683               2349 
    517500   1998.2261      258065.65     -201023.45      13985.468     -187037.98      1.5449442      19683               2349 
    518000   1973.3129      256585.16     -201126.68      13811.102     -187315.57      1.5449442      19683               2349 
    518500   1987.5723      257080.39     -201436.32      13910.903     -187525.42      1.5449442      19683               2349 
    519000   1979.0297      266473.2      -201420.58      13851.114     -187569.46      1.5449442      19683               2349 
    519500   1988.6828      267620.04     -201383.27      13918.676     -187464.6       1.5449442      19683               2349 
    520000   1979.3917      256730.05     -201183.11      13853.648     -187329.47      1.5449442      19683               2349 
    520500   1954.0655      253723.43     -200925.84      13676.391     -187249.45      1.5449442      19683               2349 
    521000   1994.7994      241872.36     -201135.63      13961.485     -187174.15      1.5449442      19683               2349 
    521500   2016.3372      253343.51     -201241.48      14112.227     -187129.25      1.5449442      19683               2349 
    522000   2005.6444      269979.28     -201161.81      14037.389     -187124.42      1.5449442      19683               2349 
    522500   1988.9714      249397.55     -201033.46      13920.696     -187112.76      1.5449442      19683               2349 
    523000   1983.3705      264651.48     -200944.56      13881.495     -187063.07      1.5449442      19683               2349 
    523500   2028.6684      256704.52     -201149.85      14198.533     -186951.32      1.5449442      19683               2349 
    524000   1969.3536      254198.4      -200490.71      13783.392     -186707.32      1.5449442      19683               2349 
    524500   2065.823       263762.3      -200811.3       14458.575     -186352.73      1.5449442      19683               2349 
    525000   2078.937       268357.66     -200760.03      14550.359     -186209.67      1.5449442      19683               2349 
    525500   2062.1312      256109.33     -200749.23      14432.737     -186316.49      1.5449442      19683               2349 
    526000   2030.1573      265430.41     -200803.19      14208.953     -186594.24      1.5449442      19683               2349 
    526500   2034.3832      263507.04     -201043.44      14238.53      -186804.91      1.5449442      19683               2349 
    527000   1979.4769      253542.93     -200773.25      13854.244     -186919.01      1.5449442      19683               2349 
    527500   1999.0599      254419.91     -200973.06      13991.304     -186981.75      1.5449442      19683               2349 
    528000   2037.6038      245867.27     -201304.96      14261.071     -187043.89      1.5449442      19683               2349 
    528500   2019.9867      249084.59     -201279.66      14137.77      -187141.89      1.5449442      19683               2349 
    529000   1948.2674      251427.36     -200871.16      13635.81      -187235.35      1.5449442      19683               2349 
    529500   1905.8062      252009.83     -200640.43      13338.627     -187301.8       1.5449442      19683               2349 
    530000   2008.5545      255677.97     -201375.56      14057.757     -187317.8       1.5449442      19683               2349 
    530053   1936.7589      254472.82     -200873.68      13555.263     -187318.42      1.5449442      19683               2349 
Loop time of 23014.7 on 48 procs for 400000 steps with 2349 atoms

Performance: 0.150 ns/day, 159.824 hours/ns, 17.380 timesteps/s, 40.826 katom-step/s
99.4% CPU use with 12 MPI tasks x 4 OpenMP threads

MPI task timing breakdown:
Section |  min time  |  avg time  |  max time  |%varavg| %total
---------------------------------------------------------------
Pair    | 19178      | 19360      | 19554      |  88.7 | 84.12
Neigh   | 153.04     | 154.06     | 155.3      |   5.1 |  0.67
Comm    | 310.14     | 502.97     | 685.86     | 550.4 |  2.19
Output  | 0.10374    | 0.12068    | 0.14521    |   3.1 |  0.00
Modify  | 2985.8     | 2987       | 2988.4     |   1.5 | 12.98
Other   |            | 10.21      |            |       |  0.04

Nlocal:         195.75 ave         206 max         183 min
Histogram: 1 1 0 1 1 2 3 1 0 2
Nghost:        5303.33 ave        5363 max        5241 min
Histogram: 1 1 2 0 2 2 0 1 2 1
Neighs:         152070 ave      160070 max      142496 min
Histogram: 2 0 1 0 2 0 4 1 0 2

Total # of neighbors = 1824846
Ave neighs/atom = 776.86079
Neighbor list builds = 4168
Dangerous builds = 0
write_restart   out/restart.solgel_pH${pH}.stage1
write_restart   out/restart.solgel_pH7.5.stage1
System init for write_restart ...

print           "--- Condensation Stage 2/4 ---"
--- Condensation Stage 2/4 ---
run             400000
Per MPI rank memory allocation (min/avg/max) = 374.1 | 381.3 | 386.5 Mbytes
   Step          Temp          Press          PotEng         KinEng         TotEng        Density         Volume        Atoms   
    530053   1936.7589      254473.25     -200873.68      13555.263     -187318.42      1.5449442      19683               2349 
    530500   1990.7387      244524.72     -201268.41      13933.065     -187335.35      1.5449442      19683               2349 
    531000   1994.2193      252939.79     -201273.64      13957.425     -187316.22      1.5449442      19683               2349 
    531500   2037.8003      245157.2      -201506.9       14262.446     -187244.45      1.5449442      19683               2349 
    532000   2003.1199      264299.97     -201135.29      14019.72      -187115.57      1.5449442      19683               2349 
    532500   2005.1544      255806.71     -201022.1       14033.959     -186988.14      1.5449442      19683               2349 
    533000   1960.111       252250.63     -200593.31      13718.703     -186874.61      1.5449442      19683               2349 
    533500   2069.4522      242233.06     -201258.09      14483.976     -186774.11      1.5449442      19683               2349 
    534000   2030.8683      260073.86     -200946.72      14213.93      -186732.79      1.5449442      19683               2349 
    534500   2023.2635      258857.1      -200980.25      14160.704     -186819.55      1.5449442      19683               2349 
    535000   1984.2706      253141.83     -200958.86      13887.795     -187071.07      1.5449442      19683               2349 
    535500   1974.2946      256962.55     -201138.33      13817.974     -187320.35      1.5449442      19683               2349 
    536000   1961.3146      256844.59     -201192.58      13727.127     -187465.45      1.5449442      19683               2349 
    536500   2002.7676      259825.66     -201532.35      14017.254     -187515.1       1.5449442      19683               2349 
    537000   1979.5226      250003.25     -201340.13      13854.564     -187485.57      1.5449442      19683               2349 
    537500   2019.3955      259199.94     -201499.98      14133.632     -187366.35      1.5449442      19683               2349 
    538000   2020.9871      250925.59     -201286.91      14144.772     -187142.13      1.5449442      19683               2349 
    538500   2038.9204      238930.93     -201167.99      14270.286     -186897.7       1.5449442      19683               2349 
    539000   2008.145       260802.08     -200824.91      14054.891     -186770.02      1.5449442      19683               2349 
    539500   2052.4529      255279.94     -201115.71      14364.999     -186750.71      1.5449442      19683               2349 
    540000   2036.2201      247706.9      -201049.38      14251.387     -186797.99      1.5449442      19683               2349 
    540500   2011.797       263074.65     -200979.29      14080.45      -186898.84      1.5449442      19683               2349 
    541000   2008.489       255082.26     -201104.03      14057.298     -187046.73      1.5449442      19683               2349 
    541500   1996.3235      255946.21     -201154.53      13972.153     -187182.38      1.5449442      19683               2349 
    542000   1976.3389      259479.21     -201128.34      13832.282     -187296.06      1.5449442      19683               2349 
    542500   2007.5122      255668.2      -201425.07      14050.462     -187374.61      1.5449442      19683               2349 
    543000   1927.2518      262815.78     -200936.59      13488.724     -187447.86      1.5449442      19683               2349 
    543500   1995.1665      263329.15     -201383.74      13964.055     -187419.69      1.5449442      19683               2349 
    544000   2009.9178      264155.16     -201278.99      14067.298     -187211.7       1.5449442      19683               2349 
    544500   2037.2099      263352.34     -201143.08      14258.314     -186884.77      1.5449442      19683               2349 
    545000   2065.2273      259093.66     -201097.29      14454.406     -186642.88      1.5449442      19683               2349 
    545500   2011.1604      255715.59     -200737.27      14075.995     -186661.27      1.5449442      19683               2349 
    546000   2020.1088      256612.66     -200982.25      14138.625     -186843.63      1.5449442      19683               2349 
    546500   1997.5544      266893.34     -201035.7       13980.767     -187054.93      1.5449442      19683               2349 
    547000   1983.7646      267474.54     -201063.99      13884.253     -187179.74      1.5449442      19683               2349 
    547500   1934.8133      246350.76     -200758.7       13541.646     -187217.05      1.5449442      19683               2349 
    548000   2029.9194      252968.12     -201386.91      14207.288     -187179.63      1.5449442      19683               2349 
    548500   2024.4141      251050.04     -201309.88      14168.757     -187141.13      1.5449442      19683               2349 
    549000   1942.2738      262117.63     -200712.47      13593.861     -187118.61      1.5449442      19683               2349 
    549500   1998.6054      261845.35     -201058.5       13988.123     -187070.37      1.5449442      19683               2349 
    550000   2060.9556      266677.82     -201446.59      14424.509     -187022.08      1.5449442      19683               2349 
    550500   2037.8429      259931.54     -201290.72      14262.744     -187027.98      1.5449442      19683               2349 
    551000   1995.5598      264427.19     -201077.76      13966.807     -187110.95      1.5449442      19683               2349 
    551500   1991.7242      253305.63     -201296.86      13939.962     -187356.9       1.5449442      19683               2349 
    552000   1971.1035      252539.5      -201401.93      13795.639     -187606.29      1.5449442      19683               2349 
    552500   1941.7298      261433.52     -201295.55      13590.054     -187705.5       1.5449442      19683               2349 
    553000   1998.9533      253789.79     -201654.85      13990.558     -187664.29      1.5449442      19683               2349 
    553500   1986.0501      249809.01     -201418.31      13900.249     -187518.07      1.5449442      19683               2349 
    554000   1996.6636      264520.6      -201251.01      13974.533     -187276.48      1.5449442      19683               2349 
    554500   2030.9927      258745.95     -201246.25      14214.8       -187031.45      1.5449442      19683               2349 
    555000   2022.1835      264325.9      -201067.95      14153.145     -186914.81      1.5449442      19683               2349 
    555500   1971.4283      263745.02     -200688.01      13797.912     -186890.1       1.5449442      19683               2349 
    556000   2024.4024      261896.13     -201058.13      14168.675     -186889.45      1.5449442      19683               2349 
    556500   2030.7653      262489.19     -201185.1       14213.208     -186971.89      1.5449442      19683               2349 
    557000   1993.5576      254892.97     -201311.92      13952.794     -187359.13      1.5449442      19683               2349 
    557500   1971.5252      273676        -201477.64      13798.591     -187679.05      1.5449442      19683               2349 
    558000   1993.994       256704.28     -201736.27      13955.848     -187780.42      1.5449442      19683               2349 
    558500   1954.3451      262791.05     -201452.88      13678.348     -187774.54      1.5449442      19683               2349 
    559000   1956.7227      260464.98     -201341.14      13694.989     -187646.15      1.5449442      19683               2349 
    559500   1978.2785      271843.81     -201288.29      13845.857     -187442.43      1.5449442      19683               2349 
    560000   2019.3408      263584.45     -201333.95      14133.249     -187200.71      1.5449442      19683               2349 
    560500   2006.4517      265096.51     -201098.56      14043.039     -187055.52      1.5449442      19683               2349 
    561000   2069.001       261683.98     -201478.53      14480.818     -186997.71      1.5449442      19683               2349 
    561500   2033.5667      260182.58     -201259.6       14232.815     -187026.78      1.5449442      19683               2349 
    562000   2015.3489      237496.85     -201200.12      14105.31      -187094.81      1.5449442      19683               2349 
    562500   2020.4799      260767.83     -201324.61      14141.222     -187183.38      1.5449442      19683               2349 
    563000   1993.1753      272445.73     -201221.96      13950.118     -187271.84      1.5449442      19683               2349 
    563500   1998.9272      263645.84     -201322.12      13990.375     -187331.75      1.5449442      19683               2349 
    564000   2007.1763      259617.06     -201412.69      14048.111     -187364.58      1.5449442      19683               2349 
    564500   1994.671       264075.81     -201314.97      13960.587     -187354.38      1.5449442      19683               2349 
    565000   2004.1979      263390.44     -201379.87      14027.265     -187352.61      1.5449442      19683               2349 
    565500   2015.3012      263860.63     -201462.84      14104.976     -187357.86      1.5449442      19683               2349 
    566000   1972.769       255185.9      -201210.32      13807.296     -187403.03      1.5449442      19683               2349 
    566500   2029.6469      253314.12     -201652.32      14205.381     -187446.94      1.5449442      19683               2349 
    567000   1960.3691      262788.46     -201208.93      13720.51      -187488.42      1.5449442      19683               2349 
    567500   1951.7983      253689.55     -201128.8       13660.523     -187468.28      1.5449442      19683               2349 
    568000   1985.3387      261910.41     -201285         13895.27      -187389.73      1.5449442      19683               2349 
    568500   1978.8001      263277.65     -201081.19      13849.507     -187231.68      1.5449442      19683               2349 
    569000   2033.7503      267662.73     -201277.3       14234.101     -187043.2       1.5449442      19683               2349 
    569500   2058.927       277986.47     -201273.94      14410.311     -186863.63      1.5449442      19683               2349 
    570000   2028.0389      267686.91     -200978.78      14194.127     -186784.65      1.5449442      19683               2349 
    570500   1993.0026      247893.33     -200777.2       13948.909     -186828.29      1.5449442      19683               2349 
    571000   2037.3763      269329.32     -201326.59      14259.479     -187067.11      1.5449442      19683               2349 
    571500   2008.7576      246280.14     -201445.5       14059.178     -187386.32      1.5449442      19683               2349 
    572000   1960.1716      258517.64     -201280.42      13719.127     -187561.29      1.5449442      19683               2349 
    572500   1981.709       261325.73     -201435.36      13869.866     -187565.49      1.5449442      19683               2349 
    573000   1963.3168      269963.23     -201222.56      13741.14      -187481.41      1.5449442      19683               2349 
    573500   1998.7302      263753.3      -201341.49      13988.997     -187352.49      1.5449442      19683               2349 
    574000   2019.1422      270415.04     -201324.4       14131.859     -187192.54      1.5449442      19683               2349 
    574500   2012.0089      268659.53     -201124.74      14081.933     -187042.8       1.5449442      19683               2349 
    575000   2058.2881      264496.09     -201295.4       14405.839     -186889.56      1.5449442      19683               2349 
    575500   2027.1274      272485.18     -201034.17      14187.747     -186846.42      1.5449442      19683               2349 
    576000   2028.7985      256776.57     -201067.91      14199.443     -186868.47      1.5449442      19683               2349 
    576500   1975.7284      252186.01     -200901.48      13828.008     -187073.47      1.5449442      19683               2349 
    577000   2004.2047      273523.55     -201408.41      14027.312     -187381.1       1.5449442      19683               2349 
    577500   1968.7647      269401.35     -201370.76      13779.27      -187591.49      1.5449442      19683               2349 
    578000   2004.7047      252994.56     -201656.52      14030.812     -187625.71      1.5449442      19683               2349 
    578500   1976.3762      260979.36     -201338.18      13832.542     -187505.64      1.5449442      19683               2349 
    579000   2020.3631      265559.26     -201406.62      14140.404     -187266.22      1.5449442      19683               2349 
    579500   2009.6168      266745.05     -201119.69      14065.191     -187054.5       1.5449442      19683               2349 
    580000   2034.3324      261140.35     -201172.07      14238.174     -186933.89      1.5449442      19683               2349 
    580500   1983.9486      254679.51     -200849.87      13885.541     -186964.33      1.5449442      19683               2349 
    581000   1994.5331      258823.39     -201027.38      13959.621     -187067.76      1.5449442      19683               2349 
    581500   1993.3539      261248.36     -201281.12      13951.368     -187329.76      1.5449442      19683               2349 
    582000   1966.0229      254148.46     -201475.92      13760.08      -187715.84      1.5449442      19683               2349 
    582500   1979.2921      258076.44     -201743.14      13852.95      -187890.19      1.5449442      19683               2349 
    583000   1981.4707      250792.38     -201732.76      13868.198     -187864.56      1.5449442      19683               2349 
    583500   1951.9588      255694.76     -201362.83      13661.646     -187701.18      1.5449442      19683               2349 
    584000   1989.0744      258079.36     -201419.77      13921.416     -187498.35      1.5449442      19683               2349 
    584500   1996.7658      255280.12     -201323.09      13975.248     -187347.84      1.5449442      19683               2349 
    585000   1983.4774      256030.42     -201131.19      13882.243     -187248.95      1.5449442      19683               2349 
    585500   2006.3572      260401.42     -201206.94      14042.378     -187164.57      1.5449442      19683               2349 
    586000   1999.1923      261618.53     -201154.78      13992.231     -187162.55      1.5449442      19683               2349 
    586500   2016.601       275902.32     -201299.46      14114.073     -187185.39      1.5449442      19683               2349 
    587000   1984.0733      272067.46     -201149.07      13886.414     -187262.66      1.5449442      19683               2349 
    587500   2014.1678      274853.31     -201386.96      14097.044     -187289.92      1.5449442      19683               2349 
    588000   2010.9513      276741.49     -201379.03      14074.531     -187304.5       1.5449442      19683               2349 
    588500   2011.5251      261443.49     -201432.93      14078.547     -187354.38      1.5449442      19683               2349 
    589000   1942.7233      267749.97     -200961.29      13597.008     -187364.28      1.5449442      19683               2349 
    589500   1975.2928      257422.74     -201145.37      13824.96      -187320.42      1.5449442      19683               2349 
    590000   1973.435       269112.91     -201117.06      13811.957     -187305.11      1.5449442      19683               2349 
    590500   2007.7613      264067.3      -201382.23      14052.205     -187330.03      1.5449442      19683               2349 
    591000   1995.9087      259671.26     -201335.78      13969.249     -187366.53      1.5449442      19683               2349 
    591500   2015.8862      257565.51     -201459.1       14109.07      -187350.03      1.5449442      19683               2349 
    592000   2036.0231      254652.3      -201585.85      14250.008     -187335.84      1.5449442      19683               2349 
    592500   2034.9802      255123.65     -201614.12      14242.708     -187371.41      1.5449442      19683               2349 
    593000   2017.646       259532.27     -201599.37      14121.388     -187477.98      1.5449442      19683               2349 
    593500   1970.5376      258911.31     -201420.08      13791.679     -187628.4       1.5449442      19683               2349 
    594000   1991.434       266900.09     -201723.84      13937.931     -187785.91      1.5449442      19683               2349 
    594500   2010.7699      258087.06     -201918.19      14073.262     -187844.93      1.5449442      19683               2349 
    595000   1939.3883      265970.76     -201348.9       13573.666     -187775.23      1.5449442      19683               2349 
    595500   1969.9461      257820.3      -201319.96      13787.538     -187532.42      1.5449442      19683               2349 
    596000   1977.5781      263478.61     -201024.1       13840.955     -187183.14      1.5449442      19683               2349 
    596500   2003.0302      269583.78     -200941.67      14019.092     -186922.58      1.5449442      19683               2349 
    597000   2034.6691      269806.38     -201073.67      14240.531     -186833.14      1.5449442      19683               2349 
    597500   2037.9795      270077.49     -201119.33      14263.7       -186855.62      1.5449442      19683               2349 
    598000   2013.4127      266968.21     -201028.92      14091.759     -186937.16      1.5449442      19683               2349 
    598500   2010.3952      253615.84     -201168.58      14070.639     -187097.94      1.5449442      19683               2349 
    599000   1992.4289      263594.82     -201243.52      13944.894     -187298.63      1.5449442      19683               2349 
    599500   2003.2505      260427.28     -201474.68      14020.634     -187454.05      1.5449442      19683               2349 
    600000   1964.8726      259055.61     -201321.71      13752.029     -187569.68      1.5449442      19683               2349 
    600500   1981.2096      255586.39     -201441.39      13866.371     -187575.02      1.5449442      19683               2349 
    601000   1986.0654      252460.2      -201417.24      13900.356     -187516.88      1.5449442      19683               2349 
    601500   1965.5093      264230.54     -201218.39      13756.485     -187461.9       1.5449442      19683               2349 
    602000   1997.3865      252758.03     -201402.03      13979.593     -187422.43      1.5449442      19683               2349 
    602500   1991.788       255120.07     -201302.21      13940.409     -187361.8       1.5449442      19683               2349 
    603000   2007.8072      254459.13     -201325.07      14052.526     -187272.54      1.5449442      19683               2349 
    603500   1969.5472      268828.27     -200949.62      13784.747     -187164.88      1.5449442      19683               2349 
    604000   2049.8207      263910.04     -201355.92      14346.576     -187009.35      1.5449442      19683               2349 
    604500   2011.131       263386.27     -200935.76      14075.789     -186859.97      1.5449442      19683               2349 
    605000   2021.5143      264558.45     -200913.03      14148.461     -186764.57      1.5449442      19683               2349 
    605500   2017.3565      253304.84     -200887.42      14119.361     -186768.06      1.5449442      19683               2349 
    606000   2006.0242      266312.21     -200989.93      14040.047     -186949.88      1.5449442      19683               2349 
    606500   1969.8088      252600.93     -201057.35      13786.578     -187270.77      1.5449442      19683               2349 
    607000   1964.0647      262876.14     -201209.48      13746.375     -187463.1       1.5449442      19683               2349 
    607500   1930.8899      250759.5      -201039.67      13514.187     -187525.48      1.5449442      19683               2349 
    608000   1963.1283      264364.18     -201208.72      13739.821     -187468.9       1.5449442      19683               2349 
    608500   1968.2525      265578.43     -201079.56      13775.685     -187303.87      1.5449442      19683               2349 
    609000   2009.7176      260931.34     -201117.98      14065.897     -187052.08      1.5449442      19683               2349 
    609500   2048.7954      253123.39     -201181.14      14339.4       -186841.74      1.5449442      19683               2349 
    610000   2059.0442      259320.22     -201213.06      14411.131     -186801.93      1.5449442      19683               2349 
    610500   2032.4365      259747.88     -201118.94      14224.905     -186894.04      1.5449442      19683               2349 
    611000   2015.96        258965.48     -201096.84      14109.587     -186987.26      1.5449442      19683               2349 
    611500   1998.5518      269793.63     -201054.88      13987.748     -187067.13      1.5449442      19683               2349 
    612000   2010.9029      257234.22     -201234.9       14074.192     -187160.71      1.5449442      19683               2349 
    612500   1976.3135      264047.23     -201062.36      13832.104     -187230.26      1.5449442      19683               2349 
    613000   2022.8345      253484.33     -201409.67      14157.702     -187251.97      1.5449442      19683               2349 
    613500   1961.4918      264469.03     -200978.07      13728.367     -187249.7       1.5449442      19683               2349 
    614000   1998.6288      260971.14     -201192.29      13988.287     -187204.01      1.5449442      19683               2349 
    614500   2035.5766      257344.84     -201313.06      14246.882     -187066.18      1.5449442      19683               2349 
    615000   2029.2576      261927.32     -201110.03      14202.656     -186907.37      1.5449442      19683               2349 
    615500   2049.2579      257567.7      -201046.2       14342.637     -186703.56      1.5449442      19683               2349 
    616000   2070.0393      265254.74     -201073.56      14488.085     -186585.47      1.5449442      19683               2349 
    616500   2055.1162      263762.18     -201071.11      14383.639     -186687.47      1.5449442      19683               2349 
    617000   2021.5792      265455.34     -201166.11      14148.916     -187017.19      1.5449442      19683               2349 
    617500   1979.7041      257847.54     -201133.52      13855.834     -187277.69      1.5449442      19683               2349 
    618000   1928.4336      266979.86     -200899.16      13496.995     -187402.17      1.5449442      19683               2349 
    618500   2000.3358      263581.79     -201337.6       14000.234     -187337.37      1.5449442      19683               2349 
    619000   2009.6781      256137.91     -201318.35      14065.621     -187252.73      1.5449442      19683               2349 
    619500   1976.666       264322.69     -200974.03      13834.571     -187139.46      1.5449442      19683               2349 
    620000   2005.7638      263908.67     -201049.29      14038.225     -187011.06      1.5449442      19683               2349 
    620500   1964.9844      267349.95     -200552.1       13752.812     -186799.28      1.5449442      19683               2349 
    621000   2018.5575      264998.45     -200658.41      14127.767     -186530.64      1.5449442      19683               2349 
    621500   2081.3134      275841.51     -200906.67      14566.992     -186339.68      1.5449442      19683               2349 
    622000   2060.443       278240.68     -200818.29      14420.921     -186397.36      1.5449442      19683               2349 
    622500   2068.3737      263553.84     -201250.98      14476.428     -186774.55      1.5449442      19683               2349 
    623000   2001.0227      262342.79     -201197.39      14005.042     -187192.34      1.5449442      19683               2349 
    623500   1990.7457      263773.04     -201213.01      13933.114     -187279.9       1.5449442      19683               2349 
    624000   2034.8884      266224.24     -201491.22      14242.066     -187249.16      1.5449442      19683               2349 
    624500   1998.0411      260728.33     -201195.66      13984.174     -187211.49      1.5449442      19683               2349 
    625000   1981.6014      263225.61     -200960.92      13869.113     -187091.81      1.5449442      19683               2349 
    625500   2012.1951      269132.9      -201052.69      14083.237     -186969.46      1.5449442      19683               2349 
    626000   2009.6217      274022.68     -200975.33      14065.226     -186910.1       1.5449442      19683               2349 
    626500   1996.0031      269344.01     -200863.19      13969.91      -186893.28      1.5449442      19683               2349 
    627000   2010.8752      258798.17     -201054.44      14073.999     -186980.44      1.5449442      19683               2349 
    627500   1971.692       258423.73     -201056.85      13799.758     -187257.1       1.5449442      19683               2349 
    628000   1929.6101      267815.6      -200984.85      13505.229     -187479.62      1.5449442      19683               2349 
    628500   1995.0984      254853.25     -201527.97      13963.578     -187564.4       1.5449442      19683               2349 
    629000   1970.4838      255418.48     -201402.37      13791.302     -187611.07      1.5449442      19683               2349 
    629500   1985.1791      255142.47     -201458.51      13894.154     -187564.35      1.5449442      19683               2349 
    630000   1999.9665      263429.59     -201371.82      13997.65      -187374.17      1.5449442      19683               2349 
    630500   2012.8917      259772.98     -201134.34      14088.112     -187046.23      1.5449442      19683               2349 
    631000   1987.0142      275765.04     -200616.27      13906.997     -186709.28      1.5449442      19683               2349 
    631500   2019.6592      266572.07     -200743.84      14135.478     -186608.36      1.5449442      19683               2349 
    632000   2067.1605      255107.22     -201107.66      14467.936     -186639.72      1.5449442      19683               2349 
    632500   2050.0382      258127.63     -201150.36      14348.099     -186802.26      1.5449442      19683               2349 
    633000   2028.5924      256126.62     -201225.48      14198.001     -187027.48      1.5449442      19683               2349 
    633500   1970.7959      266454.75     -201061.02      13793.486     -187267.54      1.5449442      19683               2349 
    634000   1974.0714      258541.21     -201233.69      13816.412     -187417.28      1.5449442      19683               2349 
    634500   1993.643       256280.69     -201423.53      13953.392     -187470.14      1.5449442      19683               2349 
    635000   2026.2493      260152.91     -201635.52      14181.601     -187453.92      1.5449442      19683               2349 
    635500   1950.1417      266077.96     -201037.47      13648.929     -187388.54      1.5449442      19683               2349 
    636000   1953.5825      249847.39     -200836.31      13673.01      -187163.3       1.5449442      19683               2349 
    636500   2013.6013      260321.38     -200924.51      14093.078     -186831.44      1.5449442      19683               2349 
    637000   2021.8941      259843.06     -200729.62      14151.12      -186578.5       1.5449442      19683               2349 
    637500   2047.4582      272734.95     -200877.07      14330.041     -186547.03      1.5449442      19683               2349 
    638000   1991.9018      270901.38     -200596.83      13941.205     -186655.63      1.5449442      19683               2349 
    638500   2007.2626      271949.09     -200867.59      14048.715     -186818.88      1.5449442      19683               2349 
    639000   2038.9216      262867.26     -201297.86      14270.294     -187027.56      1.5449442      19683               2349 
    639500   1986.2802      267651.85     -201079.9       13901.86      -187178.04      1.5449442      19683               2349 
    640000   2035.3465      243678.12     -201509.99      14245.272     -187264.72      1.5449442      19683               2349 
    640500   2001.0789      270228.36     -201372.31      14005.435     -187366.88      1.5449442      19683               2349 
    641000   1971.6862      249189.01     -201257.86      13799.718     -187458.14      1.5449442      19683               2349 
    641500   1980.4439      255742.46     -201331.07      13861.012     -187470.05      1.5449442      19683               2349 
    642000   1959.1479      254658.04     -201213.12      13711.963     -187501.16      1.5449442      19683               2349 
    642500   2002.1999      251849.57     -201452.48      14013.281     -187439.2       1.5449442      19683               2349 
    643000   1963.6027      269027.05     -201042.64      13743.141     -187299.5       1.5449442      19683               2349 
    643500   2023.4206      266462.56     -201218.22      14161.803     -187056.42      1.5449442      19683               2349 
    644000   2025.8111      252713.46     -200992.77      14178.534     -186814.24      1.5449442      19683               2349 
    644500   2036.6999      263608.82     -200890.27      14254.745     -186635.53      1.5449442      19683               2349 
    645000   2011.2555      267356.67     -200648.51      14076.66      -186571.85      1.5449442      19683               2349 
    645500   2051.4402      265555.69     -200986.78      14357.911     -186628.87      1.5449442      19683               2349 
    646000   1990.5168      269611.38     -200778.68      13931.511     -186847.17      1.5449442      19683               2349 
    646500   1965.8333      262303.59     -200905.57      13758.753     -187146.82      1.5449442      19683               2349 
    647000   1970.8432      263396.36     -201106.85      13793.817     -187313.04      1.5449442      19683               2349 
    647500   1972.3651      255100.4      -201153.97      13804.469     -187349.51      1.5449442      19683               2349 
    648000   1995.4768      255897.02     -201297         13966.226     -187330.77      1.5449442      19683               2349 
    648500   1970.9793      262647.99     -201083.72      13794.77      -187288.96      1.5449442      19683               2349 
    649000   2003.3585      258123.27     -201218.2       14021.39      -187196.81      1.5449442      19683               2349 
    649500   1992.0061      258693.05     -201053.74      13941.935     -187111.8       1.5449442      19683               2349 
    650000   2048.1895      259547.53     -201275.13      14335.159     -186939.97      1.5449442      19683               2349 
    650500   2047.5293      268901.98     -201007.34      14330.539     -186676.8       1.5449442      19683               2349 
    651000   2046.3177      264121.61     -200729.92      14322.059     -186407.87      1.5449442      19683               2349 
    651500   2073.8852      263867.43     -200821.94      14515.002     -186306.94      1.5449442      19683               2349 
    652000   2061.1707      260346.57     -200903.21      14426.014     -186477.2       1.5449442      19683               2349 
    652500   2027.9671      268513.49     -201080.49      14193.624     -186886.87      1.5449442      19683               2349 
    653000   1974.8424      255215.5      -200926.14      13821.807     -187104.34      1.5449442      19683               2349 
    653500   1969.5942      264750.55     -201011.65      13785.076     -187226.57      1.5449442      19683               2349 
    654000   1921.3412      249141.68     -200784.91      13447.356     -187337.55      1.5449442      19683               2349 
    654500   2003.7677      258368.97     -201465.8       14024.254     -187441.54      1.5449442      19683               2349 
    655000   2011.7836      258140.53     -201571.75      14080.356     -187491.39      1.5449442      19683               2349 
    655500   1993.237       262306.77     -201413.67      13950.55      -187463.12      1.5449442      19683               2349 
    656000   1974.5727      257428.52     -201214.22      13819.92      -187394.3       1.5449442      19683               2349 
    656500   1992.0512      268472.05     -201194.75      13942.251     -187252.5       1.5449442      19683               2349 
    657000   2011.7613      273452.09     -201071.67      14080.201     -186991.47      1.5449442      19683               2349 
    657500   2040.6555      260500.33     -201020.25      14282.429     -186737.82      1.5449442      19683               2349 
    658000   2045.7495      257809.39     -200967.45      14318.082     -186649.37      1.5449442      19683               2349 
    658500   2001.0286      271472.23     -200736.64      14005.083     -186731.56      1.5449442      19683               2349 
    659000   2021.369       258021.18     -201148.15      14147.444     -187000.71      1.5449442      19683               2349 
    659500   1997.5358      270070.83     -201306.65      13980.637     -187326.01      1.5449442      19683               2349 
    660000   1951.9992      258469.8      -201109.19      13661.929     -187447.26      1.5449442      19683               2349 
    660500   2015.2997      253985.22     -201551.62      14104.966     -187446.65      1.5449442      19683               2349 
    661000   1964.4243      262814.69     -201189.01      13748.892     -187440.12      1.5449442      19683               2349 
    661500   2002.2296      254583.11     -201466.57      14013.489     -187453.08      1.5449442      19683               2349 
    662000   2020.0378      264061.63     -201617.1       14138.127     -187478.97      1.5449442      19683               2349 
    662500   1981.7622      254887.91     -201418.44      13870.239     -187548.2       1.5449442      19683               2349 
    663000   2003.5466      259678.4      -201677.48      14022.706     -187654.78      1.5449442      19683               2349 
    663500   1975.9692      249750.86     -201632.17      13829.694     -187802.48      1.5449442      19683               2349 
    664000   1951.5182      253669.58     -201650.49      13658.563     -187991.93      1.5449442      19683               2349 
    664500   1937.0914      260800.89     -201619.8       13557.59      -188062.21      1.5449442      19683               2349 
    665000   1935.8597      259417.97     -201549.63      13548.97      -188000.66      1.5449442      19683               2349 
    665500   2007.5984      256373.06     -201797.94      14051.065     -187746.87      1.5449442      19683               2349 
    666000   2030.6126      261441.09     -201591.75      14212.14      -187379.61      1.5449442      19683               2349 
    666500   2048.0814      257985.68     -201508.04      14334.403     -187173.64      1.5449442      19683               2349 
    667000   2039.7228      246914.35     -201393.08      14275.902     -187117.18      1.5449442      19683               2349 
    667500   2023.4951      252322.96     -201361.61      14162.325     -187199.28      1.5449442      19683               2349 
    668000   1959.0908      268054.28     -201045.67      13711.563     -187334.11      1.5449442      19683               2349 
    668500   2011.0646      258293.47     -201556.26      14075.325     -187480.94      1.5449442      19683               2349 
    669000   2024.0073      261724.3      -201747.08      14165.91      -187581.17      1.5449442      19683               2349 
    669500   2011.3016      261558.48     -201697.43      14076.983     -187620.45      1.5449442      19683               2349 
    670000   2002.9931      269212.69     -201600.37      14018.832     -187581.54      1.5449442      19683               2349 
    670500   1985.3831      266635.49     -201444.54      13895.581     -187548.96      1.5449442      19683               2349 
    671000   1976.4313      260771.44     -201325.41      13832.928     -187492.48      1.5449442      19683               2349 
    671500   2039.0434      268125.43     -201695.96      14271.147     -187424.81      1.5449442      19683               2349 
    672000   1966.3786      279943.17     -201161.79      13762.57      -187399.22      1.5449442      19683               2349 
    672500   1993.818       266585.29     -201324.58      13954.616     -187369.96      1.5449442      19683               2349 
    673000   2021.8471      263048.68     -201513.97      14150.791     -187363.18      1.5449442      19683               2349 
    673500   2029.324       264309.26     -201683.27      14203.121     -187480.15      1.5449442      19683               2349 
    674000   1984.3432      256569.16     -201595.5       13888.303     -187707.19      1.5449442      19683               2349 
    674500   1953.2309      265802.42     -201581.64      13670.55      -187911.09      1.5449442      19683               2349 
    675000   1964.0744      257578.59     -201716.9       13746.443     -187970.46      1.5449442      19683               2349 
    675500   1968.756       257712.61     -201688.73      13779.209     -187909.53      1.5449442      19683               2349 
    676000   2005.9578      254938.4      -201780.25      14039.582     -187740.67      1.5449442      19683               2349 
    676500   2028.0058      267034.09     -201684         14193.895     -187490.11      1.5449442      19683               2349 
    677000   2032.2862      258111.53     -201512.65      14223.854     -187288.8       1.5449442      19683               2349 
    677500   2046.0886      266721.56     -201485.27      14320.456     -187164.82      1.5449442      19683               2349 
    678000   2078.3856      264462.09     -201698.41      14546.5       -187151.91      1.5449442      19683               2349 
    678500   2000.0184      257567.2      -201268.03      13998.013     -187270.02      1.5449442      19683               2349 
    679000   2045.8134      269658.05     -201722.56      14318.53      -187404.03      1.5449442      19683               2349 
    679500   2006.4555      261094.72     -201592.89      14043.066     -187549.83      1.5449442      19683               2349 
    680000   2052.4855      259266.09     -201987.28      14365.227     -187622.05      1.5449442      19683               2349 
    680500   2008.9247      259340.73     -201733.96      14060.347     -187673.62      1.5449442      19683               2349 
    681000   2016.9466      263004.6      -201846.62      14116.492     -187730.13      1.5449442      19683               2349 
    681500   1964.5826      265020.56     -201525.59      13750         -187775.59      1.5449442      19683               2349 
    682000   1991.3582      259297.24     -201730.01      13937.401     -187792.61      1.5449442      19683               2349 
    682500   1976.1162      264215.52     -201595.79      13830.723     -187765.07      1.5449442      19683               2349 
    683000   1991.4857      269565.38     -201663.19      13938.293     -187724.89      1.5449442      19683               2349 
    683500   2035.011       260995.1      -201930.87      14242.924     -187687.95      1.5449442      19683               2349 
    684000   1989.5042      271798.28     -201565.18      13924.424     -187640.75      1.5449442      19683               2349 
    684500   1973.06        264336.16     -201361.92      13809.333     -187552.59      1.5449442      19683               2349 
    685000   2025.0271      259751.3      -201537.02      14173.048     -187363.97      1.5449442      19683               2349 
    685500   1997.2748      280122.25     -201172.01      13978.811     -187193.2       1.5449442      19683               2349 
    686000   2072.8825      273012.33     -201599.45      14507.985     -187091.47      1.5449442      19683               2349 
    686500   2050.8687      264029.64     -201516.49      14353.911     -187162.58      1.5449442      19683               2349 
    687000   2005.4218      256158.18     -201449.8       14035.831     -187413.96      1.5449442      19683               2349 
    687500   1975.0973      261294.69     -201539.25      13823.591     -187715.66      1.5449442      19683               2349 
    688000   1979.6491      269998.86     -201759.69      13855.449     -187904.24      1.5449442      19683               2349 
    688500   1957.1588      258809.03     -201667.17      13698.041     -187969.13      1.5449442      19683               2349 
    689000   1971.5815      253329.04     -201740.46      13798.984     -187941.48      1.5449442      19683               2349 
    689500   1977.0592      260101.15     -201697.07      13837.323     -187859.75      1.5449442      19683               2349 
    690000   2021.423       264668.6      -201865.99      14147.822     -187718.17      1.5449442      19683               2349 
    690500   2007.0188      259089.52     -201602.1       14047.008     -187555.1       1.5449442      19683               2349 
    691000   1998.0768      266271.74     -201400.41      13984.423     -187415.98      1.5449442      19683               2349 
    691500   2010.7432      253370.67     -201323.39      14073.075     -187250.32      1.5449442      19683               2349 
    692000   2062.2704      264476.61     -201325.65      14433.711     -186891.94      1.5449442      19683               2349 
    692500   2116.0766      265394.47     -201394.23      14810.298     -186583.93      1.5449442      19683               2349 
    693000   2055.9549      270362.98     -200940.4       14389.509     -186550.89      1.5449442      19683               2349 
    693500   2075.9698      273397.05     -201312.94      14529.592     -186783.35      1.5449442      19683               2349 
    694000   2016.487       267963.62     -201200.84      14113.275     -187087.56      1.5449442      19683               2349 
    694500   2043.5021      268468.11     -201519.18      14302.352     -187216.83      1.5449442      19683               2349 
    695000   2050.8405      249129.81     -201725.24      14353.714     -187371.53      1.5449442      19683               2349 
    695500   2007.6974      265721.58     -201594.03      14051.758     -187542.28      1.5449442      19683               2349 
    696000   2002.6309      271539.51     -201691.63      14016.298     -187675.33      1.5449442      19683               2349 
    696500   1985.8801      259130.28     -201707.95      13899.06      -187808.89      1.5449442      19683               2349 
    697000   1987.773       260853.87     -201749.02      13912.308     -187836.72      1.5449442      19683               2349 
    697500   1982.2687      257066.74     -201681.02      13873.783     -187807.24      1.5449442      19683               2349 
    698000   1971.503       260675.98     -201557.27      13798.435     -187758.84      1.5449442      19683               2349 
    698500   2014.4335      260194.83     -201706.59      14098.903     -187607.69      1.5449442      19683               2349 
    699000   2031.894       259658.3      -201567.87      14221.108     -187346.77      1.5449442      19683               2349 
    699500   2063.9563      264956.49     -201546.62      14445.511     -187101.11      1.5449442      19683               2349 
    700000   2080.6608      264594.04     -201591.26      14562.424     -187028.83      1.5449442      19683               2349 
    700500   2070.8217      257964.37     -201643.52      14493.561     -187149.96      1.5449442      19683               2349 
    701000   1996.7344      264471.81     -201412.26      13975.028     -187437.23      1.5449442      19683               2349 
    701500   2037.0335      264277.45     -201955.92      14257.079     -187698.84      1.5449442      19683               2349 
    702000   2028.5742      260534.86     -201994.34      14197.873     -187796.46      1.5449442      19683               2349 
    702500   1999.5595      261996.53     -201816.16      13994.801     -187821.36      1.5449442      19683               2349 
    703000   1956.7923      264317.35     -201483.67      13695.476     -187788.19      1.5449442      19683               2349 
    703500   2026.6358      248781.12     -201912.74      14184.306     -187728.44      1.5449442      19683               2349 
    704000   2000.0791      258868.67     -201588.42      13998.437     -187589.98      1.5449442      19683               2349 
    704500   2024.0927      281009.4      -201579.24      14166.507     -187412.73      1.5449442      19683               2349 
    705000   2007.9542      268992.28     -201259.28      14053.555     -187205.73      1.5449442      19683               2349 
    705500   2024.8749      271745.81     -201151.79      14171.982     -186979.81      1.5449442      19683               2349 
    706000   1996.144       275808.52     -200834.31      13970.896     -186863.41      1.5449442      19683               2349 
    706500   2040.2263      268305.53     -201156.53      14279.426     -186877.11      1.5449442      19683               2349 
    707000   2040.4668      258366.5      -201389.53      14281.109     -187108.42      1.5449442      19683               2349 
    707500   2012.5661      264286.92     -201561.69      14085.834     -187475.86      1.5449442      19683               2349 
    708000   1968.0173      273624.84     -201467.49      13774.039     -187693.45      1.5449442      19683               2349 
    708500   1961.3546      267033.92     -201461.4       13727.407     -187733.99      1.5449442      19683               2349 
    709000   1971.0306      259577.57     -201568.85      13795.129     -187773.72      1.5449442      19683               2349 
    709500   2009.5725      270653.84     -201868.71      14064.881     -187803.83      1.5449442      19683               2349 
    710000   2018.6589      256883.23     -202025.8       14128.476     -187897.33      1.5449442      19683               2349 
    710500   1965.2033      264019.24     -201803.6       13754.344     -188049.25      1.5449442      19683               2349 
    711000   1970.0954      250766.01     -201945.16      13788.584     -188156.58      1.5449442      19683               2349 
    711500   1949.4843      259023.96     -201806.86      13644.328     -188162.53      1.5449442      19683               2349 
    712000   1964.3472      261471.8      -201704.01      13748.352     -187955.66      1.5449442      19683               2349 
    712500   1957.5646      266424.13     -201269.19      13700.881     -187568.31      1.5449442      19683               2349 
    713000   2000.8868      273082.88     -201312.14      14004.09      -187308.05      1.5449442      19683               2349 
    713500   2039.3374      267339.51     -201486.97      14273.204     -187213.77      1.5449442      19683               2349 
    714000   1983.6987      264202.27     -201145.93      13883.792     -187262.14      1.5449442      19683               2349 
    714500   2022.5417      263971.42     -201542.72      14155.652     -187387.07      1.5449442      19683               2349 
    715000   2023.5554      267402.67     -201750.57      14162.747     -187587.82      1.5449442      19683               2349 
    715500   1952.2365      262497.6      -201446.28      13663.59      -187782.69      1.5449442      19683               2349 
    716000   1975.0512      252829.79     -201762.09      13823.269     -187938.82      1.5449442      19683               2349 
    716500   1969.3356      258526.96     -201764.64      13783.266     -187981.38      1.5449442      19683               2349 
    717000   1947.3824      249315.12     -201585.35      13629.617     -187955.74      1.5449442      19683               2349 
    717500   2009.8206      260113.2      -201944.62      14066.618     -187878         1.5449442      19683               2349 
    718000   1961.8734      257185.57     -201526.98      13731.038     -187795.94      1.5449442      19683               2349 
    718500   1978.0439      267856.68     -201505         13844.214     -187660.79      1.5449442      19683               2349 
    719000   2028.9156      254782.99     -201746.28      14200.263     -187546.02      1.5449442      19683               2349 
    719500   1993.6384      257777.31     -201449.81      13953.36      -187496.45      1.5449442      19683               2349 
    720000   1984.5172      264536.2      -201342.76      13889.521     -187453.24      1.5449442      19683               2349 
    720500   2018.3531      250129.7      -201618.92      14126.336     -187492.59      1.5449442      19683               2349 
    721000   1972.5905      266094.65     -201378.08      13806.047     -187572.03      1.5449442      19683               2349 
    721500   2015.5241      250156.93     -201794.09      14106.537     -187687.55      1.5449442      19683               2349 
    722000   1952.634       261335.54     -201693.01      13666.372     -188026.63      1.5449442      19683               2349 
    722500   1939.6894      249195.82     -201890.21      13575.774     -188314.44      1.5449442      19683               2349 
    723000   1972.2633      257361.3      -202163.89      13803.756     -188360.13      1.5449442      19683               2349 
    723500   1938.9486      262836.37     -201816.26      13570.589     -188245.67      1.5449442      19683               2349 
    724000   2010.797       268658.54     -202082.1       14073.452     -188008.65      1.5449442      19683               2349 
    724500   1987.3777      271443.83     -201662.09      13909.541     -187752.55      1.5449442      19683               2349 
    725000   2024.4768      259404.09     -201770.62      14169.195     -187601.43      1.5449442      19683               2349 
    725500   1991.8586      268555.31     -201502.24      13940.903     -187561.34      1.5449442      19683               2349 
    726000   2038.4143      264986.2      -201777.6       14266.743     -187510.86      1.5449442      19683               2349 
    726500   2001.2621      256441.22     -201498.37      14006.718     -187491.66      1.5449442      19683               2349 
    727000   2036.5063      256326.14     -201732.51      14253.389     -187479.12      1.5449442      19683               2349 
    727500   1973.0015      268808.86     -201292.23      13808.923     -187483.3       1.5449442      19683               2349 
    728000   1991.0949      263806.1      -201444.76      13935.558     -187509.2       1.5449442      19683               2349 
    728500   2015.3399      254178.81     -201699.49      14105.247     -187594.24      1.5449442      19683               2349 
    729000   1995.2649      263968.23     -201676.37      13964.743     -187711.63      1.5449442      19683               2349 
    729500   1976.557       264592.52     -201692.74      13833.808     -187858.93      1.5449442      19683               2349 
    730000   2012.4502      261822.53     -202072.58      14085.022     -187987.55      1.5449442      19683               2349 
    730500   1966.1175      260928.92     -201806.25      13760.742     -188045.51      1.5449442      19683               2349 
    731000   1950.9309      260229.84     -201699.05      13654.452     -188044.59      1.5449442      19683               2349 
    731500   1971.3267      258219.79     -201695.43      13797.202     -187898.23      1.5449442      19683               2349 
    732000   1992.0431      252347.55     -201567.35      13942.194     -187625.16      1.5449442      19683               2349 
    732500   2057.526       258611.94     -201721.5       14400.505     -187321         1.5449442      19683               2349 
    733000   2039.499       263704.75     -201434.43      14274.335     -187160.09      1.5449442      19683               2349 
    733500   2013.0676      274431.61     -201215.75      14089.343     -187126.41      1.5449442      19683               2349 
    734000   2034.5652      273132.39     -201387.63      14239.804     -187147.83      1.5449442      19683               2349 
    734500   2059.7746      256304.26     -201686.76      14416.243     -187270.51      1.5449442      19683               2349 
    735000   1995.8752      262111.93     -201424.13      13969.015     -187455.11      1.5449442      19683               2349 
    735500   1971.5565      261339.68     -201385.88      13798.81      -187587.07      1.5449442      19683               2349 
    736000   2019.3885      259617.44     -201738.54      14133.583     -187604.96      1.5449442      19683               2349 
    736500   1996.0013      262665.05     -201585.37      13969.897     -187615.47      1.5449442      19683               2349 
    737000   2056.2113      255460.3      -202041.62      14391.304     -187650.32      1.5449442      19683               2349 
    737500   1971.6798      267222.07     -201508.54      13799.672     -187708.87      1.5449442      19683               2349 
    738000   1986.7069      268001.64     -201660.92      13904.846     -187756.08      1.5449442      19683               2349 
    738500   1958.2533      272429.2      -201512.96      13705.701     -187807.26      1.5449442      19683               2349 
    739000   1961.7413      264558.78     -201494.57      13730.114     -187764.46      1.5449442      19683               2349 
    739500   2002.5406      256398        -201631.22      14015.665     -187615.56      1.5449442      19683               2349 
    740000   1976.8633      256847.5      -201236.13      13835.952     -187400.18      1.5449442      19683               2349 
    740500   2018.5269      268169.52     -201273.7       14127.553     -187146.15      1.5449442      19683               2349 
    741000   2031.0702      259735.01     -201212.32      14215.343     -186996.97      1.5449442      19683               2349 
    741500   2058.1563      254765.29     -201399.5       14404.916     -186994.59      1.5449442      19683               2349 
    742000   2005.6356      260843.31     -201224.62      14037.327     -187187.29      1.5449442      19683               2349 
    742500   2037.5424      248474.58     -201771.06      14260.641     -187510.42      1.5449442      19683               2349 
    743000   2016.9214      252013.85     -201847.45      14116.316     -187731.14      1.5449442      19683               2349 
    743500   1983.498       239298.44     -201714.63      13882.387     -187832.24      1.5449442      19683               2349 
    744000   1969.709       262313.68     -201683.23      13785.879     -187897.35      1.5449442      19683               2349 
    744500   1989.8585      254869.89     -201768.22      13926.904     -187841.32      1.5449442      19683               2349 
    745000   2004.9801      265239.73     -201792.21      14032.739     -187759.47      1.5449442      19683               2349 
    745500   2001.3467      256594.17     -201654.74      14007.309     -187647.43      1.5449442      19683               2349 
    746000   2020.4407      255495.16     -201635.81      14140.947     -187494.86      1.5449442      19683               2349 
    746500   2028.4742      269515.86     -201592.88      14197.174     -187395.7       1.5449442      19683               2349 
    747000   2028.4976      255480.05     -201494.85      14197.337     -187297.51      1.5449442      19683               2349 
    747500   2029.2257      259291.11     -201404.36      14202.433     -187201.93      1.5449442      19683               2349 
    748000   2042.5466      265966.15     -201457.07      14295.665     -187161.4       1.5449442      19683               2349 
    748500   2004.9733      258743.02     -201248.18      14032.692     -187215.49      1.5449442      19683               2349 
    749000   2066.6887      248326.08     -201889.96      14464.634     -187425.32      1.5449442      19683               2349 
    749500   2023.3405      265059.05     -201856.19      14161.243     -187694.95      1.5449442      19683               2349 
    750000   1946.9172      271171.29     -201486.85      13626.361     -187860.48      1.5449442      19683               2349 
    750500   1966.4325      265004.52     -201636.6       13762.947     -187873.66      1.5449442      19683               2349 
    751000   2040.5306      265197.07     -202054.33      14281.555     -187772.77      1.5449442      19683               2349 
    751500   2002.6623      272356.7      -201661.71      14016.517     -187645.19      1.5449442      19683               2349 
    752000   2022.5786      255189.48     -201679.61      14155.91      -187523.7       1.5449442      19683               2349 
    752500   2004.2284      255014.01     -201360.82      14027.478     -187333.34      1.5449442      19683               2349 
    753000   2054.2286      261283.72     -201435.4       14377.427     -187057.97      1.5449442      19683               2349 
    753500   2059.8379      271736.31     -201206.24      14416.686     -186789.56      1.5449442      19683               2349 
    754000   2116.9406      263363.04     -201535.76      14816.344     -186719.42      1.5449442      19683               2349 
    754500   2057.2742      268005.31     -201319.03      14398.743     -186920.29      1.5449442      19683               2349 
    755000   2073.8265      263947.79     -201830.79      14514.591     -187316.19      1.5449442      19683               2349 
    755500   1995.7432      259971.68     -201492.05      13968.091     -187523.96      1.5449442      19683               2349 
    756000   2028.6746      258384.18     -201827.23      14198.576     -187628.65      1.5449442      19683               2349 
    756500   2009.4646      251861.58     -201841.41      14064.126     -187777.28      1.5449442      19683               2349 
    757000   2014.789       258701.92     -202004.83      14101.391     -187903.44      1.5449442      19683               2349 
    757500   1978.1663      269181.87     -201826         13845.071     -187980.93      1.5449442      19683               2349 
    758000   1996.6068      259916.62     -201965.94      13974.136     -187991.8       1.5449442      19683               2349 
    758500   1994.5911      266770.06     -201900.74      13960.027     -187940.71      1.5449442      19683               2349 
    759000   1989.19        266263.02     -201716.33      13922.225     -187794.1       1.5449442      19683               2349 
    759500   1961.7321      271775.95     -201319.79      13730.049     -187589.74      1.5449442      19683               2349 
    760000   2012.8087      260895.93     -201426.94      14087.531     -187339.41      1.5449442      19683               2349 
    760500   2027.8379      259695.63     -201340.92      14192.72      -187148.2       1.5449442      19683               2349 
    761000   2049.7877      265202.37     -201431.8       14346.345     -187085.45      1.5449442      19683               2349 
    761500   2041.0028      258810.42     -201500.61      14284.86      -187215.75      1.5449442      19683               2349 
    762000   1999.1771      253696.79     -201605.02      13992.125     -187612.89      1.5449442      19683               2349 
    762500   2003.9688      264829.94     -201890.58      14025.662     -187864.92      1.5449442      19683               2349 
    763000   1982.7068      272489.09     -201817.93      13876.85      -187941.08      1.5449442      19683               2349 
    763500   1971.7286      265771.05     -201729.47      13800.014     -187929.45      1.5449442      19683               2349 
    764000   1971.7624      259693.68     -201652.27      13800.251     -187852.02      1.5449442      19683               2349 
    764500   2012.1742      253431.87     -201781.4       14083.09      -187698.31      1.5449442      19683               2349 
    765000   2014.051       269581.58     -201602.5       14096.226     -187506.27      1.5449442      19683               2349 
    765500   2074.2204      270407.17     -201825.85      14517.348     -187308.5       1.5449442      19683               2349 
    766000   2046.4803      267843.15     -201464.42      14323.197     -187141.22      1.5449442      19683               2349 
    766500   1994.4977      273347.75     -201020.44      13959.374     -187061.07      1.5449442      19683               2349 
    767000   2028.8628      267209.02     -201316.27      14199.893     -187116.38      1.5449442      19683               2349 
    767500   2020.025       282836.8      -201633.96      14138.038     -187495.92      1.5449442      19683               2349 
    768000   2013.7824      257616.35     -201925.54      14094.346     -187831.19      1.5449442      19683               2349 
    768500   1951.3146      266866.42     -201627.82      13657.138     -187970.68      1.5449442      19683               2349 
    769000   1984.7223      256637.37     -201866.35      13890.957     -187975.39      1.5449442      19683               2349 
    769500   1978.1203      264518.23     -201764.52      13844.749     -187919.77      1.5449442      19683               2349 
    770000   2020.5148      247555.13     -201937.61      14141.466     -187796.14      1.5449442      19683               2349 
    770500   1997.8984      255004.81     -201665.08      13983.175     -187681.9       1.5449442      19683               2349 
    771000   2022.3479      259594.4      -201769.2       14154.296     -187614.91      1.5449442      19683               2349 
    771500   1970.6861      270357.54     -201399.78      13792.718     -187607.06      1.5449442      19683               2349 
    772000   2049.0539      263288.39     -201966.27      14341.209     -187625.06      1.5449442      19683               2349 
    772500   1998.8611      261908.49     -201723.18      13989.913     -187733.27      1.5449442      19683               2349 
    773000   2034.2033      258308.25     -202155.66      14237.271     -187918.39      1.5449442      19683               2349 
    773500   1978.8509      269227.11     -202007.52      13849.862     -188157.66      1.5449442      19683               2349 
    774000   1980.8593      258653.22     -202165.86      13863.919     -188301.94      1.5449442      19683               2349 
    774500   1956.8508      253886.45     -202072.22      13695.885     -188376.33      1.5449442      19683               2349 
    775000   1925.9594      267909.07     -201790.02      13479.678     -188310.34      1.5449442      19683               2349 
    775500   1992.3871      256761.98     -202008.22      13944.602     -188063.62      1.5449442      19683               2349 
    776000   2014.9825      255614.21     -201861.43      14102.746     -187758.69      1.5449442      19683               2349 
    776500   2039.9495      263221.37     -201863.69      14277.488     -187586.2       1.5449442      19683               2349 
    777000   2026.7095      259224.17     -201735.93      14184.822     -187551.11      1.5449442      19683               2349 
    777500   1963.6109      260515.89     -201322.44      13743.199     -187579.25      1.5449442      19683               2349 
    778000   2018.4452      258086.41     -201691.7       14126.981     -187564.71      1.5449442      19683               2349 
    778500   2050.2165      261919.55     -201951.57      14349.346     -187602.23      1.5449442      19683               2349 
    779000   1999.6002      262361.93     -201697.64      13995.086     -187702.55      1.5449442      19683               2349 
    779500   2007.3797      264567.89     -201958.37      14049.534     -187908.83      1.5449442      19683               2349 
    780000   1955.0142      258568.96     -201859.42      13683.031     -188176.39      1.5449442      19683               2349 
    780500   1930.8171      250711.53     -201852.6       13513.677     -188338.93      1.5449442      19683               2349 
    781000   1914.3952      265510.11     -201722.85      13398.741     -188324.11      1.5449442      19683               2349 
    781500   1940.436       262307.45     -201798.88      13580.999     -188217.88      1.5449442      19683               2349 
    782000   2029.7596      257605.17     -202295.84      14206.17      -188089.67      1.5449442      19683               2349 
    782500   1948.9697      260041.13     -201622.46      13640.726     -187981.73      1.5449442      19683               2349 
    783000   2001.1573      262340.26     -201884.73      14005.984     -187878.74      1.5449442      19683               2349 
    783500   1975.4953      262298.22     -201610.63      13826.377     -187784.25      1.5449442      19683               2349 
    784000   2018.2298      272983.18     -201787.25      14125.473     -187661.77      1.5449442      19683               2349 
    784500   2013.4205      259914        -201540.02      14091.813     -187448.21      1.5449442      19683               2349 
    785000   2048.6372      265411.76     -201506.2       14338.293     -187167.9       1.5449442      19683               2349 
    785500   2029.8324      252637.45     -201160.75      14206.679     -186954.07      1.5449442      19683               2349 
    786000   2097.0242      264353.48     -201581.34      14676.951     -186904.39      1.5449442      19683               2349 
    786500   2038.2164      258262.73     -201428.51      14265.358     -187163.15      1.5449442      19683               2349 
    787000   2037.8611      257250.7      -201828.05      14262.872     -187565.18      1.5449442      19683               2349 
    787500   2023.1858      262003.67     -201980.72      14160.16      -187820.56      1.5449442      19683               2349 
    788000   2019.0523      264091.75     -202078.83      14131.23      -187947.6       1.5449442      19683               2349 
    788500   1950.3992      253054.78     -201648.88      13650.731     -187998.15      1.5449442      19683               2349 
    789000   2006.9897      260077.96     -201998.95      14046.805     -187952.15      1.5449442      19683               2349 
    789500   2004.9282      257753.37     -201870.29      14032.376     -187837.91      1.5449442      19683               2349 
    790000   2028.7681      264548.84     -201903.3       14199.23      -187704.07      1.5449442      19683               2349 
    790500   2023.7402      268344.98     -201696.67      14164.04      -187532.63      1.5449442      19683               2349 
    791000   2025.7162      260922.21     -201566.39      14177.87      -187388.52      1.5449442      19683               2349 
    791500   2044.1992      253828.02     -201627.39      14307.232     -187320.16      1.5449442      19683               2349 
    792000   2001.8436      266485.25     -201467.78      14010.787     -187456.99      1.5449442      19683               2349 
    792500   2047.9762      260145.51     -202150.62      14333.666     -187816.95      1.5449442      19683               2349 
    793000   1978.8042      248987.42     -201945.07      13849.536     -188095.54      1.5449442      19683               2349 
    793500   1984.4593      252775.61     -202071.25      13889.116     -188182.13      1.5449442      19683               2349 
    794000   2018.825       263896.59     -202271.28      14129.639     -188141.64      1.5449442      19683               2349 
    794500   1993.2553      264850.53     -202021.72      13950.678     -188071.04      1.5449442      19683               2349 
    795000   2035.9684      271277.15     -202198.91      14249.624     -187949.29      1.5449442      19683               2349 
    795500   1973.3077      261522.29     -201627.04      13811.066     -187815.97      1.5449442      19683               2349 
    796000   2023.2682      262186.7      -201733.24      14160.737     -187572.5       1.5449442      19683               2349 
    796500   2012.4875      266997.31     -201349.82      14085.283     -187264.54      1.5449442      19683               2349 
    797000   2066.7028      260135.86     -201486.95      14464.733     -187022.22      1.5449442      19683               2349 
    797500   2091.0893      270267.73     -201573.45      14635.413     -186938.03      1.5449442      19683               2349 
    798000   2067.5254      265813.91     -201495.47      14470.49      -187024.98      1.5449442      19683               2349 
    798500   1990.4247      269726.33     -201274.73      13930.867     -187343.87      1.5449442      19683               2349 
    799000   2011.1876      262762.76     -201742.45      14076.185     -187666.27      1.5449442      19683               2349 
    799500   1961.2786      267512.41     -201494.75      13726.875     -187767.87      1.5449442      19683               2349 
    800000   1997.2902      272316.46     -201751.64      13978.918     -187772.72      1.5449442      19683               2349 
    800500   1983.6908      260846.48     -201622.75      13883.737     -187739.01      1.5449442      19683               2349 
    801000   1998.6486      264472.56     -201677.55      13988.426     -187689.12      1.5449442      19683               2349 
    801500   2009.5728      262021.67     -201716.99      14064.884     -187652.11      1.5449442      19683               2349 
    802000   2017.7081      255662.47     -201779.5       14121.822     -187657.68      1.5449442      19683               2349 
    802500   2012.0621      267185.94     -201725.44      14082.306     -187643.14      1.5449442      19683               2349 
    803000   2057.6536      250912.47     -201985.38      14401.398     -187583.98      1.5449442      19683               2349 
    803500   2006.2327      264030.68     -201586.79      14041.506     -187545.29      1.5449442      19683               2349 
    804000   1997.5197      274246.9      -201536.29      13980.524     -187555.77      1.5449442      19683               2349 
    804500   1980.0693      268475.73     -201475.56      13858.39      -187617.17      1.5449442      19683               2349 
    805000   1982.0889      262007.49     -201638.03      13872.526     -187765.51      1.5449442      19683               2349 
    805500   1966.1099      273216.05     -201738.65      13760.689     -187977.96      1.5449442      19683               2349 
    806000   2009.8373      252926.23     -202259.81      14066.735     -188193.07      1.5449442      19683               2349 
    806500   1960.9572      271313.39     -202010.07      13724.625     -188285.45      1.5449442      19683               2349 
    807000   1981.0612      263413.86     -202109.61      13865.332     -188244.28      1.5449442      19683               2349 
    807500   1998.6145      261859.6      -202091.29      13988.187     -188103.1       1.5449442      19683               2349 
    808000   1980.2065      254406.04     -201671.17      13859.35      -187811.82      1.5449442      19683               2349 
    808500   2030.41        266754.68     -201679.63      14210.722     -187468.91      1.5449442      19683               2349 
    809000   2042.148       261294.72     -201650.29      14292.876     -187357.41      1.5449442      19683               2349 
    809500   2047.1817      270389.55     -201727.83      14328.106     -187399.72      1.5449442      19683               2349 
    810000   2015.8274      269137.51     -201623.13      14108.659     -187514.47      1.5449442      19683               2349 
    810500   2020.4583      256007.3      -201825.23      14141.071     -187684.16      1.5449442      19683               2349 
    811000   1979.0832      264782.16     -201704.26      13851.488     -187852.77      1.5449442      19683               2349 
    811500   2019.6986      258974.22     -202102.4       14135.754     -187966.65      1.5449442      19683               2349 
    812000   1987.8937      251977.55     -201985.61      13913.153     -188072.45      1.5449442      19683               2349 
    812500   1983.4007      270726.12     -202024.02      13881.706     -188142.32      1.5449442      19683               2349 
    813000   1991.3887      256382.85     -202116.46      13937.614     -188178.85      1.5449442      19683               2349 
    813500   1975.2438      263477.94     -201986.83      13824.617     -188162.22      1.5449442      19683               2349 
    814000   1974.046       259887.01     -201918.69      13816.233     -188102.45      1.5449442      19683               2349 
    814500   2002.552       263923.43     -201910.52      14015.746     -187894.78      1.5449442      19683               2349 
    815000   2035.6165      256448.84     -201877.76      14247.162     -187630.6       1.5449442      19683               2349 
    815500   2033.941       264148.55     -201693.43      14235.435     -187457.99      1.5449442      19683               2349 
    816000   2009.0687      260827.53     -201450.16      14061.355     -187388.8       1.5449442      19683               2349 
    816500   2015.5306      262908.67     -201539.56      14106.582     -187432.98      1.5449442      19683               2349 
    817000   2047.2793      249744.71     -201951.78      14328.789     -187622.99      1.5449442      19683               2349 
    817500   2029.487       260687.48     -202135.8       14204.262     -187931.54      1.5449442      19683               2349 
    818000   1978.3445      250149.93     -201921.03      13846.318     -188074.71      1.5449442      19683               2349 
    818500   1978.4465      271147.9      -201929.83      13847.032     -188082.8       1.5449442      19683               2349 
    819000   1986.0996      258658.97     -201906.05      13900.596     -188005.46      1.5449442      19683               2349 
    819500   1977.6333      260479.74     -201756.9       13841.341     -187915.56      1.5449442      19683               2349 
    820000   2035.6169      259331.16     -202058.95      14247.164     -187811.78      1.5449442      19683               2349 
    820500   2014.4122      256573.69     -201788.01      14098.754     -187689.25      1.5449442      19683               2349 
    821000   2041.9706      257144.58     -201777.25      14291.634     -187485.62      1.5449442      19683               2349 
    821500   2049.2971      274803.58     -201516.31      14342.911     -187173.4       1.5449442      19683               2349 
    822000   2045.0978      262733.74     -201232.61      14313.521     -186919.09      1.5449442      19683               2349 
    822500   2040.1614      264416.49     -201209.4       14278.971     -186930.43      1.5449442      19683               2349 
    823000   2032.4328      266065.99     -201406.99      14224.879     -187182.11      1.5449442      19683               2349 
    823500   2030.984       253340.71     -201754.04      14214.739     -187539.3       1.5449442      19683               2349 
    824000   2017.1435      259424.66     -201828.32      14117.87      -187710.45      1.5449442      19683               2349 
    824500   2045.2075      256046.39     -202136.36      14314.288     -187822.07      1.5449442      19683               2349 
    825000   2035.7897      256530.4      -202222.24      14248.374     -187973.87      1.5449442      19683               2349 
    825500   1998.7882      255131.58     -202097.17      13989.403     -188107.77      1.5449442      19683               2349 
    826000   1978.0015      242752.81     -202006.42      13843.918     -188162.5       1.5449442      19683               2349 
    826500   1966.1091      257898.26     -201871.63      13760.684     -188110.95      1.5449442      19683               2349 
    827000   2004.1286      257888.64     -202004.49      14026.78      -187977.71      1.5449442      19683               2349 
    827500   2054.7442      262807.22     -202066.09      14381.035     -187685.05      1.5449442      19683               2349 
    828000   2025.1518      263232.17     -201631.81      14173.92      -187457.89      1.5449442      19683               2349 
    828500   2024.8701      263215.58     -201520.84      14171.949     -187348.89      1.5449442      19683               2349 
    829000   2049.0723      254156.56     -201717.29      14341.338     -187375.95      1.5449442      19683               2349 
    829500   1999.9413      256548.66     -201673.49      13997.473     -187676.02      1.5449442      19683               2349 
    830000   1984.7068      253850.08     -201950.79      13890.848     -188059.94      1.5449442      19683               2349 
    830500   1956.2465      254830.31     -201860.21      13691.656     -188168.56      1.5449442      19683               2349 
    831000   1959.7698      253537.35     -201871.67      13716.315     -188155.36      1.5449442      19683               2349 
    831500   1982.5427      254465.29     -201913.32      13875.701     -188037.62      1.5449442      19683               2349 
    832000   1962.2379      261631.64     -201617.19      13733.589     -187883.6       1.5449442      19683               2349 
    832500   2070.3498      257480.44     -202189.97      14490.258     -187699.71      1.5449442      19683               2349 
    833000   2003.5202      253040.89     -201598.27      14022.522     -187575.75      1.5449442      19683               2349 
    833500   2048.1967      260718.32     -201860.45      14335.21      -187525.24      1.5449442      19683               2349 
    834000   2019.8907      267307.14     -201789.3       14137.098     -187652.2       1.5449442      19683               2349 
    834500   1969.3664      255166.23     -201804.26      13783.481     -188020.78      1.5449442      19683               2349 
    835000   1947.1644      257290.18     -201924.25      13628.091     -188296.16      1.5449442      19683               2349 
    835500   2011.2894      256068.96     -202421.69      14076.898     -188344.8       1.5449442      19683               2349 
    836000   2035.2803      259013.52     -202515.2       14244.809     -188270.39      1.5449442      19683               2349 
    836500   2012.2488      249563.65     -202266.19      14083.612     -188182.58      1.5449442      19683               2349 
    837000   1999.9899      273408.45     -202088.12      13997.813     -188090.3       1.5449442      19683               2349 
    837500   2019.7657      262333.37     -202131.42      14136.223     -187995.2       1.5449442      19683               2349 
    838000   1993.5151      262731.68     -201768.31      13952.496     -187815.82      1.5449442      19683               2349 
    838500   2017.8244      261376.48     -201629.4       14122.636     -187506.77      1.5449442      19683               2349 
    839000   2085.2848      266931.8      -201783.85      14594.787     -187189.07      1.5449442      19683               2349 
    839500   2072.2286      278499.71     -201623.39      14503.407     -187119.99      1.5449442      19683               2349 
    840000   2053.6308      268238.8      -201677.31      14373.243     -187304.07      1.5449442      19683               2349 
    840500   2067.868       258101.49     -201989.18      14472.888     -187516.3       1.5449442      19683               2349 
    841000   2030.122       269352.32     -201912.32      14208.706     -187703.61      1.5449442      19683               2349 
    841500   2007.9531      249846.69     -201912.67      14053.547     -187859.12      1.5449442      19683               2349 
    842000   1968.7825      263007.76     -201760.13      13779.394     -187980.73      1.5449442      19683               2349 
    842500   1980.9748      262746.02     -201910.68      13864.728     -188045.95      1.5449442      19683               2349 
    843000   1995.6246      261677.47     -202082.5       13967.261     -188115.23      1.5449442      19683               2349 
    843500   2034.3357      257543.14     -202403.44      14238.198     -188165.25      1.5449442      19683               2349 
    844000   1993.5581      265410.43     -202137.18      13952.798     -188184.38      1.5449442      19683               2349 
    844500   1930.2198      260797.47     -201708.7       13509.496     -188199.2       1.5449442      19683               2349 
    845000   1970.9012      274911.18     -201867.36      13794.223     -188073.14      1.5449442      19683               2349 
    845500   1953.6522      259942.4      -201446.72      13673.498     -187773.22      1.5449442      19683               2349 
    846000   2067.2415      257136.9      -201959.58      14468.503     -187491.07      1.5449442      19683               2349 
    846500   2058.957       261567.88     -201800.69      14410.521     -187390.17      1.5449442      19683               2349 
    847000   2047.0164      268923.96     -201754.15      14326.949     -187427.2       1.5449442      19683               2349 
    847500   2003.3871      255076.79     -201612.95      14021.59      -187591.36      1.5449442      19683               2349 
    848000   2022.4306      254282.85     -201959.72      14154.875     -187804.84      1.5449442      19683               2349 
    848500   1956.9403      261515.16     -201700.52      13696.512     -188004.01      1.5449442      19683               2349 
    849000   2014.0675      257893.21     -202201.67      14096.342     -188105.33      1.5449442      19683               2349 
    849500   1962.6873      265978.94     -201879.15      13736.734     -188142.41      1.5449442      19683               2349 
    850000   1983.9874      264172.11     -202016.04      13885.813     -188130.23      1.5449442      19683               2349 
    850500   1988.4512      261368.04     -201982.58      13917.055     -188065.52      1.5449442      19683               2349 
    851000   2034.8869      264140.49     -202200.82      14242.055     -187958.77      1.5449442      19683               2349 
    851500   1965.9671      265178.67     -201610.12      13759.69      -187850.43      1.5449442      19683               2349 
    852000   2039.3919      260232.05     -201972.11      14273.586     -187698.53      1.5449442      19683               2349 
    852500   1989.7121      267472.13     -201450.88      13925.879     -187525         1.5449442      19683               2349 
    853000   2079.9691      268921.36     -201852.56      14557.583     -187294.97      1.5449442      19683               2349 
    853500   2074.8736      261207.49     -201638.2       14521.92      -187116.28      1.5449442      19683               2349 
    854000   2038.5813      264002.01     -201414.8       14267.912     -187146.89      1.5449442      19683               2349 
    854500   2006.3632      256533.87     -201484.19      14042.42      -187441.77      1.5449442      19683               2349 
    855000   2031.0603      255182.57     -202008.86      14215.273     -187793.59      1.5449442      19683               2349 
    855500   2017.3055      258095.36     -202103.25      14119.004     -187984.24      1.5449442      19683               2349 
    856000   2018.7555      257480.06     -202250.33      14129.152     -188121.18      1.5449442      19683               2349 
    856500   2031.5473      260433.84     -202497.99      14218.681     -188279.31      1.5449442      19683               2349 
    857000   1965.3657      245826.79     -202138.18      13755.48      -188382.7       1.5449442      19683               2349 
    857500   1969.6289      262169.63     -202160.59      13785.319     -188375.28      1.5449442      19683               2349 
    858000   1968.5146      256520.34     -202038.15      13777.519     -188260.63      1.5449442      19683               2349 
    858500   1965.4288      249257.24     -201802.67      13755.922     -188046.74      1.5449442      19683               2349 
    859000   2014.7979      252192.42     -201808.61      14101.454     -187707.16      1.5449442      19683               2349 
    859500   2073.4279      254494.84     -202038.63      14511.801     -187526.82      1.5449442      19683               2349 
    860000   2069.0906      273902.15     -201994.84      14481.445     -187513.4       1.5449442      19683               2349 
    860500   2047.3586      257424.05     -201965.38      14329.344     -187636.04      1.5449442      19683               2349 
    861000   2015.7681      264970.26     -201877.39      14108.244     -187769.15      1.5449442      19683               2349 
    861500   1991.4181      264616.83     -201812.91      13937.82      -187875.09      1.5449442      19683               2349 
    862000   2023.4204      269548.79     -202100.76      14161.802     -187938.95      1.5449442      19683               2349 
    862500   2011.1817      255675.36     -202072.92      14076.144     -187996.77      1.5449442      19683               2349 
    863000   2011.8161      267197.19     -202148.57      14080.584     -188067.98      1.5449442      19683               2349 
    863500   2018.1263      251207.42     -202288.19      14124.749     -188163.44      1.5449442      19683               2349 
    864000   1969.085       252923.89     -202021.05      13781.512     -188239.53      1.5449442      19683               2349 
    864500   1979.9295      251958.93     -202195.18      13857.412     -188337.76      1.5449442      19683               2349 
    865000   1975.7562      246187.97     -202320.18      13828.203     -188491.97      1.5449442      19683               2349 
    865500   1956.5004      252296.59     -202447.57      13693.433     -188754.14      1.5449442      19683               2349 
    866000   1887.9195      253875.99     -202127.57      13213.439     -188914.13      1.5449442      19683               2349 
    866500   1922.8392      256184.6      -202263.91      13457.84      -188806.07      1.5449442      19683               2349 
    867000   1953.5214      257812.08     -202180.85      13672.583     -188508.27      1.5449442      19683               2349 
    867500   1936.5056      266279.85     -201783.63      13553.49      -188230.14      1.5449442      19683               2349 
    868000   1988.855       266514.84     -202014.85      13919.881     -188094.97      1.5449442      19683               2349 
    868500   1980.7725      260205.41     -201890.08      13863.312     -188026.76      1.5449442      19683               2349 
    869000   2006.3962      259342.91     -201981.48      14042.651     -187938.83      1.5449442      19683               2349 
    869500   2005.3459      262254.73     -201946.54      14035.299     -187911.24      1.5449442      19683               2349 
    870000   2030.8888      277290.87     -202136.57      14214.073     -187922.5       1.5449442      19683               2349 
    870500   2026.5566      256383.93     -202251.51      14183.752     -188067.76      1.5449442      19683               2349 
    871000   1990.4824      248822.88     -202391.82      13931.271     -188460.55      1.5449442      19683               2349 
    871500   1942.4216      267534.75     -202319.09      13594.896     -188724.19      1.5449442      19683               2349 
    872000   1981.0827      251656.54     -202605.15      13865.483     -188739.67      1.5449442      19683               2349 
    872500   1946.2334      247981.1      -202273.95      13621.575     -188652.38      1.5449442      19683               2349 
    873000   1984.5341      249040.43     -202349.96      13889.639     -188460.32      1.5449442      19683               2349 
    873500   1948.567       261866.42     -201853.2       13637.908     -188215.29      1.5449442      19683               2349 
    874000   2009.7419      264111.42     -202089.54      14066.067     -188023.47      1.5449442      19683               2349 
    874500   1994.957       278695.8      -201870.63      13962.589     -187908.04      1.5449442      19683               2349 
    875000   1974.9433      264432.68     -201700.38      13822.514     -187877.87      1.5449442      19683               2349 
    875500   2039.201       263250.04     -202194.56      14272.25      -187922.31      1.5449442      19683               2349 
    876000   2003.3086      250072.54     -202046.62      14021.041     -188025.58      1.5449442      19683               2349 
    876500   2014.2084      266379.91     -202255.98      14097.327     -188158.65      1.5449442      19683               2349 
    877000   1991.4471      260105.16     -202277.73      13938.022     -188339.7       1.5449442      19683               2349 
    877500   1964.6257      268054.41     -202297.98      13750.301     -188547.68      1.5449442      19683               2349 
    878000   1933.1825      257605.22     -202333.94      13530.232     -188803.71      1.5449442      19683               2349 
    878500   1892.5228      263668.72     -202314.86      13245.657     -189069.2       1.5449442      19683               2349 
    879000   1957.6614      259084.46     -202890.38      13701.559     -189188.82      1.5449442      19683               2349 
    879500   1946.646       250507.39     -202665.99      13624.462     -189041.53      1.5449442      19683               2349 
    880000   1963.1926      255414.89     -202312.64      13740.271     -188572.37      1.5449442      19683               2349 
    880500   1993.5237      261427.11     -202202.79      13952.557     -188250.23      1.5449442      19683               2349 
    881000   1985.4878      258859.94     -201992.2       13896.314     -188095.88      1.5449442      19683               2349 
    881500   2025.6181      261882.34     -202175.31      14177.183     -187998.13      1.5449442      19683               2349 
    882000   2021.5165      267792.11     -202055.96      14148.477     -187907.49      1.5449442      19683               2349 
    882500   1995.2613      260613.9      -201849.87      13964.718     -187885.15      1.5449442      19683               2349 
    883000   2037.7022      256126.64     -202157.98      14261.759     -187896.22      1.5449442      19683               2349 
    883500   1974.4773      256351.78     -201857.18      13819.252     -188037.92      1.5449442      19683               2349 
    884000   1998.101       253394.16     -202242.17      13984.593     -188257.57      1.5449442      19683               2349 
    884500   1980.0021      262826.64     -202328.29      13857.92      -188470.37      1.5449442      19683               2349 
    885000   1957.9911      258211.54     -202246.97      13703.866     -188543.1       1.5449442      19683               2349 
    885500   1968.5014      261774        -202301.65      13777.427     -188524.23      1.5449442      19683               2349 
    886000   1976.4481      261825.18     -202193.51      13833.046     -188360.46      1.5449442      19683               2349 
    886500   2012.8257      259452.89     -202040.92      14087.65      -187953.27      1.5449442      19683               2349 
    887000   2031.5476      268751.59     -201861.45      14218.683     -187642.77      1.5449442      19683               2349 
    887500   2079.58        256432.32     -202163.59      14554.86      -187608.73      1.5449442      19683               2349 
    888000   2033.4386      264305.67     -201898.74      14231.919     -187666.82      1.5449442      19683               2349 
    888500   2025.8761      268425.62     -201965.9       14178.989     -187786.91      1.5449442      19683               2349 
    889000   1995.7673      270913.37     -201919.98      13968.259     -187951.72      1.5449442      19683               2349 
    889500   1967.3963      250135.5      -201876.65      13769.692     -188106.96      1.5449442      19683               2349 
    890000   1984.0634      261727.73     -202125.9       13886.345     -188239.56      1.5449442      19683               2349 
    890500   1979.1129      260498.9      -202195.7       13851.696     -188344         1.5449442      19683               2349 
    891000   1977.4443      252752.76     -202226.8       13840.018     -188386.79      1.5449442      19683               2349 
    891500   1975.3334      262583.93     -202129.91      13825.244     -188304.66      1.5449442      19683               2349 
    892000   2007.408       253947.22     -201981.61      14049.732     -187931.88      1.5449442      19683               2349 
    892500   2003.7743      266601.83     -201639.85      14024.3       -187615.55      1.5449442      19683               2349 
    893000   2067.8256      257216.98     -201932.99      14472.591     -187460.4       1.5449442      19683               2349 
    893500   2014.2842      265397.76     -201566.2       14097.858     -187468.34      1.5449442      19683               2349 
    894000   2041.5458      267363.04     -201899.51      14288.661     -187610.85      1.5449442      19683               2349 
    894500   2017.0271      249741.61     -201914.45      14117.056     -187797.39      1.5449442      19683               2349 
    895000   1979.2667      263171.69     -201844.51      13852.773     -187991.74      1.5449442      19683               2349 
    895500   1983.7768      260972.25     -202072.02      13884.339     -188187.68      1.5449442      19683               2349 
    896000   1943.3645      269983.55     -201923.41      13601.495     -188321.91      1.5449442      19683               2349 
    896500   1987.2387      262959.02     -202228.92      13908.568     -188320.35      1.5449442      19683               2349 
    897000   1980.9588      248202.17     -202123.43      13864.615     -188258.82      1.5449442      19683               2349 
    897500   2010.6954      246900.39     -202249.28      14072.74      -188176.54      1.5449442      19683               2349 
    898000   2029.9949      263444.35     -202283.42      14207.817     -188075.61      1.5449442      19683               2349 
    898500   1995.1641      265188.99     -201987.33      13964.038     -188023.29      1.5449442      19683               2349 
    899000   1972.2251      258057.08     -201799.5       13803.489     -187996.01      1.5449442      19683               2349 
    899500   2007.2279      260109.24     -202060.35      14048.472     -188011.87      1.5449442      19683               2349 
    900000   1995.3744      260139.11     -202071.19      13965.51      -188105.68      1.5449442      19683               2349 
    900500   2030.5685      253748.5      -202607.59      14211.831     -188395.76      1.5449442      19683               2349 
    901000   1966.0075      254431.39     -202549.53      13759.973     -188789.56      1.5449442      19683               2349 
    901500   1937.64        256629.33     -202433.47      13561.43      -188872.04      1.5449442      19683               2349 
    902000   1942.3826      258515.95     -202331.57      13594.623     -188736.94      1.5449442      19683               2349 
    902500   1940.9787      262377.16     -202123.27      13584.798     -188538.47      1.5449442      19683               2349 
    903000   2013.492       256643.06     -202390.5       14092.313     -188298.18      1.5449442      19683               2349 
    903500   1965.459       266571.96     -201869.53      13756.134     -188113.4       1.5449442      19683               2349 
    904000   1994.351       254418.78     -201924.32      13958.347     -187965.97      1.5449442      19683               2349 
    904500   2050.6309      261891.15     -202188.77      14352.247     -187836.53      1.5449442      19683               2349 
    905000   2004.203       253397.09     -201818.01      14027.3       -187790.71      1.5449442      19683               2349 
    905500   2031.3614      254668.16     -202043.99      14217.381     -187826.61      1.5449442      19683               2349 
    906000   1983.152       268338.79     -201844.24      13879.966     -187964.28      1.5449442      19683               2349 
    906500   1990.9654      255690.98     -202146.64      13934.651     -188211.99      1.5449442      19683               2349 
    907000   1973.0605      258263.95     -202249.31      13809.336     -188439.98      1.5449442      19683               2349 
    907500   1933.3089      268013.92     -202062.61      13531.117     -188531.49      1.5449442      19683               2349 
    908000   1964.6173      265042.85     -202253.45      13750.242     -188503.21      1.5449442      19683               2349 
    908500   2015.8211      261840.79     -202523.49      14108.615     -188414.87      1.5449442      19683               2349 
    909000   1962.8972      267851.16     -202069.33      13738.203     -188331.13      1.5449442      19683               2349 
    909500   1978.4484      262199.18     -202108.26      13847.046     -188261.21      1.5449442      19683               2349 
    910000   2037.7627      270071.47     -202431.63      14262.183     -188169.45      1.5449442      19683               2349 
    910500   2001.493       263374.57     -202051.41      14008.334     -188043.07      1.5449442      19683               2349 
    911000   2033.3388      264188.8      -202165.69      14231.22      -187934.47      1.5449442      19683               2349 
    911500   2058.7266      259003.15     -202221.54      14408.908     -187812.63      1.5449442      19683               2349 
    912000   2046.4842      263515.46     -202000.58      14323.224     -187677.35      1.5449442      19683               2349 
    912500   1986.7041      267621.4      -201462.78      13904.827     -187557.95      1.5449442      19683               2349 
    913000   2044.0778      266122.44     -201841.46      14306.382     -187535.08      1.5449442      19683               2349 
    913500   2002.8923      266262.42     -201714.16      14018.127     -187696.03      1.5449442      19683               2349 
    914000   2034.9004      266647.27     -202230.53      14242.15      -187988.38      1.5449442      19683               2349 
    914500   2002.1143      258983.91     -202271.05      14012.682     -188258.37      1.5449442      19683               2349 
    915000   1963.6127      263592.37     -202123.16      13743.211     -188379.95      1.5449442      19683               2349 
    915500   1939.1789      267330.77     -202003.6       13572.2       -188431.4       1.5449442      19683               2349 
    916000   1977.9509      251833.19     -202245.67      13843.563     -188402.11      1.5449442      19683               2349 
    916500   2011.8075      248839.47     -202409.82      14080.524     -188329.3       1.5449442      19683               2349 
    917000   2002.9659      264216.06     -202163.21      14018.642     -188144.57      1.5449442      19683               2349 
    917500   2013.3864      264706.58     -201953.28      14091.575     -187861.71      1.5449442      19683               2349 
    918000   2029.1803      257364.26     -201787.64      14202.115     -187585.53      1.5449442      19683               2349 
    918500   2055.2974      265747.45     -201909.95      14384.907     -187525.05      1.5449442      19683               2349 
    919000   2067.6403      269240.96     -202062.61      14471.294     -187591.32      1.5449442      19683               2349 
    919500   2051.5439      265063.79     -202219.97      14358.637     -187861.34      1.5449442      19683               2349 
    920000   2043.6301      260364.67     -202509.19      14303.249     -188205.94      1.5449442      19683               2349 
    920500   1963.064       257942.45     -202067.43      13739.371     -188328.06      1.5449442      19683               2349 
    921000   2010.1315      267509.33     -202387.55      14068.794     -188318.76      1.5449442      19683               2349 
    921500   2001.9218      250671.91     -202290.75      14011.334     -188279.42      1.5449442      19683               2349 
    922000   1966.5587      266661.48     -201997.42      13763.83      -188233.59      1.5449442      19683               2349 
    922500   1974.4228      260774.15     -201986.56      13818.871     -188167.69      1.5449442      19683               2349 
    923000   2010.1074      262145.79     -202179.62      14068.625     -188110.99      1.5449442      19683               2349 
    923500   1974.0456      256116.4      -201878.14      13816.231     -188061.91      1.5449442      19683               2349 
    924000   2007.6954      261342.11     -202020.35      14051.744     -187968.6       1.5449442      19683               2349 
    924500   2049.8745      264788.17     -202241.67      14346.952     -187894.72      1.5449442      19683               2349 
    925000   2019.5701      255893.03     -202016.5       14134.854     -187881.64      1.5449442      19683               2349 
    925500   2028.963       259691.05     -202177.12      14200.595     -187976.52      1.5449442      19683               2349 
    926000   1973.8835      259140.13     -202017.54      13815.096     -188202.44      1.5449442      19683               2349 
    926500   1977.0043      254963.63     -202249.07      13836.938     -188412.13      1.5449442      19683               2349 
    927000   1957.186       259464.75     -202179.34      13698.231     -188481.11      1.5449442      19683               2349 
    927500   1987.4984      254812.61     -202336.34      13910.386     -188425.95      1.5449442      19683               2349 
    928000   1987.2961      259114.42     -202183.76      13908.97      -188274.79      1.5449442      19683               2349 
    928500   2019.5933      263336.53     -202090.75      14135.016     -187955.73      1.5449442      19683               2349 
    929000   2057.0142      253999.82     -202020.01      14396.923     -187623.08      1.5449442      19683               2349 
    929500   2046.6998      273546.22     -201842.97      14324.733     -187518.24      1.5449442      19683               2349 
    930000   2013.9142      267023.83     -201695.96      14095.269     -187600.69      1.5449442      19683               2349 
    930053   2023.2382      267708.83     -201770.67      14160.527     -187610.14      1.5449442      19683               2349 
Loop time of 22969.9 on 48 procs for 400000 steps with 2349 atoms

Performance: 0.150 ns/day, 159.513 hours/ns, 17.414 timesteps/s, 40.906 katom-step/s
99.4% CPU use with 12 MPI tasks x 4 OpenMP threads

MPI task timing breakdown:
Section |  min time  |  avg time  |  max time  |%varavg| %total
---------------------------------------------------------------
Pair    | 19056      | 19370      | 19528      |  97.1 | 84.33
Neigh   | 153.79     | 154.58     | 155.8      |   4.6 |  0.67
Comm    | 326.44     | 484.53     | 798.18     | 613.3 |  2.11
Output  | 0.10377    | 0.1209     | 0.14558    |   3.2 |  0.00
Modify  | 2949       | 2950.1     | 2951.1     |   1.1 | 12.84
Other   |            | 10.19      |            |       |  0.04

Nlocal:         195.75 ave         203 max         186 min
Histogram: 1 0 1 3 1 0 0 2 2 2
Nghost:        5333.25 ave        5368 max        5297 min
Histogram: 2 0 2 2 0 0 0 3 1 2
Neighs:         152104 ave      157616 max      145288 min
Histogram: 1 0 3 2 0 0 0 2 2 2

Total # of neighbors = 1825252
Ave neighs/atom = 777.03363
Neighbor list builds = 4182
Dangerous builds = 0
write_restart   out/restart.solgel_pH${pH}.stage2
write_restart   out/restart.solgel_pH7.5.stage2
System init for write_restart ...

print           "--- Condensation Stage 3/4 ---"
--- Condensation Stage 3/4 ---
run             400000
Per MPI rank memory allocation (min/avg/max) = 374.3 | 381.4 | 387.1 Mbytes
   Step          Temp          Press          PotEng         KinEng         TotEng        Density         Volume        Atoms   
    930053   2023.2382      267708.39     -201770.67      14160.527     -187610.14      1.5449442      19683               2349 
    930500   2030.1353      260602.13     -201921.52      14208.799     -187712.72      1.5449442      19683               2349 
    931000   1994.1843      252149.11     -201774.51      13957.18      -187817.33      1.5449442      19683               2349 
    931500   2001.2061      261193.36     -201947.05      14006.325     -187940.72      1.5449442      19683               2349 
    932000   2019.9325      259574.76     -202158.73      14137.39      -188021.34      1.5449442      19683               2349 
    932500   1961.7023      257693.68     -201824.64      13729.841     -188094.8       1.5449442      19683               2349 
    933000   1954.2369      263896.94     -201856.81      13677.59      -188179.22      1.5449442      19683               2349 
    933500   1969.0332      263655.1      -202022.68      13781.149     -188241.53      1.5449442      19683               2349 
    934000   1984.6104      268503.65     -202242.33      13890.173     -188352.15      1.5449442      19683               2349 
    934500   1944.4372      261356.66     -202193.3       13609.003     -188584.3       1.5449442      19683               2349 
    935000   1932.7576      260673.05     -202272.68      13527.258     -188745.42      1.5449442      19683               2349 
    935500   1941.7767      250755.14     -202390.34      13590.382     -188799.96      1.5449442      19683               2349 
    936000   1974.5431      258770.03     -202506.65      13819.713     -188686.94      1.5449442      19683               2349 
    936500   1985.1005      258351.8      -202310.58      13893.604     -188416.98      1.5449442      19683               2349 
    937000   1981.6935      257746.24     -201953.84      13869.758     -188084.09      1.5449442      19683               2349 
    937500   1987.827       260028.72     -201835.95      13912.686     -187923.26      1.5449442      19683               2349 
    938000   2004.6817      265776.8      -201839.96      14030.651     -187809.3       1.5449442      19683               2349 
    938500   2013.6698      264424.36     -201862.53      14093.558     -187768.98      1.5449442      19683               2349 
    939000   2008.5067      264095.31     -201877.37      14057.422     -187819.95      1.5449442      19683               2349 
    939500   2019.9818      261740.74     -202045.58      14137.736     -187907.85      1.5449442      19683               2349 
    940000   1997.2428      257922.85     -202112.86      13978.586     -188134.28      1.5449442      19683               2349 
    940500   1969.6014      267633.55     -202229.76      13785.126     -188444.63      1.5449442      19683               2349 
    941000   1971.6074      262051.72     -202423.86      13799.166     -188624.69      1.5449442      19683               2349 
    941500   1938.485       261881.83     -202220.48      13567.344     -188653.14      1.5449442      19683               2349 
    942000   1944.1061      260894.96     -202119.05      13606.686     -188512.37      1.5449442      19683               2349 
    942500   1968.4995      255347.84     -202136         13777.414     -188358.58      1.5449442      19683               2349 
    943000   1959.6972      256765.34     -201896.1       13715.807     -188180.3       1.5449442      19683               2349 
    943500   2045.7586      264526.8      -202349.14      14318.146     -188031         1.5449442      19683               2349 
    944000   1997.0548      262577.55     -201878.86      13977.271     -187901.59      1.5449442      19683               2349 
    944500   2025.6613      269919.92     -201965.81      14177.486     -187788.32      1.5449442      19683               2349 
    945000   1990.9787      264151.03     -201644.94      13934.744     -187710.19      1.5449442      19683               2349 
    945500   2030.7292      264581.66     -201880.03      14212.956     -187667.08      1.5449442      19683               2349 
    946000   2041.646       264524.46     -201968.96      14289.362     -187679.6       1.5449442      19683               2349 
    946500   2017.7017      263825.9      -201976.94      14121.777     -187855.16      1.5449442      19683               2349 
    947000   2007.422       254828.29     -202230.25      14049.83      -188180.42      1.5449442      19683               2349 
    947500   1965.799       265432.84     -202162.8       13758.513     -188404.29      1.5449442      19683               2349 
    948000   1980.4379      259596.46     -202325.09      13860.97      -188464.12      1.5449442      19683               2349 
    948500   1946.2061      255988.26     -202081.84      13621.383     -188460.45      1.5449442      19683               2349 
    949000   1993.2014      257677.5      -202296.11      13950.301     -188345.81      1.5449442      19683               2349 
    949500   1984.8893      259777.87     -202082.13      13892.125     -188190.01      1.5449442      19683               2349 
    950000   2004.0031      272796.1      -201976.69      14025.902     -187950.79      1.5449442      19683               2349 
    950500   2039.8507      253901.43     -201920.35      14276.796     -187643.55      1.5449442      19683               2349 
    951000   2070.9368      260726.47     -201998.36      14494.366     -187504         1.5449442      19683               2349 
    951500   2077.8334      270452.42     -202111.05      14542.635     -187568.42      1.5449442      19683               2349 
    952000   2008.6239      254709.73     -201957.92      14058.242     -187899.68      1.5449442      19683               2349 
    952500   2064.2958      253113.11     -202652.06      14447.886     -188204.17      1.5449442      19683               2349 
    953000   2000.9321      272170.72     -202293         14004.408     -188288.59      1.5449442      19683               2349 
    953500   2026.1513      249543.07     -202509.6       14180.915     -188328.68      1.5449442      19683               2349 
    954000   1994.106       264164.61     -202336.74      13956.632     -188380.11      1.5449442      19683               2349 
    954500   1981.4709      267497.25     -202251.8       13868.2       -188383.6       1.5449442      19683               2349 
    955000   1987.0376      252483.23     -202201.13      13907.161     -188293.97      1.5449442      19683               2349 
    955500   2005.7084      253490.93     -202227.98      14037.836     -188190.15      1.5449442      19683               2349 
    956000   2013.6097      260179.72     -202113.81      14093.138     -188020.68      1.5449442      19683               2349 
    956500   1994.2016      252358.31     -201831.1       13957.301     -187873.8       1.5449442      19683               2349 
    957000   2015.8783      265954.2      -201897.13      14109.016     -187788.11      1.5449442      19683               2349 
    957500   2001.4264      253653.11     -201831.19      14007.868     -187823.33      1.5449442      19683               2349 
    958000   2030.6401      251251.09     -202235.72      14212.332     -188023.38      1.5449442      19683               2349 
    958500   1992.2755      256162.96     -202266.61      13943.821     -188322.79      1.5449442      19683               2349 
    959000   1966.5625      266090.27     -202290.29      13763.857     -188526.43      1.5449442      19683               2349 
    959500   1971.5733      257193.48     -202416.26      13798.927     -188617.33      1.5449442      19683               2349 
    960000   1973.6922      258015.37     -202402.1       13813.757     -188588.35      1.5449442      19683               2349 
    960500   1969.0184      265179.97     -202243.99      13781.045     -188462.94      1.5449442      19683               2349 
    961000   2010.5666      264484.1      -202370.86      14071.839     -188299.03      1.5449442      19683               2349 
    961500   2005.3741      265019.87     -202172.66      14035.497     -188137.16      1.5449442      19683               2349 
    962000   2022.3715      265745.03     -202053.23      14154.461     -187898.77      1.5449442      19683               2349 
    962500   2030.9716      260125.5      -201734.8       14214.652     -187520.15      1.5449442      19683               2349 
    963000   2072.4427      275757.44     -201773.81      14504.906     -187268.9       1.5449442      19683               2349 
    963500   2066.4127      258758.64     -201753.76      14462.702     -187291.06      1.5449442      19683               2349 
    964000   2036.9361      273933        -201777.15      14256.398     -187520.76      1.5449442      19683               2349 
    964500   2021.2681      261885.05     -201910.34      14146.738     -187763.6       1.5449442      19683               2349 
    965000   1997.6954      276169.01     -201919.34      13981.754     -187937.59      1.5449442      19683               2349 
    965500   2028.0502      264708.94     -202273.71      14194.205     -188079.51      1.5449442      19683               2349 
    966000   2004.5521      261484.87     -202247.25      14029.744     -188217.51      1.5449442      19683               2349 
    966500   1976.2942      256837.76     -202184         13831.969     -188352.04      1.5449442      19683               2349 
    967000   1984.5542      258322.95     -202310.42      13889.78      -188420.64      1.5449442      19683               2349 
    967500   1971.154       258486.2      -202309.06      13795.992     -188513.07      1.5449442      19683               2349 
    968000   1956.2217      267426.05     -202240.64      13691.482     -188549.16      1.5449442      19683               2349 
    968500   1982.5899      259011.21     -202376.54      13876.032     -188500.51      1.5449442      19683               2349 
    969000   1976.7236      267680.74     -202142.61      13834.974     -188307.64      1.5449442      19683               2349 
    969500   2025.677       253968.77     -202149.44      14177.596     -187971.85      1.5449442      19683               2349 
    970000   2072.0969      252301.23     -202236.43      14502.486     -187733.94      1.5449442      19683               2349 
    970500   2089.5485      262022.35     -202295.53      14624.629     -187670.9       1.5449442      19683               2349 
    971000   2031.4471      272763.47     -201956.21      14217.98      -187738.23      1.5449442      19683               2349 
    971500   2014.8327      261658.32     -202051.39      14101.697     -187949.69      1.5449442      19683               2349 
    972000   1970.0006      266494.1      -201952.2       13787.92      -188164.28      1.5449442      19683               2349 
    972500   2018.0358      269901.96     -202368.19      14124.115     -188244.07      1.5449442      19683               2349 
    973000   1994.1677      274390.08     -202227.23      13957.064     -188270.17      1.5449442      19683               2349 
    973500   1976.9632      259734.42     -202107.43      13836.651     -188270.78      1.5449442      19683               2349 
    974000   1979.3494      265545.54     -202070.41      13853.351     -188217.06      1.5449442      19683               2349 
    974500   2021.9405      248221.49     -202278.51      14151.444     -188127.06      1.5449442      19683               2349 
    975000   2021.5304      259659.16     -202295.48      14148.574     -188146.91      1.5449442      19683               2349 
    975500   2043.3026      261998.53     -202498.38      14300.956     -188197.43      1.5449442      19683               2349 
    976000   1970.4794      252169.25     -202061.92      13791.271     -188270.65      1.5449442      19683               2349 
    976500   1922.3104      249002.77     -201865.16      13454.139     -188411.02      1.5449442      19683               2349 
    977000   1954.4849      253522.99     -202322.23      13679.326     -188642.9       1.5449442      19683               2349 
    977500   1927.1125      253221.71     -202301.32      13487.748     -188813.57      1.5449442      19683               2349 
    978000   1989.2105      257691.62     -202717.41      13922.369     -188795.04      1.5449442      19683               2349 
    978500   1947.2735      272277.59     -202196.87      13628.854     -188568.02      1.5449442      19683               2349 
    979000   2029.0611      249324.47     -202444.62      14201.281     -188243.34      1.5449442      19683               2349 
    979500   1997.7553      263410.88     -202058.84      13982.174     -188076.66      1.5449442      19683               2349 
    980000   2022.2258      258843.96     -202129.66      14153.441     -187976.22      1.5449442      19683               2349 
    980500   2051.1472      263881.6      -202278.03      14355.861     -187922.17      1.5449442      19683               2349 
    981000   1995.008       267283.4      -201902.03      13962.945     -187939.08      1.5449442      19683               2349 
    981500   2026.6524      258638.02     -202205.5       14184.422     -188021.08      1.5449442      19683               2349 
    982000   2004.93        257224.63     -202203.76      14032.389     -188171.37      1.5449442      19683               2349 
    982500   1979.0839      249234.88     -202284.06      13851.493     -188432.56      1.5449442      19683               2349 
    983000   1974.9846      253778.41     -202530.92      13822.802     -188708.12      1.5449442      19683               2349 
    983500   1945.7628      266119.93     -202421.44      13618.281     -188803.16      1.5449442      19683               2349 
    984000   1975.3452      254191.29     -202507.79      13825.326     -188682.46      1.5449442      19683               2349 
    984500   2001.6178      250529.98     -202509.41      14009.207     -188500.2       1.5449442      19683               2349 
    985000   1984.6319      259871.56     -202251.8       13890.323     -188361.48      1.5449442      19683               2349 
    985500   1981.4572      266965.32     -202148.62      13868.104     -188280.51      1.5449442      19683               2349 
    986000   2018.9361      255175.57     -202301.05      14130.416     -188170.63      1.5449442      19683               2349 
    986500   1973.5303      248622.34     -201897.81      13812.624     -188085.18      1.5449442      19683               2349 
    987000   2035.4633      262011.08     -202264.72      14246.089     -188018.63      1.5449442      19683               2349 
    987500   2034.743       264392.07     -202311.62      14241.048     -188070.57      1.5449442      19683               2349 
    988000   1974.0089      267850.56     -202046.84      13815.974     -188230.87      1.5449442      19683               2349 
    988500   1993.755       258778.25     -202445.65      13954.175     -188491.47      1.5449442      19683               2349 
    989000   1926.2139      269578.05     -202200.04      13481.459     -188718.58      1.5449442      19683               2349 
    989500   1937.7535      259605.15     -202356.11      13562.224     -188793.88      1.5449442      19683               2349 
    990000   2003.1171      257006.3      -202741.89      14019.7       -188722.19      1.5449442      19683               2349 
    990500   1974.4095      256250.44     -202331.65      13818.778     -188512.87      1.5449442      19683               2349 
    991000   1955.949       253066.51     -201915.71      13689.574     -188226.13      1.5449442      19683               2349 
    991500   2046.1101      255615.68     -202334.59      14320.606     -188013.99      1.5449442      19683               2349 
    992000   2002.609       271369.88     -201970.1       14016.144     -187953.96      1.5449442      19683               2349 
    992500   2031.3802      261607.64     -202170.4       14217.512     -187952.89      1.5449442      19683               2349 
    993000   1994.4808      271117.28     -201962.22      13959.255     -188002.96      1.5449442      19683               2349 
    993500   1994.8391      264528.4      -202038.65      13961.763     -188076.88      1.5449442      19683               2349 
    994000   2023.9515      259351.97     -202341.82      14165.519     -188176.3       1.5449442      19683               2349 
    994500   1986.7683      268517.28     -202222.28      13905.276     -188317         1.5449442      19683               2349 
    995000   1960.6086      264861.63     -202278.96      13722.186     -188556.77      1.5449442      19683               2349 
    995500   1925.2075      257857.3      -202235.92      13474.416     -188761.51      1.5449442      19683               2349 
    996000   1993.9288      256976.29     -202772.87      13955.392     -188817.48      1.5449442      19683               2349 
    996500   1957.5081      268431.03     -202438.34      13700.486     -188737.85      1.5449442      19683               2349 
    997000   1982.1362      261419.32     -202398.32      13872.856     -188525.46      1.5449442      19683               2349 
    997500   2021.4677      265425.99     -202383.29      14148.135     -188235.16      1.5449442      19683               2349 
    998000   2034.4518      260458.14     -202302.04      14239.01      -188063.03      1.5449442      19683               2349 
    998500   2061.7548      258431.86     -202439.23      14430.103     -188009.12      1.5449442      19683               2349 
    999000   1994.987       267643.82     -201949.46      13962.798     -187986.67      1.5449442      19683               2349 
    999500   1979.7943      261572.49     -201827.29      13856.465     -187970.82      1.5449442      19683               2349 
   1000000   2023.4534      258788.9      -202081.07      14162.033     -187919.03      1.5449442      19683               2349 
   1000500   2041.2471      263052.08     -202204.12      14286.57      -187917.55      1.5449442      19683               2349 
   1001000   2039.0808      259392.71     -202225.91      14271.408     -187954.5       1.5449442      19683               2349 
   1001500   2028.2008      264369.33     -202252.42      14195.26      -188057.16      1.5449442      19683               2349 
   1002000   1984.5088      259782.32     -202104.94      13889.462     -188215.47      1.5449442      19683               2349 
   1002500   1939.0568      259289.55     -201989.19      13571.346     -188417.84      1.5449442      19683               2349 
   1003000   1934.2815      269528.49     -202082.43      13537.924     -188544.51      1.5449442      19683               2349 
   1003500   1954.6816      245238.44     -202274.8       13680.703     -188594.1       1.5449442      19683               2349 
   1004000   1924.3382      249621.23     -202051.26      13468.332     -188582.93      1.5449442      19683               2349 
   1004500   1954.2977      259524.9      -202055.22      13678.016     -188377.21      1.5449442      19683               2349 
   1005000   1993.971       254952.06     -201930.8       13955.688     -187975.11      1.5449442      19683               2349 
   1005500   2065.0536      259401.23     -202168.46      14453.19      -187715.27      1.5449442      19683               2349 
   1006000   2066.4656      263539.45     -202079.72      14463.073     -187616.65      1.5449442      19683               2349 
   1006500   2099.5038      249023.53     -202381.12      14694.305     -187686.81      1.5449442      19683               2349 
   1007000   2002.6825      268563.88     -201866.25      14016.659     -187849.59      1.5449442      19683               2349 
   1007500   1950.9251      268548.75     -201681.1       13654.412     -188026.68      1.5449442      19683               2349 
   1008000   2034.1247      264937.25     -202420.23      14236.721     -188183.51      1.5449442      19683               2349 
   1008500   1992.0862      261431.91     -202255.55      13942.496     -188313.05      1.5449442      19683               2349 
   1009000   2000.6845      256213.95     -202410         14002.675     -188407.32      1.5449442      19683               2349 
   1009500   1969.5689      249823.92     -202203.43      13784.898     -188418.53      1.5449442      19683               2349 
   1010000   1998.9216      253066.93     -202388.02      13990.336     -188397.69      1.5449442      19683               2349 
   1010500   1971.0568      260837.83     -202132.74      13795.312     -188337.43      1.5449442      19683               2349 
   1011000   1995.7302      249440.37     -202232.67      13968         -188264.67      1.5449442      19683               2349 
   1011500   2027.9338      267086.58     -202374.65      14193.391     -188181.26      1.5449442      19683               2349 
   1012000   2007.1806      251004.92     -202131.96      14048.14      -188083.82      1.5449442      19683               2349 
   1012500   2045.9953      262395.13     -202315.34      14319.802     -187995.54      1.5449442      19683               2349 
   1013000   2004.9365      263612.62     -201966.38      14032.434     -187933.94      1.5449442      19683               2349 
   1013500   2014.7438      267587.97     -201923.84      14101.075     -187822.77      1.5449442      19683               2349 
   1014000   2031.8648      270954.12     -201816.71      14220.904     -187595.8       1.5449442      19683               2349 
   1014500   2023.5221      269457.39     -201600.56      14162.514     -187438.05      1.5449442      19683               2349 
   1015000   2050.5407      271262.66     -201766.54      14351.616     -187414.93      1.5449442      19683               2349 
   1015500   2030.251       259548.47     -201818.65      14209.609     -187609.04      1.5449442      19683               2349 
   1016000   2019.5628      268462.06     -202026.27      14134.803     -187891.47      1.5449442      19683               2349 
   1016500   1968.5377      264667.7      -201888.24      13777.681     -188110.56      1.5449442      19683               2349 
   1017000   1957.6319      270866.69     -201924.16      13701.352     -188222.81      1.5449442      19683               2349 
   1017500   1955.541       259961.65     -201888.3       13686.718     -188201.59      1.5449442      19683               2349 
   1018000   1984.0075      264534.33     -202012.71      13885.953     -188126.75      1.5449442      19683               2349 
   1018500   1979.4788      263780.37     -201873.19      13854.257     -188018.94      1.5449442      19683               2349 
   1019000   1997.2453      258597.97     -201823.18      13978.604     -187844.58      1.5449442      19683               2349 
   1019500   2064.2918      263386.98     -202072.44      14447.858     -187624.59      1.5449442      19683               2349 
   1020000   2054.538       261171.17     -201776.46      14379.592     -187396.87      1.5449442      19683               2349 
   1020500   2026.2602      265760.06     -201379.82      14181.678     -187198.15      1.5449442      19683               2349 
   1021000   2060.8865      263562.52     -201632.46      14424.025     -187208.44      1.5449442      19683               2349 
   1021500   2020.943       257049.05     -201694.3       14144.463     -187549.84      1.5449442      19683               2349 
   1022000   1974.5018      266433.54     -201700.32      13819.424     -187880.9       1.5449442      19683               2349 
   1022500   1976.3315      258712.02     -201812.86      13832.23      -187980.63      1.5449442      19683               2349 
   1023000   2023.7474      264641.22     -202238.64      14164.091     -188074.55      1.5449442      19683               2349 
   1023500   1990.4645      251759.79     -202125.17      13931.146     -188194.02      1.5449442      19683               2349 
   1024000   2001.037       260130.3      -202315.19      14005.142     -188310.05      1.5449442      19683               2349 
   1024500   1967.6986      258808.53     -202108.54      13771.808     -188336.73      1.5449442      19683               2349 
   1025000   1998.8149      267765.11     -202338.55      13989.59      -188348.96      1.5449442      19683               2349 
   1025500   2012.7798      263162.5      -202418.86      14087.329     -188331.53      1.5449442      19683               2349 
   1026000   1971.3229      267503.79     -202118.45      13797.174     -188321.27      1.5449442      19683               2349 
   1026500   1972.6231      261356.1      -202083.36      13806.274     -188277.08      1.5449442      19683               2349 
   1027000   1990.266       274584.99     -202056.73      13929.756     -188126.97      1.5449442      19683               2349 
   1027500   2022.7214      259256.24     -202037.4       14156.91      -187880.49      1.5449442      19683               2349 
   1028000   2068.0301      249195.41     -202183.05      14474.023     -187709.03      1.5449442      19683               2349 
   1028500   2051.4503      267962.42     -201991.33      14357.981     -187633.35      1.5449442      19683               2349 
   1029000   2030.62        263095.27     -201934.68      14212.192     -187722.48      1.5449442      19683               2349 
   1029500   1997.0998      269762.08     -201967.62      13977.586     -187990.03      1.5449442      19683               2349 
   1030000   2004.7458      262316.68     -202298.33      14031.099     -188267.24      1.5449442      19683               2349 
   1030500   1978.6904      258307.76     -202223.5       13848.739     -188374.76      1.5449442      19683               2349 
   1031000   1999.5603      260683.7      -202380.6       13994.807     -188385.8       1.5449442      19683               2349 
   1031500   1971.1534      258168.17     -202125.19      13795.988     -188329.2       1.5449442      19683               2349 
   1032000   2004.8828      266402        -202241.98      14032.058     -188209.93      1.5449442      19683               2349 
   1032500   1996.8655      267039.03     -202075.75      13975.946     -188099.8       1.5449442      19683               2349 
   1033000   2009.8294      255322.11     -202038.51      14066.68      -187971.83      1.5449442      19683               2349 
   1033500   2025.0293      264521.63     -202011.81      14173.063     -187838.75      1.5449442      19683               2349 
   1034000   2010.8845      254474.85     -201734.14      14074.064     -187660.08      1.5449442      19683               2349 
   1034500   2052.2084      263848.06     -201792.27      14363.288     -187428.99      1.5449442      19683               2349 
   1035000   2064.3231      270678.12     -201687.7       14448.078     -187239.62      1.5449442      19683               2349 
   1035500   2085.5396      271737.34     -201850.88      14596.571     -187254.31      1.5449442      19683               2349 
   1036000   2068.7492      253441.78     -201959.36      14479.056     -187480.31      1.5449442      19683               2349 
   1036500   2016.4346      256924.79     -201946.96      14112.909     -187834.05      1.5449442      19683               2349 
   1037000   1963.7806      264859.47     -201772.61      13744.387     -188028.22      1.5449442      19683               2349 
   1037500   1975.7735      267039.4      -201943.64      13828.324     -188115.32      1.5449442      19683               2349 
   1038000   1998.8158      262986.51     -202125.75      13989.596     -188136.15      1.5449442      19683               2349 
   1038500   1992.6448      263581.64     -202115.15      13946.406     -188168.74      1.5449442      19683               2349 
   1039000   1981.7057      257608.63     -202065.02      13869.844     -188195.17      1.5449442      19683               2349 
   1039500   2007.28        255635.39     -202274.55      14048.836     -188225.71      1.5449442      19683               2349 
   1040000   1977.677       268849.85     -202150.94      13841.647     -188309.3       1.5449442      19683               2349 
   1040500   1989.719       263018.34     -202351.54      13925.928     -188425.61      1.5449442      19683               2349 
   1041000   1968.3653      251753.69     -202312.47      13776.475     -188535.99      1.5449442      19683               2349 
   1041500   1946.7396      261585.03     -202164.82      13625.118     -188539.7       1.5449442      19683               2349 
   1042000   1981.1723      247682.33     -202271.81      13866.11      -188405.7       1.5449442      19683               2349 
   1042500   2029.9156      258288.65     -202311.77      14207.262     -188104.51      1.5449442      19683               2349 
   1043000   1998.4216      260241.18     -201838.7       13986.837     -187851.86      1.5449442      19683               2349 
   1043500   2027.1855      253144.34     -201910.29      14188.154     -187722.14      1.5449442      19683               2349 
   1044000   2039.9747      255290.1      -201952.79      14277.664     -187675.13      1.5449442      19683               2349 
   1044500   2003.0653      265391.64     -201759.81      14019.338     -187740.47      1.5449442      19683               2349 
   1045000   2056.8929      250916.15     -202260.18      14396.074     -187864.1       1.5449442      19683               2349 
   1045500   1990.9974      255306.9      -202002.21      13934.875     -188067.33      1.5449442      19683               2349 
   1046000   1962.0833      263173.92     -202051.59      13732.507     -188319.09      1.5449442      19683               2349 
   1046500   1946.3234      262357.47     -202215.54      13622.205     -188593.34      1.5449442      19683               2349 
   1047000   1915.6655      258438.42     -202160.08      13407.631     -188752.44      1.5449442      19683               2349 
   1047500   1954.0932      261669.82     -202500.85      13676.585     -188824.26      1.5449442      19683               2349 
   1048000   1963.8379      256935.36     -202495.39      13744.788     -188750.6       1.5449442      19683               2349 
   1048500   1997.1197      251552.55     -202236.31      13977.725     -188258.58      1.5449442      19683               2349 
   1049000   1996.661       267221.42     -201887.89      13974.515     -187913.38      1.5449442      19683               2349 
   1049500   2011.3476      260452.62     -201827.59      14077.305     -187750.28      1.5449442      19683               2349 
   1050000   2003.9336      268573.62     -201728.6       14025.415     -187703.18      1.5449442      19683               2349 
   1050500   2019.4512      259866.03     -201837.84      14134.022     -187703.82      1.5449442      19683               2349 
   1051000   2021.241       254886.44     -201974.85      14146.548     -187828.3       1.5449442      19683               2349 
   1051500   1956.0775      271440.94     -201698.69      13690.473     -188008.22      1.5449442      19683               2349 
   1052000   1974.6423      250736.09     -202040.92      13820.407     -188220.51      1.5449442      19683               2349 
   1052500   2004.4794      268554.65     -202392.14      14029.235     -188362.91      1.5449442      19683               2349 
   1053000   1965.8129      261092.15     -202177.7       13758.61      -188419.09      1.5449442      19683               2349 
   1053500   2001.3953      255300.08     -202431.89      14007.65      -188424.24      1.5449442      19683               2349 
   1054000   1998.4249      260503.41     -202333.69      13986.86      -188346.83      1.5449442      19683               2349 
   1054500   1999.1933      257101.23     -202149.7       13992.238     -188157.47      1.5449442      19683               2349 
   1055000   2024.1403      272079.65     -202004.73      14166.84      -187837.89      1.5449442      19683               2349 
   1055500   2074.9766      254437.28     -202076.21      14522.641     -187553.57      1.5449442      19683               2349 
   1056000   2065.1193      260189.26     -201956.58      14453.65      -187502.93      1.5449442      19683               2349 
   1056500   2035.6045      254672.23     -201877.62      14247.078     -187630.54      1.5449442      19683               2349 
   1057000   2041.6609      259778.9      -202190.19      14289.466     -187900.72      1.5449442      19683               2349 
   1057500   1988.1382      255957.49     -201993.31      13914.864     -188078.44      1.5449442      19683               2349 
   1058000   2007.8766      260447.56     -202193.34      14053.012     -188140.33      1.5449442      19683               2349 
   1058500   2044.1439      247140.95     -202503.94      14306.844     -188197.1       1.5449442      19683               2349 
   1059000   1971.0781      250839.73     -202068.34      13795.461     -188272.88      1.5449442      19683               2349 
   1059500   1959.3897      273185        -202046.93      13713.655     -188333.27      1.5449442      19683               2349 
   1060000   2002.5982      254265.29     -202378.82      14016.069     -188362.75      1.5449442      19683               2349 
   1060500   1945.324       260398.05     -202010.59      13615.21      -188395.38      1.5449442      19683               2349 
   1061000   1971.3461      270875.28     -202183.79      13797.337     -188386.45      1.5449442      19683               2349 
   1061500   2015.9834      254602.09     -202441.85      14109.751     -188332.1       1.5449442      19683               2349 
   1062000   1984.568       260091.63     -202124.75      13889.876     -188234.87      1.5449442      19683               2349 
   1062500   2000.9494      254202.47     -202097.28      14004.529     -188092.75      1.5449442      19683               2349 
   1063000   2007.6498      260664.87     -201980.97      14051.425     -187929.55      1.5449442      19683               2349 
   1063500   1988.0654      268606.1      -201716.67      13914.354     -187802.32      1.5449442      19683               2349 
   1064000   2040.8618      264148.19     -202034.34      14283.873     -187750.46      1.5449442      19683               2349 
   1064500   2024.7686      267359.54     -201971.68      14171.238     -187800.44      1.5449442      19683               2349 
   1065000   1971.3923      273728.38     -201818.36      13797.66      -188020.7       1.5449442      19683               2349 
   1065500   2026.0263      256933.6      -202472.73      14180.04      -188292.69      1.5449442      19683               2349 
   1066000   1957.7926      267535.47     -202207.28      13702.477     -188504.8       1.5449442      19683               2349 
   1066500   1982.7501      253692.84     -202420.51      13877.153     -188543.36      1.5449442      19683               2349 
   1067000   2002.5412      264127.95     -202484.8       14015.669     -188469.13      1.5449442      19683               2349 
   1067500   1976.3421      266514.38     -202207.87      13832.304     -188375.56      1.5449442      19683               2349 
   1068000   2005.7039      260468.03     -202287.01      14037.805     -188249.21      1.5449442      19683               2349 
   1068500   2034.2594      255161.33     -202392.98      14237.663     -188155.32      1.5449442      19683               2349 
   1069000   2038.9638      253085.56     -202372.36      14270.589     -188101.77      1.5449442      19683               2349 
   1069500   1966.9983      277850.2      -201867.88      13766.907     -188100.98      1.5449442      19683               2349 
   1070000   1988.9541      262165.63     -202008.88      13920.574     -188088.3       1.5449442      19683               2349 
   1070500   1978.6432      256652.09     -201953.83      13848.409     -188105.42      1.5449442      19683               2349 
   1071000   1986.9398      261399.9      -202061.79      13906.476     -188155.32      1.5449442      19683               2349 
   1071500   1965.8916      263266.59     -201970.29      13759.161     -188211.13      1.5449442      19683               2349 
   1072000   2008.609       260844.81     -202290.57      14058.138     -188232.43      1.5449442      19683               2349 
   1072500   2019.381       261150        -202391.57      14133.53      -188258.04      1.5449442      19683               2349 
   1073000   1975.3946      265935.39     -202049.71      13825.672     -188224.04      1.5449442      19683               2349 
   1073500   1978.129       267743.83     -201968.93      13844.81      -188124.12      1.5449442      19683               2349 
   1074000   1986.3337      259725.58     -201852.4       13902.234     -187950.17      1.5449442      19683               2349 
   1074500   2033.7398      275580.94     -202021.3       14234.027     -187787.28      1.5449442      19683               2349 
   1075000   2044.9766      265228.02     -202030.46      14312.673     -187717.79      1.5449442      19683               2349 
   1075500   2031.4202      266831.71     -201964.07      14217.792     -187746.28      1.5449442      19683               2349 
   1076000   2018.2458      258158.27     -202074.17      14125.585     -187948.58      1.5449442      19683               2349 
   1076500   2014.767       251758.11     -202356.45      14101.237     -188255.21      1.5449442      19683               2349 
   1077000   1985.0325      272576.92     -202341.87      13893.127     -188448.75      1.5449442      19683               2349 
   1077500   1985.2287      260890.82     -202419.94      13894.5       -188525.44      1.5449442      19683               2349 
   1078000   1966.0504      266838.16     -202281.96      13760.273     -188521.69      1.5449442      19683               2349 
   1078500   1962.2568      255980.63     -202134.18      13733.721     -188400.45      1.5449442      19683               2349 
   1079000   2039.2035      255474.86     -202484.82      14272.267     -188212.55      1.5449442      19683               2349 
   1079500   2046.2699      249693.8      -202418.16      14321.724     -188096.44      1.5449442      19683               2349 
   1080000   1996.2124      259549.48     -202004.01      13971.375     -188032.64      1.5449442      19683               2349 
   1080500   2023.4727      274417.41     -202159.19      14162.168     -187997.02      1.5449442      19683               2349 
   1081000   1995.5419      253310.93     -202037.17      13966.682     -188070.49      1.5449442      19683               2349 
   1081500   1969.0584      263097.8      -202100.98      13781.326     -188319.65      1.5449442      19683               2349 
   1082000   1984.2768      263062.91     -202445.56      13887.838     -188557.73      1.5449442      19683               2349 
   1082500   1983.9501      250515.57     -202546.14      13885.552     -188660.59      1.5449442      19683               2349 
   1083000   1937.6345      258779.79     -202172.28      13561.392     -188610.89      1.5449442      19683               2349 
   1083500   2018.1389      251864.48     -202537.58      14124.837     -188412.74      1.5449442      19683               2349 
   1084000   1985.237       269280.88     -202058.42      13894.558     -188163.86      1.5449442      19683               2349 
   1084500   2066.8911      261427.06     -202428.41      14466.051     -187962.36      1.5449442      19683               2349 
   1085000   2045.5945      262454.14     -202188.29      14316.997     -187871.3       1.5449442      19683               2349 
   1085500   2042.4971      259223.94     -202194.25      14295.318     -187898.93      1.5449442      19683               2349 
   1086000   2021.3394      258665.1      -202129.8       14147.237     -187982.56      1.5449442      19683               2349 
   1086500   2010.8044      265524.03     -202206.76      14073.504     -188133.26      1.5449442      19683               2349 
   1087000   1951.2166      271365.97     -201983.67      13656.452     -188327.21      1.5449442      19683               2349 
   1087500   1967.7243      248623.86     -202271.8       13771.988     -188499.81      1.5449442      19683               2349 
   1088000   1941.9186      257037.92     -202168.27      13591.376     -188576.89      1.5449442      19683               2349 
   1088500   1926.7652      265158.33     -202025.68      13485.318     -188540.36      1.5449442      19683               2349 
   1089000   1956.1294      266720.02     -202119.14      13690.836     -188428.3       1.5449442      19683               2349 
   1089500   1958.0385      254995.44     -201968.57      13704.198     -188264.38      1.5449442      19683               2349 
   1090000   1989.3653      272334.26     -201995.22      13923.452     -188071.77      1.5449442      19683               2349 
   1090500   2043.8488      259393.17     -202197.21      14304.779     -187892.43      1.5449442      19683               2349 
   1091000   1973.8099      251289.31     -201575.59      13814.581     -187761.01      1.5449442      19683               2349 
   1091500   2044.0563      270462.96     -201978.33      14306.232     -187672.1       1.5449442      19683               2349 
   1092000   2003.4748      266031.35     -201697.09      14022.204     -187674.89      1.5449442      19683               2349 
   1092500   2024.4664      264538.31     -201954.43      14169.123     -187785.31      1.5449442      19683               2349 
   1093000   2020.5221      263095.98     -202257.89      14141.517     -188116.37      1.5449442      19683               2349 
   1093500   1989.398       259748.23     -202400.25      13923.681     -188476.57      1.5449442      19683               2349 
   1094000   2023.1836      263580.82     -202745.74      14160.144     -188585.59      1.5449442      19683               2349 
   1094500   1988.8546      264547.74     -202474.96      13919.878     -188555.08      1.5449442      19683               2349 
   1095000   1988.18        268234.89     -202373.67      13915.156     -188458.51      1.5449442      19683               2349 
   1095500   1976.2214      258310.91     -202137.55      13831.459     -188306.09      1.5449442      19683               2349 
   1096000   2012.227       262012.8      -202191.77      14083.46      -188108.31      1.5449442      19683               2349 
   1096500   2047.7228      268745.94     -202247.15      14331.893     -187915.25      1.5449442      19683               2349 
   1097000   2011.397       263705.83     -201866.67      14077.651     -187789.02      1.5449442      19683               2349 
   1097500   2021.9031      270153.34     -201906.22      14151.183     -187755.04      1.5449442      19683               2349 
   1098000   2034.1926      263575.72     -202145.77      14237.196     -187908.57      1.5449442      19683               2349 
   1098500   1965.4057      253472.97     -202081.65      13755.76      -188325.89      1.5449442      19683               2349 
   1099000   2027.0493      258979.86     -202761.7       14187.2       -188574.5       1.5449442      19683               2349 
   1099500   1944.9682      271265.4      -202291.74      13612.72      -188679.02      1.5449442      19683               2349 
   1100000   1923.1713      266800.09     -202115.22      13460.164     -188655.06      1.5449442      19683               2349 
   1100500   1994.8674      265528.2      -202518.63      13961.962     -188556.67      1.5449442      19683               2349 
   1101000   1996.138       265635.88     -202381.99      13970.854     -188411.14      1.5449442      19683               2349 
   1101500   2000.9416      262804.43     -202197.14      14004.474     -188192.66      1.5449442      19683               2349 
   1102000   2029.2504      263794.57     -202200.61      14202.606     -187998.01      1.5449442      19683               2349 
   1102500   1976.576       269728.7      -201722.92      13833.941     -187888.98      1.5449442      19683               2349 
   1103000   2052.6792      256210.93     -202166.96      14366.583     -187800.38      1.5449442      19683               2349 
   1103500   2108.9307      251312.57     -202533.51      14760.284     -187773.23      1.5449442      19683               2349 
   1104000   2015.1783      272861.34     -202108.52      14104.116     -188004.41      1.5449442      19683               2349 
   1104500   2015.8087      262945.85     -202488.55      14108.528     -188380.02      1.5449442      19683               2349 
   1105000   1972.6954      281175.28     -202453.16      13806.781     -188646.38      1.5449442      19683               2349 
   1105500   1995.0044      260177.83     -202716.98      13962.92      -188754.06      1.5449442      19683               2349 
   1106000   2005.7025      262009.39     -202840.09      14037.796     -188802.29      1.5449442      19683               2349 
   1106500   1979.1984      265832.3      -202630.7       13852.295     -188778.41      1.5449442      19683               2349 
   1107000   1984.5893      266612.57     -202548.85      13890.026     -188658.82      1.5449442      19683               2349 
   1107500   1993.0896      258278.5      -202361.27      13949.519     -188411.75      1.5449442      19683               2349 
   1108000   2009.2637      265434.09     -202243.43      14062.72      -188180.7       1.5449442      19683               2349 
   1108500   2006.1175      267660.69     -202067.53      14040.7       -188026.83      1.5449442      19683               2349 
   1109000   2015.6486      264388.37     -202065.46      14107.408     -187958.05      1.5449442      19683               2349 
   1109500   2000.4785      266455.63     -202035.46      14001.233     -188034.23      1.5449442      19683               2349 
   1110000   1969.8448      263743.17     -201999.75      13786.829     -188212.92      1.5449442      19683               2349 
   1110500   2015.0709      254764.04     -202649.08      14103.364     -188545.72      1.5449442      19683               2349 
   1111000   1941.2576      251709.59     -202487.38      13586.749     -188900.63      1.5449442      19683               2349 
   1111500   1982.0801      260491.46     -202828.76      13872.464     -188956.3       1.5449442      19683               2349 
   1112000   1962.3909      255076.7      -202587.13      13734.66      -188852.47      1.5449442      19683               2349 
   1112500   2006.4624      263912.69     -202670.36      14043.114     -188627.25      1.5449442      19683               2349 
   1113000   2008.4434      246559.09     -202447.13      14056.979     -188390.16      1.5449442      19683               2349 
   1113500   2031.5186      261746.94     -202425.7       14218.481     -188207.22      1.5449442      19683               2349 
   1114000   1985.1912      259206.32     -201996.16      13894.238     -188101.92      1.5449442      19683               2349 
   1114500   2007.0028      265530.59     -202075.89      14046.896     -188029         1.5449442      19683               2349 
   1115000   2059.9269      262710.79     -202367.31      14417.309     -187950         1.5449442      19683               2349 
   1115500   2024.798       259836.66     -202047.28      14171.444     -187875.83      1.5449442      19683               2349 
   1116000   2025.7513      269401.37     -202066.69      14178.116     -187888.57      1.5449442      19683               2349 
   1116500   2072.2111      266764.53     -202574.68      14503.285     -188071.4       1.5449442      19683               2349 
   1117000   1973.4821      265802.26     -202216.74      13812.286     -188404.45      1.5449442      19683               2349 
   1117500   1941.1376      251960.28     -202191.02      13585.91      -188605.11      1.5449442      19683               2349 
   1118000   1968.3979      258831.63     -202415.72      13776.702     -188639.01      1.5449442      19683               2349 
   1118500   1967.989       249709.87     -202369.65      13773.841     -188595.81      1.5449442      19683               2349 
   1119000   1992.1785      259246.68     -202376.29      13943.142     -188433.15      1.5449442      19683               2349 
   1119500   1989.9569      260431.46     -202156.11      13927.593     -188228.52      1.5449442      19683               2349 
   1120000   2070.9236      265045.35     -202498.82      14494.274     -188004.55      1.5449442      19683               2349 
   1120500   2021.2564      243758.92     -202028.11      14146.656     -187881.45      1.5449442      19683               2349 
   1121000   2045.159       259544.23     -202172.98      14313.949     -187859.04      1.5449442      19683               2349 
   1121500   2066.0349      254802.84     -202393.3       14460.059     -187933.24      1.5449442      19683               2349 
   1122000   1964.1199      266116.76     -201945.49      13746.761     -188198.73      1.5449442      19683               2349 
   1122500   1981.026       268710.15     -202576.32      13865.086     -188711.23      1.5449442      19683               2349 
   1123000   1957.4877      249855.43     -202554.67      13700.343     -188854.32      1.5449442      19683               2349 
   1123500   1926.2772      244904.94     -202250.46      13481.903     -188768.55      1.5449442      19683               2349 
   1124000   1966.407       253386.52     -202284.11      13762.768     -188521.34      1.5449442      19683               2349 
   1124500   2021.8901      254697.29     -202408.6       14151.092     -188257.5       1.5449442      19683               2349 
   1125000   2027.7713      270346.08     -202277.06      14192.254     -188084.8       1.5449442      19683               2349 
   1125500   2054.1635      261841.25     -202363.74      14376.971     -187986.77      1.5449442      19683               2349 
   1126000   2003.7657      267577.64     -201995.5       14024.24      -187971.26      1.5449442      19683               2349 
   1126500   1988.6144      268498.12     -201925.79      13918.197     -188007.59      1.5449442      19683               2349 
   1127000   2007.8598      265136.54     -202220.67      14052.894     -188167.77      1.5449442      19683               2349 
   1127500   1949.0776      270698.31     -202090.76      13641.481     -188449.28      1.5449442      19683               2349 
   1128000   1971.1712      268749.64     -202462.65      13796.113     -188666.54      1.5449442      19683               2349 
   1128500   1995.4744      254531.57     -202709.09      13966.21      -188742.88      1.5449442      19683               2349 
   1129000   1940.8045      260021.19     -202291.91      13583.578     -188708.34      1.5449442      19683               2349 
   1129500   2007.7084      258624.94     -202653         14051.835     -188601.17      1.5449442      19683               2349 
   1130000   2022.7789      260921.43     -202630.82      14157.312     -188473.51      1.5449442      19683               2349 
   1130500   2033.5527      264316.19     -202598.97      14232.717     -188366.25      1.5449442      19683               2349 
   1131000   2019.6432      253621.66     -202387.44      14135.366     -188252.08      1.5449442      19683               2349 
   1131500   2052.3311      263411.97     -202586.87      14364.146     -188222.73      1.5449442      19683               2349 
   1132000   2028.0733      255396.73     -202468.54      14194.367     -188274.18      1.5449442      19683               2349 
   1132500   2039.2122      259818.04     -202591.92      14272.328     -188319.6       1.5449442      19683               2349 
   1133000   2014.6522      247576.33     -202512.29      14100.434     -188411.86      1.5449442      19683               2349 
   1133500   2030.3553      248675.36     -202764.3       14210.339     -188553.96      1.5449442      19683               2349 
   1134000   1932.5468      260005.33     -202251.09      13525.783     -188725.31      1.5449442      19683               2349 
   1134500   1988.4752      257184.59     -202746.43      13917.222     -188829.21      1.5449442      19683               2349 
   1135000   1928.4684      257254.63     -202336.72      13497.238     -188839.48      1.5449442      19683               2349 
   1135500   1979.3622      260624.76     -202535.91      13853.441     -188682.47      1.5449442      19683               2349 
   1136000   1986.8369      259421.64     -202193.74      13905.756     -188287.99      1.5449442      19683               2349 
   1136500   2039.1718      260975.67     -202288.64      14272.045     -188016.6       1.5449442      19683               2349 
   1137000   2092.0141      259464.51     -202630.95      14641.885     -187989.06      1.5449442      19683               2349 
   1137500   1997.8839      258742.54     -202088.73      13983.074     -188105.66      1.5449442      19683               2349 
   1138000   2032.2847      261629.05     -202445.57      14223.843     -188221.73      1.5449442      19683               2349 
   1138500   1968.6974      266381.64     -202102.26      13778.799     -188323.46      1.5449442      19683               2349 
   1139000   1993.0447      264775.82     -202390.51      13949.204     -188441.3       1.5449442      19683               2349 
   1139500   1939.8839      261303.97     -202134.06      13577.135     -188556.92      1.5449442      19683               2349 
   1140000   1956.687       251336.29     -202323.4       13694.739     -188628.66      1.5449442      19683               2349 
   1140500   2018.6609      257648.69     -202830.37      14128.491     -188701.88      1.5449442      19683               2349 
   1141000   1981.4322      261600.37     -202738.51      13867.929     -188870.58      1.5449442      19683               2349 
   1141500   1932.0925      267417.98     -202516.87      13522.604     -188994.27      1.5449442      19683               2349 
   1142000   1977.5716      247601.32     -202864.03      13840.909     -189023.12      1.5449442      19683               2349 
   1142500   1985.1992      261641.79     -202747.47      13894.294     -188853.18      1.5449442      19683               2349 
   1143000   2012.8741      253924.3      -202634.83      14087.989     -188546.84      1.5449442      19683               2349 
   1143500   2021.4094      266391.93     -202479.13      14147.727     -188331.4       1.5449442      19683               2349 
   1144000   1996.3579      261358.3      -202210.39      13972.393     -188238         1.5449442      19683               2349 
   1144500   1997.0075      256489.53     -202192.67      13976.94      -188215.73      1.5449442      19683               2349 
   1145000   2001.9154      262144.04     -202211.82      14011.29      -188200.53      1.5449442      19683               2349 
   1145500   1980.4841      257816.53     -202060.81      13861.293     -188199.52      1.5449442      19683               2349 
   1146000   1980.4351      269970.76     -202111.46      13860.951     -188250.51      1.5449442      19683               2349 
   1146500   1970.8464      261913.24     -202161.77      13793.84      -188367.93      1.5449442      19683               2349 
   1147000   1979.147       265559.84     -202361.19      13851.935     -188509.26      1.5449442      19683               2349 
   1147500   1903.8834      253618.75     -201933.5       13325.169     -188608.33      1.5449442      19683               2349 
   1148000   1961.4744      253426.39     -202321.96      13728.245     -188593.71      1.5449442      19683               2349 
   1148500   1940.3363      257406.04     -202078.91      13580.301     -188498.61      1.5449442      19683               2349 
   1149000   2034.2744      257350.78     -202494.16      14237.768     -188256.39      1.5449442      19683               2349 
   1149500   2018.2529      265826.95     -202154.83      14125.635     -188029.2       1.5449442      19683               2349 
   1150000   2039.0383      259243.63     -202116.03      14271.111     -187844.92      1.5449442      19683               2349 
   1150500   2011.6944      267458.65     -201844.53      14079.732     -187764.79      1.5449442      19683               2349 
   1151000   1989.1463      268909        -201697.46      13921.919     -187775.54      1.5449442      19683               2349 
   1151500   2023.1707      268423.17     -202179.58      14160.054     -188019.53      1.5449442      19683               2349 
   1152000   1956.9439      269200.43     -202165.47      13696.537     -188468.94      1.5449442      19683               2349 
   1152500   1952.6167      256413.38     -202325.16      13666.251     -188658.91      1.5449442      19683               2349 
   1153000   1972.5836      260204.79     -202448.24      13805.998     -188642.24      1.5449442      19683               2349 
   1153500   2004.0607      271055.51     -202550.22      14026.305     -188523.91      1.5449442      19683               2349 
   1154000   1987.1435      256464.6      -202254.44      13907.902     -188346.54      1.5449442      19683               2349 
   1154500   1993.4065      271898.66     -202134.08      13951.737     -188182.34      1.5449442      19683               2349 
   1155000   1988.9001      251944.74     -201959.1       13920.196     -188038.9       1.5449442      19683               2349 
   1155500   2022.524       269866.4      -202081.98      14155.528     -187926.45      1.5449442      19683               2349 
   1156000   2029.0989      264852.46     -202082.83      14201.545     -187881.28      1.5449442      19683               2349 
   1156500   2024.3047      257171.58     -202139.5       14167.991     -187971.51      1.5449442      19683               2349 
   1157000   2069.7244      260294.1      -202754.87      14485.881     -188268.99      1.5449442      19683               2349 
   1157500   1978.0113      258284.7      -202427.62      13843.986     -188583.64      1.5449442      19683               2349 
   1158000   1976.9179      253947.45     -202517.38      13836.333     -188681.05      1.5449442      19683               2349 
   1158500   1959.5271      257258.92     -202336.63      13714.617     -188622.01      1.5449442      19683               2349 
   1159000   1938.9032      251188.63     -202059.23      13570.271     -188488.96      1.5449442      19683               2349 
   1159500   2012.3669      260165.44     -202352.32      14084.44      -188267.88      1.5449442      19683               2349 
   1160000   1996.6948      273374.51     -202069.92      13974.751     -188095.17      1.5449442      19683               2349 
   1160500   2016.8794      267756.72     -202109.28      14116.022     -187993.26      1.5449442      19683               2349 
   1161000   2034.481       253878.6      -202223.76      14239.214     -187984.54      1.5449442      19683               2349 
   1161500   2023.8625      254218.17     -202192.56      14164.896     -188027.67      1.5449442      19683               2349 
   1162000   2029.1269      248369.07     -202365.75      14201.742     -188164         1.5449442      19683               2349 
   1162500   2005.3519      266044.27     -202646.78      14035.342     -188611.44      1.5449442      19683               2349 
   1163000   1953.6591      255339.41     -202657.18      13673.547     -188983.64      1.5449442      19683               2349 
   1163500   1898.1789      265026.28     -202298.56      13285.244     -189013.31      1.5449442      19683               2349 
   1164000   1936.0169      260479.51     -202429.63      13550.07      -188879.56      1.5449442      19683               2349 
   1164500   2034.4454      257589.3      -202853.82      14238.965     -188614.85      1.5449442      19683               2349 
   1165000   1999.7616      263316.22     -202374.71      13996.215     -188378.49      1.5449442      19683               2349 
   1165500   2046.9824      263325.11     -202558.91      14326.711     -188232.2       1.5449442      19683               2349 
   1166000   2025.2361      273728.38     -202358.85      14174.51      -188184.34      1.5449442      19683               2349 
   1166500   1971.3274      262935.06     -202074.92      13797.206     -188277.72      1.5449442      19683               2349 
   1167000   1992.8225      263149.71     -202420.69      13947.649     -188473.04      1.5449442      19683               2349 
   1167500   1990.6152      247730.41     -202685.95      13932.2       -188753.75      1.5449442      19683               2349 
   1168000   2008.3571      259753.79     -203015.43      14056.375     -188959.05      1.5449442      19683               2349 
   1168500   1970.9215      249464.14     -202801.53      13794.365     -189007.16      1.5449442      19683               2349 
   1169000   1949.378       261683.97     -202575.51      13643.584     -188931.93      1.5449442      19683               2349 
   1169500   2016.8075      269455.3      -202934.72      14115.519     -188819.2       1.5449442      19683               2349 
   1170000   1990.8931      263474.14     -202625.53      13934.145     -188691.38      1.5449442      19683               2349 
   1170500   2013.8981      260259.13     -202672.41      14095.156     -188577.25      1.5449442      19683               2349 
   1171000   1971.885       256541.13     -202262.13      13801.109     -188461.03      1.5449442      19683               2349 
   1171500   2036.7545      256232.06     -202557.98      14255.127     -188302.85      1.5449442      19683               2349 
   1172000   2048.5888      259965.61     -202473.15      14337.954     -188135.19      1.5449442      19683               2349 
   1172500   1981.4355      259407.35     -201873.02      13867.952     -188005.07      1.5449442      19683               2349 
   1173000   2013.1967      276041.16     -201986.06      14090.247     -187895.81      1.5449442      19683               2349 
   1173500   2081.7178      261643.65     -202349.82      14569.822     -187780         1.5449442      19683               2349 
   1174000   2058.9625      274159.95     -202121.63      14410.559     -187711.08      1.5449442      19683               2349 
   1174500   2057.5336      268110.85     -202250.16      14400.558     -187849.61      1.5449442      19683               2349 
   1175000   2023.8596      262202.04     -202276.32      14164.876     -188111.45      1.5449442      19683               2349 
   1175500   1975.1753      261160.5      -202201.09      13824.137     -188376.95      1.5449442      19683               2349 
   1176000   1954.649       258532.65     -202156.33      13680.475     -188475.86      1.5449442      19683               2349 
   1176500   1962.7195      262393.3      -202208.68      13736.96      -188471.72      1.5449442      19683               2349 
   1177000   2005.1876      259249.38     -202422.37      14034.192     -188388.18      1.5449442      19683               2349 
   1177500   2012.5112      258850.98     -202325.58      14085.449     -188240.13      1.5449442      19683               2349 
   1178000   2021.8536      263489.45     -202176.98      14150.836     -188026.14      1.5449442      19683               2349 
   1178500   2026.4207      269234.62     -202014.44      14182.801     -187831.64      1.5449442      19683               2349 
   1179000   2055.4445      256131.67     -202072.79      14385.937     -187686.85      1.5449442      19683               2349 
   1179500   2020.6341      270670.57     -201807.36      14142.301     -187665.06      1.5449442      19683               2349 
   1180000   2017.0905      254376.84     -201953.99      14117.499     -187836.49      1.5449442      19683               2349 
   1180500   1967.3537      257747.75     -201992.06      13769.394     -188222.66      1.5449442      19683               2349 
   1181000   1965.6465      251602.27     -202184.08      13757.446     -188426.63      1.5449442      19683               2349 
   1181500   1960.2398      256791.74     -202239.92      13719.605     -188520.32      1.5449442      19683               2349 
   1182000   2017.966       263366.35     -202659.79      14123.627     -188536.16      1.5449442      19683               2349 
   1182500   1992.6985      259143.6      -202428.62      13946.782     -188481.84      1.5449442      19683               2349 
   1183000   1958.8015      256771.2      -202071.01      13709.538     -188361.47      1.5449442      19683               2349 
   1183500   2030.6196      247141.36     -202366.64      14212.189     -188154.46      1.5449442      19683               2349 
   1184000   2020.2529      256765.02     -202057.45      14139.633     -187917.82      1.5449442      19683               2349 
   1184500   2072.9625      264717.22     -202261.72      14508.545     -187753.17      1.5449442      19683               2349 
   1185000   2076.6802      262462.91     -202278.89      14534.564     -187744.32      1.5449442      19683               2349 
   1185500   1961.4877      269377.96     -201693.09      13728.338     -187964.75      1.5449442      19683               2349 
   1186000   2011.1536      253168.32     -202469.35      14075.947     -188393.41      1.5449442      19683               2349 
   1186500   2048.6411      250095.43     -202937.61      14338.321     -188599.29      1.5449442      19683               2349 
   1187000   1975.2893      262141.04     -202441.06      13824.935     -188616.13      1.5449442      19683               2349 
   1187500   1955.622       273595.26     -202249.64      13687.285     -188562.35      1.5449442      19683               2349 
   1188000   1989.0634      249453.42     -202405.64      13921.339     -188484.3       1.5449442      19683               2349 
   1188500   1981.2977      261444.34     -202174.61      13866.988     -188307.62      1.5449442      19683               2349 
   1189000   2016.6508      261786.1      -202212.04      14114.422     -188097.62      1.5449442      19683               2349 
   1189500   2047.4656      257824.09     -202292.53      14330.093     -187962.43      1.5449442      19683               2349 
   1190000   2059.8894      259921.09     -202397.73      14417.046     -187980.69      1.5449442      19683               2349 
   1190500   2067.4521      274476.87     -202764.29      14469.977     -188294.32      1.5449442      19683               2349 
   1191000   1997.7014      253621.83     -202622.12      13981.796     -188640.32      1.5449442      19683               2349 
   1191500   1986.9792      270985.09     -202667.23      13906.752     -188760.48      1.5449442      19683               2349 
   1192000   1993.8067      255112.67     -202752.22      13954.537     -188797.68      1.5449442      19683               2349 
   1192500   1997.8138      253771.54     -202730.37      13982.583     -188747.78      1.5449442      19683               2349 
   1193000   2003.1499      244176.69     -202681.56      14019.93      -188661.63      1.5449442      19683               2349 
   1193500   2002.1364      253047.7      -202546.47      14012.836     -188533.63      1.5449442      19683               2349 
   1194000   2013.9029      257325.1      -202476.13      14095.19      -188380.94      1.5449442      19683               2349 
   1194500   2051.023       259712.15     -202655.66      14354.991     -188300.67      1.5449442      19683               2349 
   1195000   1997.2845      257648.9      -202279.51      13978.879     -188300.63      1.5449442      19683               2349 
   1195500   1986.7496      262695.52     -202409.45      13905.145     -188504.3       1.5449442      19683               2349 
   1196000   1958.6131      252095.9      -202515.97      13708.219     -188807.75      1.5449442      19683               2349 
   1196500   1970.2016      258796.58     -202756.89      13789.327     -188967.57      1.5449442      19683               2349 
   1197000   2015.8131      251957.3      -203086.26      14108.559     -188977.7       1.5449442      19683               2349 
   1197500   1941.4867      247910.09     -202560.65      13588.353     -188972.29      1.5449442      19683               2349 
   1198000   1959.9583      259588.16     -202572.64      13717.635     -188855         1.5449442      19683               2349 
   1198500   1993.1206      266985.75     -202523.55      13949.735     -188573.81      1.5449442      19683               2349 
   1199000   2000.7175      266079.16     -202332.18      14002.906     -188329.28      1.5449442      19683               2349 
   1199500   2026.1652      266509.2      -202391.54      14181.013     -188210.53      1.5449442      19683               2349 
   1200000   1976.1138      266731.61     -202017.85      13830.706     -188187.14      1.5449442      19683               2349 
   1200500   1922.6789      265453.87     -201648.69      13456.718     -188191.97      1.5449442      19683               2349 
   1201000   1964.7571      266043.8      -201944.88      13751.221     -188193.66      1.5449442      19683               2349 
   1201500   2030.1408      263998.11     -202372.78      14208.838     -188163.94      1.5449442      19683               2349 
   1202000   2008.7941      262152.82     -202217.64      14059.433     -188158.21      1.5449442      19683               2349 
   1202500   2017.9125      261271.75     -202305         14123.253     -188181.75      1.5449442      19683               2349 
   1203000   2011.0755      261673.87     -202360.11      14075.401     -188284.71      1.5449442      19683               2349 
   1203500   1940.1745      254705.47     -202093.72      13579.168     -188514.56      1.5449442      19683               2349 
   1204000   1977.0541      249760.44     -202529.58      13837.287     -188692.29      1.5449442      19683               2349 
   1204500   1990.7931      244958.36     -202686.44      13933.446     -188753         1.5449442      19683               2349 
   1205000   1975.9353      258009.16     -202576.34      13829.457     -188746.88      1.5449442      19683               2349 
   1205500   1995.6184      252291.79     -202596         13967.217     -188628.78      1.5449442      19683               2349 
   1206000   2042.8299      260686.05     -202642.48      14297.648     -188344.83      1.5449442      19683               2349 
   1206500   2017.5488      270991.52     -202148.6       14120.707     -188027.89      1.5449442      19683               2349 
   1207000   2031.673       261576        -202095.16      14219.562     -187875.6       1.5449442      19683               2349 
   1207500   2038.9082      275696.63     -202116.81      14270.2       -187846.6       1.5449442      19683               2349 
   1208000   2027.2142      266502.91     -202062.8       14188.355     -187874.44      1.5449442      19683               2349 
   1208500   2006.5653      261682.38     -201976.96      14043.834     -187933.13      1.5449442      19683               2349 
   1209000   2022.3961      261337.29     -202212.04      14154.633     -188057.41      1.5449442      19683               2349 
   1209500   1997.4638      257301.31     -202268.27      13980.133     -188288.14      1.5449442      19683               2349 
   1210000   1976.0114      261930.76     -202347.81      13829.989     -188517.82      1.5449442      19683               2349 
   1210500   1989.7738      255080.1      -202523.83      13926.312     -188597.52      1.5449442      19683               2349 
   1211000   1962.456       257952.94     -202279.22      13735.116     -188544.1       1.5449442      19683               2349 
   1211500   1998.7723      261878.59     -202430.67      13989.292     -188441.38      1.5449442      19683               2349 
   1212000   2019.124       258233.78     -202484.88      14131.732     -188353.15      1.5449442      19683               2349 
   1212500   1964.6358      256710.64     -202001.25      13750.372     -188250.87      1.5449442      19683               2349 
   1213000   1995.6998      254010.96     -202097.76      13967.787     -188129.98      1.5449442      19683               2349 
   1213500   2007.9706      262074.72     -202118.25      14053.67      -188064.58      1.5449442      19683               2349 
   1214000   1995.016       262959        -201987.89      13963.001     -188024.89      1.5449442      19683               2349 
   1214500   2045.9304      262618.25     -202385.25      14319.348     -188065.9       1.5449442      19683               2349 
   1215000   1984.2645      268841.12     -202166.31      13887.752     -188278.56      1.5449442      19683               2349 
   1215500   1987.5238      256223.75     -202455.11      13910.564     -188544.55      1.5449442      19683               2349 
   1216000   1968.1619      263286.65     -202479.74      13775.051     -188704.69      1.5449442      19683               2349 
   1216500   1914.3851      242617.56     -202118.7       13398.67      -188720.03      1.5449442      19683               2349 
   1217000   1956.9377      253460.97     -202326.74      13696.493     -188630.24      1.5449442      19683               2349 
   1217500   2005.4484      254033.28     -202438.25      14036.017     -188402.23      1.5449442      19683               2349 
   1218000   2034.3495      268053.31     -202423.73      14238.294     -188185.44      1.5449442      19683               2349 
   1218500   1964.2815      262739.1      -201851.42      13747.893     -188103.53      1.5449442      19683               2349 
   1219000   2017.2505      250068.46     -202219.76      14118.619     -188101.14      1.5449442      19683               2349 
   1219500   2042.2117      260626.62     -202449.24      14293.321     -188155.92      1.5449442      19683               2349 
   1220000   2039.3118      257708.75     -202450.57      14273.025     -188177.54      1.5449442      19683               2349 
   1220500   2036.3187      260378.67     -202476.38      14252.077     -188224.31      1.5449442      19683               2349 
   1221000   1972.5231      258737.93     -202078.96      13805.574     -188273.38      1.5449442      19683               2349 
   1221500   1973.8059      253606.57     -202134.48      13814.553     -188319.93      1.5449442      19683               2349 
   1222000   2031.0168      254101.49     -202599.18      14214.969     -188384.21      1.5449442      19683               2349 
   1222500   1984.291       258296.57     -202377.01      13887.937     -188489.08      1.5449442      19683               2349 
   1223000   1974.7572      262255.77     -202439.64      13821.211     -188618.43      1.5449442      19683               2349 
   1223500   1967.5361      254408.7      -202600.62      13770.671     -188829.95      1.5449442      19683               2349 
   1224000   1957.7193      255537.29     -202738.38      13701.964     -189036.41      1.5449442      19683               2349 
   1224500   1941.0242      254520.37     -202652.77      13585.116     -189067.66      1.5449442      19683               2349 
   1225000   1962.6786      255382.37     -202617.39      13736.674     -188880.71      1.5449442      19683               2349 
   1225500   1993.8612      256458.41     -202455.84      13954.919     -188500.92      1.5449442      19683               2349 
   1226000   2005.5627      258873.36     -202289.59      14036.817     -188252.77      1.5449442      19683               2349 
   1226500   2019.1572      268937.47     -202314.67      14131.964     -188182.71      1.5449442      19683               2349 
   1227000   2095.0022      258895.23     -202863.47      14662.799     -188200.67      1.5449442      19683               2349 
   1227500   2038.7015      256694.5      -202600.3       14268.753     -188331.55      1.5449442      19683               2349 
   1228000   1989.234       273397.53     -202447.29      13922.533     -188524.75      1.5449442      19683               2349 
   1228500   1994.4209      261001.05     -202613.99      13958.836     -188655.16      1.5449442      19683               2349 
   1229000   2007.6144      264337.66     -202783.04      14051.176     -188731.86      1.5449442      19683               2349 
   1229500   1977.7793      261263.21     -202555.9       13842.363     -188713.54      1.5449442      19683               2349 
   1230000   1945.5047      271806.7      -202244.59      13616.474     -188628.11      1.5449442      19683               2349 
   1230500   2007.5828      260805.19     -202329.08      14050.955     -188278.13      1.5449442      19683               2349 
   1231000   2023.523       251306.44     -202073.24      14162.52      -187910.72      1.5449442      19683               2349 
   1231500   1991.9427      275121.3      -201706.38      13941.491     -187764.89      1.5449442      19683               2349 
   1232000   2036.7822      261051.3      -202027.4       14255.321     -187772.08      1.5449442      19683               2349 
   1232500   2030.9724      274489.62     -202119.49      14214.658     -187904.83      1.5449442      19683               2349 
   1233000   2022.4023      263633.48     -202268.51      14154.676     -188113.83      1.5449442      19683               2349 
   1233500   2023.7145      257126.81     -202510.5       14163.86      -188346.64      1.5449442      19683               2349 
   1234000   1969.5299      259063.15     -202271.81      13784.625     -188487.19      1.5449442      19683               2349 
   1234500   1974.5882      270208.41     -202380.35      13820.028     -188560.32      1.5449442      19683               2349 
   1235000   1962.4374      261019.09     -202280.42      13734.986     -188545.44      1.5449442      19683               2349 
   1235500   2005.5189      263598.92     -202502.61      14036.511     -188466.1       1.5449442      19683               2349 
   1236000   2016.1231      254200.6      -202545.31      14110.729     -188434.58      1.5449442      19683               2349 
   1236500   2007.1267      268236.85     -202452.53      14047.763     -188404.76      1.5449442      19683               2349 
   1237000   1978.6429      263476.06     -202214.27      13848.407     -188365.86      1.5449442      19683               2349 
   1237500   1988.9733      258857.08     -202268.69      13920.709     -188347.98      1.5449442      19683               2349 
   1238000   1998.554       261477.8      -202400.15      13987.763     -188412.38      1.5449442      19683               2349 
   1238500   2021.532       272614.14     -202632.77      14148.585     -188484.19      1.5449442      19683               2349 
   1239000   1992.4954      268912        -202532.77      13945.359     -188587.41      1.5449442      19683               2349 
   1239500   1964.6643      255334.25     -202462.94      13750.571     -188712.37      1.5449442      19683               2349 
   1240000   1985.6104      264223.98     -202682.22      13897.172     -188785.05      1.5449442      19683               2349 
   1240500   1942.0675      266831.36     -202371.22      13592.418     -188778.8       1.5449442      19683               2349 
   1241000   1965.5128      264419.33     -202298.05      13756.51      -188541.54      1.5449442      19683               2349 
   1241500   2018.4052      261475.97     -202381         14126.701     -188254.3       1.5449442      19683               2349 
   1242000   2036.1091      260663.34     -202384.05      14250.609     -188133.44      1.5449442      19683               2349 
   1242500   1981.7136      269216.07     -201985.66      13869.899     -188115.76      1.5449442      19683               2349 
   1243000   2059.7615      257075.1      -202564.29      14416.151     -188148.14      1.5449442      19683               2349 
   1243500   2026.761       261722        -202408.63      14185.183     -188223.45      1.5449442      19683               2349 
   1244000   1942.3912      256907.08     -202002.08      13594.683     -188407.4       1.5449442      19683               2349 
   1244500   2008.4794      253232.14     -202650.29      14057.231     -188593.06      1.5449442      19683               2349 
   1245000   1965.1664      262796.67     -202516.16      13754.086     -188762.07      1.5449442      19683               2349 
   1245500   1983.8196      257866.02     -202783.32      13884.638     -188898.68      1.5449442      19683               2349 
   1246000   1944.9641      256804.28     -202887.13      13612.691     -189274.43      1.5449442      19683               2349 
   1246500   1935.081       243757.73     -203067.95      13543.52      -189524.43      1.5449442      19683               2349 
   1247000   1920.9445      253215.38     -202883.66      13444.579     -189439.08      1.5449442      19683               2349 
   1247500   1923.1483      246457.8      -202595.53      13460.003     -189135.52      1.5449442      19683               2349 
   1248000   1990.158       259168.01     -202746.29      13929.001     -188817.29      1.5449442      19683               2349 
   1248500   1967.957       258460.5      -202397.47      13773.617     -188623.86      1.5449442      19683               2349 
   1249000   1960.0981      261575.81     -202128.41      13718.613     -188409.8       1.5449442      19683               2349 
   1249500   1987.2889      264104.44     -202123.69      13908.92      -188214.77      1.5449442      19683               2349 
   1250000   2041.7682      270579.18     -202388.26      14290.217     -188098.04      1.5449442      19683               2349 
   1250500   2016.8794      260634.2      -202146.37      14116.022     -188030.35      1.5449442      19683               2349 
   1251000   2009.8536      261546.61     -202127.28      14066.849     -188060.44      1.5449442      19683               2349 
   1251500   2039.6508      263375.14     -202458.64      14275.398     -188183.24      1.5449442      19683               2349 
   1252000   2013.7614      240329.03     -202554.55      14094.199     -188460.35      1.5449442      19683               2349 
   1252500   1949.4686      261873.1      -202391.87      13644.218     -188747.66      1.5449442      19683               2349 
   1253000   1994.1516      246746.27     -202829.49      13956.952     -188872.54      1.5449442      19683               2349 
   1253500   2004.1599      258401.96     -202919.89      14026.999     -188892.89      1.5449442      19683               2349 
   1254000   1987.9724      249746.65     -202761.02      13913.704     -188847.31      1.5449442      19683               2349 
   1254500   1970.36        259813.43     -202558.79      13790.436     -188768.36      1.5449442      19683               2349 
   1255000   1994.0609      259521.56     -202526.02      13956.317     -188569.7       1.5449442      19683               2349 
   1255500   2010.9051      255076.73     -202447.93      14074.208     -188373.73      1.5449442      19683               2349 
   1256000   2083.33        258993.26     -202833         14581.106     -188251.9       1.5449442      19683               2349 
   1256500   1984.1054      260831.25     -202147.82      13886.639     -188261.18      1.5449442      19683               2349 
   1257000   1998.1         254844.41     -202239.61      13984.586     -188255.02      1.5449442      19683               2349 
   1257500   1983.9669      260816.06     -202143.85      13885.669     -188258.18      1.5449442      19683               2349 
   1258000   2003.2506      264969.11     -202296.56      14020.635     -188275.92      1.5449442      19683               2349 
   1258500   1964.4894      270667.66     -202025.98      13749.348     -188276.63      1.5449442      19683               2349 
   1259000   1994.3652      269705.59     -202220.19      13958.446     -188261.75      1.5449442      19683               2349 
   1259500   2020.0717      265456.62     -202369.38      14138.365     -188231.01      1.5449442      19683               2349 
   1260000   2028.824       259102.52     -202409.37      14199.621     -188209.75      1.5449442      19683               2349 
   1260500   1985.8501      253490.59     -202144.37      13898.85      -188245.52      1.5449442      19683               2349 
   1261000   1996.5786      264493.64     -202307.83      13973.938     -188333.9       1.5449442      19683               2349 
   1261500   1986.2244      264586.42     -202390.67      13901.469     -188489.2       1.5449442      19683               2349 
   1262000   1977.6367      261008.72     -202467.57      13841.364     -188626.2       1.5449442      19683               2349 
   1262500   2003.6463      265300.84     -202734.18      14023.404     -188710.77      1.5449442      19683               2349 
   1263000   1958.3687      267629.38     -202435.16      13706.509     -188728.65      1.5449442      19683               2349 
   1263500   1973.3598      257372.04     -202422.75      13811.431     -188611.32      1.5449442      19683               2349 
   1264000   2019.1874      262309.05     -202473.58      14132.176     -188341.4       1.5449442      19683               2349 
   1264500   2041.1413      262200.76     -202333.64      14285.83      -188047.81      1.5449442      19683               2349 
   1265000   2072.6993      249782.4      -202403.63      14506.702     -187896.93      1.5449442      19683               2349 
   1265500   2051.8142      255179.57     -202268.25      14360.529     -187907.72      1.5449442      19683               2349 
   1266000   2024.9363      272135.83     -202166.08      14172.411     -187993.66      1.5449442      19683               2349 
   1266500   2037.2054      258806        -202440.98      14258.283     -188182.7       1.5449442      19683               2349 
   1267000   2000.7727      257801.5      -202418.72      14003.292     -188415.43      1.5449442      19683               2349 
   1267500   1966.8319      265938.78     -202242.77      13765.742     -188477.03      1.5449442      19683               2349 
   1268000   1949.207       270206.56     -202116.67      13642.387     -188474.28      1.5449442      19683               2349 
   1268500   1986.2287      256039.92     -202294.82      13901.5       -188393.32      1.5449442      19683               2349 
   1269000   1990.2581      265081.99     -202248.21      13929.701     -188318.51      1.5449442      19683               2349 
   1269500   2039.565       261429.32     -202518.33      14274.797     -188243.53      1.5449442      19683               2349 
   1270000   1998.2781      266639.44     -202202.8       13985.832     -188216.97      1.5449442      19683               2349 
   1270500   2001.6958      275416.95     -202233.13      14009.753     -188223.37      1.5449442      19683               2349 
   1271000   1953.5691      264553.85     -201960.43      13672.917     -188287.51      1.5449442      19683               2349 
   1271500   2041.847       258965.28     -202748.95      14290.769     -188458.18      1.5449442      19683               2349 
   1272000   1932.9124      266937.9      -202225.22      13528.342     -188696.87      1.5449442      19683               2349 
   1272500   1973.1242      255997.2      -202667.52      13809.782     -188857.74      1.5449442      19683               2349 
   1273000   1949.3739      259866.94     -202520.58      13643.555     -188877.02      1.5449442      19683               2349 
   1273500   1978.8975      259395.03     -202571.95      13850.189     -188721.76      1.5449442      19683               2349 
   1274000   1972.2168      277072.97     -202285.37      13803.431     -188481.93      1.5449442      19683               2349 
   1274500   2031.6463      273396.51     -202375.99      14219.374     -188156.62      1.5449442      19683               2349 
   1275000   2005.5233      271699.82     -202007.72      14036.541     -187971.18      1.5449442      19683               2349 
   1275500   1993.5454      267523.87     -201891.67      13952.709     -187938.96      1.5449442      19683               2349 
   1276000   2033.6941      267196.31     -202208.18      14233.707     -187974.47      1.5449442      19683               2349 
   1276500   2018.5306      255320.84     -202231.59      14127.579     -188104.02      1.5449442      19683               2349 
   1277000   2006.1444      261582.6      -202327.28      14040.888     -188286.39      1.5449442      19683               2349 
   1277500   1952.404       266392.04     -202096.03      13664.762     -188431.27      1.5449442      19683               2349 
   1278000   1953.254       266380.68     -202168.7       13670.712     -188497.99      1.5449442      19683               2349 
   1278500   1958.4346      262981.8      -202187.08      13706.97      -188480.11      1.5449442      19683               2349 
   1279000   2010.4792      257534.09     -202478.17      14071.227     -188406.95      1.5449442      19683               2349 
   1279500   2010.603       260918        -202371.32      14072.094     -188299.23      1.5449442      19683               2349 
   1280000   2062.9823      256213.33     -202588.62      14438.693     -188149.93      1.5449442      19683               2349 
   1280500   2010.2042      262563.46     -201985.6       14069.303     -187916.3       1.5449442      19683               2349 
   1281000   2081.7659      252158.63     -202151.28      14570.158     -187581.12      1.5449442      19683               2349 
   1281500   2096.2114      283297.53     -202146.43      14671.262     -187475.16      1.5449442      19683               2349 
   1282000   2053.5648      259268.3      -202011.67      14372.781     -187638.89      1.5449442      19683               2349 
   1282500   2017.5005      263267.56     -202090.19      14120.369     -187969.82      1.5449442      19683               2349 
   1283000   2020.4732      260767.79     -202333.78      14141.175     -188192.61      1.5449442      19683               2349 
   1283500   2033.5461      261766.68     -202547.05      14232.671     -188314.38      1.5449442      19683               2349 
   1284000   2004.0347      262531.98     -202453.83      14026.123     -188427.7       1.5449442      19683               2349 
   1284500   2019.1205      257756.3      -202622.05      14131.707     -188490.34      1.5449442      19683               2349 
   1285000   1976.287       257881.56     -202406.97      13831.918     -188575.05      1.5449442      19683               2349 
   1285500   1969.8803      260567.78     -202423.14      13787.078     -188636.06      1.5449442      19683               2349 
   1286000   2006.4161      259578.88     -202710.15      14042.79      -188667.36      1.5449442      19683               2349 
   1286500   1973.3287      254845.56     -202496.58      13811.213     -188685.37      1.5449442      19683               2349 
   1287000   1997.0123      267383.6      -202624.91      13976.973     -188647.94      1.5449442      19683               2349 
   1287500   2003.1706      267139.11     -202542.3       14020.075     -188522.22      1.5449442      19683               2349 
   1288000   2002.3781      270062.13     -202320.77      14014.528     -188306.24      1.5449442      19683               2349 
   1288500   2015.9485      259731.66     -202179.56      14109.507     -188070.05      1.5449442      19683               2349 
   1289000   2048.6371      258317.31     -202270.55      14338.292     -187932.26      1.5449442      19683               2349 
   1289500   2049.923       254176.99     -202263.85      14347.292     -187916.55      1.5449442      19683               2349 
   1290000   2025.9227      263460.76     -202209.97      14179.316     -188030.66      1.5449442      19683               2349 
   1290500   2014.9747      250240.74     -202394.76      14102.691     -188292.07      1.5449442      19683               2349 
   1291000   2012.2887      260667.45     -202683.38      14083.892     -188599.49      1.5449442      19683               2349 
   1291500   1997.8456      260045        -202707.56      13982.806     -188724.75      1.5449442      19683               2349 
   1292000   1985.4341      255921.37     -202632.64      13895.938     -188736.7       1.5449442      19683               2349 
   1292500   1961.679       257284.03     -202436.15      13729.677     -188706.47      1.5449442      19683               2349 
   1293000   1997.0653      259717.99     -202572.42      13977.344     -188595.07      1.5449442      19683               2349 
   1293500   1977.2555      267002.64     -202261.2       13838.697     -188422.5       1.5449442      19683               2349 
   1294000   2015.5156      260364.12     -202354.37      14106.477     -188247.89      1.5449442      19683               2349 
   1294500   1978.1204      267064.8      -201960.4       13844.75      -188115.65      1.5449442      19683               2349 
   1295000   2024.4248      258667.61     -202254.62      14168.832     -188085.79      1.5449442      19683               2349 
   1295500   2020.3623      263341.33     -202323.37      14140.399     -188182.97      1.5449442      19683               2349 
   1296000   1985.974       266182.91     -202481.37      13899.717     -188581.66      1.5449442      19683               2349 
   1296500   1990.5455      268065.38     -202817.73      13931.712     -188886.02      1.5449442      19683               2349 
   1297000   1951.5655      258560.04     -202646.42      13658.894     -188987.53      1.5449442      19683               2349 
   1297500   1973.337       268065.57     -202747.62      13811.271     -188936.35      1.5449442      19683               2349 
   1298000   1983.0099      254839.83     -202685.69      13878.972     -188806.72      1.5449442      19683               2349 
   1298500   1980.1499      255780.31     -202403.97      13858.955     -188545.02      1.5449442      19683               2349 
   1299000   1986.2778      264195        -202209.85      13901.843     -188308         1.5449442      19683               2349 
   1299500   2040.5485      257340.93     -202485.36      14281.68      -188203.68      1.5449442      19683               2349 
   1300000   2014.1628      266817.53     -202287.77      14097.009     -188190.76      1.5449442      19683               2349 
   1300500   2019.3909      261934.62     -202355.15      14133.6       -188221.55      1.5449442      19683               2349 
   1301000   2013.9093      255175.42     -202397.07      14095.234     -188301.84      1.5449442      19683               2349 
   1301500   1977.5467      261242.51     -202220.86      13840.735     -188380.13      1.5449442      19683               2349 
   1302000   1988.8908      260314.07     -202348.26      13920.131     -188428.13      1.5449442      19683               2349 
   1302500   2026.8196      266930.07     -202675.11      14185.593     -188489.52      1.5449442      19683               2349 
   1303000   1982.0292      262866.01     -202438.86      13872.107     -188566.75      1.5449442      19683               2349 
   1303500   1974.9093      256384.66     -202741.38      13822.276     -188919.11      1.5449442      19683               2349 
   1304000   1910.1598      259197.16     -202624.27      13369.098     -189255.17      1.5449442      19683               2349 
   1304500   1962.4882      260348.54     -203040.55      13735.341     -189305.21      1.5449442      19683               2349 
   1305000   1945.1066      260158.41     -202737.31      13613.689     -189123.62      1.5449442      19683               2349 
   1305500   1953.8171      258496.58     -202520.27      13674.652     -188845.62      1.5449442      19683               2349 
   1306000   1939.2637      262530.72     -202137.93      13572.794     -188565.14      1.5449442      19683               2349 
   1306500   1964.1551      268100        -202104.43      13747.008     -188357.42      1.5449442      19683               2349 
   1307000   2022.3687      263060.32     -202360.35      14154.441     -188205.91      1.5449442      19683               2349 
   1307500   1999.0541      273461.64     -202161.88      13991.264     -188170.62      1.5449442      19683               2349 
   1308000   2030.4172      255078.23     -202416.64      14210.772     -188205.86      1.5449442      19683               2349 
   1308500   2021.4563      267580.11     -202456.67      14148.055     -188308.61      1.5449442      19683               2349 
   1309000   2040.6237      260206.78     -202790.87      14282.207     -188508.66      1.5449442      19683               2349 
   1309500   1963.9214      258097.79     -202537.74      13745.372     -188792.37      1.5449442      19683               2349 
   1310000   2014.8912      261173.04     -203065.8       14102.107     -188963.69      1.5449442      19683               2349 
   1310500   1937.1825      262081.47     -202556         13558.228     -188997.77      1.5449442      19683               2349 
   1311000   1976.9374      256779.36     -202738.5       13836.47      -188902.03      1.5449442      19683               2349 
   1311500   1995.9918      262356.39     -202766.27      13969.831     -188796.44      1.5449442      19683               2349 
   1312000   1985.4105      263851.16     -202542.3       13895.773     -188646.53      1.5449442      19683               2349 
   1312500   1986.2788      265450.49     -202437.28      13901.85      -188535.43      1.5449442      19683               2349 
   1313000   2016.3365      272716.78     -202551.92      14112.222     -188439.7       1.5449442      19683               2349 
   1313500   2001.9429      258039.18     -202390.42      14011.482     -188378.94      1.5449442      19683               2349 
   1314000   2017.9303      261175.72     -202459.56      14123.377     -188336.18      1.5449442      19683               2349 
   1314500   1997.7767      258230.75     -202312.73      13982.323     -188330.4       1.5449442      19683               2349 
   1315000   2014.1822      262165.24     -202501.17      14097.144     -188404.03      1.5449442      19683               2349 
   1315500   1968.8339      254362.47     -202368.68      13779.754     -188588.92      1.5449442      19683               2349 
   1316000   1955.6339      259033.39     -202482.08      13687.368     -188794.71      1.5449442      19683               2349 
   1316500   1969.8769      258994.99     -202699.47      13787.054     -188912.42      1.5449442      19683               2349 
   1317000   1969.2665      254265.18     -202684.83      13782.782     -188902.05      1.5449442      19683               2349 
   1317500   1994.3884      259085.68     -202760.78      13958.608     -188802.18      1.5449442      19683               2349 
   1318000   1980.4849      266824.73     -202423.25      13861.299     -188561.95      1.5449442      19683               2349 
   1318500   2005.6985      268717.88     -202324.89      14037.767     -188287.12      1.5449442      19683               2349 
   1319000   1972.3597      273436.93     -201880.07      13804.431     -188075.63      1.5449442      19683               2349 
   1319500   2024.0675      265686.62     -202149.85      14166.331     -187983.52      1.5449442      19683               2349 
   1320000   2057.5922      270127.56     -202361.17      14400.968     -187960.2       1.5449442      19683               2349 
   1320500   2035.9325      263048.43     -202254.04      14249.373     -188004.67      1.5449442      19683               2349 
   1321000   2043.7741      256308.13     -202380.07      14304.256     -188075.82      1.5449442      19683               2349 
   1321500   1985.8725      271535.02     -202138.61      13899.006     -188239.6       1.5449442      19683               2349 
   1322000   1991.2675      273504.54     -202307.95      13936.766     -188371.18      1.5449442      19683               2349 
   1322500   2014.8783      259492.37     -202525.46      14102.017     -188423.44      1.5449442      19683               2349 
   1323000   1976.3829      255574.75     -202285.71      13832.589     -188453.12      1.5449442      19683               2349 
   1323500   2016.6027      262477.05     -202584.25      14114.086     -188470.17      1.5449442      19683               2349 
   1324000   2004.3953      257504.59     -202543.26      14028.647     -188514.62      1.5449442      19683               2349 
   1324500   1992.2845      254391.2      -202475.22      13943.884     -188531.34      1.5449442      19683               2349 
   1325000   1957.5514      263500.07     -202278.12      13700.789     -188577.34      1.5449442      19683               2349 
   1325500   2016.6266      258053.09     -202750.8       14114.253     -188636.55      1.5449442      19683               2349 
   1326000   2029.1024      254907.3      -202956.34      14201.57      -188754.77      1.5449442      19683               2349 
   1326500   1978.903       254336.84     -202767         13850.227     -188916.77      1.5449442      19683               2349 
   1327000   1968.4642      260947.85     -202799.21      13777.167     -189022.04      1.5449442      19683               2349 
   1327500   1986.9337      258128.76     -202906.84      13906.434     -189000.41      1.5449442      19683               2349 
   1328000   1943.9464      262873.63     -202499.42      13605.568     -188893.85      1.5449442      19683               2349 
   1328500   2000.8843      252070.42     -202700.82      14004.073     -188696.75      1.5449442      19683               2349 
   1329000   1997.0132      256381.57     -202370.24      13976.98      -188393.26      1.5449442      19683               2349 
   1329500   2057.7162      250412.58     -202555.78      14401.836     -188153.94      1.5449442      19683               2349 
   1330000   2024.253       250675.58     -202262.36      14167.63      -188094.73      1.5449442      19683               2349 
   1330053   2008.6323      271133.76     -202153.68      14058.301     -188095.38      1.5449442      19683               2349 
Loop time of 22995.9 on 48 procs for 400000 steps with 2349 atoms

Performance: 0.150 ns/day, 159.693 hours/ns, 17.394 timesteps/s, 40.860 katom-step/s
99.4% CPU use with 12 MPI tasks x 4 OpenMP threads

MPI task timing breakdown:
Section |  min time  |  avg time  |  max time  |%varavg| %total
---------------------------------------------------------------
Pair    | 19131      | 19362      | 19552      |  93.3 | 84.20
Neigh   | 153.08     | 154.28     | 155.71     |   5.6 |  0.67
Comm    | 309.37     | 499.97     | 731.17     | 579.8 |  2.17
Output  | 0.10348    | 0.12044    | 0.1447     |   3.1 |  0.00
Modify  | 2968       | 2969.2     | 2970.2     |   1.2 | 12.91
Other   |            | 10.21      |            |       |  0.04

Nlocal:         195.75 ave         206 max         186 min
Histogram: 1 1 0 3 1 0 3 1 1 1
Nghost:        5339.58 ave        5392 max        5313 min
Histogram: 3 0 1 4 2 1 0 0 0 1
Neighs:         152054 ave      159111 max      145632 min
Histogram: 2 0 1 2 1 1 3 0 1 1

Total # of neighbors = 1824650
Ave neighs/atom = 776.77735
Neighbor list builds = 4172
Dangerous builds = 0
write_restart   out/restart.solgel_pH${pH}.stage3
write_restart   out/restart.solgel_pH7.5.stage3
System init for write_restart ...

print           "--- Condensation Stage 4/4 ---"
--- Condensation Stage 4/4 ---
run             400000
Per MPI rank memory allocation (min/avg/max) = 374.8 | 381.3 | 387.2 Mbytes
   Step          Temp          Press          PotEng         KinEng         TotEng        Density         Volume        Atoms   
   1330053   2008.6323      271133.95     -202153.68      14058.301     -188095.38      1.5449442      19683               2349 
   1330500   2006.481       256905.16     -202124.57      14043.244     -188081.33      1.5449442      19683               2349 
   1331000   2048.6531      248887.01     -202494.18      14338.404     -188155.78      1.5449442      19683               2349 
   1331500   2006.1926      262001.31     -202359.15      14041.226     -188317.92      1.5449442      19683               2349 
   1332000   1972.0378      249826.75     -202425.57      13802.178     -188623.39      1.5449442      19683               2349 
   1332500   1930.197       248727.44     -202410.72      13509.337     -188901.38      1.5449442      19683               2349 
   1333000   1930.7929      270730.59     -202490.69      13513.508     -188977.19      1.5449442      19683               2349 
   1333500   1943.1597      269670.83     -202479.49      13600.062     -188879.43      1.5449442      19683               2349 
   1334000   1958.304       254627.95     -202463.18      13706.056     -188757.12      1.5449442      19683               2349 
   1334500   2001.346       256641.95     -202612.8       14007.305     -188605.49      1.5449442      19683               2349 
   1335000   2015.6028      260903.39     -202509.55      14107.087     -188402.46      1.5449442      19683               2349 
   1335500   2011.3296      251082.59     -202308.12      14077.18      -188230.94      1.5449442      19683               2349 
   1336000   2014.4729      262005.52     -202193.92      14099.179     -188094.74      1.5449442      19683               2349 
   1336500   1970.3975      268956.34     -201823.19      13790.698     -188032.49      1.5449442      19683               2349 
   1337000   2005.3166      265231.31     -202040.53      14035.095     -188005.43      1.5449442      19683               2349 
   1337500   2033.368       265007.96     -202221.6       14231.425     -187990.17      1.5449442      19683               2349 
   1338000   2009.6817      256665.08     -202226.98      14065.645     -188161.34      1.5449442      19683               2349 
   1338500   1995.7891      257812.61     -202445.14      13968.412     -188476.73      1.5449442      19683               2349 
   1339000   1947.1319      263232.46     -202335.19      13627.863     -188707.33      1.5449442      19683               2349 
   1339500   1973.8716      247507.43     -202583.61      13815.013     -188768.6       1.5449442      19683               2349 
   1340000   1912.4736      269660        -202118.74      13385.292     -188733.45      1.5449442      19683               2349 
   1340500   1962.3443      256805.17     -202317.53      13734.334     -188583.2       1.5449442      19683               2349 
   1341000   1965.1888      265469.32     -202100.88      13754.242     -188346.64      1.5449442      19683               2349 
   1341500   2010.549       262562.91     -202150.66      14071.716     -188078.95      1.5449442      19683               2349 
   1342000   2022.9381      265221.49     -202118.09      14158.427     -187959.67      1.5449442      19683               2349 
   1342500   2059.8003      255115.07     -202365.94      14416.423     -187949.52      1.5449442      19683               2349 
   1343000   1988.7925      262865.56     -201917.5       13919.444     -187998.06      1.5449442      19683               2349 
   1343500   2015.8409      261265.86     -202174.07      14108.754     -188065.31      1.5449442      19683               2349 
   1344000   1986.8567      260628.44     -202070.53      13905.895     -188164.64      1.5449442      19683               2349 
   1344500   2031.5659      261458.77     -202514.71      14218.812     -188295.9       1.5449442      19683               2349 
   1345000   1990.9416      258936.36     -202390.79      13934.485     -188456.31      1.5449442      19683               2349 
   1345500   1948.7817      263069.24     -202220.55      13639.41      -188581.14      1.5449442      19683               2349 
   1346000   1970.8095      260912.43     -202418.51      13793.581     -188624.93      1.5449442      19683               2349 
   1346500   1991.0813      256500.84     -202609.55      13935.463     -188674.09      1.5449442      19683               2349 
   1347000   2003.0552      254091.97     -202733.53      14019.267     -188714.27      1.5449442      19683               2349 
   1347500   1942.844       265229.16     -202441.88      13597.852     -188844.03      1.5449442      19683               2349 
   1348000   1912.1436      256032.07     -202435.16      13382.982     -189052.18      1.5449442      19683               2349 
   1348500   1957.454       252039.31     -202813.27      13700.107     -189113.17      1.5449442      19683               2349 
   1349000   1948.5217      254754.25     -202630.09      13637.59      -188992.5       1.5449442      19683               2349 
   1349500   1940.0992      265565.18     -202289.18      13578.642     -188710.54      1.5449442      19683               2349 
   1350000   1963.3483      273756.94     -202133.23      13741.361     -188391.87      1.5449442      19683               2349 
   1350500   1988.7729      252838.04     -202081.38      13919.307     -188162.07      1.5449442      19683               2349 
   1351000   2030.4889      266326.03     -202176.53      14211.274     -187965.26      1.5449442      19683               2349 
   1351500   2003.9265      273547.19     -201883.23      14025.365     -187857.86      1.5449442      19683               2349 
   1352000   2031.7139      263569.03     -202012.3       14219.848     -187792.45      1.5449442      19683               2349 
   1352500   2065.9569      266486.63     -202309.44      14459.513     -187849.93      1.5449442      19683               2349 
   1353000   1966.5584      269419.37     -201820.29      13763.828     -188056.46      1.5449442      19683               2349 
   1353500   1984.96        260400.73     -202240.15      13892.62      -188347.53      1.5449442      19683               2349 
   1354000   1968.4336      259182.24     -202295.67      13776.952     -188518.72      1.5449442      19683               2349 
   1354500   1969.5336      266532.96     -202337.65      13784.651     -188552.99      1.5449442      19683               2349 
   1355000   1933.3883      259328.34     -202037.74      13531.673     -188506.06      1.5449442      19683               2349 
   1355500   2013.5345      260108.78     -202475.77      14092.611     -188383.16      1.5449442      19683               2349 
   1356000   1984.8374      263038.71     -202156.68      13891.762     -188264.91      1.5449442      19683               2349 
   1356500   2015.0952      270514.5      -202257.02      14103.534     -188153.49      1.5449442      19683               2349 
   1357000   2093.2282      268678.99     -202741.96      14650.383     -188091.58      1.5449442      19683               2349 
   1357500   2020.8869      259819.68     -202299.77      14144.07      -188155.7       1.5449442      19683               2349 
   1358000   1991.0693      262636.21     -202184.5       13935.378     -188249.12      1.5449442      19683               2349 
   1358500   2042.4897      267516.68     -202610.4       14295.267     -188315.13      1.5449442      19683               2349 
   1359000   1994.9307      262391.16     -202286.22      13962.404     -188323.81      1.5449442      19683               2349 
   1359500   1967.665       272125.46     -202084.61      13771.573     -188313.04      1.5449442      19683               2349 
   1360000   2045.7718      255017.59     -202620.45      14318.238     -188302.21      1.5449442      19683               2349 
   1360500   2004.6471      258399.29     -202302.13      14030.409     -188271.73      1.5449442      19683               2349 
   1361000   2009.5906      252141.7      -202340.78      14065.008     -188275.77      1.5449442      19683               2349 
   1361500   2001.1637      264997.14     -202275.5       14006.029     -188269.47      1.5449442      19683               2349 
   1362000   2007.5853      259341.54     -202348.27      14050.973     -188297.3       1.5449442      19683               2349 
   1362500   1958.4118      262756.6      -202061.84      13706.81      -188355.03      1.5449442      19683               2349 
   1363000   2008.9597      272983.85     -202414.27      14060.592     -188353.68      1.5449442      19683               2349 
   1363500   1992.7069      257701.15     -202239.68      13946.84      -188292.84      1.5449442      19683               2349 
   1364000   1998.9498      263512.03     -202165.12      13990.534     -188174.59      1.5449442      19683               2349 
   1364500   1991.4168      265658.58     -201976.9       13937.811     -188039.09      1.5449442      19683               2349 
   1365000   2000.5672      270463.99     -201937.36      14001.854     -187935.51      1.5449442      19683               2349 
   1365500   2078.5254      262604.58     -202439.53      14547.479     -187892.05      1.5449442      19683               2349 
   1366000   2022.6124      264080.16     -202142.18      14156.147     -187986.03      1.5449442      19683               2349 
   1366500   2013.7433      262136.2      -202384.17      14094.072     -188290.09      1.5449442      19683               2349 
   1367000   1947.5949      260202.59     -202219.45      13631.104     -188588.35      1.5449442      19683               2349 
   1367500   1959.527       262675.31     -202375.27      13714.616     -188660.65      1.5449442      19683               2349 
   1368000   2008.3873      264835.61     -202720.26      14056.586     -188663.67      1.5449442      19683               2349 
   1368500   1972.297       256526.76     -202436.84      13803.992     -188632.84      1.5449442      19683               2349 
   1369000   2002.98        269289.28     -202553.15      14018.741     -188534.41      1.5449442      19683               2349 
   1369500   1998.5862      272389.03     -202327.61      13987.989     -188339.62      1.5449442      19683               2349 
   1370000   2012.0972      270441.95     -202147.56      14082.551     -188065.01      1.5449442      19683               2349 
   1370500   2057.5446      263174.46     -202250.26      14400.635     -187849.62      1.5449442      19683               2349 
   1371000   2018.2789      274078.12     -201909.04      14125.817     -187783.23      1.5449442      19683               2349 
   1371500   2032.5831      267060.62     -202103.93      14225.932     -187878         1.5449442      19683               2349 
   1372000   1984.7259      271372.87     -202165.92      13890.981     -188274.93      1.5449442      19683               2349 
   1372500   2012.3514      254254.49     -202707.99      14084.33      -188623.65      1.5449442      19683               2349 
   1373000   1961.2006      271554.77     -202413.01      13726.33      -188686.68      1.5449442      19683               2349 
   1373500   1981.0573      272873.54     -202492.92      13865.305     -188627.62      1.5449442      19683               2349 
   1374000   1977.019       260292.16     -202352.02      13837.042     -188514.98      1.5449442      19683               2349 
   1374500   2000.2943      262153.24     -202335.2       13999.944     -188335.26      1.5449442      19683               2349 
   1375000   2003.2975      261286.44     -202173.17      14020.963     -188152.21      1.5449442      19683               2349 
   1375500   2003.5812      252863.49     -202023.46      14022.948     -188000.51      1.5449442      19683               2349 
   1376000   2007.4479      280770.05     -201998.93      14050.011     -187948.92      1.5449442      19683               2349 
   1376500   2009.2704      263822.35     -202108.65      14062.767     -188045.88      1.5449442      19683               2349 
   1377000   1960.6603      267535.54     -202013.75      13722.548     -188291.2       1.5449442      19683               2349 
   1377500   2008.0736      258086.14     -202613.05      14054.391     -188558.66      1.5449442      19683               2349 
   1378000   1964.3383      256471.46     -202431.8       13748.29      -188683.51      1.5449442      19683               2349 
   1378500   1971.6916      265238.02     -202482.96      13799.755     -188683.2       1.5449442      19683               2349 
   1379000   1978.0838      271286.6      -202439.97      13844.494     -188595.48      1.5449442      19683               2349 
   1379500   1988.75        261320.86     -202389.09      13919.146     -188469.94      1.5449442      19683               2349 
   1380000   2019.1656      260106.13     -202525.82      14132.023     -188393.8       1.5449442      19683               2349 
   1380500   2063.6611      252363.59     -202777.65      14443.444     -188334.21      1.5449442      19683               2349 
   1381000   2026.3092      264271.1      -202507.53      14182.021     -188325.51      1.5449442      19683               2349 
   1381500   2008.9515      256593.76     -202356.87      14060.535     -188296.34      1.5449442      19683               2349 
   1382000   1992.551       265412.48     -202235.2       13945.749     -188289.45      1.5449442      19683               2349 
   1382500   2002.1338      252224.94     -202297.35      14012.819     -188284.54      1.5449442      19683               2349 
   1383000   1993.1972      259497.19     -202254.43      13950.271     -188304.16      1.5449442      19683               2349 
   1383500   1977.8279      270823.99     -202185.99      13842.703     -188343.29      1.5449442      19683               2349 
   1384000   1985.9442      263294.76     -202294.64      13899.509     -188395.13      1.5449442      19683               2349 
   1384500   2007.2816      265182.64     -202491.83      14048.848     -188442.99      1.5449442      19683               2349 
   1385000   1968.9332      256868.99     -202320.42      13780.449     -188539.97      1.5449442      19683               2349 
   1385500   2016.178       257907.43     -202749.86      14111.113     -188638.75      1.5449442      19683               2349 
   1386000   2008.5868      260690.89     -202800.17      14057.982     -188742.18      1.5449442      19683               2349 
   1386500   2001.0245      256026.9      -202839.31      14005.055     -188834.25      1.5449442      19683               2349 
   1387000   1963.9543      256600.25     -202542.65      13745.602     -188797.04      1.5449442      19683               2349 
   1387500   1990.6677      261780.01     -202532.64      13932.568     -188600.08      1.5449442      19683               2349 
   1388000   2003.5687      267505.04     -202262.35      14022.861     -188239.49      1.5449442      19683               2349 
   1388500   2029.3691      259174.84     -202236.05      14203.437     -188032.61      1.5449442      19683               2349 
   1389000   2019.8231      258726.93     -202146.86      14136.624     -188010.24      1.5449442      19683               2349 
   1389500   2057.5054      265197.89     -202528.97      14400.361     -188128.61      1.5449442      19683               2349 
   1390000   1999.689       266364.02     -202275.24      13995.708     -188279.53      1.5449442      19683               2349 
   1390500   1981.5587      264066.25     -202265.14      13868.814     -188396.33      1.5449442      19683               2349 
   1391000   1951.1251      268717.91     -202140.61      13655.811     -188484.8       1.5449442      19683               2349 
   1391500   1978.5047      259979.84     -202375.25      13847.439     -188527.81      1.5449442      19683               2349 
   1392000   2003.9801      264238.6      -202550.54      14025.74      -188524.8       1.5449442      19683               2349 
   1392500   1987.3296      248796.65     -202429.22      13909.204     -188520.02      1.5449442      19683               2349 
   1393000   1974.3546      256636.88     -202340.65      13818.393     -188522.25      1.5449442      19683               2349 
   1393500   1983.4352      254956.68     -202459.83      13881.948     -188577.89      1.5449442      19683               2349 
   1394000   2009.4095      260215.86     -202818.33      14063.741     -188754.59      1.5449442      19683               2349 
   1394500   1967.9249      252473.07     -202696.75      13773.392     -188923.36      1.5449442      19683               2349 
   1395000   1947.9058      255767.6      -202598.58      13633.28      -188965.3       1.5449442      19683               2349 
   1395500   2010.1375      250353.01     -202951.1       14068.836     -188882.26      1.5449442      19683               2349 
   1396000   1984.7268      256848.08     -202569.52      13890.988     -188678.53      1.5449442      19683               2349 
   1396500   2018.5861      265827.38     -202524.15      14127.967     -188396.19      1.5449442      19683               2349 
   1397000   2013.1635      264632.07     -202283.39      14090.014     -188193.37      1.5449442      19683               2349 
   1397500   2029.5966      259474.68     -202331.81      14205.029     -188126.78      1.5449442      19683               2349 
   1398000   2039.347       265113.24     -202406.08      14273.272     -188132.81      1.5449442      19683               2349 
   1398500   2024.1574      275009.84     -202389.3       14166.96      -188222.34      1.5449442      19683               2349 
   1399000   2000.8824      265209.1      -202379.15      14004.06      -188375.1       1.5449442      19683               2349 
   1399500   1956.7111      274926.8      -202314.78      13694.907     -188619.87      1.5449442      19683               2349 
   1400000   1974.0306      255391.63     -202699.51      13816.126     -188883.39      1.5449442      19683               2349 
   1400500   1975.9371      260380.81     -202854.19      13829.469     -189024.72      1.5449442      19683               2349 
   1401000   1967.9016      260353.76     -202814.23      13773.229     -189041         1.5449442      19683               2349 
   1401500   1987.7995      260021.18     -202853.55      13912.494     -188941.06      1.5449442      19683               2349 
   1402000   1996.4426      266675.55     -202550.47      13972.986     -188577.49      1.5449442      19683               2349 
   1402500   2038.8241      267080.96     -202374.13      14269.612     -188104.52      1.5449442      19683               2349 
   1403000   2031.1768      265561.9      -202241.58      14216.089     -188025.49      1.5449442      19683               2349 
   1403500   2063.3171      270719.97     -202510.72      14441.037     -188069.68      1.5449442      19683               2349 
   1404000   1995.5578      258467.2      -202164.26      13966.794     -188197.47      1.5449442      19683               2349 
   1404500   1998.5417      256128.12     -202363.42      13987.677     -188375.74      1.5449442      19683               2349 
   1405000   2030.9862      253898.16     -202769.43      14214.754     -188554.68      1.5449442      19683               2349 
   1405500   1988.4853      261809.57     -202649.65      13917.294     -188732.36      1.5449442      19683               2349 
   1406000   1975.368       248750.3      -202675.21      13825.486     -188849.72      1.5449442      19683               2349 
   1406500   1991.0977      259317.42     -202786.59      13935.577     -188851.01      1.5449442      19683               2349 
   1407000   1987.6117      257406.41     -202652.48      13911.179     -188741.3       1.5449442      19683               2349 
   1407500   1968.3194      253886.12     -202340.93      13776.153     -188564.78      1.5449442      19683               2349 
   1408000   2015.5386      265572.98     -202297.43      14106.638     -188190.79      1.5449442      19683               2349 
   1408500   2014.642       266958.82     -201991.19      14100.362     -187890.83      1.5449442      19683               2349 
   1409000   2007.9956      273369.41     -201866.16      14053.845     -187812.31      1.5449442      19683               2349 
   1409500   2002.463       274650.56     -201875.15      14015.122     -187860.03      1.5449442      19683               2349 
   1410000   1987.4563      262833.63     -201855.27      13910.092     -187945.18      1.5449442      19683               2349 
   1410500   2026.3141      263323.82     -202238.93      14182.055     -188056.88      1.5449442      19683               2349 
   1411000   2050.1861      259234.75     -202567.73      14349.134     -188218.59      1.5449442      19683               2349 
   1411500   2039.2695      259094.69     -202613.22      14272.729     -188340.5       1.5449442      19683               2349 
   1412000   2026.9544      261160.5      -202606.66      14186.537     -188420.13      1.5449442      19683               2349 
   1412500   1974.3501      272436.41     -202241.82      13818.362     -188423.46      1.5449442      19683               2349 
   1413000   2021.8483      263026.12     -202538.55      14150.799     -188387.75      1.5449442      19683               2349 
   1413500   2000.2638      255023.23     -202341.67      13999.731     -188341.94      1.5449442      19683               2349 
   1414000   1996.4767      255248.4      -202274.71      13973.224     -188301.49      1.5449442      19683               2349 
   1414500   2042.1502      258527.61     -202573.25      14292.891     -188280.36      1.5449442      19683               2349 
   1415000   2005.7355      262723.26     -202305.22      14038.026     -188267.2       1.5449442      19683               2349 
   1415500   2039.2286      256357.79     -202571.21      14272.442     -188298.77      1.5449442      19683               2349 
   1416000   2001.8944      256447.82     -202494.25      14011.143     -188483.11      1.5449442      19683               2349 
   1416500   1966.0919      260153.26     -202656.11      13760.563     -188895.55      1.5449442      19683               2349 
   1417000   1914.8146      261895.12     -202493.47      13401.676     -189091.79      1.5449442      19683               2349 
   1417500   1995.7569      260416.99     -203016.44      13968.187     -189048.26      1.5449442      19683               2349 
   1418000   1988.0884      249474.98     -202772.08      13914.515     -188857.56      1.5449442      19683               2349 
   1418500   1971.4671      274893.21     -202390.04      13798.184     -188591.85      1.5449442      19683               2349 
   1419000   1988.9265      260912.32     -202311.22      13920.382     -188390.84      1.5449442      19683               2349 
   1419500   2042.7746      261589.4      -202593.64      14297.261     -188296.38      1.5449442      19683               2349 
   1420000   1985.2244      258684.4      -202130.98      13894.47      -188236.51      1.5449442      19683               2349 
   1420500   2017.2697      268103.63     -202359.18      14118.754     -188240.42      1.5449442      19683               2349 
   1421000   2041.0735      260497.99     -202593.95      14285.355     -188308.6       1.5449442      19683               2349 
   1421500   1964.5347      262273.99     -202197.69      13749.665     -188448.02      1.5449442      19683               2349 
   1422000   1969.8435      252644.72     -202458.21      13786.82      -188671.39      1.5449442      19683               2349 
   1422500   1969.3401      252470.59     -202815.51      13783.297     -189032.22      1.5449442      19683               2349 
   1423000   1927.0142      251730.93     -202682.07      13487.06      -189195.01      1.5449442      19683               2349 
   1423500   1937.8246      249395.31     -202700.77      13562.722     -189138.05      1.5449442      19683               2349 
   1424000   1969.9721      266963.38     -202774.34      13787.721     -188986.62      1.5449442      19683               2349 
   1424500   1951.1242      261377.73     -202431.88      13655.805     -188776.08      1.5449442      19683               2349 
   1425000   1999.0505      258173.11     -202602.7       13991.239     -188611.46      1.5449442      19683               2349 
   1425500   1976.8254      260930.38     -202308.27      13835.687     -188472.58      1.5449442      19683               2349 
   1426000   2017.7584      262752.14     -202487.28      14122.174     -188365.1       1.5449442      19683               2349 
   1426500   1994.9735      270574.72     -202279.3       13962.703     -188316.6       1.5449442      19683               2349 
   1427000   1974.3559      275047.85     -202080.79      13818.403     -188262.39      1.5449442      19683               2349 
   1427500   1997.0199      253242.98     -202160.26      13977.026     -188183.24      1.5449442      19683               2349 
   1428000   1974.1927      255671.38     -201906.04      13817.26      -188088.78      1.5449442      19683               2349 
   1428500   1997.2842      241151.23     -202017.8       13978.876     -188038.93      1.5449442      19683               2349 
   1429000   2063.5927      270696.98     -202467.64      14442.966     -188024.67      1.5449442      19683               2349 
   1429500   1992.7852      268191.96     -202082.31      13947.388     -188134.92      1.5449442      19683               2349 
   1430000   1989.2414      260896.94     -202288.24      13922.585     -188365.65      1.5449442      19683               2349 
   1430500   2019.5006      258220        -202738.03      14134.368     -188603.66      1.5449442      19683               2349 
   1431000   1974.7549      264900.16     -202582.54      13821.195     -188761.35      1.5449442      19683               2349 
   1431500   1963.8502      265301.2      -202555.5       13744.874     -188810.62      1.5449442      19683               2349 
   1432000   1952.1351      254222.88     -202377.43      13662.88      -188714.55      1.5449442      19683               2349 
   1432500   1998.2584      242406.08     -202524.02      13985.695     -188538.32      1.5449442      19683               2349 
   1433000   2021.3607      267091.23     -202420.69      14147.387     -188273.31      1.5449442      19683               2349 
   1433500   2033.1698      258400.47     -202219.19      14230.038     -187989.15      1.5449442      19683               2349 
   1434000   2059.5611      268803.42     -202192.23      14414.749     -187777.48      1.5449442      19683               2349 
   1434500   2023.6721      265700.51     -201898.4       14163.564     -187734.84      1.5449442      19683               2349 
   1435000   2010.8969      270673.55     -201882.78      14074.151     -187808.63      1.5449442      19683               2349 
   1435500   2053.5814      264117.02     -202265.46      14372.897     -187892.56      1.5449442      19683               2349 
   1436000   2062.8625      267713.57     -202400.82      14437.855     -187962.97      1.5449442      19683               2349 
   1436500   1996.389       268822.06     -202054.4       13972.611     -188081.79      1.5449442      19683               2349 
   1437000   1995.9063      258922.96     -202182.72      13969.232     -188213.49      1.5449442      19683               2349 
   1437500   2031.1093      262638        -202528.27      14215.616     -188312.66      1.5449442      19683               2349 
   1438000   2014.7242      263927.64     -202527.18      14100.938     -188426.24      1.5449442      19683               2349 
   1438500   1991.9046      254205.76     -202472.05      13941.225     -188530.83      1.5449442      19683               2349 
   1439000   1917.3452      257552.69     -202051.98      13419.388     -188632.6       1.5449442      19683               2349 
   1439500   1979.2022      265343.74     -202574.84      13852.322     -188722.51      1.5449442      19683               2349 
   1440000   1956.8996      266577.11     -202517.46      13696.227     -188821.23      1.5449442      19683               2349 
   1440500   1953.8947      262678.71     -202555.57      13675.196     -188880.37      1.5449442      19683               2349 
   1441000   1944.3953      257762.31     -202434.13      13608.71      -188825.42      1.5449442      19683               2349 
   1441500   1931.9921      257283.52     -202154.74      13521.901     -188632.84      1.5449442      19683               2349 
   1442000   2050.8436      263179.5      -202701.04      14353.736     -188347.31      1.5449442      19683               2349 
   1442500   2023.0513      259894.3      -202264.22      14159.219     -188105         1.5449442      19683               2349 
   1443000   2016.407       278936.2      -202095.9       14112.716     -187983.18      1.5449442      19683               2349 
   1443500   2063.4159      252247.68     -202404.03      14441.728     -187962.3       1.5449442      19683               2349 
   1444000   2019.0166      271287.49     -202238.31      14130.98      -188107.33      1.5449442      19683               2349 
   1444500   1984.3186      265118.32     -202202.26      13888.131     -188314.13      1.5449442      19683               2349 
   1445000   2001.3084      258546.95     -202559.23      14007.042     -188552.19      1.5449442      19683               2349 
   1445500   1955.9823      263744.27     -202297.9       13689.807     -188608.09      1.5449442      19683               2349 
   1446000   2011.1236      246732.08     -202688.25      14075.737     -188612.51      1.5449442      19683               2349 
   1446500   1988.8016      254964.16     -202519.8       13919.507     -188600.3       1.5449442      19683               2349 
   1447000   1965.1837      275141.85     -202315.7       13754.206     -188561.49      1.5449442      19683               2349 
   1447500   2033.6213      257073.18     -202714.24      14233.198     -188481.04      1.5449442      19683               2349 
   1448000   1973.0786      255348.06     -202229.35      13809.463     -188419.88      1.5449442      19683               2349 
   1448500   1996.6549      259882.85     -202299.6       13974.472     -188325.13      1.5449442      19683               2349 
   1449000   2041.6934      263724.4      -202460.99      14289.694     -188171.29      1.5449442      19683               2349 
   1449500   2040.2579      258988.39     -202252.45      14279.647     -187972.8       1.5449442      19683               2349 
   1450000   2042.1078      275416.23     -202131.21      14292.594     -187838.62      1.5449442      19683               2349 
   1450500   2046.5497      271828.89     -202140.04      14323.683     -187816.36      1.5449442      19683               2349 
   1451000   2045.9935      261161.68     -202305.83      14319.79      -187986.04      1.5449442      19683               2349 
   1451500   2030.0386      269667.59     -202544.43      14208.123     -188336.31      1.5449442      19683               2349 
   1452000   1979.0906      264437        -202431.6       13851.541     -188580.06      1.5449442      19683               2349 
   1452500   1989.0104      260108.8      -202560.11      13920.969     -188639.14      1.5449442      19683               2349 
   1453000   2006.3522      252384.16     -202652.87      14042.343     -188610.53      1.5449442      19683               2349 
   1453500   1995.6038      246790.3      -202506.47      13967.115     -188539.36      1.5449442      19683               2349 
   1454000   1975.2809      269782.08     -202175.03      13824.877     -188350.16      1.5449442      19683               2349 
   1454500   2017.7515      263219.23     -202207.98      14122.126     -188085.86      1.5449442      19683               2349 
   1455000   2015.1102      271478.7      -202037.06      14103.64      -187933.42      1.5449442      19683               2349 
   1455500   1991.7943      264644.04     -201832.41      13940.453     -187891.96      1.5449442      19683               2349 
   1456000   2037.5669      262031.42     -202219.06      14260.813     -187958.24      1.5449442      19683               2349 
   1456500   2061.5472      264875.47     -202482.71      14428.649     -188054.06      1.5449442      19683               2349 
   1457000   1995.1175      266188.06     -202119.33      13963.712     -188155.61      1.5449442      19683               2349 
   1457500   2006.5113      280612.35     -202266.82      14043.456     -188223.36      1.5449442      19683               2349 
   1458000   1951.2248      263684.55     -201892.91      13656.509     -188236.4       1.5449442      19683               2349 
   1458500   2032.0559      271609.87     -202410.24      14222.241     -188188         1.5449442      19683               2349 
   1459000   1981.4574      259842.02     -202027.19      13868.106     -188159.08      1.5449442      19683               2349 
   1459500   1994.4898      264057.94     -202117.44      13959.319     -188158.13      1.5449442      19683               2349 
   1460000   2028.1578      263586.7      -202368.09      14194.959     -188173.13      1.5449442      19683               2349 
   1460500   1996.914       260165.53     -202171.12      13976.285     -188194.84      1.5449442      19683               2349 
   1461000   2001.9995      275426.1      -202283.15      14011.878     -188271.28      1.5449442      19683               2349 
   1461500   2002.7242      251546.6      -202482.24      14016.95      -188465.29      1.5449442      19683               2349 
   1462000   1922.7762      262550.15     -202107.86      13457.399     -188650.46      1.5449442      19683               2349 
   1462500   1932.0606      258725.87     -202270.3       13522.38      -188747.92      1.5449442      19683               2349 
   1463000   1979.7273      261622.98     -202580.18      13855.997     -188724.19      1.5449442      19683               2349 
   1463500   1967.7977      256434.48     -202326.63      13772.502     -188554.13      1.5449442      19683               2349 
   1464000   1994.8607      266513.99     -202190.74      13961.914     -188228.82      1.5449442      19683               2349 
   1464500   2044.4898      266151.46     -202258.49      14309.265     -187949.22      1.5449442      19683               2349 
   1465000   2062.8715      265953.02     -202279.65      14437.918     -187841.74      1.5449442      19683               2349 
   1465500   2010.3444      266663.8      -201955.78      14070.284     -187885.49      1.5449442      19683               2349 
   1466000   2012.2884      270270.14     -202070.09      14083.89      -187986.2       1.5449442      19683               2349 
   1466500   1994.9876      268996.43     -202100.26      13962.802     -188137.46      1.5449442      19683               2349 
   1467000   1989.9292      258695.52     -202236.65      13927.399     -188309.25      1.5449442      19683               2349 
   1467500   1980.3414      254289.85     -202311.05      13860.295     -188450.76      1.5449442      19683               2349 
   1468000   2010.1714      254387.1      -202541.8       14069.073     -188472.72      1.5449442      19683               2349 
   1468500   2047.1107      255655.98     -202761.28      14327.609     -188433.67      1.5449442      19683               2349 
   1469000   2035.1606      265088.9      -202625.53      14243.971     -188381.56      1.5449442      19683               2349 
   1469500   1998.5386      265284.65     -202373.86      13987.656     -188386.2       1.5449442      19683               2349 
   1470000   1977.6864      253024.4      -202248.7       13841.712     -188406.99      1.5449442      19683               2349 
   1470500   1993.2255      266574.99     -202343.15      13950.469     -188392.68      1.5449442      19683               2349 
   1471000   1999.8753      256377.39     -202394.27      13997.011     -188397.26      1.5449442      19683               2349 
   1471500   1999.202       259719.93     -202388.88      13992.299     -188396.58      1.5449442      19683               2349 
   1472000   1995.9716      260399.44     -202380.32      13969.69      -188410.63      1.5449442      19683               2349 
   1472500   1970.989       261728        -202164.66      13794.837     -188369.82      1.5449442      19683               2349 
   1473000   1965.7531      265689.31     -202089.8       13758.192     -188331.6       1.5449442      19683               2349 
   1473500   2028.7982      255670.29     -202495.79      14199.441     -188296.35      1.5449442      19683               2349 
   1474000   2036.9601      280997.98     -202521.03      14256.566     -188264.47      1.5449442      19683               2349 
   1474500   1985.0442      271181.13     -202145.84      13893.209     -188252.63      1.5449442      19683               2349 
   1475000   2058.2499      252090.69     -202624.64      14405.572     -188219.07      1.5449442      19683               2349 
   1475500   2018.2022      265950.24     -202350.02      14125.28      -188224.74      1.5449442      19683               2349 
   1476000   1995.7273      259037.58     -202356.68      13967.98      -188388.7       1.5449442      19683               2349 
   1476500   2003.7654      251344.45     -202698.3       14024.238     -188674.06      1.5449442      19683               2349 
   1477000   1926.5845      265602.43     -202382.38      13484.053     -188898.33      1.5449442      19683               2349 
   1477500   1914.2941      246138.73     -202362.43      13398.033     -188964.39      1.5449442      19683               2349 
   1478000   1964.0624      255058        -202568.16      13746.359     -188821.8       1.5449442      19683               2349 
   1478500   2019.4974      255879.19     -202702.07      14134.345     -188567.72      1.5449442      19683               2349 
   1479000   1995.1509      260189.03     -202335.99      13963.945     -188372.04      1.5449442      19683               2349 
   1479500   1987.8541      272608.13     -202189.94      13912.876     -188277.06      1.5449442      19683               2349 
   1480000   2010.1566      253310.04     -202337.36      14068.969     -188268.39      1.5449442      19683               2349 
   1480500   1980.4993      266505.66     -202152.27      13861.4       -188290.87      1.5449442      19683               2349 
   1481000   2017.6408      259846.27     -202450.46      14121.351     -188329.11      1.5449442      19683               2349 
   1481500   2048.13        264142.29     -202741.78      14334.743     -188407.04      1.5449442      19683               2349 
   1482000   1940.2944      259577.59     -202128.05      13580.008     -188548.05      1.5449442      19683               2349 
   1482500   1959.1133      263234.21     -202421.84      13711.72      -188710.12      1.5449442      19683               2349 
   1483000   1951.7043      255978.24     -202519.61      13659.865     -188859.74      1.5449442      19683               2349 
   1483500   1945.9201      262273.06     -202650.62      13619.382     -189031.24      1.5449442      19683               2349 
   1484000   1922.0955      251242.35     -202639.19      13452.635     -189186.56      1.5449442      19683               2349 
   1484500   1905.1207      254730.59     -202517.59      13333.83      -189183.77      1.5449442      19683               2349 
   1485000   1975.3891      262049.32     -202738.27      13825.634     -188912.64      1.5449442      19683               2349 
   1485500   1988.8684      259211.77     -202479.87      13919.974     -188559.9       1.5449442      19683               2349 
   1486000   1998.5652      256384.86     -202316.64      13987.842     -188328.8       1.5449442      19683               2349 
   1486500   1970.4207      262126.26     -201969.22      13790.86      -188178.36      1.5449442      19683               2349 
   1487000   1990.2766      256401.71     -202007.45      13929.83      -188077.61      1.5449442      19683               2349 
   1487500   2046.436       251673.59     -202334.41      14322.887     -188011.52      1.5449442      19683               2349 
   1488000   1983.8523      273211.54     -201909.36      13884.868     -188024.5       1.5449442      19683               2349 
   1488500   1970.6652      260009.9      -201907.91      13792.571     -188115.34      1.5449442      19683               2349 
   1489000   1973.7766      257763.82     -202117.25      13814.348     -188302.9       1.5449442      19683               2349 
   1489500   1986.801       265944.11     -202455.51      13905.505     -188550         1.5449442      19683               2349 
   1490000   1955.116       263274.09     -202433.56      13683.744     -188749.82      1.5449442      19683               2349 
   1490500   1968.7504      262210.92     -202573.16      13779.17      -188793.99      1.5449442      19683               2349 
   1491000   1966.7664      259096.2      -202525.87      13765.284     -188760.59      1.5449442      19683               2349 
   1491500   1995.1848      254636.19     -202508.01      13964.183     -188543.82      1.5449442      19683               2349 
   1492000   2019.1245      279859.58     -202243.48      14131.735     -188111.75      1.5449442      19683               2349 
   1492500   2033.1322      265092.76     -202091.06      14229.775     -187861.28      1.5449442      19683               2349 
   1493000   2010.6611      260229.27     -201921.69      14072.501     -187849.19      1.5449442      19683               2349 
   1493500   2029.5633      254614.01     -202140.85      14204.796     -187936.05      1.5449442      19683               2349 
   1494000   2010.2484      259640.86     -202189.44      14069.612     -188119.83      1.5449442      19683               2349 
   1494500   1995.5275      276550.67     -202248.25      13966.581     -188281.67      1.5449442      19683               2349 
   1495000   2000.6762      267450.41     -202413.07      14002.617     -188410.45      1.5449442      19683               2349 
   1495500   2002.1605      260176.35     -202513.29      14013.005     -188500.28      1.5449442      19683               2349 
   1496000   1980.8291      258982.67     -202461.44      13863.708     -188597.74      1.5449442      19683               2349 
   1496500   1984.8496      259219.15     -202523.26      13891.847     -188631.42      1.5449442      19683               2349 
   1497000   1971.032       263757.29     -202390.74      13795.139     -188595.6       1.5449442      19683               2349 
   1497500   1933.4241      264001.67     -201913.01      13531.923     -188381.08      1.5449442      19683               2349 
   1498000   2035.1563      270719.8      -202317.03      14243.941     -188073.09      1.5449442      19683               2349 
   1498500   2008.5797      272599.59     -201958.98      14057.933     -187901.05      1.5449442      19683               2349 
   1499000   1987.5002      267262.45     -201783.23      13910.399     -187872.83      1.5449442      19683               2349 
   1499500   2069.4044      271897.93     -202468.33      14483.641     -187984.69      1.5449442      19683               2349 
   1500000   2033.8644      270164.98     -202466.89      14234.899     -188231.99      1.5449442      19683               2349 
   1500500   1987.1901      258126.86     -202402.16      13908.228     -188493.93      1.5449442      19683               2349 
   1501000   1966.0134      253283.31     -202344.49      13760.014     -188584.48      1.5449442      19683               2349 
   1501500   2021.2622      259061.95     -202752.98      14146.697     -188606.28      1.5449442      19683               2349 
   1502000   2005.576       256879.53     -202594.07      14036.91      -188557.16      1.5449442      19683               2349 
   1502500   1992.3601      261455.18     -202353.46      13944.413     -188409.05      1.5449442      19683               2349 
   1503000   2008.5915      268587.54     -202325.76      14058.016     -188267.74      1.5449442      19683               2349 
   1503500   2036.3505      265319.94     -202372.83      14252.299     -188120.53      1.5449442      19683               2349 
   1504000   2057.9259      261207.46     -202450.16      14403.304     -188046.85      1.5449442      19683               2349 
   1504500   2015.317       257991.77     -202149.8       14105.087     -188044.71      1.5449442      19683               2349 
   1505000   1990.2406      266515.32     -202015.48      13929.579     -188085.9       1.5449442      19683               2349 
   1505500   2003.4742      265403.45     -202174.27      14022.2       -188152.07      1.5449442      19683               2349 
   1506000   1990.2005      270802.44     -202152.23      13929.298     -188222.94      1.5449442      19683               2349 
   1506500   2052.4044      265568.26     -202677.39      14364.66      -188312.73      1.5449442      19683               2349 
   1507000   2005.6544      263730.88     -202469.69      14037.459     -188432.23      1.5449442      19683               2349 
   1507500   1975.7461      262711.84     -202478.46      13828.133     -188650.32      1.5449442      19683               2349 
   1508000   1989.1867      263139.86     -202819.01      13922.202     -188896.81      1.5449442      19683               2349 
   1508500   1971.5438      265189.57     -202827.97      13798.72      -189029.25      1.5449442      19683               2349 
   1509000   1950.4912      264211.42     -202686.12      13651.375     -189034.74      1.5449442      19683               2349 
   1509500   1984.9216      255908.58     -202813.96      13892.351     -188921.61      1.5449442      19683               2349 
   1510000   2002.7022      262126.68     -202624.26      14016.797     -188607.46      1.5449442      19683               2349 
   1510500   2058.4134      266859.45     -202514.04      14406.716     -188107.32      1.5449442      19683               2349 
   1511000   2091.8071      254946.2      -202577.5       14640.437     -187937.07      1.5449442      19683               2349 
   1511500   2028.3193      263980.42     -202157.84      14196.089     -187961.75      1.5449442      19683               2349 
   1512000   2036.7309      251166.33     -202307.68      14254.962     -188052.71      1.5449442      19683               2349 
   1512500   2023.4962      263238.82     -202427.94      14162.333     -188265.6       1.5449442      19683               2349 
   1513000   2005.2567      260412.85     -202537.27      14034.675     -188502.59      1.5449442      19683               2349 
   1513500   1996.5147      259130.98     -202633.16      13973.491     -188659.67      1.5449442      19683               2349 
   1514000   1995.3991      260382.44     -202720.43      13965.682     -188754.75      1.5449442      19683               2349 
   1514500   1994.4841      253679.88     -202824.32      13959.278     -188865.05      1.5449442      19683               2349 
   1515000   1982.9506      251505.92     -202825.49      13878.556     -188946.93      1.5449442      19683               2349 
   1515500   1943.9122      261355.62     -202605.96      13605.328     -189000.64      1.5449442      19683               2349 
   1516000   1954.2335      270901.27     -202561.55      13677.567     -188883.98      1.5449442      19683               2349 
   1516500   2029.7971      265701.27     -202683.82      14206.432     -188477.39      1.5449442      19683               2349 
   1517000   2097.1678      257240.04     -202853.74      14677.956     -188175.78      1.5449442      19683               2349 
   1517500   2045.7772      270241.19     -202406.86      14318.276     -188088.58      1.5449442      19683               2349 
   1518000   2037.8842      259521.93     -202358.99      14263.033     -188095.95      1.5449442      19683               2349 
   1518500   2045.5831      255115.27     -202508.55      14316.918     -188191.63      1.5449442      19683               2349 
   1519000   2046.366       267387.67     -202698.29      14322.397     -188375.89      1.5449442      19683               2349 
   1519500   2000.2557      262970.81     -202622.99      13999.674     -188623.31      1.5449442      19683               2349 
   1520000   1951.2393      265065.66     -202409.83      13656.611     -188753.22      1.5449442      19683               2349 
   1520500   1980.0782      260973.71     -202599.8       13858.452     -188741.35      1.5449442      19683               2349 
   1521000   1961.0742      263673.71     -202361.18      13725.444     -188635.73      1.5449442      19683               2349 
   1521500   1941.1843      258417.43     -202125.45      13586.236     -188539.21      1.5449442      19683               2349 
   1522000   1969.485       258507.57     -202211.11      13784.311     -188426.8       1.5449442      19683               2349 
   1522500   2035.6182      256755.65     -202559.18      14247.173     -188312         1.5449442      19683               2349 
   1523000   1997.9901      271125.71     -202268.15      13983.817     -188284.33      1.5449442      19683               2349 
   1523500   2007.4745      275702.27     -202333.44      14050.198     -188283.24      1.5449442      19683               2349 
   1524000   1980.5996      265740.5      -202179.66      13862.102     -188317.56      1.5449442      19683               2349 
   1524500   1961.7405      263249.88     -202073.57      13730.108     -188343.46      1.5449442      19683               2349 
   1525000   2013.1979      258730.12     -202438.22      14090.255     -188347.97      1.5449442      19683               2349 
   1525500   2044.7992      256535.63     -202615.62      14311.431     -188304.19      1.5449442      19683               2349 
   1526000   2054.4489      259080.37     -202644.91      14378.969     -188265.95      1.5449442      19683               2349 
   1526500   2042.6441      266567.14     -202549.2       14296.348     -188252.85      1.5449442      19683               2349 
   1527000   1998.7304      249505.4      -202272.11      13988.998     -188283.11      1.5449442      19683               2349 
   1527500   1982.7716      264245.97     -202263.06      13877.304     -188385.75      1.5449442      19683               2349 
   1528000   1984.3176      266048.33     -202391.42      13888.124     -188503.3       1.5449442      19683               2349 
   1528500   2002.8826      260989.82     -202630.29      14018.059     -188612.23      1.5449442      19683               2349 
   1529000   1978.7726      268827.29     -202583.52      13849.315     -188734.21      1.5449442      19683               2349 
   1529500   1933.7824      261504.22     -202338.63      13534.431     -188804.2       1.5449442      19683               2349 
   1530000   1941.1076      271779.14     -202313.89      13585.699     -188728.19      1.5449442      19683               2349 
   1530500   2011.1101      261613.28     -202598.29      14075.643     -188522.65      1.5449442      19683               2349 
   1531000   2023.3144      271070.63     -202345.69      14161.06      -188184.63      1.5449442      19683               2349 
   1531500   2020.0665      267936.52     -202050.47      14138.328     -187912.14      1.5449442      19683               2349 
   1532000   2080.0146      256191.12     -202389.2       14557.901     -187831.3       1.5449442      19683               2349 
   1532500   2043.8976      267319.78     -202189.17      14305.121     -187884.05      1.5449442      19683               2349 
   1533000   2011.4802      270952.41     -202121.22      14078.233     -188042.99      1.5449442      19683               2349 
   1533500   1995.7788      266399.23     -202194.81      13968.34      -188226.47      1.5449442      19683               2349 
   1534000   2044.4348      257694.33     -202662.92      14308.88      -188354.04      1.5449442      19683               2349 
   1534500   1982.2612      254604.91     -202314.69      13873.731     -188440.96      1.5449442      19683               2349 
   1535000   2008.2206      252901.57     -202512.59      14055.419     -188457.17      1.5449442      19683               2349 
   1535500   2006.6764      263007.49     -202457.05      14044.612     -188412.44      1.5449442      19683               2349 
   1536000   1995.8331      278176.3      -202351.3       13968.72      -188382.58      1.5449442      19683               2349 
   1536500   2013.2398      260220.64     -202375.43      14090.548     -188284.88      1.5449442      19683               2349 
   1537000   2032.6621      262476.91     -202418.53      14226.484     -188192.04      1.5449442      19683               2349 
   1537500   1999.4738      271553.18     -202008.49      13994.201     -188014.29      1.5449442      19683               2349 
   1538000   2011.1991      267590.56     -201898.31      14076.266     -187822.04      1.5449442      19683               2349 
   1538500   2015.8857      274694.79     -201822.34      14109.067     -187713.28      1.5449442      19683               2349 
   1539000   2030.7299      271861.08     -201966.4       14212.961     -187753.44      1.5449442      19683               2349 
   1539500   2036.898       254164.5      -202251.33      14256.131     -187995.2       1.5449442      19683               2349 
   1540000   2006.8374      267430.76     -202327.16      14045.739     -188281.42      1.5449442      19683               2349 
   1540500   1989.614       261197.51     -202363.82      13925.193     -188438.62      1.5449442      19683               2349 
   1541000   1982.1414      259741.62     -202372.47      13872.893     -188499.57      1.5449442      19683               2349 
   1541500   1998.5384      261521.64     -202499.39      13987.654     -188511.74      1.5449442      19683               2349 
   1542000   1962.9579      267107.54     -202217.18      13738.628     -188478.55      1.5449442      19683               2349 
   1542500   1966.6832      261998.71     -202167.08      13764.702     -188402.38      1.5449442      19683               2349 
   1543000   2028.7666      268260.03     -202405.97      14199.22      -188206.75      1.5449442      19683               2349 
   1543500   2022.0995      255946.94     -202052.84      14152.557     -187900.28      1.5449442      19683               2349 
   1544000   2053.4367      273961.4      -201986.45      14371.885     -187614.57      1.5449442      19683               2349 
   1544500   2065.2049      258052.74     -202001.74      14454.249     -187547.5       1.5449442      19683               2349 
   1545000   2097.4614      271645.81     -202363.79      14680.01      -187683.78      1.5449442      19683               2349 
   1545500   1998.0207      274860.15     -201920.26      13984.031     -187936.23      1.5449442      19683               2349 
   1546000   2023.9031      263821.89     -202288.42      14165.18      -188123.24      1.5449442      19683               2349 
   1546500   1993.9325      267959.36     -202170.41      13955.418     -188214.99      1.5449442      19683               2349 
   1547000   1995.8748      275846.36     -202246.38      13969.012     -188277.36      1.5449442      19683               2349 
   1547500   2039.5469      274017.38     -202632.31      14274.671     -188357.64      1.5449442      19683               2349 
   1548000   2040.0066      255935.07     -202734.52      14277.888     -188456.63      1.5449442      19683               2349 
   1548500   1952.739       267373.42     -202214.25      13667.107     -188547.14      1.5449442      19683               2349 
   1549000   2007.0321      272685.83     -202698.15      14047.101     -188651.05      1.5449442      19683               2349 
   1549500   1947.4833      259998.85     -202415.24      13630.323     -188784.92      1.5449442      19683               2349 
   1550000   1939.9141      259255.68     -202475.98      13577.346     -188898.64      1.5449442      19683               2349 
   1550500   1994.2293      257322.74     -202884.81      13957.495     -188927.32      1.5449442      19683               2349 
   1551000   2006.4639      257940.6      -202903.2       14043.125     -188860.07      1.5449442      19683               2349 
   1551500   1990.6248      265870.39     -202606.56      13932.268     -188674.29      1.5449442      19683               2349 
   1552000   2004.9131      266495.66     -202396.26      14032.271     -188363.99      1.5449442      19683               2349 
   1552500   2019.931       259668.93     -202287.73      14137.38      -188150.35      1.5449442      19683               2349 
   1553000   2026.9905      268442.54     -202273.05      14186.789     -188086.26      1.5449442      19683               2349 
   1553500   2042.5908      259320.43     -202401.45      14295.975     -188105.48      1.5449442      19683               2349 
   1554000   1958.7289      267539.98     -201915.58      13709.03      -188206.55      1.5449442      19683               2349 
   1554500   1998.4926      261733.41     -202463.61      13987.334     -188476.28      1.5449442      19683               2349 
   1555000   1969.0831      262458.82     -202553.29      13781.499     -188771.79      1.5449442      19683               2349 
   1555500   1944.6212      260226.69     -202497.36      13610.291     -188887.07      1.5449442      19683               2349 
   1556000   2004.2499      263795.95     -202874.88      14027.629     -188847.25      1.5449442      19683               2349 
   1556500   1960.363       268665.43     -202454.87      13720.467     -188734.4       1.5449442      19683               2349 
   1557000   1967.744       259619.94     -202382.13      13772.126     -188610         1.5449442      19683               2349 
   1557500   2020.2416      273052.83     -202584.04      14139.554     -188444.49      1.5449442      19683               2349 
   1558000   2036.3977      269095.04     -202577.64      14252.629     -188325.01      1.5449442      19683               2349 
   1558500   1971.9129      253672.72     -202055.17      13801.304     -188253.87      1.5449442      19683               2349 
   1559000   2008.0901      269589.62     -202230.82      14054.506     -188176.31      1.5449442      19683               2349 
   1559500   2015.5876      272117.36     -202290.06      14106.981     -188183.08      1.5449442      19683               2349 
   1560000   1988.7061      257784.94     -202163.57      13918.839     -188244.73      1.5449442      19683               2349 
   1560500   1994.9289      261322.02     -202406.57      13962.391     -188444.17      1.5449442      19683               2349 
   1561000   1994.3948      266652.1      -202789.32      13958.654     -188830.66      1.5449442      19683               2349 
   1561500   1954.1139      267409.51     -202672.93      13676.73      -188996.2       1.5449442      19683               2349 
   1562000   1937.6165      263596.76     -202543.44      13561.265     -188982.17      1.5449442      19683               2349 
   1562500   1956.5094      250974.45     -202497.66      13693.496     -188804.16      1.5449442      19683               2349 
   1563000   1994.5297      264383.95     -202523.08      13959.598     -188563.48      1.5449442      19683               2349 
   1563500   2009.5252      268044.26     -202417.68      14064.551     -188353.13      1.5449442      19683               2349 
   1564000   2008.799       260646.86     -202262.97      14059.468     -188203.5       1.5449442      19683               2349 
   1564500   2042.0247      271281.84     -202441.23      14292.012     -188149.22      1.5449442      19683               2349 
   1565000   2010.9388      262272.48     -202202.77      14074.444     -188128.33      1.5449442      19683               2349 
   1565500   1988.0835      262318.32     -202049.77      13914.481     -188135.29      1.5449442      19683               2349 
   1566000   1983.218       268947.53     -202035.03      13880.428     -188154.6       1.5449442      19683               2349 
   1566500   2045.5918      248415.32     -202574.67      14316.978     -188257.7       1.5449442      19683               2349 
   1567000   1982.7053      260563.38     -202466.71      13876.84      -188589.87      1.5449442      19683               2349 
   1567500   1927.6807      260723.66     -202433.51      13491.725     -188941.79      1.5449442      19683               2349 
   1568000   1986.243       269153.25     -202923.43      13901.6       -189021.83      1.5449442      19683               2349 
   1568500   1990.3754      272661.83     -202884.38      13930.522     -188953.86      1.5449442      19683               2349 
   1569000   1974.7965      265313.05     -202618.14      13821.486     -188796.65      1.5449442      19683               2349 
   1569500   2008.5426      246956.16     -202666.96      14057.673     -188609.28      1.5449442      19683               2349 
   1570000   1967.7968      272428.3      -202222.55      13772.495     -188450.06      1.5449442      19683               2349 
   1570500   2013.1762      263999.01     -202406.45      14090.104     -188316.34      1.5449442      19683               2349 
   1571000   1992.5977      260423.15     -202153.67      13946.076     -188207.59      1.5449442      19683               2349 
   1571500   2007.9173      274259.44     -202186.67      14053.297     -188133.37      1.5449442      19683               2349 
   1572000   2027.79        266032.08     -202288.73      14192.385     -188096.34      1.5449442      19683               2349 
   1572500   1991.4909      263294.11     -202062.86      13938.329     -188124.54      1.5449442      19683               2349 
   1573000   2016.4495      254535.35     -202462.29      14113.013     -188349.27      1.5449442      19683               2349 
   1573500   1982.3065      256274.33     -202633.08      13874.048     -188759.03      1.5449442      19683               2349 
   1574000   1972.7636      258715.47     -202749.39      13807.258     -188942.13      1.5449442      19683               2349 
   1574500   1969.7768      257369.38     -202734.33      13786.354     -188947.97      1.5449442      19683               2349 
   1575000   1955.0018      260636.01     -202485.59      13682.944     -188802.65      1.5449442      19683               2349 
   1575500   2023.8843      254280.46     -202685.41      14165.049     -188520.36      1.5449442      19683               2349 
   1576000   1998.1565      251121.58     -202275.8       13984.982     -188290.82      1.5449442      19683               2349 
   1576500   2029.4477      248018.89     -202393.28      14203.986     -188189.29      1.5449442      19683               2349 
   1577000   2014.0471      264534.52     -202301.38      14096.199     -188205.18      1.5449442      19683               2349 
   1577500   2003.1184      257609.25     -202329.47      14019.709     -188309.76      1.5449442      19683               2349 
   1578000   2028.2145      253793.24     -202618.38      14195.356     -188423.02      1.5449442      19683               2349 
   1578500   1998.4801      275516.5      -202482.18      13987.246     -188494.94      1.5449442      19683               2349 
   1579000   2007.2936      268590.34     -202659.39      14048.932     -188610.45      1.5449442      19683               2349 
   1579500   1984.9016      262990.75     -202684.79      13892.211     -188792.58      1.5449442      19683               2349 
   1580000   1918.1583      254100.23     -202563.19      13425.079     -189138.11      1.5449442      19683               2349 
   1580500   1948.5797      256465.37     -203047.27      13637.997     -189409.27      1.5449442      19683               2349 
   1581000   1959.444       250525.49     -203152.46      13714.035     -189438.42      1.5449442      19683               2349 
   1581500   1987.8935      260803.82     -203166.95      13913.151     -189253.8       1.5449442      19683               2349 
   1582000   1969.3793      260212.89     -202758.35      13783.572     -188974.78      1.5449442      19683               2349 
   1582500   1989.3286      261056.04     -202715.8       13923.195     -188792.61      1.5449442      19683               2349 
   1583000   1991.6621      262154.95     -202600.82      13939.528     -188661.29      1.5449442      19683               2349 
   1583500   2009.6928      269081.26     -202604.38      14065.724     -188538.66      1.5449442      19683               2349 
   1584000   1974.6656      269713.42     -202300.74      13820.57      -188480.17      1.5449442      19683               2349 
   1584500   2022.3849      259025.18     -202630.49      14154.555     -188475.93      1.5449442      19683               2349 
   1585000   2012.4419      255098.14     -202528.24      14084.964     -188443.28      1.5449442      19683               2349 
   1585500   1991.1757      265454.19     -202404.97      13936.123     -188468.85      1.5449442      19683               2349 
   1586000   1986.8334      268662.7      -202510.27      13905.732     -188604.54      1.5449442      19683               2349 
   1586500   1980.8129      270053.11     -202669.4       13863.595     -188805.8       1.5449442      19683               2349 
   1587000   1963.8941      253748.68     -202750.34      13745.181     -189005.16      1.5449442      19683               2349 
   1587500   1962.8305      262054.96     -202850.18      13737.737     -189112.44      1.5449442      19683               2349 
   1588000   1968.1076      255136.29     -202915.18      13774.671     -189140.51      1.5449442      19683               2349 
   1588500   1984.501       264247.83     -202869.09      13889.407     -188979.69      1.5449442      19683               2349 
   1589000   2034.3966      262404.78     -202917.22      14238.624     -188678.59      1.5449442      19683               2349 
   1589500   2009.9223      263223.87     -202471.23      14067.329     -188403.9       1.5449442      19683               2349 
   1590000   2051.117       263990.52     -202583.63      14355.649     -188227.98      1.5449442      19683               2349 
   1590500   1991.6241      262403.07     -202106.63      13939.262     -188167.37      1.5449442      19683               2349 
   1591000   2057.9772      263294.3      -202593.16      14403.663     -188189.5       1.5449442      19683               2349 
   1591500   2004.7872      263817.16     -202361.34      14031.389     -188329.95      1.5449442      19683               2349 
   1592000   1966.4373      264891.8      -202270.6       13762.98      -188507.62      1.5449442      19683               2349 
   1592500   1998.911       254442.44     -202585.9       13990.262     -188595.64      1.5449442      19683               2349 
   1593000   2035.4847      257789.16     -202862.98      14246.239     -188616.74      1.5449442      19683               2349 
   1593500   2010.9415      263515.93     -202687.26      14074.463     -188612.8       1.5449442      19683               2349 
   1594000   2011.346       268072.75     -202654.27      14077.294     -188576.98      1.5449442      19683               2349 
   1594500   2003.3095      266123.26     -202523.9       14021.047     -188502.85      1.5449442      19683               2349 
   1595000   2006.7086      253510.68     -202406.97      14044.837     -188362.13      1.5449442      19683               2349 
   1595500   2063.8502      259303.88     -202378.42      14444.768     -187933.65      1.5449442      19683               2349 
   1596000   2003.3607      278128.43     -201659.19      14021.405     -187637.79      1.5449442      19683               2349 
   1596500   2067.2078      264559.84     -202044.72      14468.267     -187576.45      1.5449442      19683               2349 
   1597000   2070.092       261730.54     -202281.39      14488.454     -187792.94      1.5449442      19683               2349 
   1597500   2001.8645      259048.25     -202116.52      14010.933     -188105.59      1.5449442      19683               2349 
   1598000   2002.8473      266185.21     -202338         14017.812     -188320.19      1.5449442      19683               2349 
   1598500   1992.8647      255625.19     -202441.84      13947.945     -188493.9       1.5449442      19683               2349 
   1599000   1986.9186      260436.06     -202488.41      13906.328     -188582.09      1.5449442      19683               2349 
   1599500   2009.3074      268227.38     -202681.86      14063.026     -188618.83      1.5449442      19683               2349 
   1600000   1990.5603      258191.29     -202566.98      13931.816     -188635.17      1.5449442      19683               2349 
   1600500   2003.9603      260437.64     -202596.04      14025.602     -188570.43      1.5449442      19683               2349 
   1601000   1957.4064      262163.17     -202086.19      13699.774     -188386.42      1.5449442      19683               2349 
   1601500   2021.1615      264133.59     -202215.04      14145.992     -188069.05      1.5449442      19683               2349 
   1602000   2064.8969      268315.58     -202287.07      14452.094     -187834.97      1.5449442      19683               2349 
   1602500   2060.404       254115.59     -202192.89      14420.648     -187772.24      1.5449442      19683               2349 
   1603000   2018.3729      267656.27     -201965.24      14126.475     -187838.76      1.5449442      19683               2349 
   1603500   2023.1659      268998.97     -202202.19      14160.021     -188042.17      1.5449442      19683               2349 
   1604000   2017.9061      265549.8      -202335.43      14123.208     -188212.22      1.5449442      19683               2349 
   1604500   1997.1093      255217.27     -202257.65      13977.652     -188280         1.5449442      19683               2349 
   1605000   1983.7458      264186.63     -202171.36      13884.122     -188287.23      1.5449442      19683               2349 
   1605500   2014.2369      266197.84     -202372.05      14097.527     -188274.52      1.5449442      19683               2349 
   1606000   1997.715       263185.15     -202277.22      13981.892     -188295.32      1.5449442      19683               2349 
   1606500   1987.5405      260693.08     -202266.58      13910.681     -188355.9       1.5449442      19683               2349 
   1607000   2032.0337      254275.85     -202672.29      14222.086     -188450.21      1.5449442      19683               2349 
   1607500   1984.8497      255432.26     -202530.21      13891.848     -188638.36      1.5449442      19683               2349 
   1608000   1996.968       252566.56     -202955.32      13976.663     -188978.66      1.5449442      19683               2349 
   1608500   2003.0639      256060.2      -203227.29      14019.328     -189207.96      1.5449442      19683               2349 
   1609000   1952.5201      255909.19     -202911.18      13665.575     -189245.61      1.5449442      19683               2349 
   1609500   1946.9717      251324.46     -202769.73      13626.742     -189142.98      1.5449442      19683               2349 
   1610000   1937.6041      267469.28     -202513.99      13561.179     -188952.81      1.5449442      19683               2349 
   1610500   2019.1129      262105.26     -202916.53      14131.654     -188784.87      1.5449442      19683               2349 
   1611000   2025.4271      252935.44     -202812.72      14175.847     -188636.87      1.5449442      19683               2349 
   1611500   2001.4469      260370.45     -202564.81      14008.011     -188556.8       1.5449442      19683               2349 
   1612000   2004.0729      259140.52     -202507.21      14026.39      -188480.82      1.5449442      19683               2349 
   1612500   2007.6834      261896.32     -202449.71      14051.66      -188398.05      1.5449442      19683               2349 
   1613000   1965.05        262606.88     -202096.68      13753.271     -188343.41      1.5449442      19683               2349 
   1613500   1979.0558      266279.95     -202141.52      13851.296     -188290.22      1.5449442      19683               2349 
   1614000   2035.1625      252762.96     -202404.66      14243.984     -188160.67      1.5449442      19683               2349 
   1614500   2028.3651      260879.1      -202146.65      14196.41      -187950.24      1.5449442      19683               2349 
   1615000   2077.8317      254954.16     -202357.8       14542.623     -187815.18      1.5449442      19683               2349 
   1615500   2059.0834      279995.42     -202296.88      14411.405     -187885.48      1.5449442      19683               2349 
   1616000   2014.1237      263012.43     -202244.81      14096.735     -188148.07      1.5449442      19683               2349 
   1616500   1989.6996      254826.05     -202385.56      13925.792     -188459.77      1.5449442      19683               2349 
   1617000   1981.1274      266027.79     -202467.52      13865.796     -188601.73      1.5449442      19683               2349 
   1617500   1980.8206      258054.12     -202501.36      13863.648     -188637.71      1.5449442      19683               2349 
   1618000   2008.7805      265717.42     -202710.53      14059.338     -188651.19      1.5449442      19683               2349 
   1618500   1985.6474      262216.01     -202514.98      13897.431     -188617.55      1.5449442      19683               2349 
   1619000   2012.2132      264012.81     -202571.02      14083.363     -188487.66      1.5449442      19683               2349 
   1619500   2022.0603      256259.34     -202381.88      14152.282     -188229.6       1.5449442      19683               2349 
   1620000   2012.7212      280291.64     -202038.37      14086.919     -187951.45      1.5449442      19683               2349 
   1620500   2110.8701      271202.67     -202574.06      14773.857     -187800.21      1.5449442      19683               2349 
   1621000   2047.1171      273491.53     -202207.57      14327.654     -187879.91      1.5449442      19683               2349 
   1621500   2004.6343      266596.14     -202123.29      14030.319     -188092.97      1.5449442      19683               2349 
   1622000   2045.9922      262438.94     -202590.32      14319.781     -188270.54      1.5449442      19683               2349 
   1622500   2013.7224      260099.64     -202434.86      14093.926     -188340.93      1.5449442      19683               2349 
   1623000   1969.4025      263864.44     -202145.23      13783.734     -188361.49      1.5449442      19683               2349 
   1623500   2034.7191      262941.58     -202560.46      14240.881     -188319.58      1.5449442      19683               2349 
   1624000   1988.0736      262993.04     -202210.04      13914.412     -188295.62      1.5449442      19683               2349 
   1624500   2022.3683      252104.88     -202460.91      14154.438     -188306.47      1.5449442      19683               2349 
   1625000   2015.5874      257865.63     -202425.57      14106.979     -188318.59      1.5449442      19683               2349 
   1625500   2012.3595      261042.87     -202428.22      14084.387     -188343.83      1.5449442      19683               2349 
   1626000   1959.7163      262365.65     -202101.97      13715.941     -188386.03      1.5449442      19683               2349 
   1626500   1986.8776      257927.02     -202333.49      13906.041     -188427.45      1.5449442      19683               2349 
   1627000   2018.2481      268026.1      -202655.55      14125.602     -188529.95      1.5449442      19683               2349 
   1627500   1944.5516      264081.96     -202305.8       13609.804     -188696         1.5449442      19683               2349 
   1628000   1997.6552      262025.45     -202795.98      13981.473     -188814.5       1.5449442      19683               2349 
   1628500   2021.0655      261776.63     -203043.94      14145.32      -188898.62      1.5449442      19683               2349 
   1629000   1975.0284      260134.37     -202741.12      13823.11      -188918.01      1.5449442      19683               2349 
   1629500   1963.9553      271069.23     -202502.75      13745.609     -188757.14      1.5449442      19683               2349 
   1630000   1991.418       275953.11     -202349.49      13937.819     -188411.67      1.5449442      19683               2349 
   1630500   2011.6531      260435.22     -202247.42      14079.444     -188167.98      1.5449442      19683               2349 
   1631000   2035.5489      269678.76     -202342.68      14246.688     -188095.99      1.5449442      19683               2349 
   1631500   2007.8014      263408.68     -202172.27      14052.486     -188119.79      1.5449442      19683               2349 
   1632000   2028.9809      259510.1      -202422.53      14200.719     -188221.81      1.5449442      19683               2349 
   1632500   1993.6345      253479.09     -202377.87      13953.332     -188424.54      1.5449442      19683               2349 
   1633000   1959.8124      268560.6      -202302.24      13716.613     -188585.62      1.5449442      19683               2349 
   1633500   2024.4147      260205.87     -202822.39      14168.761     -188653.63      1.5449442      19683               2349 
   1634000   2002.7721      267163.91     -202669.37      14017.286     -188652.09      1.5449442      19683               2349 
   1634500   2015.269       268011.77     -202737.73      14104.751     -188632.98      1.5449442      19683               2349 
   1635000   1974.2661      270636.23     -202383.92      13817.774     -188566.15      1.5449442      19683               2349 
   1635500   1992.4638      252176.92     -202457.67      13945.139     -188512.54      1.5449442      19683               2349 
   1636000   2033.7564      265500.69     -202730.77      14234.143     -188496.63      1.5449442      19683               2349 
   1636500   2019.3362      264081.63     -202612.5       14133.217     -188479.28      1.5449442      19683               2349 
   1637000   1981.4425      269197.83     -202425.52      13868.001     -188557.52      1.5449442      19683               2349 
   1637500   2011.2016      263985.44     -202876.61      14076.284     -188800.33      1.5449442      19683               2349 
   1638000   1936.7597      264309.23     -202651.94      13555.269     -189096.67      1.5449442      19683               2349 
   1638500   1978.841       247140.84     -203075.27      13849.793     -189225.48      1.5449442      19683               2349 
   1639000   1983.4009      261404.2      -203080.61      13881.708     -189198.9       1.5449442      19683               2349 
   1639500   1941.3582      259487.56     -202644.35      13587.454     -189056.9       1.5449442      19683               2349 
   1640000   1976.8361      260783.08     -202632.66      13835.761     -188796.9       1.5449442      19683               2349 
   1640500   2012.6361      269765.91     -202721.44      14086.323     -188635.12      1.5449442      19683               2349 
   1641000   2039.8034      256645.81     -202836.05      14276.465     -188559.58      1.5449442      19683               2349 
   1641500   1969.0157      276474.32     -202288.93      13781.027     -188507.91      1.5449442      19683               2349 
   1642000   2016.543       268203.47     -202623.38      14113.668     -188509.71      1.5449442      19683               2349 
   1642500   2013.1455      258236.54     -202608.15      14089.888     -188518.26      1.5449442      19683               2349 
   1643000   2010.2114      262891.33     -202611.73      14069.353     -188542.38      1.5449442      19683               2349 
   1643500   2040.2294      254638.63     -202872.84      14279.447     -188593.39      1.5449442      19683               2349 
   1644000   2007.5168      261954.93     -202751.97      14050.493     -188701.48      1.5449442      19683               2349 
   1644500   1948.5442      265198.97     -202580.57      13637.748     -188942.82      1.5449442      19683               2349 
   1645000   1957.4772      256565.11     -202832.14      13700.269     -189131.87      1.5449442      19683               2349 
   1645500   1947.545       258575.81     -202825.73      13630.755     -189194.97      1.5449442      19683               2349 
   1646000   1965.5679      258034.06     -202865.98      13756.896     -189109.09      1.5449442      19683               2349 
   1646500   1971.5294      265919.85     -202611.67      13798.62      -188813.05      1.5449442      19683               2349 
   1647000   2014.4011      259707.59     -202533.59      14098.677     -188434.91      1.5449442      19683               2349 
   1647500   2017.0294      266409.31     -202386.2       14117.072     -188269.13      1.5449442      19683               2349 
   1648000   2015.6548      273035.87     -202362         14107.451     -188254.54      1.5449442      19683               2349 
   1648500   2007.9155      257100.24     -202376.95      14053.284     -188323.66      1.5449442      19683               2349 
   1649000   2021.8174      262773.65     -202580.45      14150.582     -188429.86      1.5449442      19683               2349 
   1649500   2000.9775      255777.91     -202557.24      14004.725     -188552.51      1.5449442      19683               2349 
   1650000   1968.8935      261635.87     -202471.33      13780.172     -188691.16      1.5449442      19683               2349 
   1650500   1973.2611      258132.23     -202649.41      13810.74      -188838.67      1.5449442      19683               2349 
   1651000   1985.6921      267983.99     -202841.46      13897.744     -188943.71      1.5449442      19683               2349 
   1651500   1968.3801      258726.95     -202755.46      13776.578     -188978.88      1.5449442      19683               2349 
   1652000   1981.0328      258975.53     -202743.47      13865.133     -188878.33      1.5449442      19683               2349 
   1652500   1985.5175      255363.34     -202514.84      13896.522     -188618.32      1.5449442      19683               2349 
   1653000   1980.7391      273996.16     -202165.23      13863.078     -188302.16      1.5449442      19683               2349 
   1653500   2019.7065      276680.77     -202246.74      14135.808     -188110.93      1.5449442      19683               2349 
   1654000   2044.1897      262826.14     -202378.62      14307.165     -188071.46      1.5449442      19683               2349 
   1654500   2011.7791      264783.8      -202239.38      14080.326     -188159.05      1.5449442      19683               2349 
   1655000   2037.0534      256161.76     -202594.05      14257.219     -188336.83      1.5449442      19683               2349 
   1655500   1996.615       257415.39     -202544.99      13974.193     -188570.79      1.5449442      19683               2349 
   1656000   1971.0019      272093.41     -202555.07      13794.928     -188760.14      1.5449442      19683               2349 
   1656500   2027.2128      263782.52     -203002.36      14188.345     -188814.02      1.5449442      19683               2349 
   1657000   2019.2835      264041.87     -202931.31      14132.848     -188798.46      1.5449442      19683               2349 
   1657500   1977.9229      265377.25     -202622.03      13843.367     -188778.67      1.5449442      19683               2349 
   1658000   2022.938       267475.66     -202861.44      14158.425     -188703.01      1.5449442      19683               2349 
   1658500   1974.6206      262928.78     -202480.26      13820.255     -188660         1.5449442      19683               2349 
   1659000   2012.2696      261432.56     -202675.35      14083.758     -188591.59      1.5449442      19683               2349 
   1659500   1983.8372      266708.56     -202433.43      13884.762     -188548.66      1.5449442      19683               2349 
   1660000   1979.4973      263482.46     -202335.7       13854.387     -188481.31      1.5449442      19683               2349 
   1660500   1978.6994      266196.28     -202264.67      13848.803     -188415.87      1.5449442      19683               2349 
   1661000   2025.4428      272537.96     -202530.57      14175.957     -188354.61      1.5449442      19683               2349 
   1661500   2041.2903      275715.74     -202658.69      14286.872     -188371.82      1.5449442      19683               2349 
   1662000   2002.3911      256020.92     -202487.9       14014.619     -188473.28      1.5449442      19683               2349 
   1662500   1978.7564      266885.49     -202559.15      13849.201     -188709.95      1.5449442      19683               2349 
   1663000   1993.5331      265102.24     -202979.3       13952.622     -189026.68      1.5449442      19683               2349 
   1663500   1957.9828      254384.26     -202899.95      13703.808     -189196.14      1.5449442      19683               2349 
   1664000   1960.8609      270629.57     -202882.79      13723.952     -189158.84      1.5449442      19683               2349 
   1664500   1945.4251      274847.03     -202660.98      13615.917     -189045.06      1.5449442      19683               2349 
   1665000   2001.0611      261492.88     -202882.43      14005.31      -188877.12      1.5449442      19683               2349 
   1665500   1989.7881      259966.96     -202693.85      13926.412     -188767.44      1.5449442      19683               2349 
   1666000   1969.8274      268216.48     -202486.49      13786.708     -188699.78      1.5449442      19683               2349 
   1666500   2027.7553      266930.28     -202815.79      14192.142     -188623.64      1.5449442      19683               2349 
   1667000   1987.4029      259731.39     -202449.26      13909.718     -188539.54      1.5449442      19683               2349 
   1667500   1987.778       259745.09     -202380.02      13912.343     -188467.68      1.5449442      19683               2349 
   1668000   2010.5158      268616.86     -202457.41      14071.484     -188385.92      1.5449442      19683               2349 
   1668500   2038.7481      263020.29     -202612.01      14269.079     -188342.93      1.5449442      19683               2349 
   1669000   2014.7785      281942.23     -202443.94      14101.318     -188342.62      1.5449442      19683               2349 
   1669500   1996.8915      271353.97     -202370.9       13976.128     -188394.78      1.5449442      19683               2349 
   1670000   2006.5917      259782.94     -202566.01      14044.019     -188521.99      1.5449442      19683               2349 
   1670500   1975.2886      264090.93     -202524.45      13824.931     -188699.52      1.5449442      19683               2349 
   1671000   2015.9414      255184.78     -202954.81      14109.457     -188845.35      1.5449442      19683               2349 
   1671500   1944.1261      259800.54     -202505.09      13606.826     -188898.27      1.5449442      19683               2349 
   1672000   1970.5172      262236.74     -202629.81      13791.536     -188838.27      1.5449442      19683               2349 
   1672500   2036.6867      261465.17     -202915.49      14254.652     -188660.84      1.5449442      19683               2349 
   1673000   2028.884       273659.76     -202582.36      14200.042     -188382.31      1.5449442      19683               2349 
   1673500   2020.1791      264797.19     -202291.16      14139.116     -188152.05      1.5449442      19683               2349 
   1674000   2009.4297      265033.73     -202083.73      14063.882     -188019.85      1.5449442      19683               2349 
   1674500   1992.931       271708.56     -201976.82      13948.408     -188028.41      1.5449442      19683               2349 
   1675000   2018.0202      272611.83     -202222.09      14124.006     -188098.09      1.5449442      19683               2349 
   1675500   1998.6384      253755.35     -202188.27      13988.354     -188199.91      1.5449442      19683               2349 
   1676000   2039.4146      273921.41     -202571.46      14273.744     -188297.72      1.5449442      19683               2349 
   1676500   2005.9829      271632.57     -202392.07      14039.758     -188352.32      1.5449442      19683               2349 
   1677000   1976.7022      271163.42     -202193.6       13834.824     -188358.78      1.5449442      19683               2349 
   1677500   1993.3457      263431.44     -202347.22      13951.311     -188395.91      1.5449442      19683               2349 
   1678000   1999.2212      264071.2      -202449.05      13992.433     -188456.61      1.5449442      19683               2349 
   1678500   1990.498       264669.44     -202450.28      13931.38      -188518.9       1.5449442      19683               2349 
   1679000   2018.5003      267357.57     -202755.48      14127.367     -188628.11      1.5449442      19683               2349 
   1679500   1997.7002      254225.06     -202789.69      13981.788     -188807.9       1.5449442      19683               2349 
   1680000   1977.5402      267068.27     -202879.82      13840.689     -189039.13      1.5449442      19683               2349 
   1680500   1969.6634      261770.74     -202966.87      13785.56      -189181.31      1.5449442      19683               2349 
   1681000   1908.6844      260353.27     -202477.45      13358.771     -189118.68      1.5449442      19683               2349 
   1681500   1985.7263      264594.34     -202726.9       13897.983     -188828.91      1.5449442      19683               2349 
   1682000   2014.5193      266244.96     -202592.06      14099.504     -188492.55      1.5449442      19683               2349 
   1682500   2030.4085      267678.39     -202509.81      14210.711     -188299.1       1.5449442      19683               2349 
   1683000   1982.3109      261279.38     -202100.77      13874.079     -188226.69      1.5449442      19683               2349 
   1683500   1988.3072      263488.24     -202071.88      13916.047     -188155.83      1.5449442      19683               2349 
   1684000   2066.3365      260064.58     -202531.25      14462.169     -188069.08      1.5449442      19683               2349 
   1684500   2039.0145      260505.2      -202350.34      14270.944     -188079.39      1.5449442      19683               2349 
   1685000   2019.916       263220.21     -202342.27      14137.275     -188205         1.5449442      19683               2349 
   1685500   2029.5158      268340.96     -202672.08      14204.463     -188467.62      1.5449442      19683               2349 
   1686000   2019.2444      259607.69     -202843.84      14132.574     -188711.27      1.5449442      19683               2349 
   1686500   1968.6635      254867.27     -202629.48      13778.562     -188850.91      1.5449442      19683               2349 
   1687000   1992.2689      267882.1      -202808.81      13943.774     -188865.03      1.5449442      19683               2349 
   1687500   1969.2948      258879.57     -202571.95      13782.98      -188788.97      1.5449442      19683               2349 
   1688000   1967.968       259036.37     -202428.3       13773.694     -188654.6       1.5449442      19683               2349 
   1688500   1980.9268      265245.61     -202376.43      13864.392     -188512.04      1.5449442      19683               2349 
   1689000   2017.3088      257354.73     -202531.27      14119.027     -188412.24      1.5449442      19683               2349 
   1689500   2013.6719      256859.19     -202425.96      14093.573     -188332.39      1.5449442      19683               2349 
   1690000   1988.4917      264053.85     -202179.06      13917.338     -188261.73      1.5449442      19683               2349 
   1690500   2051.638       262553.63     -202553.76      14359.296     -188194.47      1.5449442      19683               2349 
   1691000   1983.7792      262362.44     -202075.87      13884.355     -188191.52      1.5449442      19683               2349 
   1691500   1966.0919      256745.52     -202005.07      13760.563     -188244.5       1.5449442      19683               2349 
   1692000   2003.4279      258091.2      -202333.89      14021.876     -188312.01      1.5449442      19683               2349 
   1692500   2004.4366      266354.04     -202510.93      14028.936     -188482         1.5449442      19683               2349 
   1693000   1958.7246      262764.35     -202537.55      13709         -188828.55      1.5449442      19683               2349 
   1693500   1922.0561      254062.48     -202499.33      13452.359     -189046.97      1.5449442      19683               2349 
   1694000   2002.4726      246524.14     -203058.92      14015.19      -189043.73      1.5449442      19683               2349 
   1694500   2008.4509      262809.06     -202936.32      14057.031     -188879.29      1.5449442      19683               2349 
   1695000   2015.7676      256334.07     -202719.17      14108.241     -188610.93      1.5449442      19683               2349 
   1695500   2004.8912      258963.03     -202439.62      14032.117     -188407.5       1.5449442      19683               2349 
   1696000   2036.8872      266307.31     -202588.69      14256.056     -188332.64      1.5449442      19683               2349 
   1696500   2005.9977      270373.34     -202396.71      14039.862     -188356.84      1.5449442      19683               2349 
   1697000   1954.124       249219        -202139.3       13676.801     -188462.5       1.5449442      19683               2349 
   1697500   2035.8244      261237.26     -202775.2       14248.617     -188526.58      1.5449442      19683               2349 
   1698000   1973.7198      255197.24     -202426.34      13813.951     -188612.38      1.5449442      19683               2349 
   1698500   1993.6303      251855.64     -202638.45      13953.303     -188685.15      1.5449442      19683               2349 
   1699000   1963.1443      257175.89     -202470.84      13739.933     -188730.91      1.5449442      19683               2349 
   1699500   2009.3672      260364.59     -202784.07      14063.445     -188720.62      1.5449442      19683               2349 
   1700000   1920.1676      256219.93     -202120.12      13439.142     -188680.98      1.5449442      19683               2349 
   1700500   1995.0768      252499.11     -202533.11      13963.427     -188569.68      1.5449442      19683               2349 
   1701000   1959.7737      269754.92     -202113.36      13716.342     -188397.01      1.5449442      19683               2349 
   1701500   2051.9759      259029.83     -202576.43      14361.66      -188214.77      1.5449442      19683               2349 
   1702000   1995.4706      266817.86     -202072.9       13966.183     -188106.72      1.5449442      19683               2349 
   1702500   2047.7631      257208.32     -202446.06      14332.175     -188113.89      1.5449442      19683               2349 
   1703000   2020.6437      262867.66     -202402.18      14142.368     -188259.81      1.5449442      19683               2349 
   1703500   2006.9138      265192.74     -202569.33      14046.273     -188523.06      1.5449442      19683               2349 
   1704000   1965.4078      254060.76     -202545.66      13755.775     -188789.88      1.5449442      19683               2349 
   1704500   1979.0184      269521.58     -202749.37      13851.035     -188898.33      1.5449442      19683               2349 
   1705000   1982.377       260107.32     -202765.75      13874.541     -188891.21      1.5449442      19683               2349 
   1705500   1990.7323      263540.44     -202733.67      13933.02      -188800.65      1.5449442      19683               2349 
   1706000   2016.6365      260707.37     -202801.79      14114.322     -188687.47      1.5449442      19683               2349 
   1706500   2000.1882      259449.51     -202552.51      13999.201     -188553.31      1.5449442      19683               2349 
   1707000   2006.5869      261798.79     -202478.07      14043.986     -188434.08      1.5449442      19683               2349 
   1707500   1991.1031      272765.65     -202258.28      13935.615     -188322.66      1.5449442      19683               2349 
   1708000   2060.4018      256107.91     -202538.35      14420.633     -188117.72      1.5449442      19683               2349 
   1708500   2017.2091      275125.17     -201901.99      14118.33      -187783.66      1.5449442      19683               2349 
   1709000   2055.3863      270803.45     -201953.57      14385.529     -187568.04      1.5449442      19683               2349 
   1709500   2092.7775      271140.17     -202266.44      14647.228     -187619.21      1.5449442      19683               2349 
   1710000   2039.4322      260972.26     -202219.19      14273.868     -187945.32      1.5449442      19683               2349 
   1710500   2049.7928      268535.2      -202567.99      14346.381     -188221.61      1.5449442      19683               2349 
   1711000   2033.2381      265326.98     -202624.66      14230.516     -188394.14      1.5449442      19683               2349 
   1711500   1991.2741      262177.74     -202474.29      13936.812     -188537.48      1.5449442      19683               2349 
   1712000   2024.8065      259572.7      -202797.44      14171.503     -188625.94      1.5449442      19683               2349 
   1712500   2030.5804      267774.28     -202903.04      14211.914     -188691.13      1.5449442      19683               2349 
   1713000   2032.0763      260181.07     -202999.59      14222.384     -188777.21      1.5449442      19683               2349 
   1713500   2038.4403      255078.67     -203135.83      14266.925     -188868.91      1.5449442      19683               2349 
   1714000   2012.4716      256064.78     -203164.74      14085.172     -189079.56      1.5449442      19683               2349 
   1714500   1981.4685      251181.11     -203213.05      13868.183     -189344.87      1.5449442      19683               2349 
   1715000   1965.7659      248921.42     -203197.43      13758.282     -189439.15      1.5449442      19683               2349 
   1715500   1960.0562      267671.49     -203110.05      13718.32      -189391.73      1.5449442      19683               2349 
   1716000   1979.987       252563.52     -202895.48      13857.814     -189037.66      1.5449442      19683               2349 
   1716500   1991.6659      269090.04     -202600.42      13939.554     -188660.86      1.5449442      19683               2349 
   1717000   1993.1557      266731.94     -202482.13      13949.981     -188532.15      1.5449442      19683               2349 
   1717500   1989.357       261273.13     -202408.47      13923.394     -188485.07      1.5449442      19683               2349 
   1718000   2000.2284      265657.2      -202473.46      13999.482     -188473.98      1.5449442      19683               2349 
   1718500   2051.9976      256497.86     -202865.28      14361.812     -188503.47      1.5449442      19683               2349 
   1719000   1971.915       260219.44     -202395.95      13801.319     -188594.63      1.5449442      19683               2349 
   1719500   1989.1597      263147.07     -202645.58      13922.013     -188723.57      1.5449442      19683               2349 
   1720000   1987.8931      253385        -202704.05      13913.149     -188790.9       1.5449442      19683               2349 
   1720500   1984.8297      264986.35     -202711.26      13891.708     -188819.55      1.5449442      19683               2349 
   1721000   1936.9746      279312.85     -202385.2       13556.773     -188828.43      1.5449442      19683               2349 
   1721500   2005.1795      260544.92     -202811.93      14034.135     -188777.79      1.5449442      19683               2349 
   1722000   1963.7451      264706.59     -202355.78      13744.138     -188611.65      1.5449442      19683               2349 
   1722500   1989.3869      273125.23     -202284.79      13923.604     -188361.19      1.5449442      19683               2349 
   1723000   2009.3664      269474.71     -202221.02      14063.439     -188157.58      1.5449442      19683               2349 
   1723500   2057.2272      253965.58     -202443.02      14398.414     -188044.6       1.5449442      19683               2349 
   1724000   2031.528       272215.35     -202314.9       14218.547     -188096.35      1.5449442      19683               2349 
   1724500   2041.8305      264119.98     -202629.83      14290.653     -188339.18      1.5449442      19683               2349 
   1725000   1996.3297      259979.82     -202657.9       13972.196     -188685.7       1.5449442      19683               2349 
   1725500   1956.2616      266057.33     -202525.88      13691.761     -188834.12      1.5449442      19683               2349 
   1726000   1987.7043      256091.16     -202757.28      13911.827     -188845.46      1.5449442      19683               2349 
   1726500   1976.8867      262565.96     -202640.87      13836.115     -188804.76      1.5449442      19683               2349 
   1727000   1990.5229      257104.36     -202678.56      13931.555     -188747         1.5449442      19683               2349 
   1727500   2013.5142      263323.03     -202797.45      14092.469     -188704.98      1.5449442      19683               2349 
   1728000   1993.7569      259751.17     -202604.11      13954.189     -188649.92      1.5449442      19683               2349 
   1728500   2032.9125      263859.58     -202783.71      14228.237     -188555.47      1.5449442      19683               2349 
   1729000   2041.937       262576.47     -202675.09      14291.399     -188383.69      1.5449442      19683               2349 
   1729500   1989.4364      268406.83     -202151.89      13923.95      -188227.94      1.5449442      19683               2349 
   1730000   2080.6687      267328.23     -202717.73      14562.479     -188155.25      1.5449442      19683               2349 
   1730053   2033.1416      270647.54     -202376.23      14229.84      -188146.39      1.5449442      19683               2349 
Loop time of 22960.9 on 48 procs for 400000 steps with 2349 atoms

Performance: 0.151 ns/day, 159.451 hours/ns, 17.421 timesteps/s, 40.922 katom-step/s
99.4% CPU use with 12 MPI tasks x 4 OpenMP threads

MPI task timing breakdown:
Section |  min time  |  avg time  |  max time  |%varavg| %total
---------------------------------------------------------------
Pair    | 19147      | 19376      | 19562      |  86.5 | 84.39
Neigh   | 152.14     | 153.36     | 155.11     |   7.1 |  0.67
Comm    | 293.21     | 478.49     | 706.71     | 549.6 |  2.08
Output  | 0.10315    | 0.12008    | 0.14454    |   3.1 |  0.00
Modify  | 2941.7     | 2942.9     | 2944.3     |   1.4 | 12.82
Other   |            | 10.2       |            |       |  0.04

Nlocal:         195.75 ave         205 max         188 min
Histogram: 2 1 1 2 2 0 0 2 0 2
Nghost:        5333.58 ave        5351 max        5311 min
Histogram: 1 1 1 2 0 0 1 3 0 3
Neighs:         152044 ave      159680 max      146260 min
Histogram: 1 2 3 2 0 0 1 1 0 2

Total # of neighbors = 1824533
Ave neighs/atom = 776.72754
Neighbor list builds = 4150
Dangerous builds = 0
write_restart   out/restart.solgel_pH${pH}.stage4
write_restart   out/restart.solgel_pH7.5.stage4
System init for write_restart ...

unfix           nvt_condense

# ── Phase 5: Cooling ───────────────────────────────────────────────────────
print           "=== Phase 5: Cooling ${T_hi} -> ${T_low} K ==="
=== Phase 5: Cooling 2000 -> 300 K ===
fix             nvt_cool all nvt temp ${T_hi} ${T_low} 100.0
fix             nvt_cool all nvt temp 2000 ${T_low} 100.0
fix             nvt_cool all nvt temp 2000 300 100.0
run             80000    # 8 ps cooling
Per MPI rank memory allocation (min/avg/max) = 374 | 381.4 | 387.2 Mbytes
   Step          Temp          Press          PotEng         KinEng         TotEng        Density         Volume        Atoms   
   1730053   2033.1416      270647.66     -202376.23      14229.84      -188146.39      1.5449442      19683               2349 
   1730500   2025.6861      266707.17     -202358.54      14177.66      -188180.88      1.5449442      19683               2349 
   1731000   2026.7383      262621.85     -202605.44      14185.024     -188420.42      1.5449442      19683               2349 
   1731500   2035.0424      257943.33     -202960.77      14243.144     -188717.62      1.5449442      19683               2349 
   1732000   1967.6124      265811.39     -202674.04      13771.205     -188902.83      1.5449442      19683               2349 
   1732500   1953.5119      259095.24     -202689.59      13672.516     -189017.07      1.5449442      19683               2349 
   1733000   1957.086       260726.48     -202888.24      13697.531     -189190.71      1.5449442      19683               2349 
   1733500   1971.1577      260057.86     -203206.04      13796.018     -189410.02      1.5449442      19683               2349 
   1734000   1927.8204      246514.62     -203110.7       13492.703     -189618         1.5449442      19683               2349 
   1734500   1940.3152      259072.48     -203363.88      13580.153     -189783.72      1.5449442      19683               2349 
   1735000   1930.4265      251302.64     -203440.18      13510.943     -189929.24      1.5449442      19683               2349 
   1735500   1922.6643      244368.99     -203529.19      13456.616     -190072.57      1.5449442      19683               2349 
   1736000   1841.5277      250502.87     -203129.45      12888.746     -190240.7       1.5449442      19683               2349 
   1736500   1859.8336      243200.46     -203358.31      13016.868     -190341.44      1.5449442      19683               2349 
   1737000   1894.5641      241358.85     -203713.06      13259.944     -190453.12      1.5449442      19683               2349 
   1737500   1873.9269      244230.2      -203712.59      13115.505     -190597.08      1.5449442      19683               2349 
   1738000   1828.9745      249567.18     -203531.96      12800.886     -190731.07      1.5449442      19683               2349 
   1738500   1795.2184      250597.25     -203376.38      12564.629     -190811.76      1.5449442      19683               2349 
   1739000   1837.0157      232968.2      -203745.67      12857.166     -190888.51      1.5449442      19683               2349 
   1739500   1872.2536      250106.07     -204087.65      13103.794     -190983.86      1.5449442      19683               2349 
   1740000   1851.2511      244981.14     -204084.65      12956.799     -191127.85      1.5449442      19683               2349 
   1740500   1804.146       236371.1      -203981.2       12627.113     -191354.09      1.5449442      19683               2349 
   1741000   1798.1538      242010.86     -204154.71      12585.174     -191569.54      1.5449442      19683               2349 
   1741500   1759.0546      243387.67     -204037.91      12311.521     -191726.39      1.5449442      19683               2349 
   1742000   1776.3897      237497.79     -204270.9       12432.849     -191838.06      1.5449442      19683               2349 
   1742500   1766.7338      242319.3      -204390.23      12365.268     -192024.97      1.5449442      19683               2349 
   1743000   1767.8931      236114.41     -204599.59      12373.381     -192226.21      1.5449442      19683               2349 
   1743500   1765.7153      241851.79     -204792.63      12358.139     -192434.5       1.5449442      19683               2349 
   1744000   1714.7262      242742.61     -204623.51      12001.269     -192622.24      1.5449442      19683               2349 
   1744500   1748.0846      228519.55     -205026.28      12234.743     -192791.54      1.5449442      19683               2349 
   1745000   1708.492       236931.53     -204906.77      11957.636     -192949.13      1.5449442      19683               2349 
   1745500   1699.6815      239150.19     -205053.7       11895.972     -193157.73      1.5449442      19683               2349 
   1746000   1675.6096      224406.16     -205064.69      11727.494     -193337.19      1.5449442      19683               2349 
   1746500   1625.5044      235918.68     -204834.32      11376.811     -193457.51      1.5449442      19683               2349 
   1747000   1698.1472      227058.44     -205492.89      11885.234     -193607.66      1.5449442      19683               2349 
   1747500   1640.2957      234876.03     -205313.43      11480.335     -193833.09      1.5449442      19683               2349 
   1748000   1658.4159      232026.83     -205600.99      11607.157     -193993.84      1.5449442      19683               2349 
   1748500   1596.0524      227537.77     -205304.57      11170.678     -194133.9       1.5449442      19683               2349 
   1749000   1611.5487      227440.87     -205477.58      11279.136     -194198.45      1.5449442      19683               2349 
   1749500   1624.5699      221830.78     -205709.77      11370.271     -194339.5       1.5449442      19683               2349 
   1750000   1576.6555      220629.81     -205574.12      11034.921     -194539.2       1.5449442      19683               2349 
   1750500   1579.4351      225702.76     -205743.8       11054.374     -194689.42      1.5449442      19683               2349 
   1751000   1587.1778      224024.33     -205919.26      11108.565     -194810.69      1.5449442      19683               2349 
   1751500   1561.5636      223255.8      -205922.76      10929.293     -194993.47      1.5449442      19683               2349 
   1752000   1542.6234      219476.54     -205921.39      10796.731     -195124.66      1.5449442      19683               2349 
   1752500   1531.648       218014.01     -205980.91      10719.915     -195261         1.5449442      19683               2349 
   1753000   1497.4688      220855.68     -205901.85      10480.697     -195421.15      1.5449442      19683               2349 
   1753500   1549.7318      220250.41     -206404.67      10846.483     -195558.19      1.5449442      19683               2349 
   1754000   1533.3405      212820.99     -206458.71      10731.761     -195726.94      1.5449442      19683               2349 
   1754500   1513.6776      215531.32     -206505.35      10594.142     -195911.2       1.5449442      19683               2349 
   1755000   1483.722       207562.05     -206444.98      10384.484     -196060.5       1.5449442      19683               2349 
   1755500   1505.0128      215207.58     -206741.96      10533.497     -196208.46      1.5449442      19683               2349 
   1756000   1468.5376      206371.57     -206632.78      10278.21      -196354.57      1.5449442      19683               2349 
   1756500   1464.9102      195432.97     -206764.58      10252.821     -196511.76      1.5449442      19683               2349 
   1757000   1466.8811      207288.67     -206975.26      10266.616     -196708.64      1.5449442      19683               2349 
   1757500   1441.4891      205690.18     -206942.16      10088.899     -196853.26      1.5449442      19683               2349 
   1758000   1420.5113      199319.13     -206952.05      9942.0762     -197009.97      1.5449442      19683               2349 
   1758500   1417.2839      209814.66     -207084.46      9919.4878     -197164.97      1.5449442      19683               2349 
   1759000   1430.1983      205480.31     -207321.58      10009.875     -197311.71      1.5449442      19683               2349 
   1759500   1407.0907      203021.9      -207336.24      9848.1459     -197488.1       1.5449442      19683               2349 
   1760000   1409.0242      205035.36     -207517.95      9861.6788     -197656.27      1.5449442      19683               2349 
   1760500   1392.4347      194469.89     -207538.35      9745.57       -197792.78      1.5449442      19683               2349 
   1761000   1390.9555      194399.35     -207689.8       9735.217      -197954.58      1.5449442      19683               2349 
   1761500   1367.6346      207615.58     -207691.28      9571.9955     -198119.28      1.5449442      19683               2349 
   1762000   1348.3723      200892.52     -207721.01      9437.1796     -198283.83      1.5449442      19683               2349 
   1762500   1344.7173      195934.63     -207847.64      9411.5985     -198436.04      1.5449442      19683               2349 
   1763000   1351.4094      198585.86     -208061.7       9458.436      -198603.26      1.5449442      19683               2349 
   1763500   1303.5763      200007.17     -207886.74      9123.655      -198763.08      1.5449442      19683               2349 
   1764000   1321.2433      190480.13     -208126.02      9247.3049     -198878.72      1.5449442      19683               2349 
   1764500   1299.8983      198015.67     -208115.43      9097.9131     -199017.52      1.5449442      19683               2349 
   1765000   1288.4672      190499.39     -208197.91      9017.9074     -199180.01      1.5449442      19683               2349 
   1765500   1250.3525      193313        -208077.36      8751.1446     -199326.21      1.5449442      19683               2349 
   1766000   1248.9698      188489.78     -208210.5       8741.4673     -199469.03      1.5449442      19683               2349 
   1766500   1277.3044      183334.53     -208569.02      8939.7792     -199629.24      1.5449442      19683               2349 
   1767000   1240.3865      190072.14     -208470.83      8681.3934     -199789.44      1.5449442      19683               2349 
   1767500   1222.4488      181243.27     -208491.43      8555.8482     -199935.58      1.5449442      19683               2349 
   1768000   1208.6016      185424.84     -208535.18      8458.9325     -200076.25      1.5449442      19683               2349 
   1768500   1198.7693      189052.78     -208652.08      8390.1168     -200261.96      1.5449442      19683               2349 
   1769000   1227.6157      183645.52     -209010.64      8592.0112     -200418.63      1.5449442      19683               2349 
   1769500   1182.1816      190380.79     -208861.67      8274.0207     -200587.65      1.5449442      19683               2349 
   1770000   1168.8676      180402.49     -208917.03      8180.8368     -200736.19      1.5449442      19683               2349 
   1770500   1173.944       180806.8      -209117.46      8216.3662     -200901.1       1.5449442      19683               2349 
   1771000   1181.0233      181896.47     -209341.57      8265.9136     -201075.66      1.5449442      19683               2349 
   1771500   1157.5131      180256.16     -209359.12      8101.3667     -201257.75      1.5449442      19683               2349 
   1772000   1124.1082      186850.86     -209258.14      7867.568      -201390.57      1.5449442      19683               2349 
   1772500   1111.6957      183138.71     -209317.27      7780.6941     -201536.58      1.5449442      19683               2349 
   1773000   1110.1289      181471.01     -209445.39      7769.728      -201675.66      1.5449442      19683               2349 
   1773500   1106.4805      176280.76     -209580.33      7744.1931     -201836.14      1.5449442      19683               2349 
   1774000   1096.6199      179286.63     -209654.48      7675.1792     -201979.3       1.5449442      19683               2349 
   1774500   1087.7479      171007.7      -209754.24      7613.0844     -202141.15      1.5449442      19683               2349 
   1775000   1094.2808      167748.99     -209964.87      7658.808      -202306.06      1.5449442      19683               2349 
   1775500   1056.3467      176440.37     -209856.81      7393.3094     -202463.5       1.5449442      19683               2349 
   1776000   1053.5498      167754.25     -209991.04      7373.734      -202617.31      1.5449442      19683               2349 
   1776500   1047.7087      169678.26     -210102.9       7332.8528     -202770.04      1.5449442      19683               2349 
   1777000   1030.3283      169175.95     -210139.4       7211.2077     -202928.2       1.5449442      19683               2349 
   1777500   1019.8074      166679.75     -210214.37      7137.5729     -203076.8       1.5449442      19683               2349 
   1778000   1012.0934      168162.42     -210320.58      7083.5827     -203236.99      1.5449442      19683               2349 
   1778500   1011.7897      164078.75     -210479.95      7081.4578     -203398.49      1.5449442      19683               2349 
   1779000   997.68952      159262.17     -210543.75      6982.7711     -203560.98      1.5449442      19683               2349 
   1779500   972.38504      166160.38     -210529.59      6805.6665     -203723.92      1.5449442      19683               2349 
   1780000   979.93798      160422.95     -210732.99      6858.5291     -203874.46      1.5449442      19683               2349 
   1780500   958.37907      161971.38     -210737.29      6707.6395     -204029.65      1.5449442      19683               2349 
   1781000   941.85691      158764.52     -210796.12      6592.0019     -204204.12      1.5449442      19683               2349 
   1781500   943.63694      160118.32     -211005.37      6604.4602     -204400.91      1.5449442      19683               2349 
   1782000   916.6535       162204.91     -210958.76      6415.6047     -204543.16      1.5449442      19683               2349 
   1782500   913.2677       152736.37     -211093.09      6391.9076     -204701.18      1.5449442      19683               2349 
   1783000   893.67781      155099.53     -211124.2       6254.7991     -204869.4       1.5449442      19683               2349 
   1783500   906.09654      147122.55     -211381.94      6341.7172     -205040.22      1.5449442      19683               2349 
   1784000   878.86473      157692.9      -211371.6       6151.1233     -205220.48      1.5449442      19683               2349 
   1784500   875.65776      147620.25     -211503.2       6128.6778     -205374.53      1.5449442      19683               2349 
   1785000   864.40314      152475.39     -211595.86      6049.9074     -205545.95      1.5449442      19683               2349 
   1785500   856.51633      137620.75     -211708.7       5994.7081     -205713.99      1.5449442      19683               2349 
   1786000   844.01147      146361.62     -211796.62      5907.1873     -205889.44      1.5449442      19683               2349 
   1786500   831.2968       141269.24     -211871.27      5818.1981     -206053.07      1.5449442      19683               2349 
   1787000   819.46416      147208.13     -211925.11      5735.3822     -206189.72      1.5449442      19683               2349 
   1787500   815.59146      147290.48     -212049.18      5708.2773     -206340.9       1.5449442      19683               2349 
   1788000   789.77269      146561.57     -212025.91      5527.5733     -206498.34      1.5449442      19683               2349 
   1788500   780.51155      143025.97     -212116.32      5462.7551     -206653.57      1.5449442      19683               2349 
   1789000   783.10455      141704.58     -212307.91      5480.9033     -206827.01      1.5449442      19683               2349 
   1789500   779.88284      137472.24     -212445.47      5458.3547     -206987.11      1.5449442      19683               2349 
   1790000   750.77725      139441.12     -212384.64      5254.6464     -207129.99      1.5449442      19683               2349 
   1790500   744.11722      140225.73     -212496.98      5208.0332     -207288.95      1.5449442      19683               2349 
   1791000   727.35496      139394.39     -212543.79      5090.7152     -207453.07      1.5449442      19683               2349 
   1791500   712.29791      133208.32     -212590.17      4985.3317     -207604.83      1.5449442      19683               2349 
   1792000   709.85991      132752.07     -212715.18      4968.2683     -207746.91      1.5449442      19683               2349 
   1792500   700.60455      135099.38     -212799.46      4903.4906     -207895.97      1.5449442      19683               2349 
   1793000   696.73159      134266.11     -212933.05      4876.384      -208056.67      1.5449442      19683               2349 
   1793500   681.36038      130671.1      -212986.67      4768.8018     -208217.87      1.5449442      19683               2349 
   1794000   668.97134      134891.63     -213049.65      4682.0916     -208367.56      1.5449442      19683               2349 
   1794500   673.08974      128556.32     -213248.85      4710.916      -208537.94      1.5449442      19683               2349 
   1795000   642.36299      130974.1      -213193.69      4495.8613     -208697.83      1.5449442      19683               2349 
   1795500   631.05199      126116.39     -213260.6       4416.6963     -208843.9       1.5449442      19683               2349 
   1796000   631.82723      130118.04     -213396.79      4422.1222     -208974.67      1.5449442      19683               2349 
   1796500   606.94412      125921.24     -213363.79      4247.9667     -209115.82      1.5449442      19683               2349 
   1797000   621.99038      120417.72     -213616.81      4353.2746     -209263.54      1.5449442      19683               2349 
   1797500   602.91451      117615.28     -213645.97      4219.7637     -209426.2       1.5449442      19683               2349 
   1798000   587.91171      124873.88     -213713.39      4114.7599     -209598.63      1.5449442      19683               2349 
   1798500   570.23236      120020.31     -213744.54      3991.0232     -209753.51      1.5449442      19683               2349 
   1799000   556.6791       121894.8      -213799.25      3896.1648     -209903.08      1.5449442      19683               2349 
   1799500   556.37591      114495.26     -213942.03      3894.0427     -210047.99      1.5449442      19683               2349 
   1800000   543.65792      118316.15     -213993.55      3805.0302     -210188.52      1.5449442      19683               2349 
   1800500   533.78304      116870.54     -214073.05      3735.9166     -210337.13      1.5449442      19683               2349 
   1801000   527.94311      111456.37     -214175.16      3695.0432     -210480.12      1.5449442      19683               2349 
   1801500   516.13435      112201.97     -214272.81      3612.3944     -210660.41      1.5449442      19683               2349 
   1802000   511.02912      113173.27     -214394.27      3576.6632     -210817.61      1.5449442      19683               2349 
   1802500   497.63856      109902.38     -214473.39      3482.9434     -210990.45      1.5449442      19683               2349 
   1803000   475.95913      111971.76     -214468.98      3331.2103     -211137.77      1.5449442      19683               2349 
   1803500   474.41604      106117.5      -214591.95      3320.4103     -211271.54      1.5449442      19683               2349 
   1804000   451.98033      106811.82     -214606.33      3163.3841     -211442.94      1.5449442      19683               2349 
   1804500   454.53395      102780.59     -214786.56      3181.2568     -211605.31      1.5449442      19683               2349 
   1805000   437.42608      97603.29      -214830.31      3061.5198     -211768.79      1.5449442      19683               2349 
   1805500   433.24658      105392.51     -214946.83      3032.2677     -211914.57      1.5449442      19683               2349 
   1806000   415.66607      105461.62     -214978.31      2909.2227     -212069.09      1.5449442      19683               2349 
   1806500   407.19412      101954.8      -215065.08      2849.9281     -212215.15      1.5449442      19683               2349 
   1807000   404.06424      100139.32     -215185.34      2828.0222     -212357.32      1.5449442      19683               2349 
   1807500   388.45893      99433.151     -215220.85      2718.8015     -212502.05      1.5449442      19683               2349 
   1808000   377.82836      95726.884     -215297.69      2644.3988     -212653.29      1.5449442      19683               2349 
   1808500   372.01291      94756.463     -215415.53      2603.6968     -212811.83      1.5449442      19683               2349 
   1809000   355.21159      92706.174     -215437.99      2486.1053     -212951.89      1.5449442      19683               2349 
   1809500   360.69459      94560.439     -215627.44      2524.4805     -213102.95      1.5449442      19683               2349 
   1810000   340.4394       92061.699     -215646.08      2382.7156     -213263.37      1.5449442      19683               2349 
   1810053   335.69215      91251.519     -215626.79      2349.4899     -213277.3       1.5449442      19683               2349 
Loop time of 4577.86 on 48 procs for 80000 steps with 2349 atoms

Performance: 0.151 ns/day, 158.954 hours/ns, 17.475 timesteps/s, 41.050 katom-step/s
99.4% CPU use with 12 MPI tasks x 4 OpenMP threads

MPI task timing breakdown:
Section |  min time  |  avg time  |  max time  |%varavg| %total
---------------------------------------------------------------
Pair    | 3841.3     | 3872.4     | 3929.3     |  42.2 | 84.59
Neigh   | 16.542     | 16.749     | 16.946     |   3.1 |  0.37
Comm    | 41.27      | 97.999     | 129.11     | 265.1 |  2.14
Output  | 0.020661   | 0.023983   | 0.028838   |   1.4 |  0.00
Modify  | 588.43     | 588.65     | 588.94     |   0.5 | 12.86
Other   |            | 2.032      |            |       |  0.04

Nlocal:         195.75 ave         201 max         187 min
Histogram: 1 0 0 2 0 3 0 4 0 2
Nghost:        5345.83 ave        5381 max        5312 min
Histogram: 1 1 0 3 0 4 1 0 1 1
Neighs:         152036 ave      155991 max      144918 min
Histogram: 1 0 0 2 0 1 2 1 3 2

Total # of neighbors = 1824437
Ave neighs/atom = 776.68668
Neighbor list builds = 454
Dangerous builds = 0
unfix           nvt_cool

# ── Phase 6: Final Equilibration ───────────────────────────────────────────
print           "=== Phase 6: Final Equilibration at ${T_low} K ==="
=== Phase 6: Final Equilibration at 300 K ===
fix             nvt_final all nvt temp ${T_low} ${T_low} 100.0
fix             nvt_final all nvt temp 300 ${T_low} 100.0
fix             nvt_final all nvt temp 300 300 100.0
run             20000    # 2 ps
Per MPI rank memory allocation (min/avg/max) = 374.4 | 381.3 | 387.3 Mbytes
   Step          Temp          Press          PotEng         KinEng         TotEng        Density         Volume        Atoms   
   1810053   335.69215      91251.887     -215626.79      2349.4899     -213277.3       1.5449442      19683               2349 
   1810500   341.47536      91403.049     -215698.83      2389.9662     -213308.87      1.5449442      19683               2349 
   1811000   335.43406      95492.391     -215694.67      2347.6835     -213346.98      1.5449442      19683               2349 
   1811500   329.09473      89348.818     -215736.86      2303.3149     -213433.55      1.5449442      19683               2349 
   1812000   328.49862      88628.441     -215817.89      2299.1428     -213518.74      1.5449442      19683               2349 
   1812500   318.18288      84008.113     -215820.36      2226.9435     -213593.42      1.5449442      19683               2349 
   1813000   318.77457      86575.549     -215908.91      2231.0848     -213677.82      1.5449442      19683               2349 
   1813500   310.33947      84645.577     -215909.63      2172.048      -213737.58      1.5449442      19683               2349 
   1814000   308.45133      83072.356     -215942.32      2158.833      -213783.48      1.5449442      19683               2349 
   1814500   300.9024       85965.803     -215948.9       2105.9985     -213842.9       1.5449442      19683               2349 
   1815000   299.78256      89551.329     -215973.89      2098.1607     -213875.73      1.5449442      19683               2349 
   1815500   298.5491       81225.079     -215997.02      2089.5278     -213907.49      1.5449442      19683               2349 
   1816000   295.49063      81580.434     -216012.12      2068.1218     -213944         1.5449442      19683               2349 
   1816500   305.93637      82648.393     -216066.61      2141.2309     -213925.38      1.5449442      19683               2349 
   1817000   297.40337      82723.777     -215990.51      2081.5089     -213909         1.5449442      19683               2349 
   1817500   300.41121      84873.268     -215994.85      2102.5606     -213892.29      1.5449442      19683               2349 
   1818000   301.06154      83340.698     -215964.66      2107.1123     -213857.55      1.5449442      19683               2349 
   1818500   301.41986      81672.923     -215955.95      2109.6201     -213846.33      1.5449442      19683               2349 
   1819000   303.6366       82502.48      -215969.7       2125.1349     -213844.57      1.5449442      19683               2349 
   1819500   298.44522      87010.933     -215967.94      2088.8008     -213879.14      1.5449442      19683               2349 
   1820000   302.988        85023.78      -216015.6       2120.5955     -213895         1.5449442      19683               2349 
   1820500   302.33128      86298.148     -216016.22      2115.9991     -213900.22      1.5449442      19683               2349 
   1821000   292.01185      84457.801     -215945.72      2043.774      -213901.95      1.5449442      19683               2349 
   1821500   297.85057      84601.433     -215986.46      2084.6389     -213901.82      1.5449442      19683               2349 
   1822000   297.88593      84859.223     -215981.82      2084.8863     -213896.93      1.5449442      19683               2349 
   1822500   297.32214      81768.393     -215977.95      2080.9404     -213897.01      1.5449442      19683               2349 
   1823000   297.49751      87290.341     -215983.77      2082.1678     -213901.61      1.5449442      19683               2349 
   1823500   303.66854      82305.876     -216023.01      2125.3585     -213897.65      1.5449442      19683               2349 
   1824000   296.01911      85007.171     -215982.41      2071.8206     -213910.59      1.5449442      19683               2349 
   1824500   292.88538      84950.696     -215973.54      2049.8878     -213923.66      1.5449442      19683               2349 
   1825000   297.32741      78995.613     -216003.43      2080.9773     -213922.46      1.5449442      19683               2349 
   1825500   302.20739      85730.481     -216023.38      2115.132      -213908.25      1.5449442      19683               2349 
   1826000   291.27975      85064.19      -215950.58      2038.65       -213911.93      1.5449442      19683               2349 
   1826500   301.23447      83539.753     -216025.66      2108.3226     -213917.34      1.5449442      19683               2349 
   1827000   299.51791      80913.043     -216031.25      2096.3085     -213934.94      1.5449442      19683               2349 
   1827500   299.49777      83350.802     -216024.03      2096.1675     -213927.87      1.5449442      19683               2349 
   1828000   301.17021      83408.651     -216041.43      2107.8728     -213933.56      1.5449442      19683               2349 
   1828500   290.29221      87586.666     -215944.44      2031.7383     -213912.7       1.5449442      19683               2349 
   1829000   302.25451      87209.084     -215991.88      2115.4618     -213876.41      1.5449442      19683               2349 
   1829500   298.26402      84379.728     -215932.92      2087.5326     -213845.39      1.5449442      19683               2349 
   1830000   297.27311      90010.727     -215867.28      2080.5973     -213786.68      1.5449442      19683               2349 
   1830053   306.89527      88983.888     -215931.16      2147.9422     -213783.22      1.5449442      19683               2349 
Loop time of 1148.83 on 48 procs for 20000 steps with 2349 atoms

Performance: 0.150 ns/day, 159.559 hours/ns, 17.409 timesteps/s, 40.894 katom-step/s
99.3% CPU use with 12 MPI tasks x 4 OpenMP threads

MPI task timing breakdown:
Section |  min time  |  avg time  |  max time  |%varavg| %total
---------------------------------------------------------------
Pair    | 970.39     | 980.22     | 992.03     |  21.7 | 85.32
Neigh   | 0.61456    | 0.62299    | 0.62983    |   0.6 |  0.05
Comm    | 10.649     | 22.424     | 32.281     | 143.7 |  1.95
Output  | 0.0054139  | 0.0062893  | 0.0075407  |   0.7 |  0.00
Modify  | 145        | 145.05     | 145.11     |   0.2 | 12.63
Other   |            | 0.505      |            |       |  0.04

Nlocal:         195.75 ave         200 max         189 min
Histogram: 1 0 1 1 1 1 1 2 1 3
Nghost:        5359.25 ave        5396 max        5321 min
Histogram: 2 1 1 0 2 0 1 3 0 2
Neighs:         152044 ave      155855 max      147136 min
Histogram: 1 0 1 1 2 2 2 0 2 1

Total # of neighbors = 1824528
Ave neighs/atom = 776.72542
Neighbor list builds = 17
Dangerous builds = 0
unfix           nvt_final

# ── Output Final Structure ──────────────────────────────────────────────────
write_data      out/data.solgel_pH${pH}.final
write_data      out/data.solgel_pH7.5.final
System init for write_data ...
write_restart   out/restart.solgel_pH${pH}.final
write_restart   out/restart.solgel_pH7.5.final
System init for write_restart ...

print           "=== Sol-Gel Simulation Complete for pH ${pH} ==="
=== Sol-Gel Simulation Complete for pH 7.5 ===
Total wall time: 29:02:06
