# Timestep 10
#
# Number of particles 1143
#
# Max number of bonds per atom 7 with coarse bond order cutoff 0.300
# Particle connection table and bond orders
# id type nb id_1...id_nb mol bo_1...bo_nb abo nlp q
 91 2 2 92 93 0         0.993         0.993         1.986         2.000        -0.601
 304 3 2 303 305 0         0.993         0.851         1.844         0.000         0.276
 384 2 2 385 386 0         0.993         0.993         1.986         2.000        -0.630
 385 3 2 384 386 0         0.993         0.854         1.847         0.000         0.323
 386 3 2 384 385 0         0.993         0.854         1.848         0.000         0.308
 515 2 3 517 516 518 0         0.996         0.995         0.995         2.987         1.003        -0.787
 516 3 3 515 517 518 0         0.995         0.908         0.872         2.776         0.000         0.286
 518 3 3 515 516 517 0         0.995         0.872         0.893         2.765         0.000         0.281
 569 2 2 570 571 0         0.994         0.994         1.988         2.000        -0.547
 570 3 2 569 571 0         0.994         0.868         1.866         0.000         0.325
 571 3 2 569 570 0         0.994         0.868         1.862         0.000         0.307
 872 2 2 873 874 0         0.995         0.993         1.988         2.000        -0.623
 873 3 3 872 874 682 0         0.995         0.875         0.343         2.213         0.000         0.367
 874 3 2 872 873 0         0.993         0.875         1.874         0.000         0.347
 910 3 2 908 909 0         0.993         0.846         1.839         0.000         0.309
 911 2 2 912 913 0         0.993         0.993         1.986         2.000        -0.593
 912 3 2 911 913 0         0.993         0.852         1.845         0.000         0.309
 913 3 2 911 912 0         0.993         0.852         1.844         0.000         0.319
 957 2 2 961 956 0         0.989         0.942         1.931         2.000        -0.544
 961 3 3 957 956 963 0         0.989         0.975         0.494         2.514         0.000         0.277
 1086 2 3 1087 1088 1089 0         0.997         0.998         0.997         2.992         1.003        -0.711
 1087 3 3 1086 1088 1089 0         0.997         0.961         0.902         2.860         0.000         0.280
 1088 3 3 1086 1087 1089 0         0.998         0.961         0.946         2.912         0.000         0.297
 1089 3 3 1086 1087 1088 0         0.997         0.902         0.946         2.846         0.000         0.312
 202 2 2 203 204 0         0.993         0.993         1.985         2.000        -0.567
 203 3 2 202 204 0         0.993         0.846         1.839         0.000         0.352
 204 3 2 202 203 0         0.993         0.846         1.839         0.000         0.360
 239 2 2 240 241 0         0.993         0.993         1.986         2.000        -0.605
 680 2 2 681 682 0         0.996         0.997         1.993         2.000        -0.580
 681 3 2 680 682 0         0.996         0.983         2.002         0.000         0.303
 682 3 3 873 680 681 0         0.343         0.997         0.983         2.334         0.000         0.291
 763 2 2 764 765 0         0.992         0.992         1.985         2.000        -0.526
 764 3 2 763 765 0         0.992         0.840         1.838         0.000         0.351
 765 3 2 763 764 0         0.992         0.840         1.839         0.000         0.373
 864 1 7 865 868 869 870 867 871 866 0         0.941         0.942         0.975         0.973         0.898         0.973         0.897         6.600        -1.000         0.687
 865 2 2 864 869 0         0.941         0.990         1.931         2.000        -0.510
 868 2 1 864 0         0.942         0.942         2.005        -0.469
 869 3 2 864 865 0         0.975         0.990         2.519         0.000         0.254
 900 1 7 901 903 904 905 906 907 902 0         0.931         0.865         0.943         0.973         0.949         0.973         0.902         6.537        -1.000         0.698
 901 2 2 900 905 0         0.931         0.991         1.925         2.000        -0.593
 903 2 2 900 907 0         0.865         0.995         1.860         2.000        -0.531
 904 2 1 900 0         0.943         0.943         2.004        -0.532
 905 3 2 900 901 0         0.973         0.991         2.463         0.000         0.246
 906 3 2 900 902 0         0.949         0.991         2.215         0.000         0.303
 907 3 2 900 903 0         0.973         0.995         2.222         0.000         0.251
 908 2 2 910 909 0         0.993         0.993         1.986         2.000        -0.566
 909 3 2 910 908 0         0.846         0.993         1.839         0.000         0.304
 902 2 2 900 906 0         0.902         0.991         1.893         2.000        -0.563
 240 3 2 239 241 0         0.993         0.852         1.845         0.000         0.307
 241 3 2 239 240 0         0.993         0.852         1.845         0.000         0.317
 461 3 2 462 460 0         0.870         0.994         1.907         0.000         0.348
 870 3 2 864 866 0         0.973         0.993         2.243         0.000         0.282
 1118 2 1 1122 0         0.992         1.023         2.002        -0.381
 1122 3 1 1118 0         0.992         1.149         0.000         0.318
 451 2 2 452 453 0         0.995         0.996         1.991         2.000        -0.585
 452 3 2 451 453 0         0.995         0.927         1.922         0.000         0.342
 467 1 6 468 471 472 473 474 475 0         0.953         0.953         0.988         0.797         0.810         0.988         5.593         0.000         0.567
 468 2 2 467 472 0         0.953         0.985         1.937         2.000        -0.559
 469 2 1 473 0         0.992         1.048         2.001        -0.412
 470 2 1 474 0         0.992         1.042         2.001        -0.357
 471 2 2 467 475 0         0.953         0.985         1.937         2.000        -0.497
 472 3 3 467 468 475 0         0.988         0.985         0.984         3.013        -1.000         0.207
 473 3 2 467 469 0         0.797         0.992         1.846         0.000         0.350
 474 3 2 467 470 0         0.810         0.992         1.860         0.000         0.311
 475 3 3 467 471 472 0         0.988         0.985         0.984         3.014        -1.000         0.207
 1115 1 6 1117 1119 1121 1123 1116 1120 0         0.708         0.941         0.906         0.988         0.945         0.986         5.627         0.000         0.609
 1117 2 2 1115 1121 0         0.708         0.994         1.702         2.000        -0.408
 1119 2 2 1115 1123 0         0.941         0.988         1.929         2.000        -0.530
 1121 3 2 1115 1117 0         0.906         0.994         2.000         0.000         0.302
 1123 3 3 1115 1119 1120 0         0.988         0.988         0.984         3.041        -1.000         0.189
 453 3 2 451 452 0         0.996         0.927         1.927         0.000         0.304
 93 3 2 91 92 0         0.993         0.852         1.847         0.000         0.270
 541 2 2 542 543 0         0.997         0.996         1.992         2.000        -0.588
 542 3 2 541 543 0         0.997         0.986         2.011         0.000         0.287
 543 3 2 541 542 0         0.996         0.986         2.031         0.000         0.298
 550 2 2 551 552 0         0.993         0.993         1.986         2.000        -0.552
 551 3 2 550 552 0         0.993         0.851         1.844         0.000         0.293
 552 3 2 550 551 0         0.993         0.851         1.845         0.000         0.327
 784 2 2 786 785 0         0.994         0.994         1.988         2.000        -0.579
 786 3 2 784 785 0         0.994         0.900         1.896         0.000         0.310
 931 2 2 932 933 0         0.993         0.993         1.986         2.000        -0.617
 932 3 2 931 933 0         0.993         0.852         1.845         0.000         0.329
 933 3 2 931 932 0         0.993         0.852         1.845         0.000         0.283
 785 3 2 784 786 0         0.994         0.900         1.965         0.000         0.352
 175 2 2 176 177 0         0.990         0.990         1.981         2.000        -0.645
 176 3 2 175 177 0         0.990         0.826         1.826         0.000         0.328
 177 3 2 175 176 0         0.990         0.826         1.828         0.000         0.327
 743 2 2 747 739 0         0.981         0.953         1.934         2.000        -0.544
 747 3 3 743 739 744 0         0.981         0.987         0.984         3.100        -1.000         0.208
 803 2 2 804 805 0         0.993         0.994         1.987         2.000        -0.624
 804 3 2 803 805 0         0.993         0.857         1.855         0.000         0.330
 805 3 2 803 804 0         0.994         0.857         1.870         0.000         0.337
 22 2 3 23 24 25 0         0.995         0.997         0.996         2.988         1.003        -0.758
 23 3 3 22 24 25 0         0.995         0.924         0.853         2.773         0.000         0.286
 24 3 3 22 23 25 0         0.997         0.924         0.931         2.863         0.000         0.307
 450 3 2 448 449 0         0.996         0.938         1.957         0.000         0.349
 460 2 2 461 462 0         0.994         0.994         1.987         2.000        -0.586
 529 1 7 530 531 532 533 534 535 536 0         0.942         0.899         0.914         0.944         0.976         0.975         0.974         6.624        -1.000         0.674
 530 2 2 529 534 0         0.942         0.990         1.932         2.000        -0.534
 531 2 2 529 535 0         0.899         0.993         1.892         2.000        -0.405
 532 2 2 529 536 0         0.914         0.992         1.927         2.000        -0.416
 533 2 1 529 0         0.944         0.944         2.004        -0.426
 534 3 3 529 530 536 0         0.976         0.990         0.304         2.537         0.000         0.259
 535 3 2 529 531 0         0.975         0.993         2.235         0.000         0.277
 536 3 3 529 532 534 0         0.974         0.992         0.304         2.272         0.000         0.279
 592 2 1 588 0         0.943         0.943         2.004        -0.460
 595 3 2 588 591 0         0.973         0.993         2.244         0.000         0.290
 953 2 2 954 955 0         0.995         0.995         2.012         1.999        -0.524
 954 3 2 953 955 0         0.995         0.910         1.914         0.000         0.342
 955 3 2 953 954 0         0.995         0.910         1.909         0.000         0.369
 1114 3 2 1112 1113 0         0.994         0.879         1.880         0.000         0.322
 6 3 2 4 5 0         0.993         0.846         1.838         0.000         0.355
 92 3 2 91 93 0         0.993         0.852         1.845         0.000         0.295
 448 2 2 450 449 0         0.996         0.996         1.992         2.000        -0.561
 449 3 2 450 448 0         0.938         0.996         1.935         0.000         0.336
 519 2 2 520 521 0         0.997         0.997         2.013         1.999        -0.563
 520 3 2 519 521 0         0.997         0.952         1.948         0.000         0.306
 521 3 2 519 520 0         0.997         0.952         2.031         0.000         0.331
 588 1 7 592 595 589 590 593 594 591 0         0.943         0.973         0.941         0.898         0.975         0.973         0.899         6.602        -1.000         0.651
 589 2 2 588 593 0         0.941         0.990         1.931         2.000        -0.525
 590 2 2 588 594 0         0.898         0.993         1.891         2.000        -0.485
 593 3 2 588 589 0         0.975         0.990         2.519         0.000         0.260
 594 3 2 588 590 0         0.973         0.993         2.242         0.000         0.283
 884 2 2 885 886 0         0.997         0.996         1.994         2.000        -0.625
 885 3 2 884 886 0         0.997         0.961         2.031         0.000         0.314
 886 3 2 884 885 0         0.996         0.961         1.958         0.000         0.302
 1060 1 7 1061 1062 1063 1064 1065 1066 1067 0         0.942         0.893         0.872         0.942         0.976         0.982         0.986         6.592        -1.000         0.632
 1061 2 2 1060 1065 0         0.942         0.990         1.931         2.000        -0.538
 1062 2 2 1060 1066 0         0.893         0.994         1.906         2.000        -0.429
 1063 2 2 1060 1067 0         0.872         0.994         1.865         2.000        -0.484
 1064 2 1 1060 0         0.942         0.942         2.005        -0.439
 1065 3 3 1060 1061 1066 0         0.976         0.990         0.330         2.590         0.000         0.290
 1066 3 3 1060 1062 1065 0         0.982         0.994         0.330         2.317         0.000         0.278
 1067 3 2 1060 1063 0         0.986         0.994         2.286         0.000         0.262
 1084 3 2 1085 1083 0         0.897         0.996         1.902         0.000         0.322
 257 1 7 260 264 258 259 261 262 263 0         0.898         0.973         0.941         0.898         0.942         0.974         0.973         6.600        -1.000         0.656
 258 2 2 257 262 0         0.941         0.990         1.931         2.000        -0.465
 259 2 2 257 263 0         0.898         0.993         1.891         2.000        -0.410
 261 2 1 257 0         0.942         0.942         2.004        -0.413
 262 3 2 257 258 0         0.974         0.990         2.502         0.000         0.298
 263 3 2 257 259 0         0.973         0.993         2.240         0.000         0.291
 303 2 2 304 305 0         0.993         0.993         1.986         2.000        -0.605
 305 3 2 304 303 0         0.851         0.993         1.844         0.000         0.300
 810 3 2 809 811 0         0.993         0.851         1.844         0.000         0.323
 956 1 7 957 961 959 960 963 958 962 0         0.942         0.975         0.910         0.942         0.976         0.878         0.958         6.580        -1.000         0.701
 959 2 2 956 963 0         0.910         0.994         1.903         2.000        -0.462
 960 2 1 956 0         0.942         0.942         2.004        -0.442
 963 3 3 961 956 959 0         0.494         0.976         0.994         2.463         0.000         0.259
 39 3 2 38 40 0         0.993         0.849         1.842         0.000         0.346
 58 2 2 59 60 0         0.993         0.993         1.986         2.000        -0.524
 59 3 2 58 60 0         0.993         0.849         1.841         0.000         0.347
 60 3 2 58 59 0         0.993         0.849         1.842         0.000         0.338
 637 2 2 635 641 0         0.906         0.994         1.900         2.000        -0.412
 638 2 2 635 642 0         0.852         0.994         1.846         2.000        -0.400
 667 2 1 671 0         0.992         1.069         2.001        -0.481
 777 2 2 778 779 0         0.993         0.993         1.985         2.000        -0.590
 778 3 2 777 779 0         0.993         0.852         1.846         0.000         0.372
 779 3 2 777 778 0         0.993         0.852         1.845         0.000         0.360
 867 2 2 864 871 0         0.898         0.993         1.891         2.000        -0.423
 871 3 2 864 867 0         0.973         0.993         2.243         0.000         0.286
 1124 2 2 1125 1126 0         0.993         0.993         1.986         2.000        -0.570
 1125 3 2 1124 1126 0         0.993         0.848         1.841         0.000         0.308
 1126 3 2 1124 1125 0         0.993         0.848         1.841         0.000         0.371
 668 2 1 672 0         0.992         1.084         2.001        -0.421
 415 2 2 416 417 0         0.991         0.991         1.982         2.000        -0.588
 417 3 2 415 416 0         0.991         0.810         1.802         0.000         0.292
 425 3 2 426 424 0         0.877         0.993         1.870         0.000         0.314
 635 1 7 637 638 636 639 640 641 642 0         0.906         0.852         0.941         0.942         0.975         0.978         0.987         6.581        -1.000         0.612
 636 2 2 635 640 0         0.941         0.990         1.931         2.000        -0.535
 639 2 1 635 0         0.942         0.942         2.005        -0.428
 640 3 3 635 636 642 0         0.975         0.990         0.370         2.580         0.000         0.266
 641 3 2 637 635 0         0.994         0.978         2.222         0.000         0.280
 642 3 3 638 635 640 0         0.994         0.987         0.370         2.361         0.000         0.302
 643 2 3 644 645 646 0         0.992         0.992         0.993         2.977         1.003        -0.722
 644 3 3 643 645 646 0         0.992         0.803         0.843         2.638         0.000         0.333
 645 3 3 643 644 646 0         0.992         0.803         0.834         2.629         0.000         0.368
 646 3 3 643 644 645 0         0.993         0.843         0.834         2.672         0.000         0.351
 866 2 2 864 870 0         0.897         0.993         1.890         2.000        -0.487
 426 3 2 425 424 0         0.877         0.993         1.876         0.000         0.327
 260 2 2 264 257 0         0.993         0.898         1.891         2.000        -0.419
 264 3 2 260 257 0         0.993         0.973         2.229         0.000         0.305
 396 1 7 398 397 399 400 401 402 403 0         0.899         0.946         0.904         0.945         0.977         0.983         0.982         6.636        -1.000         0.673
 397 2 2 396 401 0         0.946         0.989         1.935         2.000        -0.547
 399 2 2 396 403 0         0.904         0.991         1.895         2.000        -0.513
 400 2 1 396 0         0.945         0.945         2.004        -0.390
 401 3 4 396 397 402 403 0         0.977         0.989         0.396         0.326         2.689         0.000         0.307
 402 3 3 396 401 398 0         0.983         0.396         0.993         2.378         0.000         0.272
 403 3 3 396 399 401 0         0.982         0.991         0.326         2.306         0.000         0.278
 581 2 3 582 583 584 0         0.994         0.991         0.994         2.979         1.003        -0.742
 583 3 3 581 582 584 0         0.991         0.808         0.794         2.593         0.000         0.275
 584 3 3 581 583 582 0         0.994         0.794         0.901         2.694         0.000         0.285
 888 3 3 889 887 890 0         0.806         0.993         0.867         2.666         0.000         0.312
 889 3 3 888 887 890 0         0.806         0.992         0.837         2.635         0.000         0.301
 1116 2 2 1115 1120 0         0.945         0.987         1.931         2.000        -0.502
 1120 3 3 1115 1123 1116 0         0.986         0.984         0.987         3.015        -1.000         0.182
 208 2 2 209 210 0         0.993         0.993         1.986         2.000        -0.577
 209 3 2 208 210 0         0.993         0.849         1.842         0.000         0.296
 210 3 2 208 209 0         0.993         0.849         1.842         0.000         0.308
 224 2 2 225 226 0         0.993         0.992         1.985         2.000        -0.616
 225 3 2 224 226 0         0.993         0.848         1.841         0.000         0.304
 226 3 2 224 225 0         0.992         0.848         1.846         0.000         0.306
 480 2 2 484 479 0         0.990         0.942         1.932         2.000        -0.574
 486 3 3 484 479 482 0         0.400         0.985         0.994         2.383         0.000         0.250
 809 2 2 810 811 0         0.993         0.993         1.986         2.000        -0.529
 811 3 2 810 809 0         0.851         0.993         1.849         0.000         0.363
 829 3 2 830 828 0         0.851         0.993         1.844         0.000         0.256
 958 2 2 956 962 0         0.878         0.993         1.871         2.000        -0.433
 962 3 2 956 958 0         0.958         0.993         2.004         0.000         0.273
 479 1 7 480 486 484 483 481 482 485 0         0.942         0.985         0.978         0.938         0.905         0.870         0.973         6.592        -1.000         0.620
 38 2 2 39 40 0         0.993         0.993         1.986         2.000        -0.557
 40 3 2 39 38 0         0.849         0.993         1.842         0.000         0.330
 150 1 7 151 152 153 154 155 156 157 0         0.942         0.908         0.896         0.941         0.977         0.975         0.979         6.619        -1.000         0.702
 151 2 2 150 155 0         0.942         0.989         1.931         2.000        -0.579
 152 2 2 150 156 0         0.908         0.992         1.907         2.000        -0.456
 153 2 2 150 157 0         0.896         0.992         1.889         2.000        -0.432
 154 2 1 150 0         0.941         1.218         2.000        -0.521
 155 3 4 150 151 156 157 0         0.977         0.989         0.330         0.323         2.621         0.000         0.251
 156 3 3 150 152 155 0         0.975         0.992         0.330         2.299         0.000         0.304
 157 3 3 150 153 155 0         0.979         0.992         0.323         2.296         0.000         0.262
 300 2 2 301 302 0         0.993         0.993         1.986         2.000        -0.572
 301 3 2 300 302 0         0.993         0.849         1.846         0.000         0.309
 302 3 2 300 301 0         0.993         0.849         2.118         0.000         0.414
 333 3 2 327 329 0         0.960         0.993         2.099         0.000         0.325
 522 2 2 523 524 0         0.993         0.993         1.987         2.000        -0.557
 523 3 2 522 524 0         0.993         0.860         1.855         0.000         0.377
 524 3 2 522 523 0         0.993         0.860         1.854         0.000         0.325
 1131 2 2 1135 1130 0         0.991         0.940         1.931         2.000        -0.486
 1133 2 2 1137 1130 0         0.993         0.905         1.898         2.000        -0.447
 1135 3 3 1131 1130 1136 0         0.991         0.977         0.333         2.557         0.000         0.291
 1137 3 2 1133 1130 0         0.993         0.974         2.220         0.000         0.301
 306 2 3 308 309 307 0         0.997         0.996         0.994         2.987         1.003        -0.723
 308 3 3 306 309 307 0         0.997         0.949         0.893         2.861         0.000         0.330
 309 3 3 306 308 307 0         0.996         0.949         0.823         2.769         0.000         0.296
 327 1 7 333 328 329 330 331 332 334 0         0.960         0.947         0.904         0.912         0.941         0.982         0.980         6.627        -1.000         0.711
 328 2 2 327 332 0         0.947         0.979         1.926         2.000        -0.569
 329 2 2 333 327 0         0.993         0.904         1.904         2.000        -0.434
 330 2 2 327 334 0         0.912         0.994         1.906         2.000        -0.466
 331 2 1 327 0         0.941         1.080         2.001        -0.444
 332 3 3 327 328 334 0         0.982         0.979         0.534         2.792         0.000         0.253
 334 3 3 327 330 332 0         0.980         0.994         0.534         2.512         0.000         0.257
 338 2 2 340 339 0         0.993         0.993         1.986         2.000        -0.531
 340 3 2 338 339 0         0.993         0.845         1.838         0.000         0.323
 591 2 2 595 588 0         0.993         0.899         1.892         2.000        -0.419
 609 2 2 610 611 0         0.989         0.992         1.981         2.000        -0.612
 610 3 2 609 611 0         0.989         0.851         1.860         0.000         0.323
 611 3 2 609 610 0         0.992         0.851         1.843         0.000         0.308
 831 1 6 835 836 837 838 839 832 0         0.948         0.987         0.760         0.897         0.989         0.951         5.649         0.000         0.544
 833 2 1 837 0         0.992         1.073         2.001        -0.395
 835 2 2 831 839 0         0.948         0.985         1.934         2.000        -0.498
 836 3 3 831 839 832 0         0.987         0.986         0.985         3.027        -1.000         0.200
 837 3 2 831 833 0         0.760         0.992         1.806         0.000         0.291
 838 3 2 831 834 0         0.897         0.994         1.999         0.000         0.338
 839 3 3 831 835 836 0         0.989         0.985         0.986         3.055        -1.000         0.204
 917 2 2 914 921 0         0.905         0.993         1.898         2.000        -0.453
 834 2 1 838 0         0.994         1.061         2.001        -0.326
 830 3 2 828 829 0         0.993         0.851         1.844         0.000         0.317
 4 2 2 6 5 0         0.993         0.993         1.986         2.000        -0.537
 5 3 2 6 4 0         0.846         0.993         1.839         0.000         0.302
 105 2 2 106 107 0         0.993         0.993         1.986         2.000        -0.587
 106 3 2 105 107 0         0.993         0.850         1.843         0.000         0.355
 107 3 2 105 106 0         0.993         0.850         1.843         0.000         0.333
 130 2 2 131 132 0         0.993         0.993         1.986         2.000        -0.522
 131 3 2 130 132 0         0.993         0.853         1.846         0.000         0.379
 132 3 2 130 131 0         0.993         0.853         1.848         0.000         0.373
 484 3 3 480 486 479 0         0.990         0.400         0.978         2.586         0.000         0.252
 659 2 2 660 661 0         0.994         0.994         1.988         2.000        -0.554
 660 3 2 659 661 0         0.994         0.890         1.900         0.000         0.323
 661 3 2 659 660 0         0.994         0.890         1.884         0.000         0.320
 828 2 2 830 829 0         0.993         0.993         1.986         2.000        -0.604
 361 2 2 362 363 0         0.993         0.993         1.986         2.000        -0.556
 362 3 2 361 363 0         0.993         0.844         1.837         0.000         0.325
 381 2 2 382 383 0         0.994         0.993         1.987         2.000        -0.611
 382 3 2 381 383 0         0.994         0.873         1.866         0.000         0.272
 383 3 3 381 382 419 0         0.993         0.873         0.328         2.194         0.000         0.357
 418 2 2 419 420 0         0.996         0.995         1.991         2.000        -0.602
 419 3 3 383 418 420 0         0.328         0.996         0.941         2.342         0.000         0.297
 420 3 2 418 419 0         0.995         0.941         1.956         0.000         0.345
 501 3 2 500 502 0         0.991         0.630         1.693         0.000         0.318
 559 3 2 557 558 0         0.993         0.848         1.842         0.000         0.329
 679 3 2 677 678 0         0.996         0.985         2.000         0.000         0.288
 812 2 2 813 814 0         0.994         0.994         1.988         2.000        -0.587
 813 3 2 812 814 0         0.994         0.885         1.879         0.000         0.283
 814 3 3 812 813 1142 0         0.994         0.885         0.361         2.249         0.000         0.288
 977 2 3 979 978 980 0         0.986         0.991         0.988         2.964         1.003        -0.716
 978 3 3 977 979 980 0         0.991         0.801         0.795         2.588         0.000         0.334
 980 3 3 977 978 979 0         0.988         0.795         0.650         2.438         0.000         0.256
 211 2 3 212 214 213 0         0.990         0.992         0.992         2.975         1.003        -0.792
 212 3 3 211 214 213 0         0.990         0.762         0.807         2.559         0.000         0.297
 214 3 3 211 212 213 0         0.992         0.762         0.842         2.603         0.000         0.275
 236 2 2 237 238 0         0.995         0.994         1.989         2.000        -0.534
 237 3 2 236 238 0         0.995         0.873         1.880         0.000         0.315
 238 3 2 236 237 0         0.994         0.873         1.867         0.000         0.296
 363 3 2 361 362 0         0.993         0.844         1.839         0.000         0.302
 445 2 2 446 447 0         0.989         0.991         1.980         2.000        -0.631
 446 3 2 445 447 0         0.989         0.823         1.827         0.000         0.304
 447 3 2 445 446 0         0.991         0.823         1.824         0.000         0.287
 665 1 6 666 669 670 671 672 673 0         0.951         0.952         0.989         0.779         0.788         0.988         5.617         0.000         0.598
 666 2 2 665 670 0         0.951         0.986         1.937         2.000        -0.581
 669 2 2 665 673 0         0.952         0.986         1.938         2.000        -0.527
 670 3 3 665 666 673 0         0.989         0.986         0.985         3.028        -1.000         0.168
 671 3 2 665 667 0         0.779         0.992         1.829         0.000         0.303
 672 3 2 665 668 0         0.788         0.992         1.850         0.000         0.332
 673 3 3 665 669 670 0         0.988         0.986         0.985         3.019        -1.000         0.172
 846 2 2 847 848 0         0.994         0.995         1.988         2.000        -0.580
 847 3 2 846 848 0         0.994         0.872         1.866         0.000         0.270
 848 3 2 846 847 0         0.995         0.872         1.883         0.000         0.290
 968 2 2 969 970 0         0.992         0.992         1.984         2.000        -0.574
 969 3 2 968 970 0         0.992         0.842         1.837         0.000         0.376
 970 3 2 968 969 0         0.992         0.842         1.834         0.000         0.376
 315 3 3 313 314 316 0         0.996         0.918         0.898         2.815         0.000         0.287
 81 2 2 79 85 0         0.904         0.994         1.897         2.000        -0.524
 83 2 2 79 87 0         0.946         0.988         1.934         2.000        -0.525
 165 2 3 166 167 168 0         0.992         0.993         0.991         2.977         1.003        -0.739
 166 3 3 165 167 168 0         0.992         0.841         0.789         2.626         0.000         0.326
 167 3 3 165 166 168 0         0.993         0.841         0.814         2.647         0.000         0.267
 168 3 3 165 166 167 0         0.991         0.789         0.814         2.596         0.000         0.279
 270 3 2 269 271 0         0.996         0.932         1.936         0.000         0.306
 313 2 3 315 314 316 0         0.996         0.998         0.997         2.992         1.002        -0.766
 314 3 3 315 313 316 0         0.918         0.998         0.964         2.911         0.000         0.297
 316 3 3 315 313 314 0         0.898         0.997         0.964         2.878         0.000         0.301
 424 2 2 425 426 0         0.993         0.993         1.986         2.000        -0.618
 85 3 2 81 79 0         0.994         0.968         2.024         0.000         0.250
 818 2 3 819 820 821 0         0.997         0.996         0.996         2.989         1.003        -0.756
 819 3 3 818 820 821 0         0.997         0.895         0.925         2.822         0.000         0.336
 820 3 3 818 819 821 0         0.996         0.895         0.897         2.798         0.000         0.321
 821 3 3 818 819 820 0         0.996         0.925         0.897         2.819         0.000         0.291
 1109 2 2 1110 1111 0         0.993         0.993         1.986         2.000        -0.611
 1110 3 2 1109 1111 0         0.993         0.888         1.892         0.000         0.324
 97 2 2 101 94 0         0.993         0.898         1.891         2.000        -0.429
 101 3 2 97 94 0         0.993         0.974         2.249         0.000         0.272
 180 3 2 178 179 0         0.993         0.843         1.835         0.000         0.328
 227 2 2 228 229 0         0.993         0.993         1.988         2.000        -0.586
 228 3 2 227 229 0         0.993         0.848         1.841         0.000         0.355
 229 3 2 227 228 0         0.993         0.848         1.841         0.000         0.267
 409 2 2 413 407 0         0.993         0.902         1.895         2.000        -0.432
 411 2 1 407 0         0.942         0.942         2.005        -0.434
 413 3 2 409 407 0         0.993         0.976         2.236         0.000         0.274
 500 2 2 502 501 0         0.989         0.991         1.981         2.000        -0.640
 502 3 2 500 501 0         0.989         0.630         1.625         0.000         0.283
 887 2 3 888 889 890 0         0.993         0.992         0.995         2.980         1.003        -0.731
 890 3 3 887 888 889 0         0.995         0.867         0.837         2.702         0.000         0.362
 115 2 2 111 119 0         0.929         0.966         1.895         2.000        -0.556
 481 2 2 479 485 0         0.905         0.993         1.898         2.000        -0.378
 482 2 2 486 479 0         0.994         0.870         1.864         2.000        -0.434
 485 3 2 481 479 0         0.993         0.973         2.184         0.000         0.315
 632 2 2 633 634 0         0.994         0.994         1.988         2.000        -0.577
 633 3 2 632 634 0         0.994         0.880         1.878         0.000         0.304
 677 2 2 679 678 0         0.996         0.996         1.992         2.000        -0.547
 678 3 2 679 677 0         0.985         0.996         2.013         0.000         0.283
 722 2 2 723 724 0         0.993         0.993         1.986         2.000        -0.521
 723 3 2 722 724 0         0.993         0.847         1.840         0.000         0.335
 724 3 2 722 723 0         0.993         0.847         1.840         0.000         0.322
 800 2 2 801 802 0         0.988         0.987         1.975         2.000        -0.624
 801 3 2 800 802 0         0.988         0.736         1.741         0.000         0.335
 802 3 2 800 801 0         0.987         0.736         1.757         0.000         0.276
 964 2 3 965 966 967 0         0.995         0.997         0.994         2.987         1.003        -0.752
 965 3 3 964 966 967 0         0.995         0.953         0.785         2.750         0.000         0.338
 966 3 3 964 965 967 0         0.997         0.953         0.921         2.871         0.000         0.256
 967 3 3 964 965 966 0         0.994         0.785         0.921         2.708         0.000         0.273
 213 3 3 211 212 214 0         0.992         0.807         0.842         2.645         0.000         0.251
 540 3 3 537 538 539 0         0.994         0.836         0.870         2.700         0.000         0.253
 578 2 2 579 580 0         0.993         0.993         1.985         2.000        -0.641
 579 3 2 578 580 0         0.993         0.845         1.840         0.000         0.257
 580 3 2 578 579 0         0.993         0.845         1.852         0.000         0.274
 647 2 2 648 649 0         0.993         0.993         1.986         2.000        -0.646
 648 3 2 647 649 0         0.993         0.860         1.853         0.000         0.263
 649 3 2 647 648 0         0.993         0.860         1.856         0.000         0.340
 934 2 3 935 936 937 0         0.998         0.996         0.996         2.991         1.003        -0.702
 935 3 4 934 936 937 137 0         0.998         0.951         0.987         0.324         3.260        -1.000         0.253
 936 3 3 934 935 937 0         0.996         0.951         0.860         2.806         0.000         0.275
 949 3 2 947 948 0         0.993         0.842         1.836         0.000         0.314
 1014 2 2 1016 1015 0         0.994         0.994         1.988         2.000        -0.528
 1016 3 2 1014 1015 0         0.994         0.883         1.877         0.000         0.331
 937 3 3 934 935 936 0         0.996         0.987         0.860         2.855         0.000         0.332
 466 3 3 463 464 465 0         0.994         0.897         0.839         2.734         0.000         0.286
 96 2 2 94 100 0         0.897         0.993         1.890         2.000        -0.474
 136 2 2 137 138 0         0.991         0.993         1.984         2.000        -0.641
 137 3 3 935 136 138 0         0.324         0.991         0.865         2.192         0.000         0.254
 138 3 2 136 137 0         0.993         0.865         1.896         0.000         0.316
 245 2 2 246 247 0         0.994         0.995         1.988         2.000        -0.564
 246 3 2 245 247 0         0.994         0.871         1.865         0.000         0.336
 247 3 2 245 246 0         0.995         0.871         1.884         0.000         0.314
 269 2 2 270 271 0         0.996         0.996         1.992         2.000        -0.533
 271 3 2 270 269 0         0.932         0.996         1.946         0.000         0.347
 463 2 3 466 464 465 0         0.994         0.997         0.995         2.991         1.003        -0.750
 464 3 3 466 463 465 0         0.897         0.997         0.907         2.809         0.000         0.297
 465 3 3 466 463 464 0         0.839         0.995         0.907         2.742         0.000         0.273
 832 2 2 831 836 0         0.951         0.985         1.936         2.000        -0.567
 897 2 2 898 899 0         0.994         0.993         1.987         2.000        -0.589
 898 3 2 897 899 0         0.994         0.832         1.840         0.000         0.307
 899 3 2 897 898 0         0.993         0.832         1.829         0.000         0.298
 916 2 2 920 914 0         0.994         0.875         1.869         2.000        -0.478
 920 3 3 916 914 919 0         0.994         0.983         0.334         2.321         0.000         0.265
 950 2 2 951 952 0         0.993         0.993         1.987         2.000        -0.562
 951 3 2 950 952 0         0.993         0.860         1.855         0.000         0.302
 952 3 2 950 951 0         0.993         0.860         1.853         0.000         0.330
 29 2 2 30 31 0         0.994         0.994         1.989         2.000        -0.544
 30 3 2 29 31 0         0.994         0.865         1.865         0.000         0.369
 31 3 2 29 30 0         0.994         0.865         1.878         0.000         0.378
 98 2 1 94 0         0.942         0.942         2.005        -0.520
 111 1 5 112 113 117 1100 115 0         0.891         0.783         0.995         0.611         0.929         4.231         0.000         0.918
 112 2 2 111 116 0         0.891         0.969         1.867         2.000        -0.555
 113 2 2 111 117 0         0.783         0.992         1.920         2.000        -0.443
 114 2 2 118 1100 0         0.990         0.357         1.348         2.000        -0.318
 117 3 2 111 113 0         0.995         0.992         2.000         0.000         0.187
 118 3 1 114 0         0.990         1.070         0.000         0.374
 178 2 2 180 179 0         0.993         0.993         1.990         2.000        -0.465
 179 3 2 180 178 0         0.843         0.993         1.835         0.000         0.368
 407 1 7 409 411 413 408 410 412 414 0         0.902         0.942         0.976         0.937         0.882         0.974         0.980         6.593        -1.000         0.623
 408 2 2 407 412 0         0.937         0.988         1.959         2.000        -0.472
 410 2 2 407 414 0         0.882         0.993         1.879         2.000        -0.433
 412 3 3 407 408 414 0         0.974         0.988         0.366         2.594         0.000         0.305
 414 3 3 407 410 412 0         0.980         0.993         0.366         2.348         0.000         0.309
 483 2 1 479 0         0.938         0.938         2.005        -0.510
 914 1 7 916 920 917 915 918 919 921 0         0.875         0.983         0.905         0.942         0.942         0.975         0.976         6.597        -1.000         0.628
 915 2 2 914 919 0         0.942         0.990         1.932         2.000        -0.494
 918 2 1 914 0         0.942         0.942         2.004        -0.451
 919 3 3 920 914 915 0         0.334         0.975         0.990         2.562         0.000         0.276
 921 3 2 914 917 0         0.976         0.993         2.233         0.000         0.280
 1098 1 6 1099 1101 1102 1103 1104 1105 0         0.933         0.896         0.956         0.982         0.959         0.988         5.772         0.000         0.649
 1099 2 2 1098 1103 0         0.933         0.989         1.923         2.000        -0.452
 1100 2 3 111 114 1104 0         0.611         0.357         0.982         2.151         1.870        -0.448
 1101 2 2 1098 1105 0         0.896         0.993         1.889         2.000        -0.377
 1102 2 1 1098 0         0.956         0.956         2.004        -0.436
 1103 3 3 1098 1099 1105 0         0.982         0.989         0.359         2.601         0.000         0.276
 1104 3 2 1098 1100 0         0.959         0.982         2.213         0.000         0.319
 1105 3 3 1098 1101 1103 0         0.988         0.993         0.359         2.346         0.000         0.284
 503 1 6 504 507 508 509 510 511 0         0.952         0.952         0.988         0.788         0.790         0.988         5.612         0.000         0.616
 504 2 2 503 508 0         0.952         0.986         1.937         2.000        -0.615
 505 2 1 509 0         0.992         1.066         2.001        -0.427
 506 2 1 510 0         0.992         1.073         2.001        -0.404
 507 2 2 503 511 0         0.952         0.985         1.937         2.000        -0.615
 508 3 3 503 504 511 0         0.988         0.986         0.985         3.020        -1.000         0.169
 509 3 2 503 505 0         0.788         0.992         1.840         0.000         0.286
 510 3 2 503 506 0         0.790         0.992         1.842         0.000         0.294
 511 3 3 503 507 508 0         0.988         0.985         0.985         3.019        -1.000         0.174
 557 2 2 559 558 0         0.993         0.993         1.986         2.000        -0.579
 558 3 2 559 557 0         0.848         0.993         1.841         0.000         0.323
 575 2 2 576 577 0         0.995         0.995         1.990         2.000        -0.629
 576 3 2 575 577 0         0.995         0.908         1.903         0.000         0.303
 577 3 2 575 576 0         0.995         0.908         1.914         0.000         0.342
 797 2 2 798 799 0         0.993         0.993         1.986         2.000        -0.611
 798 3 2 797 799 0         0.993         0.850         1.843         0.000         0.310
 799 3 2 797 798 0         0.993         0.850         1.843         0.000         0.304
 840 2 2 841 842 0         0.992         0.992         1.984         2.000        -0.590
 841 3 2 840 842 0         0.992         0.810         1.817         0.000         0.389
 842 3 2 840 841 0         0.992         0.810         1.815         0.000         0.339
 971 2 2 972 973 0         0.996         0.996         1.992         2.000        -0.520
 972 3 2 971 973 0         0.996         0.985         2.011         0.000         0.324
 973 3 2 971 972 0         0.996         0.985         1.995         0.000         0.337
 1055 3 2 1049 1051 0         0.973         0.993         2.231         0.000         0.273
 1141 2 2 1142 1143 0         0.996         0.997         1.993         2.000        -0.568
 1142 3 3 814 1141 1143 0         0.361         0.996         0.982         2.349         0.000         0.314
 1143 3 2 1141 1142 0         0.997         0.982         2.002         0.000         0.328
 387 2 2 388 389 0         0.993         0.993         1.986         2.000        -0.604
 388 3 2 387 389 0         0.993         0.850         1.843         0.000         0.317
 389 3 2 387 388 0         0.993         0.850         1.843         0.000         0.300
 404 2 2 405 406 0         0.993         0.993         1.986         2.000        -0.623
 405 3 2 404 406 0         0.993         0.852         1.845         0.000         0.311
 406 3 2 404 405 0         0.993         0.852         1.845         0.000         0.305
 491 2 2 492 493 0         0.996         0.995         1.990         2.000        -0.510
 492 3 2 491 493 0         0.996         0.995         2.046         0.000         0.274
 493 3 3 491 492 1078 0         0.995         0.995         0.301         2.291         0.000         0.263
 843 2 2 844 845 0         0.995         0.995         1.997         2.000        -0.608
 844 3 3 843 845 926 0         0.995         0.900         0.430         2.344         0.000         0.385
 845 3 2 843 844 0         0.995         0.900         1.901         0.000         0.342
 925 2 2 926 927 0         0.994         0.995         1.991         2.000        -0.552
 926 3 3 844 925 927 0         0.430         0.994         0.922         2.355         0.000         0.340
 927 3 2 925 926 0         0.995         0.922         1.917         0.000         0.310
 1049 1 7 1055 1050 1053 1054 1056 1051 1052 0         0.973         0.944         0.950         0.973         0.973         0.900         0.902         6.614        -1.000         0.729
 1050 2 2 1049 1054 0         0.944         0.990         1.934         2.000        -0.625
 1053 2 2 1049 1077 0         0.950         0.739         1.733         2.000        -0.401
 1054 3 2 1049 1050 0         0.973         0.990         2.489         0.000         0.258
 1056 3 2 1049 1052 0         0.973         0.993         2.223         0.000         0.295
 1077 2 3 1053 1078 1079 0         0.739         0.997         0.996         2.732         1.038        -0.462
 1078 3 3 493 1077 1079 0         0.301         0.997         0.971         2.313         0.000         0.369
 1079 3 2 1077 1078 0         0.996         0.971         1.978         0.000         0.339
 556 3 3 553 554 555 0         0.991         0.784         0.785         2.559         0.000         0.339
 698 1 7 699 700 701 702 703 704 705 0         0.941         0.902         0.886         0.942         0.975         0.975         0.979         6.601        -1.000         0.684
 699 2 2 698 703 0         0.941         0.990         1.931         2.000        -0.636
 700 2 2 698 704 0         0.902         0.993         1.895         2.000        -0.482
 701 2 2 698 705 0         0.886         0.993         1.880         2.000        -0.519
 702 2 1 698 0         0.942         0.942         2.004        -0.418
 703 3 3 698 699 705 0         0.975         0.990         0.311         2.545         0.000         0.269
 704 3 2 698 700 0         0.975         0.993         2.236         0.000         0.276
 705 3 3 698 701 703 0         0.979         0.993         0.311         2.284         0.000         0.253
 782 3 3 783 780 781 0         0.815         0.992         0.831         2.639         0.000         0.311
 783 3 3 782 780 781 0         0.815         0.994         0.878         2.687         0.000         0.286
 1032 2 2 1033 1034 0         0.993         0.993         1.986         2.000        -0.615
 1033 3 2 1032 1034 0         0.993         0.850         1.843         0.000         0.349
 1034 3 2 1032 1033 0         0.993         0.850         1.843         0.000         0.308
 1111 3 2 1109 1110 0         0.993         0.888         1.881         0.000         0.350
 1138 2 2 1139 1140 0         0.995         0.995         1.990         2.000        -0.597
 1139 3 2 1138 1140 0         0.995         0.926         1.921         0.000         0.334
 1140 3 2 1138 1139 0         0.995         0.926         1.943         0.000         0.327
 95 2 2 94 99 0         0.941         0.990         1.931         2.000        -0.578
 454 2 2 455 456 0         0.993         0.993         1.986         2.000        -0.551
 455 3 2 454 456 0         0.993         0.847         1.840         0.000         0.305
 456 3 2 454 455 0         0.993         0.847         1.840         0.000         0.350
 806 2 2 807 808 0         0.993         0.993         1.986         2.000        -0.572
 807 3 2 806 808 0         0.993         0.855         1.848         0.000         0.327
 822 2 2 823 824 0         0.993         0.993         1.986         2.000        -0.535
 823 3 2 822 824 0         0.993         0.848         1.841         0.000         0.295
 824 3 2 822 823 0         0.993         0.848         1.841         0.000         0.315
 1035 2 2 1036 1037 0         0.993         0.993         1.986         2.000        -0.569
 1036 3 2 1035 1037 0         0.993         0.848         1.841         0.000         0.341
 1037 3 2 1035 1036 0         0.993         0.848         1.841         0.000         0.325
 19 2 2 20 21 0         0.992         0.993         1.985         2.000        -0.612
 20 3 2 19 21 0         0.992         0.833         1.834         0.000         0.342
 21 3 2 19 20 0         0.993         0.833         1.861         0.000         0.307
 393 2 2 394 395 0         0.994         0.995         1.989         2.000        -0.602
 394 3 2 393 395 0         0.994         0.889         1.883         0.000         0.286
 395 3 2 393 394 0         0.995         0.889         1.899         0.000         0.341
 634 3 2 632 633 0         0.994         0.880         1.874         0.000         0.305
 757 2 2 758 759 0         0.996         0.996         1.992         2.000        -0.573
 758 3 2 757 759 0         0.996         0.942         1.938         0.000         0.307
 759 3 2 757 758 0         0.996         0.942         1.947         0.000         0.353
 184 2 2 185 186 0         0.993         0.992         1.985         2.000        -0.583
 185 3 2 184 186 0         0.993         0.823         1.821         0.000         0.352
 186 3 2 184 185 0         0.992         0.823         1.815         0.000         0.343
 433 1 6 434 437 438 439 440 441 0         0.953         0.951         0.988         0.843         0.784         0.988         5.628         0.000         0.602
 434 2 2 433 438 0         0.953         0.985         1.938         2.000        -0.576
 435 2 1 439 0         0.992         1.052         2.001        -0.308
 436 2 1 440 0         0.992         1.055         2.001        -0.353
 437 2 2 433 441 0         0.951         0.986         1.937         2.000        -0.554
 438 3 3 433 434 441 0         0.988         0.985         0.985         3.027        -1.000         0.180
 439 3 2 433 435 0         0.843         0.992         1.907         0.000         0.314
 440 3 2 433 436 0         0.784         0.992         1.836         0.000         0.297
 441 3 3 433 437 438 0         0.988         0.986         0.985         3.015        -1.000         0.184
 537 2 3 540 538 539 0         0.994         0.995         0.996         2.984         1.003        -0.736
 538 3 3 540 537 539 0         0.836         0.995         0.911         2.741         0.000         0.292
 539 3 3 540 537 538 0         0.870         0.996         0.911         2.782         0.000         0.313
 947 2 2 949 948 0         0.993         0.993         1.985         2.000        -0.622
 948 3 2 949 947 0         0.842         0.993         1.836         0.000         0.331
 1051 2 2 1055 1049 0         0.993         0.900         1.893         2.000        -0.455
 1052 2 2 1049 1056 0         0.902         0.993         1.894         2.000        -0.432
 1068 1 7 1069 1070 1073 1076 1071 1072 1075 0         0.932         0.500         0.995         0.987         0.859         0.941         0.308         5.545         0.000         0.684
 1069 2 2 1068 1073 0         0.932         0.990         1.922         2.000        -0.447
 1070 2 2 1068 1074 0         0.500         0.989         1.490         2.000        -0.422
 1073 3 3 1068 1069 1076 0         0.995         0.990         0.985         3.080        -1.000         0.162
 1074 3 1 1070 0         0.989         1.039         0.000         0.346
 1076 3 3 1068 1073 1072 0         0.987         0.985         0.989         2.981         0.000         0.189
 938 1 6 939 942 943 945 946 944 0         0.952         0.952         0.988         0.804         0.988         0.789         5.616         0.000         0.600
 88 2 2 89 90 0         0.993         0.992         1.987         2.000        -0.578
 89 3 2 88 90 0         0.993         0.832         1.828         0.000         0.338
 90 3 2 88 89 0         0.992         0.832         1.828         0.000         0.310
 218 2 2 219 220 0         0.993         0.993         1.986         2.000        -0.646
 219 3 2 218 220 0         0.993         0.859         1.853         0.000         0.280
 220 3 2 218 219 0         0.993         0.859         1.854         0.000         0.315
 462 3 2 461 460 0         0.870         0.994         1.865         0.000         0.329
 780 2 3 782 783 781 0         0.992         0.994         0.994         2.979         1.003        -0.768
 781 3 3 782 783 780 0         0.831         0.878         0.994         2.706         0.000         0.271
 939 2 2 938 943 0         0.952         0.985         1.938         2.000        -0.549
 942 2 2 938 946 0         0.952         0.985         1.937         2.000        -0.566
 943 3 3 938 939 946 0         0.988         0.985         0.985         3.019        -1.000         0.198
 945 3 2 938 941 0         0.804         0.992         1.858         0.000         0.294
 946 3 3 938 942 943 0         0.988         0.985         0.985         3.018        -1.000         0.203
 1071 2 2 1068 1075 0         0.859         0.991         1.850         2.000        -0.483
 1072 2 2 1068 1076 0         0.941         0.989         1.930         2.000        -0.491
 1075 3 2 1068 1071 0         0.308         0.991         1.360         0.000         0.269
 1085 3 2 1083 1084 0         0.995         0.897         1.895         0.000         0.342
 94 1 7 97 101 96 98 95 99 100 0         0.898         0.974         0.897         0.942         0.941         0.975         0.974         6.600        -1.000         0.710
 99 3 2 95 94 0         0.990         0.975         2.526         0.000         0.254
 100 3 2 96 94 0         0.993         0.974         2.245         0.000         0.254
 116 3 2 112 119 0         0.969         0.984         1.998         0.000         0.281
 119 3 2 116 115 0         0.984         0.966         1.972         0.000         0.276
 692 2 2 693 694 0         0.993         0.993         1.986         2.000        -0.604
 693 3 2 692 694 0         0.993         0.851         1.844         0.000         0.306
 694 3 2 692 693 0         0.993         0.851         1.844         0.000         0.313
 754 2 2 755 756 0         0.992         0.992         1.984         2.000        -0.578
 755 3 2 754 756 0         0.992         0.837         1.837         0.000         0.313
 756 3 2 754 755 0         0.992         0.837         1.832         0.000         0.345
 808 3 2 806 807 0         0.993         0.855         1.850         0.000         0.339
 1023 1 6 1024 1027 1028 1029 1030 1031 0         0.948         0.953         0.987         0.705         0.971         0.985         5.632         0.000         0.554
 1024 2 2 1023 1028 0         0.948         0.985         1.932         2.000        -0.549
 1025 2 1 1029 0         0.992         1.067         2.001        -0.497
 1026 2 1 1030 0         0.992         1.035         2.001        -0.413
 1027 2 2 1023 1031 0         0.953         0.982         1.935         2.000        -0.591
 1028 3 3 1023 1024 1031 0         0.987         0.985         0.983         3.130        -1.000         0.182
 1029 3 2 1023 1025 0         0.705         0.992         1.807         0.000         0.310
 1030 3 2 1023 1026 0         0.971         0.992         2.325         0.000         0.283
 1031 3 3 1023 1027 1028 0         0.985         0.982         0.983         3.154        -1.000         0.184
 1083 2 2 1085 1084 0         0.995         0.996         1.992         2.000        -0.555
 64 2 2 66 65 0         0.993         0.993         1.986         2.000        -0.628
 65 3 2 64 66 0         0.993         0.855         1.848         0.000         0.326
 254 2 2 256 255 0         0.994         0.995         1.989         2.000        -0.628
 341 2 2 342 343 0         0.996         0.995         1.991         2.000        -0.561
 342 3 2 341 343 0         0.996         0.928         1.938         0.000         0.317
 343 3 2 341 342 0         0.995         0.928         1.923         0.000         0.359
 602 3 2 600 601 0         0.996         0.921         1.931         0.000         0.306
 683 2 2 684 685 0         0.995         0.994         1.989         2.000        -0.557
 684 3 2 683 685 0         0.995         0.881         1.886         0.000         0.301
 685 3 2 683 684 0         0.994         0.881         1.875         0.000         0.315
 689 2 2 691 690 0         0.993         0.993         1.986         2.000        -0.565
 690 3 2 689 691 0         0.993         0.852         1.845         0.000         0.324
 739 1 6 743 747 740 745 744 746 0         0.953         0.987         0.948         0.741         0.987         0.932         5.647         0.000         0.567
 740 2 2 739 744 0         0.948         0.986         1.934         2.000        -0.562
 741 2 1 745 0         0.992         1.038         2.001        -0.373
 745 3 2 739 741 0         0.741         0.992         1.781         0.000         0.310
 849 2 2 850 851 0         0.992         0.993         1.985         2.000        -0.550
 850 3 2 849 851 0         0.992         0.823         1.815         0.000         0.358
 851 3 2 849 850 0         0.993         0.823         1.823         0.000         0.314
 1017 2 2 1018 1019 0         0.993         0.993         1.986         2.000        -0.603
 1018 3 2 1017 1019 0         0.993         0.851         1.845         0.000         0.310
 1019 3 2 1017 1018 0         0.993         0.851         1.844         0.000         0.320
 256 3 2 254 255 0         0.994         0.922         1.987         0.000         0.333
 44 2 2 45 46 0         0.993         0.993         1.986         2.000        -0.520
 45 3 2 44 46 0         0.993         0.850         1.844         0.000         0.335
 46 3 2 44 45 0         0.993         0.850         1.849         0.000         0.301
 248 2 2 249 250 0         0.991         0.991         2.082         1.959        -0.523
 249 3 2 248 250 0         0.991         0.780         1.801         0.000         0.298
 250 3 2 248 249 0         0.991         0.780         1.775         0.000         0.325
 255 3 2 254 256 0         0.995         0.922         1.928         0.000         0.301
 372 1 6 375 376 377 379 380 373 0         0.867         0.944         0.991         0.983         0.979         0.939         5.740         0.000         0.557
 375 2 2 372 379 0         0.867         0.995         1.862         2.000        -0.383
 376 2 2 372 380 0         0.944         0.987         1.936         2.000        -0.473
 377 3 4 372 379 380 373 0         0.991         0.419         0.987         0.983         3.392        -1.000         0.213
 379 3 3 372 375 377 0         0.983         0.995         0.419         2.499         0.000         0.254
 380 3 3 372 376 377 0         0.979         0.987         0.987         3.058        -1.000         0.230
 742 2 1 746 0         0.991         1.139         2.000        -0.322
 744 3 3 739 740 747 0         0.987         0.986         0.984         3.024        -1.000         0.199
 746 3 2 739 742 0         0.932         0.991         2.096         0.000         0.282
 751 2 2 752 753 0         0.997         0.996         1.994         2.000        -0.531
 752 3 2 751 753 0         0.997         0.957         1.987         0.000         0.290
 753 3 2 751 752 0         0.996         0.957         1.954         0.000         0.312
 996 1 6 998 1000 1002 1004 1001 997 0         0.906         0.946         0.897         0.984         0.990         0.948         5.732         0.000         0.693
 998 2 2 996 1002 0         0.906         0.993         1.900         2.000        -0.476
 1000 2 2 996 1004 0         0.946         0.988         1.936         2.000        -0.457
 1002 3 2 996 998 0         0.897         0.993         1.946         0.000         0.278
 1004 3 3 996 1000 1001 0         0.984         0.988         0.992         2.986         0.000         0.209
 25 3 3 22 23 24 0         0.996         0.853         0.931         2.780         0.000         0.289
 35 2 2 36 37 0         0.993         0.993         1.987         2.000        -0.562
 36 3 2 35 37 0         0.993         0.858         1.852         0.000         0.307
 37 3 2 35 36 0         0.993         0.858         1.854         0.000         0.323
 205 2 2 206 207 0         0.993         0.993         1.986         2.000        -0.563
 206 3 2 205 207 0         0.993         0.849         1.841         0.000         0.321
 207 3 2 205 206 0         0.993         0.849         1.841         0.000         0.357
 525 2 3 527 526 528 0         0.993         0.993         0.991         2.978         1.003        -0.750
 526 3 3 525 527 528 0         0.993         0.858         0.806         2.659         0.000         0.282
 528 3 3 525 526 527 0         0.991         0.806         0.804         2.601         0.000         0.306
 623 2 2 624 625 0         0.994         0.994         1.989         2.000        -0.565
 624 3 2 623 625 0         0.994         0.888         1.889         0.000         0.332
 625 3 2 623 624 0         0.994         0.888         1.883         0.000         0.331
 1112 2 2 1114 1113 0         0.994         0.994         1.988         2.000        -0.586
 1113 3 2 1112 1114 0         0.994         0.879         1.873         0.000         0.320
 272 1 7 273 274 275 276 277 278 279 0         0.942         0.892         0.900         0.943         0.976         0.980         0.974         6.606        -1.000         0.688
 273 2 2 272 277 0         0.942         0.990         1.932         2.000        -0.574
 274 2 2 272 278 0         0.892         0.993         1.885         2.000        -0.473
 275 2 2 272 279 0         0.900         0.993         1.893         2.000        -0.491
 276 2 1 272 0         0.943         0.943         2.004        -0.463
 277 3 3 272 273 278 0         0.976         0.990         0.358         2.588         0.000         0.252
 278 3 3 272 274 277 0         0.980         0.993         0.358         2.332         0.000         0.272
 600 2 2 601 602 0         0.995         0.996         1.991         2.000        -0.559
 601 3 2 600 602 0         0.995         0.921         1.922         0.000         0.331
 612 2 3 613 614 615 0         0.992         0.993         0.995         2.980         1.003        -0.759
 613 3 3 612 614 615 0         0.992         0.810         0.847         2.649         0.000         0.322
 614 3 3 612 613 615 0         0.993         0.810         0.874         2.678         0.000         0.332
 615 3 3 612 613 614 0         0.995         0.847         0.874         2.717         0.000         0.284
 620 2 2 621 622 0         0.993         0.993         1.986         2.000        -0.593
 621 3 2 620 622 0         0.993         0.851         1.844         0.000         0.329
 77 3 2 76 78 0         0.993         0.901         2.020         0.000         0.270
 172 2 2 173 174 0         0.994         0.994         1.988         2.000        -0.546
 173 3 2 172 174 0         0.994         0.873         1.872         0.000         0.293
 174 3 2 172 173 0         0.994         0.873         1.867         0.000         0.308
 252 3 2 251 253 0         0.995         0.933         1.935         0.000         0.306
 317 2 2 318 319 0         0.996         0.995         1.990         2.000        -0.550
 318 3 2 317 319 0         0.996         0.874         1.938         0.000         0.366
 344 2 2 345 346 0         0.994         0.993         1.987         2.000        -0.626
 346 3 2 344 345 0         0.993         0.867         1.861         0.000         0.307
 497 2 2 498 499 0         0.993         0.993         1.986         2.000        -0.619
 499 3 2 497 498 0         0.993         0.850         1.844         0.000         0.309
 517 3 3 515 516 518 0         0.996         0.908         0.893         2.802         0.000         0.287
 790 2 3 791 792 793 0         0.991         0.991         0.991         2.973         1.003        -0.767
 791 3 3 790 792 793 0         0.991         0.797         0.796         2.584         0.000         0.285
 792 3 3 790 791 793 0         0.991         0.797         0.799         2.588         0.000         0.292
 793 3 3 790 791 792 0         0.991         0.796         0.799         2.586         0.000         0.274
 122 3 2 121 120 0         0.868         0.995         1.873         0.000         0.332
 133 2 2 134 135 0         0.993         0.993         1.985         2.000        -0.529
 134 3 2 133 135 0         0.993         0.848         1.841         0.000         0.396
 135 3 2 133 134 0         0.993         0.848         1.841         0.000         0.353
 251 2 2 252 253 0         0.995         0.996         1.991         2.000        -0.655
 253 3 2 252 251 0         0.933         0.996         2.179         0.000         0.335
 319 3 2 317 318 0         0.995         0.874         2.112         0.000         0.351
 324 2 2 325 326 0         0.991         0.991         1.983         2.000        -0.588
 326 3 2 324 325 0         0.991         0.823         1.821         0.000         0.350
 353 2 2 357 350 0         0.993         0.910         1.903         2.000        -0.439
 357 3 3 353 350 355 0         0.993         0.975         0.454         2.422         0.000         0.275
 566 2 2 567 568 0         0.993         0.993         1.986         2.000        -0.565
 567 3 2 566 568 0         0.993         0.855         1.856         0.000         0.345
 568 3 2 566 567 0         0.993         0.855         1.858         0.000         0.356
 585 2 2 586 587 0         0.996         0.996         1.993         2.000        -0.597
 586 3 2 585 587 0         0.996         0.971         1.997         0.000         0.281
 587 3 2 585 586 0         0.996         0.971         1.985         0.000         0.285
 999 2 1 1003 0         0.991         1.050         2.001        -0.424
 1001 3 4 996 1004 234 997 0         0.990         0.992         0.325         0.980         3.337        -1.000         0.162
 1003 3 1 999 0         0.991         1.017         0.000         0.311
 11 1 7 13 14 17 12 15 16 18 0         0.914         0.905         0.973         0.936         0.945         0.982         0.964         6.621        -1.000         0.716
 13 2 2 11 17 0         0.914         0.994         1.908         2.000        -0.519
 14 2 2 11 18 0         0.905         0.993         1.898         2.000        -0.422
 17 3 3 11 13 16 0         0.973         0.994         0.506         2.473         0.000         0.309
 233 2 2 234 235 0         0.997         0.996         1.997         2.000        -0.545
 234 3 3 1001 233 235 0         0.325         0.997         0.983         2.305         0.000         0.344
 235 3 2 233 234 0         0.996         0.983         1.995         0.000         0.285
 350 1 7 353 357 351 352 354 355 356 0         0.910         0.975         0.931         0.902         0.941         0.983         0.968         6.610        -1.000         0.670
 351 2 2 350 355 0         0.931         0.992         1.923         2.000        -0.488
 352 2 2 350 356 0         0.902         0.993         1.896         2.000        -0.442
 354 2 1 350 0         0.941         0.943         2.004        -0.529
 355 3 3 357 350 351 0         0.454         0.983         0.992         2.684         0.000         0.255
 356 3 2 350 352 0         0.968         0.993         2.208         0.000         0.283
 421 2 2 422 423 0         0.994         0.994         1.987         2.000        -0.644
 560 2 2 562 561 0         0.994         0.995         1.989         2.000        -0.544
 561 3 2 560 562 0         0.995         0.881         1.892         0.000         0.345
 716 2 2 717 718 0         0.996         0.996         1.991         2.000        -0.574
 717 3 2 716 718 0         0.996         0.936         1.938         0.000         0.357
 718 3 2 716 717 0         0.996         0.936         1.942         0.000         0.345
 981 1 7 982 984 988 983 985 986 987 0         0.938         0.895         0.974         0.901         0.941         0.977         0.971         6.597        -1.000         0.681
 982 2 2 981 986 0         0.938         0.990         1.928         2.000        -0.478
 984 2 2 981 988 0         0.895         0.993         1.888         2.000        -0.422
 988 3 2 981 984 0         0.974         0.993         2.244         0.000         0.275
 997 2 2 996 1001 0         0.948         0.980         1.932         2.000        -0.528
 983 2 2 981 987 0         0.901         0.993         1.895         2.000        -0.306
 335 2 2 336 337 0         0.993         0.993         1.986         2.000        -0.569
 336 3 2 335 337 0         0.993         0.850         1.843         0.000         0.316
 337 3 2 335 336 0         0.993         0.850         1.843         0.000         0.304
 422 3 2 421 423 0         0.994         0.883         1.879         0.000         0.300
 423 3 2 421 422 0         0.994         0.883         1.888         0.000         0.263
 498 3 2 497 499 0         0.993         0.850         1.843         0.000         0.315
 563 2 2 564 565 0         0.993         0.993         1.986         2.000        -0.585
 564 3 2 563 565 0         0.993         0.853         1.846         0.000         0.305
 565 3 2 563 564 0         0.993         0.853         1.847         0.000         0.292
 622 3 2 620 621 0         0.993         0.851         1.844         0.000         0.332
 816 3 2 817 815 0         0.848         0.993         1.840         0.000         0.317
 985 2 1 981 0         0.941         0.941         2.005        -0.469
 986 3 3 981 982 987 0         0.977         0.990         0.303         2.549         0.000         0.260
 987 3 3 981 983 986 0         0.971         0.993         0.303         2.269         0.000         0.329
 121 3 2 122 120 0         0.868         0.992         1.870         0.000         0.319
 128 3 2 127 129 0         0.995         0.905         1.920         0.000         0.288
 200 3 2 199 201 0         0.996         0.923         1.918         0.000         0.299
 879 2 2 883 875 0         0.985         0.952         1.937         2.000        -0.558
 883 3 3 879 875 880 0         0.985         0.988         0.985         3.030        -1.000         0.183
 215 2 2 216 217 0         0.993         0.993         1.987         2.000        -0.549
 216 3 2 215 217 0         0.993         0.857         1.853         0.000         0.309
 217 3 2 215 216 0         0.993         0.857         1.850         0.000         0.298
 373 2 2 372 377 0         0.939         0.983         1.931         2.000        -0.517
 374 2 1 378 0         0.991         1.026         2.002        -0.364
 378 3 1 374 0         0.991         1.005         0.000         0.302
 603 2 2 604 605 0         0.994         0.993         1.994         2.000        -0.572
 604 3 2 603 605 0         0.994         0.881         1.880         0.000         0.308
 605 3 2 603 604 0         0.993         0.881         2.127         0.000         0.376
 650 1 6 651 654 655 656 658 657 0         0.952         0.952         0.988         0.793         0.988         0.788         5.613         0.000         0.591
 651 2 2 650 655 0         0.952         0.985         1.937         2.000        -0.555
 652 2 1 656 0         0.992         1.063         2.001        -0.412
 654 2 2 650 658 0         0.952         0.986         1.937         2.000        -0.538
 655 3 3 650 651 658 0         0.988         0.985         0.985         3.019        -1.000         0.190
 656 3 2 650 652 0         0.793         0.992         1.846         0.000         0.287
 658 3 3 650 654 655 0         0.988         0.986         0.985         3.019        -1.000         0.175
 1130 1 7 1131 1133 1135 1137 1132 1134 1136 0         0.940         0.905         0.977         0.974         0.897         0.950         0.979         6.623        -1.000         0.689
 1132 2 2 1130 1136 0         0.897         0.993         1.890         2.000        -0.457
 1134 2 1 1130 0         0.950         1.209         2.000        -0.515
 1136 3 3 1130 1132 1135 0         0.979         0.993         0.333         2.306         0.000         0.261
 307 3 3 306 308 309 0         0.994         0.893         0.823         2.710         0.000         0.299
 339 3 2 338 340 0         0.993         0.845         1.838         0.000         0.357
 653 2 1 657 0         0.992         1.073         2.001        -0.358
 657 3 2 650 653 0         0.788         0.992         1.839         0.000         0.310
 794 2 2 795 796 0         0.992         0.993         1.985         2.000        -0.593
 795 3 2 794 796 0         0.992         0.858         1.860         0.000         0.340
 796 3 2 794 795 0         0.993         0.858         1.851         0.000         0.309
 1 2 2 2 3 0         0.997         0.996         1.993         2.000        -0.606
 2 3 2 1 3 0         0.997         0.939         2.097         0.000         0.320
 3 3 2 1 2 0         0.996         0.939         1.939         0.000         0.355
 61 2 2 62 63 0         0.994         0.995         1.989         2.000        -0.539
 62 3 2 61 63 0         0.994         0.885         1.881         0.000         0.370
 63 3 2 61 62 0         0.995         0.885         1.889         0.000         0.341
 199 2 2 201 200 0         0.995         0.996         2.000         2.000        -0.559
 201 3 2 199 200 0         0.995         0.923         2.072         0.000         0.312
 279 3 2 272 275 0         0.974         0.993         2.231         0.000         0.276
 1013 3 2 1012 1011 0         0.973         0.997         1.984         0.000         0.291
 1041 1 7 1042 1043 1044 1045 1046 1047 1048 0         0.944         0.895         0.908         0.944         0.978         0.980         0.984         6.632        -1.000         0.676
 1042 2 2 1041 1046 0         0.944         0.989         1.933         2.000        -0.601
 1043 2 2 1041 1047 0         0.895         0.994         1.888         2.000        -0.439
 1044 2 2 1041 1048 0         0.908         0.992         1.909         2.000        -0.464
 1045 2 1 1041 0         0.944         0.944         2.004        -0.455
 1046 3 3 1041 1042 1048 0         0.978         0.989         0.460         2.708         0.000         0.251
 1047 3 2 1041 1043 0         0.980         0.994         2.257         0.000         0.269
 1048 3 3 1041 1044 1046 0         0.984         0.992         0.460         2.447         0.000         0.268
 1090 1 7 1094 1095 1097 1091 1093 1096 1092 0         0.944         0.973         0.980         0.941         0.903         0.972         0.886         6.600        -1.000         0.684
 1094 2 1 1090 0         0.944         1.219         2.000        -0.525
 1095 3 3 1090 1097 1091 0         0.973         0.433         0.989         2.549         0.000         0.282
 1097 3 3 1090 1095 1093 0         0.980         0.433         0.992         2.409         0.000         0.260
 76 2 2 77 78 0         0.993         0.994         1.987         2.000        -0.645
 78 3 2 77 76 0         0.901         0.994         1.895         0.000         0.299
 120 2 2 122 121 0         0.995         0.992         1.995         2.000        -0.581
 127 2 2 128 129 0         0.995         0.997         1.992         2.000        -0.634
 129 3 2 128 127 0         0.905         0.997         2.029         0.000         0.324
 196 2 2 197 198 0         0.993         0.993         1.986         2.000        -0.554
 197 3 2 196 198 0         0.993         0.846         1.844         0.000         0.366
 198 3 2 196 197 0         0.993         0.846         1.839         0.000         0.317
 513 3 2 512 514 0         0.996         0.937         1.933         0.000         0.331
 875 1 6 879 883 876 880 881 882 0         0.952         0.988         0.951         0.988         0.755         0.858         5.630         0.000         0.617
 876 2 2 875 880 0         0.951         0.985         1.937         2.000        -0.564
 877 2 1 881 0         0.992         1.047         2.001        -0.412
 878 2 1 882 0         0.991         1.075         2.001        -0.414
 880 3 3 883 875 876 0         0.985         0.988         0.985         3.024        -1.000         0.182
 881 3 2 875 877 0         0.755         0.992         1.804         0.000         0.285
 882 3 2 875 878 0         0.858         0.991         1.936         0.000         0.288
 1106 2 2 1108 1107 0         0.993         0.993         1.986         2.000        -0.577
 1108 3 2 1106 1107 0         0.993         0.849         1.841         0.000         0.315
 514 3 2 513 512 0         0.937         0.996         1.944         0.000         0.362
 67 1 7 68 69 71 72 73 74 75 0         0.942         0.875         0.936         0.982         0.762         0.512         0.985         6.024        -1.000         0.724
 68 2 2 67 72 0         0.942         0.987         1.930         2.000        -0.508
 69 2 2 67 73 0         0.875         0.991         1.879         2.000        -0.494
 70 2 1 74 0         0.993         1.023         2.002        -0.396
 71 2 2 67 75 0         0.936         0.982         1.952         2.000        -0.497
 72 3 3 67 68 75 0         0.982         0.987         0.990         3.016        -1.000         0.183
 73 3 2 67 69 0         0.762         0.991         1.802         0.000         0.303
 74 3 2 67 70 0         0.512         0.993         1.641         0.000         0.338
 75 3 3 67 71 72 0         0.985         0.982         0.990         3.084        -1.000         0.179
 358 2 2 359 360 0         0.994         0.994         1.999         2.000        -0.536
 359 3 2 358 360 0         0.994         0.890         1.894         0.000         0.372
 360 3 2 358 359 0         0.994         0.890         1.884         0.000         0.330
 364 1 7 365 366 369 370 367 368 371 0         0.939         0.900         0.975         0.973         0.901         0.945         0.973         6.606        -1.000         0.722
 365 2 2 364 369 0         0.939         0.990         1.931         2.000        -0.504
 366 2 2 364 370 0         0.900         0.993         1.893         2.000        -0.470
 369 3 2 364 365 0         0.975         0.990         2.552         0.000         0.237
 370 3 2 364 366 0         0.973         0.993         2.255         0.000         0.266
 825 2 2 826 827 0         0.995         0.995         1.990         2.000        -0.500
 826 3 2 825 827 0         0.995         0.904         1.912         0.000         0.345
 827 3 2 825 826 0         0.995         0.904         1.898         0.000         0.349
 416 3 2 415 417 0         0.991         0.810         1.805         0.000         0.323
 12 2 2 11 16 0         0.936         0.987         1.957         2.000        -0.443
 15 2 1 11 0         0.945         1.002         2.002        -0.478
 16 3 3 11 17 12 0         0.982         0.506         0.987         2.757         0.000         0.256
 18 3 2 11 14 0         0.964         0.993         2.176         0.000         0.318
 34 3 2 32 33 0         0.995         0.939         2.113         0.000         0.357
 123 2 3 124 125 126 0         0.995         0.994         0.995         2.984         1.003        -0.709
 124 3 3 123 125 126 0         0.995         0.887         0.895         2.781         0.000         0.318
 125 3 3 123 124 126 0         0.994         0.887         0.852         2.733         0.000         0.296
 126 3 3 123 124 125 0         0.995         0.895         0.852         2.742         0.000         0.299
 347 2 2 348 349 0         0.993         0.993         1.986         2.000        -0.551
 348 3 2 347 349 0         0.993         0.847         1.847         0.000         0.333
 582 3 3 581 583 584 0         0.994         0.808         0.901         2.705         0.000         0.278
 662 2 2 663 664 0         0.994         0.995         1.989         2.000        -0.603
 663 3 2 662 664 0         0.994         0.898         1.893         0.000         0.304
 664 3 2 662 663 0         0.995         0.898         1.902         0.000         0.345
 928 2 2 929 930 0         0.993         0.993         1.986         2.000        -0.560
 929 3 2 928 930 0         0.993         0.849         1.844         0.000         0.259
 930 3 2 928 929 0         0.993         0.849         1.842         0.000         0.334
 169 2 2 170 171 0         0.993         0.993         1.987         2.000        -0.600
 170 3 2 169 171 0         0.993         0.862         1.859         0.000         0.267
 171 3 2 169 170 0         0.993         0.862         1.855         0.000         0.296
 265 2 3 266 267 268 0         0.987         0.986         0.989         3.051         1.001        -0.620
 266 3 3 265 267 268 0         0.987         0.688         0.752         2.432         0.000         0.357
 267 3 3 265 266 268 0         0.986         0.688         0.715         2.394         0.000         0.392
 268 3 3 265 266 267 0         0.989         0.752         0.715         2.457         0.000         0.364
 349 3 2 347 348 0         0.993         0.847         1.841         0.000         0.290
 398 2 2 396 402 0         0.899         0.993         1.893         2.000        -0.484
 512 2 2 513 514 0         0.996         0.996         2.080         1.962        -0.541
 922 2 2 923 924 0         0.994         0.994         1.988         2.000        -0.551
 923 3 2 922 924 0         0.994         0.872         1.872         0.000         0.302
 924 3 2 922 923 0         0.994         0.872         1.869         0.000         0.278
 1091 2 2 1090 1095 0         0.941         0.989         1.949         2.000        -0.501
 1093 2 2 1090 1097 0         0.903         0.992         1.895         2.000        -0.457
 181 2 2 182 183 0         0.992         0.994         1.986         2.000        -0.603
 182 3 2 181 183 0         0.992         0.826         1.837         0.000         0.332
 183 3 2 181 182 0         0.994         0.826         1.976         0.000         0.275
 596 2 3 597 598 599 0         0.987         0.987         0.988         2.962         1.004        -0.741
 597 3 3 596 598 599 0         0.987         0.685         0.722         2.400         0.000         0.333
 598 3 3 596 597 599 0         0.987         0.685         0.711         2.388         0.000         0.263
 599 3 3 596 597 598 0         0.988         0.722         0.711         2.423         0.000         0.349
 629 2 2 630 631 0         0.994         0.996         1.990         2.000        -0.585
 630 3 2 629 631 0         0.994         0.880         1.874         0.000         0.312
 631 3 2 629 630 0         0.996         0.880         2.037         0.000         0.293
 713 2 2 714 715 0         0.994         0.994         1.987         2.000        -0.623
 714 3 2 713 715 0         0.994         0.875         1.871         0.000         0.311
 715 3 2 713 714 0         0.994         0.875         1.869         0.000         0.297
 230 2 2 231 232 0         0.996         0.996         1.992         2.000        -0.568
 231 3 2 230 232 0         0.996         0.938         1.936         0.000         0.327
 232 3 2 230 231 0         0.996         0.938         1.952         0.000         0.360
 487 2 3 488 489 490 0         0.992         0.991         0.991         2.974         1.003        -0.673
 488 3 3 487 489 490 0         0.992         0.808         0.794         2.595         0.000         0.352
 489 3 3 487 488 490 0         0.991         0.808         0.788         2.588         0.000         0.308
 490 3 3 487 488 489 0         0.991         0.794         0.788         2.573         0.000         0.336
 729 2 1 725 0         0.942         0.942         2.004        -0.447
 1008 2 2 1009 1010 0         0.994         0.995         1.989         2.000        -0.609
 1009 3 2 1008 1010 0         0.994         0.918         1.930         0.000         0.333
 1010 3 2 1008 1009 0         0.995         0.918         1.919         0.000         0.306
 1015 3 2 1014 1016 0         0.994         0.883         1.880         0.000         0.344
 1058 3 2 1057 1059 0         0.994         0.899         1.893         0.000         0.283
 1127 2 2 1128 1129 0         0.993         0.993         1.986         2.000        -0.592
 1128 3 2 1127 1129 0         0.993         0.860         1.853         0.000         0.303
 1129 3 2 1127 1128 0         0.993         0.860         1.855         0.000         0.333
 50 1 7 52 53 54 56 57 51 55 0         0.898         0.904         0.941         0.973         0.958         0.944         0.973         6.591        -1.000         0.709
 52 2 2 50 56 0         0.898         0.993         1.891         2.000        -0.445
 53 2 2 50 57 0         0.904         0.992         1.896         2.000        -0.524
 54 2 1 50 0         0.941         0.941         2.005        -0.534
 56 3 3 50 52 55 0         0.973         0.993         0.306         2.272         0.000         0.267
 57 3 2 50 53 0         0.958         0.992         2.180         0.000         0.261
 725 1 7 729 726 727 728 730 731 732 0         0.942         0.942         0.899         0.895         0.975         0.974         0.975         6.601        -1.000         0.667
 726 2 2 725 730 0         0.942         0.990         1.932         2.000        -0.499
 727 2 2 725 731 0         0.899         0.993         1.892         2.000        -0.434
 728 2 2 725 732 0         0.895         0.993         1.888         2.000        -0.454
 730 3 2 725 726 0         0.975         0.990         2.526         0.000         0.285
 731 3 2 725 727 0         0.974         0.993         2.241         0.000         0.282
 732 3 2 725 728 0         0.975         0.993         2.258         0.000         0.266
 990 3 2 989 991 0         0.995         0.900         1.899         0.000         0.309
 1020 2 2 1021 1022 0         0.991         0.991         1.982         2.000        -0.552
 1021 3 2 1020 1022 0         0.991         0.814         1.815         0.000         0.358
 1022 3 2 1020 1021 0         0.991         0.814         1.818         0.000         0.381
 1080 2 2 1081 1082 0         0.994         0.995         1.993         2.000        -0.559
 1081 3 2 1080 1082 0         0.994         0.892         1.890         0.000         0.346
 1082 3 2 1080 1081 0         0.995         0.892         1.886         0.000         0.357
 161 2 3 162 163 164 0         0.994         0.994         0.994         2.982         1.003        -0.732
 162 3 3 161 163 164 0         0.994         0.831         0.864         2.694         0.000         0.355
 163 3 3 161 162 164 0         0.994         0.831         0.856         2.680         0.000         0.302
 164 3 3 161 162 163 0         0.994         0.864         0.856         2.720         0.000         0.325
 320 2 3 321 322 323 0         0.995         0.996         0.991         2.986         1.003        -0.715
 321 3 3 320 322 323 0         0.995         0.955         0.641         2.617         0.000         0.317
 322 3 3 320 321 323 0         0.996         0.955         0.888         3.115        -1.000         0.384
 323 3 3 320 321 322 0         0.991         0.641         0.888         2.527         0.000         0.326
 616 2 3 617 618 619 0         0.998         0.997         0.998         2.993         1.002        -0.791
 617 3 3 616 618 619 0         0.998         0.933         0.968         2.899         0.000         0.267
 618 3 3 616 617 619 0         0.997         0.933         0.930         2.866         0.000         0.311
 619 3 3 616 617 618 0         0.998         0.968         0.930         2.905         0.000         0.281
 748 2 2 749 750 0         0.996         0.997         1.993         2.000        -0.582
 749 3 2 748 750 0         0.996         0.961         1.961         0.000         0.279
 891 2 2 892 893 0         0.989         0.990         1.979         2.000        -0.546
 892 3 2 891 893 0         0.989         0.784         1.792         0.000         0.364
 893 3 2 891 892 0         0.990         0.784         1.780         0.000         0.309
 1005 2 2 1006 1007 0         0.992         0.992         1.984         2.000        -0.629
 1006 3 2 1005 1007 0         0.992         0.850         1.850         0.000         0.300
 1007 3 2 1005 1006 0         0.992         0.850         1.847         0.000         0.285
 1012 3 2 1013 1011 0         0.973         0.997         1.988         0.000         0.292
 1096 3 2 1090 1092 0         0.972         0.994         2.128         0.000         0.274
 1011 2 2 1012 1013 0         0.997         0.997         1.993         2.000        -0.623
 26 2 2 27 28 0         0.995         0.996         1.991         2.000        -0.621
 27 3 2 26 28 0         0.995         0.920         1.919         0.000         0.287
 28 3 2 26 27 0         0.996         0.920         2.081         0.000         0.316
 47 2 2 48 49 0         0.995         0.994         1.989         2.000        -0.644
 48 3 2 47 49 0         0.995         0.895         2.068         0.000         0.293
 49 3 2 47 48 0         0.994         0.895         1.892         0.000         0.298
 194 3 2 193 195 0         0.994         0.875         1.876         0.000         0.306
 285 2 1 289 0         0.992         1.028         2.002        -0.454
 390 2 2 391 392 0         0.994         0.994         1.988         2.000        -0.625
 391 3 2 390 392 0         0.994         0.881         1.887         0.000         0.292
 392 3 2 390 391 0         0.994         0.881         1.885         0.000         0.319
 457 2 2 458 459 0         0.993         0.993         1.986         2.000        -0.540
 458 3 2 457 459 0         0.993         0.860         1.856         0.000         0.339
 459 3 2 457 458 0         0.993         0.860         1.853         0.000         0.339
 572 2 2 573 574 0         0.993         0.993         1.986         2.000        -0.637
 573 3 2 572 574 0         0.993         0.851         1.844         0.000         0.310
 574 3 2 572 573 0         0.993         0.851         1.844         0.000         0.265
 776 3 2 774 775 0         0.992         0.688         1.718         0.000         0.292
 1107 3 2 1106 1108 0         0.993         0.849         1.841         0.000         0.333
 979 3 3 977 978 980 0         0.986         0.801         0.650         2.451         0.000         0.331
 159 3 2 158 160 0         0.996         0.958         1.955         0.000         0.368
 187 2 2 188 189 0         0.996         0.997         1.993         2.000        -0.616
 188 3 2 187 189 0         0.996         0.951         1.947         0.000         0.315
 189 3 2 187 188 0         0.997         0.951         1.964         0.000         0.359
 193 2 2 194 195 0         0.994         0.994         1.988         2.000        -0.586
 283 1 6 284 287 288 289 290 291 0         0.950         0.950         0.988         0.672         0.931         0.986         5.618         0.000         0.596
 284 2 2 283 288 0         0.950         0.981         1.931         2.000        -0.548
 286 2 1 290 0         0.991         1.096         2.001        -0.440
 287 2 2 283 291 0         0.950         0.986         1.936         2.000        -0.583
 288 3 3 283 284 291 0         0.988         0.981         0.988         3.093        -1.000         0.199
 289 3 2 285 283 0         0.992         0.672         1.712         0.000         0.277
 290 3 2 283 286 0         0.931         0.991         2.113         0.000         0.303
 291 3 3 283 287 288 0         0.986         0.986         0.988         3.055        -1.000         0.194
 367 2 2 364 371 0         0.901         0.993         1.894         2.000        -0.451
 368 2 1 364 0         0.945         0.947         2.004        -0.504
 371 3 2 367 364 0         0.993         0.973         2.258         0.000         0.301
 674 2 2 675 676 0         0.995         0.995         1.990         2.000        -0.569
 675 3 2 674 676 0         0.995         0.906         1.901         0.000         0.344
 676 3 2 674 675 0         0.995         0.906         1.927         0.000         0.387
 686 2 2 688 687 0         0.994         0.994         1.987         2.000        -0.573
 688 3 2 686 687 0         0.994         0.880         1.879         0.000         0.349
 706 2 2 707 708 0         0.992         0.991         1.983         2.000        -0.514
 707 3 2 706 708 0         0.992         0.814         1.809         0.000         0.383
 708 3 2 706 707 0         0.991         0.814         1.847         0.000         0.330
 1057 2 2 1058 1059 0         0.994         0.993         1.987         2.000        -0.613
 1059 3 2 1058 1057 0         0.899         0.993         1.934         0.000         0.325
 32 2 2 34 33 0         0.995         0.996         1.993         2.000        -0.582
 33 3 2 32 34 0         0.996         0.939         2.303         0.000         0.392
 51 2 2 50 55 0         0.944         0.990         1.934         2.000        -0.581
 55 3 3 50 56 51 0         0.973         0.306         0.990         2.493         0.000         0.242
 79 1 6 80 84 87 81 83 85 0         0.943         0.981         0.986         0.904         0.946         0.968         5.782         0.000         0.602
 80 2 2 79 84 0         0.943         0.987         1.930         2.000        -0.561
 82 2 1 86 0         0.984         1.259         2.000        -0.520
 84 3 3 79 80 87 0         0.981         0.987         0.990         2.974         0.000         0.212
 86 3 1 82 0         0.984         1.293         0.000         0.308
 87 3 3 79 84 83 0         0.986         0.990         0.988         3.019        -1.000         0.198
 158 2 2 159 160 0         0.996         0.997         1.993         2.000        -0.598
 160 3 2 159 158 0         0.958         0.997         1.970         0.000         0.308
 430 2 2 431 432 0         0.994         0.993         1.987         2.000        -0.554
 431 3 2 430 432 0         0.994         0.865         1.860         0.000         0.326
 736 2 2 737 738 0         0.995         0.994         1.989         2.000        -0.597
 737 3 2 736 738 0         0.995         0.897         1.897         0.000         0.295
 738 3 2 736 737 0         0.994         0.897         1.892         0.000         0.330
 989 2 2 990 991 0         0.995         0.995         2.008         2.000        -0.530
 991 3 2 990 989 0         0.900         0.995         1.895         0.000         0.317
 774 2 2 776 775 0         0.992         0.990         1.981         2.000        -0.569
 142 1 7 143 144 145 146 147 148 149 0         0.942         0.905         0.900         0.941         0.982         0.976         0.973         6.620        -1.000         0.705
 143 2 2 142 147 0         0.942         0.987         1.928         2.000        -0.547
 144 2 2 142 148 0         0.905         0.993         1.899         2.000        -0.413
 145 2 2 142 149 0         0.900         0.993         1.894         2.000        -0.377
 146 2 1 142 0         0.941         0.972         2.003        -0.535
 147 3 3 142 143 148 0         0.982         0.987         0.414         2.715         0.000         0.238
 148 3 3 142 144 147 0         0.976         0.993         0.414         2.385         0.000         0.267
 149 3 2 142 145 0         0.973         0.993         2.262         0.000         0.278
 310 2 2 311 312 0         0.993         0.993         1.986         2.000        -0.576
 311 3 2 310 312 0         0.993         0.850         1.843         0.000         0.322
 312 3 2 310 311 0         0.993         0.850         1.843         0.000         0.328
 432 3 2 430 431 0         0.993         0.865         1.858         0.000         0.352
 750 3 2 748 749 0         0.997         0.961         1.983         0.000         0.337
 852 2 2 853 854 0         0.993         0.993         1.988         2.000        -0.574
 853 3 2 852 854 0         0.993         0.847         1.840         0.000         0.279
 854 3 2 852 853 0         0.993         0.847         1.841         0.000         0.349
 1092 2 2 1096 1090 0         0.994         0.886         1.881         2.000        -0.391
 66 3 2 64 65 0         0.993         0.855         1.850         0.000         0.307
 139 2 2 141 140 0         0.995         0.995         1.990         2.000        -0.585
 141 3 2 139 140 0         0.995         0.920         1.916         0.000         0.314
 190 2 2 191 192 0         0.985         0.986         2.065         1.975        -0.635
 191 3 2 190 192 0         0.985         0.802         1.925         0.000         0.286
 192 3 2 190 191 0         0.986         0.802         1.800         0.000         0.290
 242 2 2 243 244 0         0.996         0.995         1.992         2.000        -0.543
 243 3 2 242 244 0         0.996         0.926         2.165         0.000         0.354
 244 3 2 242 243 0         0.995         0.926         1.922         0.000         0.350
 292 1 7 293 294 297 298 295 296 299 0         0.938         0.846         0.965         0.982         0.896         0.932         0.956         6.515        -1.000         0.632
 295 2 2 292 299 0         0.896         0.996         1.892         2.000        -0.540
 296 2 1 292 0         0.932         0.932         2.005        -0.410
 299 3 2 292 295 0         0.956         0.996         2.051         0.000         0.294
 691 3 2 689 690 0         0.993         0.852         1.846         0.000         0.300
 710 3 3 709 711 712 0         0.991         0.798         0.815         2.605         0.000         0.281
 767 2 2 771 766 0         0.993         0.939         1.932         2.000        -0.496
 771 3 3 767 766 773 0         0.993         0.965         0.511         2.486         0.000         0.272
 442 2 2 443 444 0         0.993         0.993         1.985         2.000        -0.608
 443 3 2 442 444 0         0.993         0.844         1.837         0.000         0.319
 494 2 2 495 496 0         0.993         0.993         1.986         2.000        -0.611
 495 3 2 494 496 0         0.993         0.854         1.851         0.000         0.276
 496 3 2 494 495 0         0.993         0.854         1.847         0.000         0.306
 547 2 2 548 549 0         0.994         0.994         1.988         2.000        -0.598
 548 3 2 547 549 0         0.994         0.885         1.887         0.000         0.339
 549 3 2 547 548 0         0.994         0.885         1.879         0.000         0.311
 695 2 2 696 697 0         0.993         0.993         1.986         2.000        -0.601
 696 3 2 695 697 0         0.993         0.851         1.844         0.000         0.310
 697 3 2 695 696 0         0.993         0.851         1.844         0.000         0.299
 709 2 3 710 711 712 0         0.991         0.993         0.994         2.978         1.003        -0.780
 711 3 3 710 709 712 0         0.798         0.993         0.885         2.682         0.000         0.270
 712 3 3 710 709 711 0         0.815         0.994         0.885         2.694         0.000         0.288
 444 3 2 442 443 0         0.993         0.844         1.841         0.000         0.303
 41 2 2 42 43 0         0.993         0.993         1.986         2.000        -0.590
 42 3 2 41 43 0         0.993         0.849         1.842         0.000         0.324
 43 3 2 41 42 0         0.993         0.849         1.845         0.000         0.303
 527 3 3 525 526 528 0         0.993         0.858         0.804         2.656         0.000         0.328
 719 2 2 720 721 0         0.993         0.992         1.985         2.000        -0.554
 720 3 2 719 721 0         0.993         0.829         1.832         0.000         0.327
 721 3 2 719 720 0         0.992         0.829         1.822         0.000         0.307
 940 2 1 944 0         0.992         1.070         2.001        -0.417
 941 2 1 945 0         0.992         1.056         2.001        -0.503
 944 3 2 940 938 0         0.992         0.789         1.840         0.000         0.288
 102 2 2 103 104 0         0.993         0.993         1.986         2.000        -0.638
 103 3 2 102 104 0         0.993         0.853         1.846         0.000         0.305
 104 3 2 102 103 0         0.993         0.853         1.846         0.000         0.311
 108 2 2 109 110 0         0.995         0.996         1.991         2.000        -0.551
 109 3 2 108 110 0         0.995         0.965         2.124         0.000         0.307
 110 3 2 108 109 0         0.996         0.965         1.970         0.000         0.282
 221 2 2 222 223 0         0.994         0.994         1.996         2.000        -0.569
 222 3 2 221 223 0         0.994         0.876         1.911         0.000         0.320
 223 3 2 221 222 0         0.994         0.876         1.876         0.000         0.302
 293 2 2 297 292 0         0.989         0.938         1.927         2.000        -0.595
 294 2 2 298 292 0         0.995         0.846         1.845         2.000        -0.448
 297 3 3 293 292 772 0         0.989         0.965         0.323         2.719         0.000         0.305
 298 3 2 294 292 0         0.995         0.982         2.199         0.000         0.279
 817 3 2 815 816 0         0.993         0.848         1.841         0.000         0.312
 894 2 2 895 896 0         0.994         0.994         1.996         2.000        -0.605
 895 3 2 894 896 0         0.994         0.868         1.866         0.000         0.317
 896 3 2 894 895 0         0.994         0.868         1.884         0.000         0.295
 992 2 3 993 994 995 0         0.988         0.992         0.986         2.970         1.003        -0.704
 993 3 3 992 994 995 0         0.988         0.823         0.650         2.464         0.000         0.284
 994 3 3 992 993 995 0         0.992         0.823         0.802         2.616         0.000         0.301
 995 3 3 992 993 994 0         0.986         0.650         0.802         2.441         0.000         0.332
 140 3 2 139 141 0         0.995         0.920         1.930         0.000         0.341
 345 3 2 344 346 0         0.994         0.867         1.865         0.000         0.306
 428 3 2 427 429 0         0.994         0.894         1.888         0.000         0.290
 544 2 2 545 546 0         0.994         0.993         1.986         2.000        -0.568
 545 3 2 544 546 0         0.994         0.841         1.843         0.000         0.360
 546 3 2 544 545 0         0.993         0.841         1.834         0.000         0.335
 733 2 2 734 735 0         0.994         0.993         1.987         2.000        -0.552
 734 3 2 733 735 0         0.994         0.839         1.866         0.000         0.327
 735 3 2 733 734 0         0.993         0.839         1.844         0.000         0.279
 760 2 2 761 762 0         0.993         0.993         1.986         2.000        -0.562
 761 3 2 760 762 0         0.993         0.855         1.848         0.000         0.306
 762 3 2 760 761 0         0.993         0.855         1.850         0.000         0.324
 766 1 7 767 771 768 769 770 772 773 0         0.939         0.965         0.849         0.900         0.940         0.975         0.985         6.553        -1.000         0.631
 768 2 2 766 772 0         0.849         0.996         1.845         2.000        -0.385
 769 2 2 766 773 0         0.900         0.991         1.891         2.000        -0.473
 770 2 1 766 0         0.940         0.940         2.005        -0.556
 772 3 3 766 768 297 0         0.975         0.996         0.323         2.312         0.000         0.310
 773 3 3 771 766 769 0         0.511         0.985         0.991         2.513         0.000         0.262
 775 3 2 776 774 0         0.688         0.990         1.684         0.000         0.374
 7 2 3 8 9 10 0         0.991         0.991         0.991         2.973         1.003        -0.743
 8 3 3 7 9 10 0         0.991         0.795         0.794         2.580         0.000         0.279
 9 3 3 7 8 10 0         0.991         0.795         0.795         2.581         0.000         0.299
 10 3 3 7 8 9 0         0.991         0.794         0.795         2.581         0.000         0.281
 195 3 2 194 193 0         0.875         0.994         1.874         0.000         0.298
 280 2 2 281 282 0         0.993         0.993         1.986         2.000        -0.585
 281 3 2 280 282 0         0.993         0.850         1.843         0.000         0.326
 282 3 2 280 281 0         0.993         0.850         1.843         0.000         0.297
 325 3 2 324 326 0         0.991         0.823         1.845         0.000         0.284
 427 2 2 428 429 0         0.994         0.994         1.989         2.000        -0.655
 429 3 2 428 427 0         0.894         0.994         1.893         0.000         0.286
 687 3 2 686 688 0         0.994         0.880         1.874         0.000         0.295
 787 2 2 788 789 0         0.993         0.993         1.986         2.000        -0.596
 788 3 2 787 789 0         0.993         0.852         1.845         0.000         0.307
 553 2 3 554 555 556 0         0.991         0.991         0.991         2.972         1.003        -0.687
 554 3 3 553 555 556 0         0.991         0.790         0.784         2.565         0.000         0.307
 555 3 3 553 554 556 0         0.991         0.790         0.785         2.565         0.000         0.346
 562 3 2 560 561 0         0.994         0.881         1.875         0.000         0.375
 789 3 2 787 788 0         0.993         0.852         1.849         0.000         0.315
 857 2 1 861 0         0.992         1.071         2.001        -0.369
 861 3 2 857 855 0         0.992         0.792         1.844         0.000         0.305
 974 2 2 975 976 0         0.993         0.993         1.986         2.000        -0.643
 975 3 2 974 976 0         0.993         0.854         1.850         0.000         0.292
 976 3 2 974 975 0         0.993         0.854         1.847         0.000         0.317
 1038 2 2 1039 1040 0         0.993         0.993         1.986         2.000        -0.578
 1039 3 2 1038 1040 0         0.993         0.850         1.846         0.000         0.324
 1040 3 2 1038 1039 0         0.993         0.850         1.843         0.000         0.325
 863 3 3 860 855 859 0         0.985         0.988         0.986         3.019        -1.000         0.184
 862 3 2 855 858 0         0.779         0.992         1.830         0.000         0.303
 860 3 3 863 855 856 0         0.985         0.988         0.986         3.019        -1.000         0.177
 476 2 2 477 478 0         0.994         0.993         1.987         2.000        -0.534
 477 3 2 476 478 0         0.994         0.859         1.856         0.000         0.322
 478 3 2 476 477 0         0.993         0.859         1.852         0.000         0.298
 606 2 2 607 608 0         0.993         0.993         1.986         2.000        -0.550
 607 3 2 606 608 0         0.993         0.846         1.839         0.000         0.330
 608 3 2 606 607 0         0.993         0.846         1.839         0.000         0.327
 626 2 2 627 628 0         0.993         0.993         1.985         2.000        -0.635
 627 3 2 626 628 0         0.993         0.846         1.839         0.000         0.295
 628 3 2 626 627 0         0.993         0.846         1.842         0.000         0.287
 815 2 2 817 816 0         0.993         0.993         1.986         2.000        -0.562
 855 1 6 861 863 862 860 856 859 0         0.792         0.988         0.779         0.988         0.952         0.952         5.612         0.000         0.605
 856 2 2 860 855 0         0.986         0.952         1.937         2.000        -0.563
 858 2 1 862 0         0.992         1.075         2.001        -0.311
 859 2 2 863 855 0         0.986         0.952         1.938         2.000        -0.520
# 
